25360
18377
47851
12679
10181
16412
43277
55253
43378
18607
27468
5950
39377
30210
62388
62044
45014
21736
19798
60108
9934
699
18286
37876
30632
36477
57276
61331
20282
10252
36563
51286
57936
24952
59998
11637
52511
53747
6962
43316
18418
28955
40701
62786
46039
18339
14403
29013
4642
3728
59238
1220
13192
26776
43695
51641
64848
63573
35659
36211
49817
33619
18918
59917
12260
39089
52878
12218
52690
49498
35176
49174
31131
52790
27988
17663
1428
7883
22215
24855
3392
48695
14197
29184
50309
19211
51803
54594
24096
21835
4100
60460
20520
57224
2127
17150
35125
25702
8828
25793
37174
37666
45704
3349
7275
11756
41095
22896
26187
54010
56472
51044
53428
55448
33877
51168
2095
7056
26011
41140
64897
30010
10380
62141
55680
20610
37412
59636
57352
25284
47787
58291
52871
64140
52908
35269
18671
24672
3347
34134
4116
917
17158
45227
45008
65211
31803
10582
62271
8835
44414
9727
8550
10727
25621
51194
42068
17932
64486
4988
58746
23926
38505
19694
4533
4723
16172
55809
13339
19377
9802
38612
40239
18220
40344
22204
4357
24687
8273
42613
11876
59150
41439
2629
8700
51682
46629
15973
63447
22523
41690
25366
22917
49672
61295
40683
64290
6706
7875
45074
10402
12547
25069
4808
45202
3728
53301
21583
51048
54968
1142
43633
47321
56980
46508
39097
24051
49439
11299
17140
51473
55762
58225
9186
45830
1800
7859
24576
6852
53627
40433
47469
22690
21900
38079
36720
15580
30778
3696
12180
53526
16943
41765
53771
25174
1832
14989
39877
37409
61255
24767
27267
39950
32437
27459
43143
31831
5857
20468
4592
45840
32159
58804
31529
40573
1335
31849
38919
22082
58868
32921
62864
44186
38077
54867
57530
28061
565
33780
9614
3654
18638
50140
39423
28099
57478
38711
2946
1162
17825
53040
61647
45159
32745
17137
21320
8624
11384
61193
1899
39585
29204
48019
7895
5604
63228
25982
59423
45513
33762
42578
14943
34361
13199
63635
49927
45547
34479
55711
61354
5775
61535
30592
52723
14762
56848
53504
33781
26109
13714
50026
55533
49482
3605
2494
32799
9110
14077
7562
32781
52066
46002
2038
64253
46097
57469
14833
39080
55628
38401
51521
60288
46532
55856
42522
9266
543
35802
3195
49222
25461
1316
31966
44045
33253
38099
49641
11125
21198
46827
39077
42723
26514
37377
3238
8867
53215
4733
45639
49124
39369
38177
41428
59534
5671
33233
19927
12988
13510
56321
50961
25481
39326
47586
26218
6030
38832
15107
51221
20976
36540
48411
59544
23124
48146
65354
52836
59123
34472
6289
54316
32389
49796
30730
62918
51343
48283
63928
54845
647
22981
16488
47725
19333
17029
48118
14806
51205
47855
3540
43657
54465
31314
4298
24473
23563
35629
56190
25432
64138
27680
22388
56460
54103
9328
45407
44055
35788
29238
46122
51119
37139
44864
52272
29998
3711
35224
31393
30095
46552
10634
27400
48943
15331
33472
62522
12718
51821
16097
14731
23765
59113
55158
58767
11394
60521
62097
64705
16665
34756
35769
28415
31840
42803
8957
7589
43259
36194
39512
24872
39947
39811
49318
33764
7645
39980
26791
35427
10302
45485
52596
983
40705
31763
49158
15385
47882
51068
64938
32625
14673
40746
2210
61178
51556
7311
20804
10169
39502
3494
35926
32512
60376
29078
47105
18740
53072
52843
21045
48627
16946
1751
37829
17218
23043
17231
13502
1227
58581
11415
20380
58485
51160
17722
7953
63031
42090
14501
10216
10201
5063
35695
53921
55673
39833
55707
13487
42544
52442
41682
61992
51586
20120
32762
64469
22039
16937
44493
19625
22498
29581
32145
6459
59827
32207
35086
2526
6806
42046
29371
31221
46793
16527
29393
12056
9845
34270
19604
54820
29588
22087
2198
17427
43041
32808
5636
19377
52653
25494
8066
31572
30021
32932
30175
46063
15107
51196
30822
41745
18108
60032
33775
42393
64975
42313
44452
56189
34644
7254
33485
24041
5649
16576
27221
50134
22253
18423
37049
58097
35946
43305
39168
57434
42632
3778
34963
44357
42715
59151
55983
45591
1093
31545
33922
48752
50826
41577
46458
28583
63579
19510
45648
45746
27706
13206
4077
38122
55561
52464
39307
5586
30376
35149
15434
38146
25865
49532
16075
56557
8462
58286
65165
26608
26017
64562
37504
34216
30501
5976
64070
58378
8340
62576
19784
37062
8366
44707
52754
39077
15073
65063
14811
18716
41065
34392
61262
49998
22703
28850
42026
52122
5890
31214
38412
64553
6897
2160
33880
54948
57636
40945
32791
53246
39834
50856
50034
63601
64103
42396
40347
5304
7585
44952
27700
36071
41182
56560
60830
51798
5874
45804
668
29010
25559
2373
30849
35306
17784
41090
17055
4915
5924
41466
4551
36231
28203
49017
36809
54774
3395
14056
49021
32558
35353
32308
65074
64652
17543
6115
18469
53449
35716
31121
29025
27984
32159
44584
63198
42180
38282
127
44183
34274
26821
26646
32272
26175
45964
62948
12707
53127
31877
39409
3464
29897
60098
40950
38008
10933
52421
17343
6345
31379
17573
53472
27201
31053
50384
44412
28280
61735
15978
43812
56903
50534
19816
41480
1942
25860
2905
28697
42868
33428
62577
42729
16214
21552
63655
29488
30783
59275
49543
36433
25003
37689
6834
39754
40512
34887
3695
48292
27734
56662
56274
2109
43076
45215
46033
59992
4429
6827
35529
62762
56772
12192
2277
7414
16601
45428
52287
53046
31925
64130
3906
35850
61211
44690
24008
34070
3224
15967
63608
24135
10337
34165
45259
19425
1965
28691
52799
11503
6837
63990
30222
59761
15234
26320
38394
39533
22747
17745
46034
21429
40499
47159
3232
35774
24336
33702
34203
45978
46323
40930
34021
4741
26000
31130
36762
32234
40876
61648
52172
20428
46597
11784
49694
20258
50623
7461
7106
4076
28862
31433
10904
11005
16665
56831
57652
51090
14310
61258
35799
62293
39423
48082
6095
9342
15105
29617
61919
24670
41661
25108
10343
49681
33567
41417
43866
49083
11627
31997
40077
34542
23473
19129
14108
15735
49606
52861
49407
4742
4260
25519
43923
33590
6466
65504
25990
53327
40091
6954
31933
35862
12872
63913
43019
41892
60924
46853
22970
18136
3370
57859
22727
20672
47653
40499
45271
22576
29526
31852
23217
44380
1358
63001
12554
61980
65077
59414
20608
20575
33307
44030
31544
1661
11372
54328
2858
59144
35019
12774
49141
60354
49339
25101
27294
11357
2399
63514
53980
55887
41903
36315
46155
24000
11255
9235
8491
54927
20875
63701
38617
59689
44722
12053
23195
59013
35967
6437
26786
45131
45498
35534
4561
57654
60474
7675
10096
44138
4516
20616
53403
3102
10654
20045
32559
2203
3361
25990
37726
43581
28238
65360
6822
30323
40416
8230
15020
25477
45065
46104
15033
28094
13146
59862
11416
42298
35886
8410
25578
1717
2266
23447
5980
42358
49884
59316
43855
53913
29011
59359
21304
62884
53897
33164
42467
39988
36111
54004
31358
11674
41667
40576
9138
40412
12564
44860
18993
48975
31928
37760
2760
55849
62741
51475
7506
42637
36993
5113
63961
27878
49200
18375
65415
27288
55689
46725
58820
32609
22606
58088
30536
49428
14352
50380
29702
41271
45665
36774
38552
10599
65265
37702
28743
16190
5473
11314
42254
27436
28033
38868
26162
7869
38963
24926
29757
44334
3225
48821
2367
58208
64766
48640
47864
10744
60923
4268
64205
44777
50573
54138
581
39439
63619
11995
63918
16488
30634
63418
7326
14884
47483
28956
8129
19599
23666
5837
50361
47838
1971
20772
57715
63716
48761
35780
36610
19216
20778
44812
47588
18866
5764
664
11258
23385
51785
47372
4649
49630
54817
53741
49794
48300
10048
23993
24833
13192
5022
3170
3659
38436
28044
45837
38267
45560
24367
32293
24325
58849
5838
971
59948
15471
16462
13358
48266
52067
36111
39488
45403
25256
56480
42593
38260
8438
6974
38216
57780
14608
45513
53403
26902
38785
51848
53583
62982
17993
17397
20702
18108
22479
2291
16009
59972
57824
42685
14636
2104
52269
16479
11577
28018
7594
14280
1222
22942
8882
40168
18923
3860
51614
48836
62029
27758
65255
8746
24038
30532
17324
790
51699
15126
36891
50944
92
40483
53886
57904
1980
51608
63019
48137
62014
36687
53746
55180
65205
6314
7267
28976
22527
35498
56299
6988
52374
31191
63334
11821
11743
808
17105
34165
36816
46340
43606
4532
40488
27602
21927
55527
12661
19272
26517
56211
36107
51215
32179
44690
33536
4242
59921
7444
16888
57007
18725
345
10290
57276
42320
50975
34264
11200
28104
16447
15283
45499
51853
60276
52981
55325
21463
61657
1836
59181
65122
21050
64679
40975
24725
30668
3480
33775
4770
44767
65420
64157
21447
29290
28344
29830
60360
37798
53653
4865
27750
23995
11518
53045
53864
29223
40672
48829
49975
2313
24375
11784
33885
22828
28728
25162
62694
8273
49266
56740
41065
3204
58953
34639
46368
18086
18667
48305
52511
21939
23628
28558
15043
9640
19342
38707
17953
29797
32420
22844
48050
50042
3540
58327
62778
47788
53498
19199
27727
48943
56122
54180
33149
33831
44705
16165
7937
59497
48655
5486
45354
23718
19188
1480
52064
58323
50002
13456
9431
11679
2058
37096
40286
52866
60928
53941
61896
34367
20163
61340
34079
987
15255
36367
56619
33207
42358
14859
27437
3515
44949
30331
29999
21395
26517
22630
13603
49868
26880
23001
18849
22851
52834
22398
58321
242
26780
683
30599
56957
40435
55099
597
1965
57918
4746
58294
25035
45488
58094
41832
39143
64232
39555
54232
41122
24424
8731
49929
7296
52494
61325
54648
9365
8265
1803
36196
39891
9800
59437
56634
49922
38481
27694
24732
28173
14425
42685
44214
2270
33001
61689
50169
39608
23635
55778
24945
14827
2164
9862
52316
14984
2741
18853
19713
47488
39914
23229
47937
6987
28734
27612
40899
30941
23285
48174
9388
3785
19201
45915
46978
65035
23239
63027
20364
48525
8799
61725
10886
35971
20648
14776
54959
1922
56632
43373
8594
57088
19094
37486
6928
34551
25526
23190
11038
8673
35578
58612
50278
20836
30280
6741
63956
26351
65244
27351
16639
5139
47835
2678
20161
10012
3319
57495
62864
36063
11588
53216
14878
54790
6674
56256
52649
40452
17663
9291
36041
17431
47775
2517
10575
32921
61301
27505
45523
51955
23208
905
62859
49839
24729
48887
19609
10481
62441
7354
7431
60373
40544
52643
43470
49069
19217
53352
35689
63647
15433
25145
32962
19084
59049
40903
40622
50178
1972
7381
22628
57633
32816
27840
20455
25881
52136
56561
63351
56464
1854
26772
3442
45877
31644
52106
64326
25827
5544
45009
60061
36546
1998
44532
43126
43076
7160
33721
34194
31327
55893
23696
12796
23986
36445
19195
702
47618
32560
57174
60216
58369
60325
19481
34514
38599
10913
52783
59426
19183
56660
17569
61166
30049
40638
2735
45772
43923
44914
12008
57264
53036
51792
33140
50928
64610
13818
4764
33408
44680
61951
57266
60089
28631
2399
21824
19744
56026
25875
60934
3552
55994
19149
10825
59268
44385
16136
54274
21340
31533
64681
44276
15887
8742
10970
6645
32728
44671
27382
5711
64963
29170
65183
5482
47134
43444
16639
7010
13359
45607
64705
30654
40626
57545
57731
65257
2057
49270
23374
8025
28973
35379
57431
14269
2464
5670
20851
52943
27117
10977
9234
46029
55847
32943
2624
65107
43737
44529
16149
10412
20906
23423
13467
51663
19180
41754
33864
15336
31728
53562
14505
46363
59899
59559
1396
23302
62072
54836
56442
1758
40569
35228
18832
33564
9589
19763
31222
64281
2830
65021
60487
32488
38704
42622
31449
6857
59200
26827
16259
52606
29764
5491
34596
11937
10909
30689
37765
24643
34399
47966
59439
31527
40823
49038
64954
5557
52643
4127
50401
49914
4218
44902
43954
5121
38052
63250
37272
26758
1555
21507
25104
12323
7079
48843
11857
53793
53035
39919
4561
19087
2052
35266
30224
35396
53060
54409
48653
48002
5685
15487
26668
55501
23478
9145
24135
51624
10350
8951
56605
5481
63536
13389
55303
26014
34467
59031
33051
63617
42920
56114
6708
45467
61480
31496
53381
31414
44236
32645
62362
52087
43509
49562
3873
1231
25023
44325
7408
57877
6680
38864
11708
31113
42643
46246
26160
28297
24011
745
63572
48985
23978
52437
47234
5166
20918
5152
451
33528
50688
59721
4328
65107
4540
32068
37264
51469
26246
39
59005
12977
43497
62568
23369
34435
44252
32309
17101
13600
18891
25935
47842
25913
21208
25766
7645
13629
52980
27786
58833
7135
43160
25463
62628
36243
65227
18104
6241
57675
58045
31574
21463
21805
29725
27471
4291
38227
33197
45571
61965
50013
8398
12666
25889
19078
63667
60492
52662
2126
42920
25122
13688
35088
23727
10503
33900
19261
3421
43634
49604
23131
30475
46631
12595
45801
14817
34826
8017
45381
63160
1862
22564
57300
30580
50322
41050
30357
38403
34872
10406
20393
27533
57439
12159
42405
32470
60757
39063
3014
19670
23924
41382
19641
21778
24553
63721
6376
38090
12909
18501
28481
59498
4174
55510
43095
44876
51663
42390
2020
39051
45615
17538
36844
62947
52350
45574
34883
26802
46571
10969
64621
52043
16214
11735
29514
48943
41295
39109
58713
36303
649
4570
47536
32479
44455
24653
14950
10595
31010
31588
20647
11264
53787
14675
30822
16882
47698
1701
16460
28868
35772
56139
16956
5391
1632
44423
14195
50950
19338
32109
65404
62250
55862
20340
44522
27186
56534
26418
39747
36463
10263
40496
21449
24009
31638
13870
53400
34680
29897
64686
27548
5000
4799
62410
25946
48515
19263
48511
54282
33457
47120
15899
31125
59952
61838
6139
48299
29659
30408
2014
25075
21003
42516
7469
30647
38171
34472
29304
27086
9799
22527
33175
31861
45600
26561
54371
33652
52985
54046
58151
57062
22601
13948
49346
36406
39374
12771
39412
58273
31976
61976
42229
58206
10663
8779
19336
10175
57209
56566
22338
62099
30402
45527
6359
11263
57483
62574
16450
58168
35772
4962
16232
21355
18355
56893
34328
53332
20077
47200
1590
7579
29037
42305
17753
50387
12242
17782
27205
19971
44830
56118
45718
57035
26978
24476
47218
38216
38268
42908
1011
19909
25002
51300
41322
32976
47867
3094
24775
45656
3831
48585
1741
8121
58514
327
11465
28947
29743
19408
8800
46887
12837
29255
45145
33200
61360
58637
38669
27489
45063
14184
52399
29925
52563
27075
58179
13162
60990
37991
50389
49621
28176
52396
49334
49173
51105
5794
25858
54691
60534
2180
37671
7295
21834
33487
57450
49359
53154
58671
44212
13759
52834
61965
40240
52055
3328
61209
32356
26636
35169
61671
19591
7586
13717
15315
56679
4648
19972
3160
65144
10659
50042
47632
19440
14978
50583
18122
56061
43129
52325
60115
60300
6723
27939
33216
51734
1356
16745
18033
23429
43144
11257
25620
1628
11690
58306
46499
4020
6295
9516
61346
5027
4328
18452
58124
59498
5455
11440
5795
53039
49091
64832
36131
5671
32097
18264
15586
55057
54464
59346
46969
63053
10089
25296
40297
63139
46410
21805
19357
31824
18519
12581
29482
49857
14509
32114
52263
10742
20383
12236
62212
50043
65375
219
25559
49411
62447
20002
2505
63964
5233
36196
51979
48875
38741
49125
26136
26914
9556
14749
7719
42006
3051
15136
33824
34890
46461
65521
48961
13685
49831
10105
39851
49708
7801
42101
55738
62274
56937
4899
31970
56662
11322
33003
48876
8066
10306
36611
55951
44493
36503
27245
45367
56798
40577
50109
32455
2548
6692
20081
53702
12810
62364
38528
11567
23658
46845
20600
58682
44624
29878
51988
33591
34439
49595
29846
21618
54777
21693
24565
56200
6940
19998
43958
47771
9384
33236
28646
1566
31968
64723
26400
18694
43625
8753
55977
54468
57642
21674
30795
46857
58159
43436
19358
56783
4681
61982
42539
37812
59795
17765
35977
51843
38524
38917
24010
15281
13966
12902
19225
10665
49186
9189
45314
51673
402
21432
14521
27013
3402
5988
51566
46280
2316
1674
64572
51729
31942
36069
18694
20398
38571
44375
40621
3306
52249
6123
28650
22179
384
55728
41864
666
1946
39586
50462
22050
45138
39668
41675
35761
35571
51102
41830
48410
34569
25901
39055
49695
11657
63434
41058
26507
21721
794
32842
59518
27647
13704
55083
23549
38874
14975
17761
11307
31070
28716
16872
14514
20279
4392
36845
18481
3279
32731
13861
9856
1551
13958
65403
2751
59928
44985
49001
56801
53292
8055
10297
30148
7013
4191
17227
52104
16969
38287
19335
10398
53711
57216
13798
1143
60172
39171
55484
52710
6225
13505
6003
34195
2738
44193
54947
33952
40841
52603
45971
11935
51555
34374
5005
62728
31379
40175
16515
27528
34221
19235
64416
42395
10402
23098
12561
57606
18834
35992
53713
40045
57744
62036
58525
61462
64411
54262
38865
35076
31498
23413
122
2931
55236
53269
48431
22022
28291
11729
31104
23533
48861
51143
62144
50708
5525
15629
37338
37951
16419
64556
51964
23022
18983
7247
8810
52068
6603
10481
3563
55182
21570
18900
5872
15790
47267
58318
64190
17737
33837
3785
61655
18705
65466
4999
50235
11299
5122
64592
1801
26429
46478
19560
1538
33832
54149
12626
4564
38026
4764
4166
61940
35066
24404
29811
27067
38378
6022
37542
19359
6660
56084
28598
20788
12667
57043
44668
43348
13909
42557
3114
7304
45605
55619
32363
6751
15624
38055
54337
56759
7568
38781
50306
46416
45905
41309
37460
29883
39180
24716
26377
65449
55381
36578
22218
40944
8279
24578
35271
53310
9498
36627
40269
21267
12441
57520
26551
47344
38585
40184
56908
16434
29204
52863
58352
16102
55565
52629
3807
56333
24023
52848
9210
5850
9153
50382
20764
29479
35020
38080
27762
52158
60429
55103
53756
50977
7924
43030
13464
62529
20322
5324
52045
19517
51212
36966
27674
30383
60749
51240
37733
6556
26522
29583
53295
8198
21703
35203
65217
34038
33820
15648
45439
9080
5295
54822
2634
53578
2601
48284
64883
5879
15657
12281
54369
65126
8787
3203
47890
5450
13841
65131
618
207
49369
19989
37134
41944
7128
18909
49788
18676
58902
52833
24959
16689
5652
63282
55240
4437
40732
42154
61845
63144
23728
55803
31570
61821
55658
49580
49231
49977
11628
55297
6064
47961
16350
56738
34101
18707
55108
4164
17029
24803
52140
22643
10388
8817
57604
31153
12219
35647
47721
45310
7602
35129
58555
10485
26786
34607
2824
27337
36498
12573
53100
19828
16544
34069
21667
49551
17954
43885
62589
13236
25281
8868
56414
40868
52486
3682
42715
11542
37900
1784
299
52262
47945
14293
13877
60945
60874
6527
6202
22904
54185
17532
20801
57602
61245
21073
2998
37797
573
53728
51763
37110
59400
24995
12477
42247
24423
43770
22959
16449
2954
20608
34880
28291
23123
28962
24779
37413
28423
24690
63104
9129
48575
60735
59507
47529
33787
51487
24393
49751
14516
46731
58353
5452
64
35303
26808
24567
63292
6351
36610
26092
18031
2589
13347
14261
25720
11056
1502
251
41432
48314
15685
44642
12449
56206
56720
8448
14938
32996
31740
37626
51833
64411
21343
24507
19579
50755
7112
29865
42506
24864
58963
43655
4439
39453
50852
20143
57620
35031
47057
60930
24379
5895
40191
11341
21952
31541
9035
47079
1285
9179
7133
16801
35922
19377
56047
64993
19073
50389
61450
53721
60079
64838
14087
39118
26145
11442
56143
5899
60106
15963
61628
14661
40817
3032
59884
16321
56568
12073
34503
15262
31598
21136
31745
58964
60090
52241
12909
62997
14271
38790
55723
8789
52772
50797
53539
16098
42771
26698
37266
29602
15502
48203
56677
37615
49824
7340
21335
20736
24809
10675
34830
2811
19536
29835
54662
10070
20810
10949
43336
17023
57308
45942
23197
63553
3355
12093
33936
48049
4774
15009
61709
18894
17608
64814
41108
34741
35115
8920
2714
50622
43926
16578
25450
28822
60419
30118
63274
52412
22092
51963
52179
5042
13115
12484
37541
1959
54496
5118
3527
48610
13585
16442
48199
15035
8613
33912
30327
55405
49752
32963
45488
37336
1770
39174
9632
26948
51928
45329
65527
3558
63997
45848
17567
56843
53433
938
61555
42020
28156
40842
22852
31338
26095
64815
42829
9367
52882
31345
25150
50840
24054
30291
42570
42828
36916
9694
60494
41598
59842
4133
46953
22187
16337
42313
22760
45663
23555
6302
11115
57707
22650
17541
19049
29068
20634
38231
18390
18911
57805
40654
33299
24826
16534
62829
19552
58356
40832
42358
22444
62609
45888
41802
56299
10253
61444
32469
11285
23628
36791
50803
24528
17269
33662
45070
42199
6768
21948
43149
51621
23096
7531
43351
16114
44452
7855
36803
40645
3542
10013
19457
32499
10506
39843
13712
57612
11479
62813
4385
14061
49145
11304
7685
14165
23578
37216
55197
16353
44167
14789
30124
46339
60988
32743
18815
21462
27738
20596
60231
33500
55392
1301
60945
50744
44311
11887
53041
10029
18698
14321
39916
6983
16028
27408
42978
30586
8093
51887
17467
14789
32456
54256
53366
6746
27847
58599
2096
35340
45959
1680
56193
61960
63988
34987
4619
14178
10366
40054
10692
57907
37528
8817
35420
30969
50740
34149
51814
26637
62085
24716
24833
15061
6014
58582
1172
46894
33101
26875
35574
26875
18954
44467
36197
43012
20419
12900
52213
51717
55848
33448
38065
58587
26764
5144
43012
61158
7940
43733
40725
60792
14116
63754
59659
34921
43154
40561
23870
30167
56667
38932
13317
2046
56714
2318
16737
55609
63514
64951
10156
11842
38721
33080
6682
26848
32479
15691
31465
32942
29928
34363
5983
21336
28892
11798
24798
29294
18381
20144
37796
25061
732
52343
58212
10701
58261
42596
2370
22885
2219
3735
61347
59373
8305
62243
16583
9409
65321
11463
27692
5795
27340
44894
35277
16843
23525
29864
28638
52354
19984
42761
45601
24087
17902
43104
57168
14787
20414
6698
11999
60286
7159
32392
56874
5638
62720
63736
32733
34013
51868
35446
1090
42619
35085
47577
39342
23170
65510
36513
48625
64914
58134
41446
45757
16405
22135
20879
47442
23254
17525
39119
29877
12038
5828
29064
35914
35391
55644
37364
41047
19178
33013
39308
32452
50194
37303
41326
17868
14639
54373
35266
38742
26993
9458
4239
42321
43666
40847
1530
12798
58706
37088
39950
25898
24469
8017
39333
45020
54412
12416
29638
64286
64515
18193
20031
13812
19266
64334
41238
38650
35067
19320
8341
17226
44737
8234
27026
1893
41959
20905
14526
25392
19250
37267
51817
24834
51855
62320
39302
50165
65435
4224
35814
43997
60290
58431
7845
41417
47262
37868
46226
182
10342
353
58573
46089
30455
296
48206
37937
58359
31307
53239
35263
50827
55650
54931
3137
42933
8489
5787
61536
56491
32696
4144
4596
48870
41626
6179
3391
29781
63325
9808
31452
63380
9386
30230
36645
8285
54627
58753
31168
65254
6982
20230
19317
41395
58215
40976
24606
35072
27648
62940
17395
11492
9750
59643
56677
37406
39466
28972
36381
15200
20020
12633
52326
58827
56526
38155
50874
5594
15140
5092
29932
57486
46366
21325
18253
51121
33468
64455
64476
18934
52462
58270
41860
18462
48935
34310
493
7919
24901
26180
11814
51614
43149
34011
1111
18194
49164
6377
37541
64896
49683
45882
63558
53771
39981
376
45035
23913
51863
65138
13321
22926
7167
22864
25062
9450
57043
52280
21413
34224
32517
30385
32835
17899
11360
4530
15308
18124
41570
839
52931
44640
58019
24829
4079
19190
20511
35290
10381
32487
29040
18088
31116
50104
6612
21491
2117
4633
18470
50739
299
51763
48760
19671
600
48095
46708
12235
29277
63182
39590
20937
61398
57711
21439
21162
21030
15439
3533
48864
57342
23918
25785
8972
15082
41242
56228
41519
12580
42073
14929
58873
46305
3370
58925
33643
39936
57181
26677
23405
27545
51648
18040
11062
26736
17416
35268
24799
24512
61554
13542
63157
56664
25870
1814
24472
23203
1329
63103
36646
6024
11183
61962
10274
25156
3422
14440
35573
23715
20349
62395
306
21154
15087
38988
57925
33099
35955
45729
45389
61701
21861
8194
44558
5864
5784
20614
38465
19831
44378
49454
28180
5943
17808
34955
17681
51498
61289
52430
5109
57631
60621
42905
65058
15311
59707
30058
20131
31241
35113
57971
53606
48145
48845
4340
8952
21924
28754
60215
53543
62439
40515
2740
42159
19370
5648
19073
17480
8225
43221
51609
8437
203
7958
3017
56100
9137
10045
33591
41565
2484
11092
27579
22119
63855
39816
54481
38194
27731
13705
31135
28485
16038
46991
22904
4228
34907
28255
19682
11527
60052
57641
39378
53004
64434
32417
24420
43958
23353
21239
1530
1855
56967
7933
56105
63390
41251
3027
45301
64919
59489
37135
47383
19307
3001
26004
27644
4136
52300
14392
31105
58611
58016
41802
31568
47971
39172
22864
18697
36074
39319
33128
29468
46216
17349
41318
33262
22703
43766
55429
29373
55135
12268
63744
1488
26673
29851
19285
49015
60637
56037
32398
37322
3047
47442
12552
56094
20404
57242
6964
7301
16046
46546
48240
4174
22338
23715
62414
24798
48045
23446
9777
5729
14188
48861
22074
18139
62473
13902
51826
41219
7133
11969
7698
55110
59018
59303
43674
9623
2646
4933
60064
717
35232
26431
52908
19113
9927
22487
12824
26897
16073
4557
48465
2244
41259
22722
62931
41472
35762
46855
31661
53206
49460
5080
8234
33074
32797
59732
28591
61460
28512
47246
27103
12545
16989
16957
17046
28511
2583
16502
30206
4326
59684
2189
4667
32847
28256
33307
14453
2317
22757
27769
65201
23633
3830
24634
12794
3176
60437
24419
50825
33409
56407
35438
26089
59231
57870
39905
2137
25758
46310
42280
40975
4346
61755
1023
60394
21926
6198
37499
14282
7748
32734
4294
29009
50887
31528
34853
63583
49583
34664
13141
39366
53955
57599
44699
41423
28470
41302
49809
5729
4641
57100
5455
3802
60579
52012
37148
42595
59683
31765
42616
41216
40898
39631
39805
7082
32754
10218
63250
46065
16911
20632
47426
32272
20803
50447
34013
15488
9422
7585
21535
15073
24238
54251
47150
20530
59589
20626
57742
805
16811
64452
24297
30755
23601
25549
14812
45835
57438
32058
15276
15311
21238
13717
37269
48650
63675
14240
47143
14258
30082
10505
63087
30390
34922
47067
52833
24288
21644
22808
64355
60808
48159
40422
46408
52319
10128
29062
5125
21555
14081
3027
14422
33939
63111
61033
40133
29280
5117
25145
42772
921
9500
59522
21807
43556
51868
62648
35978
21601
48045
60979
26882
36904
49330
53570
58048
63952
41094
565
57054
8583
34602
64460
17199
1079
39913
44444
13101
58261
55392
3167
30691
24547
7520
23164
7403
28975
19481
20726
8923
10239
63431
24317
57676
55991
60804
22362
50186
28817
50731
30900
37183
53115
24976
24690
2311
31505
28146
17893
23052
5088
31850
46851
27741
57662
50508
63005
38842
65435
44417
42936
11780
37461
64076
20601
37648
53561
61618
53346
59523
45444
37051
64770
36215
34474
18340
43188
17566
38954
34746
30362
13714
37898
24623
3412
51527
11929
22705
57933
37845
15180
18480
45
3697
36680
29544
62890
32533
34462
1674
19563
2799
41764
45093
61478
27237
54389
7834
9202
38030
61019
32472
3710
7170
13837
50784
25656
55075
56050
19950
56170
62667
36158
64897
29391
12077
43922
13353
6571
51437
18840
7971
13597
47731
64932
12415
38975
31265
54561
41955
52392
29812
202
23800
48449
50236
58199
50112
10892
64108
6735
29041
55850
53089
63693
28712
8541
9748
5240
41405
44062
24482
49370
26342
62903
44059
3818
33981
787
27132
54674
35013
43016
34411
49607
31124
646
63749
26880
62322
42623
7471
3833
404
49816
57242
60298
25258
27500
65328
43694
25476
23154
36677
30318
65101
5741
27673
38348
35588
65096
11607
33762
5303
1148
48344
51908
6829
23763
5431
5803
51716
35963
62410
962
8563
49584
40044
58756
53631
21623
18556
725
50867
47673
2236
35078
31365
18739
51488
13062
36397
18629
2392
488
33131
38478
31451
60978
46200
43280
34219
59421
2404
28812
40696
48186
61765
64576
60551
12386
5633
9384
34473
2698
25771
21202
42675
51487
62752
55000
51638
28001
47541
27205
64333
57038
16263
50445
1180
37661
45244
58309
43249
46350
23559
60327
8612
270
16126
50314
45297
51049
36166
12699
9522
38589
27867
35929
16902
33363
58052
35508
22840
33534
33583
56460
814
47402
17981
18458
41055
31878
18447
28727
23892
58815
43900
49924
32680
47418
60737
37913
17899
5770
359
42305
17586
62710
64777
2084
51055
49454
53927
24878
13318
20935
28471
58421
38620
49720
43660
25096
32979
3903
3357
43860
28894
33756
48836
22330
11509
59027
51542
14777
30025
34801
28769
1563
42800
48822
38422
15771
25081
63523
62539
43317
20587
63168
4678
7504
47072
43902
19653
17291
32115
39225
9733
32183
6903
62223
58969
46825
65464
16944
44919
560
25337
46987
41258
60661
36768
20799
17138
28765
36629
61023
43073
52640
2463
32476
19928
22679
11409
47166
22665
57192
24922
46328
56900
63458
52745
54867
3140
55889
41742
14984
40883
48689
53258
51700
61571
26500
18385
21181
3805
48636
18478
40274
11429
2666
14225
3238
24579
54107
49007
50369
16907
9259
29515
10628
35481
41605
12669
59000
1663
59493
45128
3841
16590
39990
13488
995
36275
26068
32733
566
61802
53161
3622
3780
29875
37095
44682
25732
42612
31339
27047
55716
56491
65510
19033
57235
52479
5041
15755
37537
44894
10931
2807
8090
45236
34145
24444
47262
59907
52754
63073
13832
24706
59783
41753
37884
46970
28260
5495
45418
37627
56133
37129
27431
3960
32402
6585
60340
52715
28755
17947
41520
49208
5181
11547
20851
19321
61325
15166
541
19750
40417
43486
18212
6326
921
50018
45460
47455
49555
38956
32603
23876
45353
29613
44855
46502
60748
28904
23853
10989
48794
40064
53649
49100
25149
39826
6485
17204
53082
18339
25984
16149
7011
52299
60386
20539
30277
45576
14947
23458
64885
37122
48108
17183
29362
35218
34167
8051
55373
14728
16844
35012
16793
55488
38648
54714
64138
15688
39716
59925
35038
2624
33122
7408
10652
60258
22622
62450
58584
1289
47538
1771
57751
26332
8493
29858
58895
9540
663
59915
63909
19292
17468
43787
19159
39712
39929
13409
64532
60576
37929
2441
8664
44144
53723
40267
53409
49321
39358
39154
58603
21735
62551
43674
44672
34194
12874
23445
45469
15747
5
20958
33900
57441
46495
47233
32912
51805
24837
21804
61664
39858
64465
3200
38372
31928
6419
9188
54242
49256
8962
9710
7594
33158
53087
8538
65436
62235
14716
9850
16343
28153
6613
767
22566
50369
21721
2817
33068
29271
45837
23266
59934
17269
12103
12358
43357
59844
35967
15754
45309
595
7821
21348
26069
6797
1541
56251
6318
13183
37942
28114
59426
16982
50743
46203
52112
35934
4587
53386
2071
36015
41609
6387
43181
27830
49697
23401
24229
35482
48283
21684
50856
63037
48057
6119
15201
43511
50667
32732
39635
55381
15248
19705
39968
10083
55108
21953
5776
1808
41477
46314
26776
25799
967
17634
55009
55392
9303
10190
65435
28419
45568
39883
49763
62105
63072
40999
29933
36527
29694
25535
20252
64726
20826
32155
6231
10958
1883
34298
37440
15608
13239
60152
31496
28017
9354
34777
28665
34030
34189
30968
58173
1310
10142
44861
48392
3377
36202
35467
34335
30696
9288
31868
37578
28108
65464
55298
47900
64533
64800
23847
24569
53086
24654
5308
8006
8965
21519
23873
26845
20653
62724
8469
5437
21795
43575
6331
34521
20295
64335
55922
23289
45497
1701
56133
23971
3566
1895
60561
23083
44669
29214
9073
16392
51491
34874
19765
22794
14551
7866
38347
62435
29704
59689
53411
25372
33516
58403
15175
57901
21155
43879
41964
12442
32970
16730
10712
42596
51244
41994
6314
34212
22393
18367
40929
989
19622
53746
27698
2060
17516
61939
43036
26447
38250
16013
26102
30703
10715
10549
42616
17269
33989
38013
21044
35048
1247
65290
30885
57013
43184
25239
33015
54595
41535
20911
48851
63525
10043
27590
1024
40911
30183
1468
52038
41462
61601
14804
62253
23081
53066
9238
57543
33782
29919
36046
13931
16271
36057
38952
45368
41870
34633
46634
57798
55524
945
45549
38751
12069
45484
13610
4080
42341
55706
24075
61159
13567
16381
50027
63882
14598
48541
49854
59404
34866
1561
13902
10926
9240
15785
18461
6397
42544
10847
19358
1207
57145
9400
30861
54882
10590
15415
59644
16007
31590
53915
53290
40133
58648
22883
57340
29718
10904
65321
19754
29100
36278
4568
3439
40252
54683
35478
37767
34501
55100
61775
61196
13720
59593
55659
37833
23454
32711
46971
63227
30325
2418
45488
56835
50031
60742
36619
2849
7682
47366
34156
65158
7254
9567
11751
42955
3099
6302
50713
42055
47690
4201
52409
1807
40515
35138
56098
25302
21417
64137
65026
44082
54343
44182
54419
63819
54751
4007
23769
44026
16243
674
56975
36138
20297
8095
11656
57886
18739
42858
36568
10826
43620
50072
11260
24448
16734
9823
19247
20804
49116
16820
35901
21708
38720
44803
39268
20499
38406
30973
16419
51954
36008
55740
7659
35096
61158
18850
16736
45010
13986
34500
32535
37073
1560
812
43466
5012
23163
39897
40511
13660
46548
28206
58431
29731
21512
50547
43158
8794
43664
23241
25629
23111
38751
30594
49576
9477
56784
60050
42805
42909
62951
29518
46607
40138
7358
10139
14913
36703
33114
4913
9909
12643
59349
18775
60201
43673
12653
44458
35810
21386
44333
62453
17891
7242
35548
2919
39761
65214
20238
35507
10939
6287
24483
1653
18030
14141
24028
53943
59230
23539
384
17835
27176
31478
64686
779
11666
52061
4050
38473
58528
61953
26016
8551
48770
17378
51871
19760
36929
30324
30831
61772
26035
60866
8509
9030
43593
34704
8511
33565
27053
8800
3839
33535
8497
41634
20030
51863
39725
58745
4431
11474
45985
25117
616
57584
59999
15287
65291
9236
30538
59036
19354
27947
55565
52902
43502
30917
30861
2852
41083
50251
28786
45045
52894
6355
46210
8157
43479
21408
3864
927
52780
41984
41326
54080
57009
51089
21829
52606
46086
31828
34989
4251
23481
2814
12991
12031
8071
43905
60823
14949
40180
10518
40285
14144
25912
64751
11417
42978
58518
7984
43973
55766
13640
53114
48644
41696
23111
25091
11253
28241
35675
1227
39727
46344
4544
33242
5822
44089
42576
1578
51910
31513
18367
36361
26174
29503
4167
62638
63163
52356
55203
37588
48939
22301
21258
21130
59795
31909
9732
22811
36185
14003
42064
14267
20676
2714
65393
490
44341
57064
27978
7468
61086
17609
27510
26871
52190
10569
29668
39246
54780
343
38862
64257
39977
27459
54605
60880
63788
17025
2590
20110
34660
62690
5607
12624
11191
42936
28731
32219
12566
9549
28988
60163
50823
12039
18923
53835
60008
43699
49400
49804
13719
25811
60377
27738
12407
30056
55429
40479
61653
5278
6112
28526
20507
58901
8534
9086
32741
25884
10094
14051
33514
7432
6980
5912
59034
54462
25928
3355
52382
7867
38277
23548
51123
17846
42128
57847
63322
29459
40849
55348
47218
59938
3040
23507
32016
22384
5883
37505
5411
43225
64933
12634
57766
906
44654
50139
23694
38124
37931
31769
65294
51186
49522
59066
10714
9099
61939
1169
58329
41320
43926
52270
55476
46713
17354
28194
26619
44504
38895
43938
47787
29333
60011
12611
12700
56410
1161
21280
56780
39150
24881
40776
41161
15300
12602
27404
41494
29875
36317
7639
51212
61175
57868
22707
35511
4791
5250
22910
35488
7519
58554
55507
31583
60810
33736
29615
55857
29529
10152
36673
57562
36557
60919
60249
49328
40836
14105
60540
1443
16845
44537
35300
14437
53741
64419
25903
62508
6332
28091
13379
14442
31401
65097
29855
45073
45442
10872
64407
22625
26465
7669
64599
59747
13064
4192
15793
22455
21678
47766
14187
36048
34694
44472
38689
46769
13520
39905
8903
54845
42188
13477
21492
10528
17438
61627
26975
37237
44728
58801
22147
42537
63308
28681
20892
16967
30814
3710
560
22281
34360
52564
26662
58830
61686
50497
55797
44152
23255
52808
35693
2832
18031
26685
50802
61800
17061
31316
5081
14223
45332
50114
32687
4186
35969
26175
60208
23446
22544
15642
46078
33263
29461
6623
19466
51353
23427
1790
51679
64018
8997
49124
6744
13600
57638
48514
35390
30542
19538
14876
44788
56678
33720
61564
51215
38279
61838
60834
12524
33264
55760
11283
527
47320
19515
20420
54115
57986
3243
10982
24407
11853
17002
42176
41940
57476
49924
32058
495
24357
44227
921
65259
53336
21529
16598
21898
19865
40068
63908
54383
41609
53908
40739
60563
45182
9721
34831
64715
43678
57584
51327
48749
28856
5331
3120
23255
43404
10225
52254
28895
15852
37697
27188
15795
10279
47781
15995
47096
63211
27071
46387
31436
15365
41056
48365
18015
10488
15795
21831
38643
19702
27298
18292
6706
63492
51259
49411
59498
17340
61149
8709
1754
14239
45588
10622
34721
33604
24842
43502
18639
38780
41107
36424
40063
36040
48967
58762
37044
1623
29984
14860
46153
2364
34849
16556
8660
52537
56398
52516
52395
35139
9896
28470
301
5479
10983
8346
60604
28421
26370
49256
8347
36676
43194
41291
25449
49075
44571
54550
47402
24809
37776
64426
53029
39556
15555
37704
42460
13855
53246
5911
47891
30297
48543
51631
59621
49174
1587
25645
11482
7582
52928
32884
57396
56881
14608
5507
24265
22626
14071
40396
4420
7095
10481
30537
183
41687
27816
16334
44878
39838
43151
13476
22009
19281
1761
12867
28005
4016
38286
28357
20074
4260
49441
17864
13064
37870
19618
32580
20607
7769
41691
18615
30710
1349
31178
60340
59125
29542
46672
44211
22783
57759
48632
18913
63028
27369
20202
49278
4263
377
12222
36347
40864
36521
16199
31188
50996
42283
28754
2556
51879
7219
36679
50127
25628
60911
25543
29860
60422
57484
57636
25814
19525
51701
63691
9120
36527
47883
10262
31689
65400
23459
8200
63223
19492
64501
5050
43208
55837
2551
54364
31853
15774
3649
34813
18007
14214
41097
36401
63971
10441
56519
28456
24055
22136
56071
46353
5127
38201
52232
6694
5674
614
3625
22402
54946
55846
37787
8301
14469
46931
55964
52129
54289
29558
24898
32340
55053
7942
1815
1087
3648
12581
47893
21605
31787
10383
33263
11607
54194
24114
3106
22363
51042
36407
29754
24862
36933
59314
25606
62707
20704
33055
7728
48266
24594
43253
25369
52080
19964
30675
62830
32247
53781
28457
18186
60205
13905
59541
51560
23733
13168
18705
50183
51675
35252
19318
8150
2455
54577
35162
41536
43936
48881
3944
13040
41932
60924
61031
1248
51841
27805
13753
2095
16138
22136
1436
32807
55487
54504
58317
917
41229
2991
25382
63005
47994
4800
47500
59125
27474
57480
45249
60199
28114
10355
63412
15216
9869
12906
21620
27522
25243
9653
45188
50239
43442
7987
7506
15272
44361
13731
26153
26170
16106
58378
39731
1890
37424
25767
48784
39275
64985
12085
36872
32978
33839
55999
51096
52900
44502
65307
25353
34898
43339
33712
55613
28833
59077
53910
27390
33037
3281
50967
4299
9431
64054
53317
70
12579
64915
51816
36781
32491
60022
21682
2632
45083
65389
6066
14419
47227
31877
57218
5359
21090
55863
19756
4024
24758
28500
16277
17326
44849
34950
22617
42469
31571
5590
24436
18135
56441
37664
1926
27157
34028
33658
21085
18188
52072
20417
59804
1928
34236
16799
22994
47126
51477
37802
52813
19835
8134
20793
64476
13102
46082
23009
65395
5591
25945
7272
1803
6852
2347
7835
16120
45517
49108
23992
3615
32936
53184
46015
22366
16657
23350
7221
59661
41077
7871
53498
19855
2605
33039
51484
29375
31131
38906
34423
42637
48639
5125
51407
1191
19598
13364
22339
16175
24135
31866
52623
19215
18911
57367
10411
9833
17250
45995
24668
15271
21844
8039
13653
35671
47906
40627
61663
3895
35871
9304
1073
47609
6891
45405
53889
44497
30871
62026
45241
51266
4609
19014
31750
25393
6498
60684
44432
25627
51154
63739
36643
54850
10137
25182
40932
43882
54343
45412
48393
61317
25753
5966
60922
65300
29196
900
5943
23875
28589
47791
60310
46566
45578
18437
49679
60812
54960
24093
52789
24531
40657
38251
51192
5572
50820
48746
4345
57267
11466
47930
44388
4731
21104
21803
104
4586
61895
52782
44111
29137
15359
22941
46689
21533
46045
31104
42787
51713
13914
29273
22049
49605
65282
4511
8737
56524
53794
60281
17098
20983
37998
63572
34495
27889
10379
58753
64867
37337
42638
64958
29470
64496
59484
28494
17452
57039
4580
32122
58180
49806
56580
43992
26978
40437
53777
49961
43957
52761
8518
47313
20247
46681
23049
56433
61640
59626
59364
39778
28990
36798
11451
57873
25773
55194
52457
48938
3923
5812
22979
64816
50111
11570
34303
40629
65306
17456
8000
61507
42109
64005
57948
34842
45395
23319
50657
64562
32389
15359
25568
48049
3692
28423
7907
42133
26996
6919
13392
62731
64417
51951
58774
32703
55591
45883
57747
24119
62269
5293
41944
64048
18929
40543
39233
17007
30305
61858
58099
63692
37096
1976
63727
8568
48852
27993
55546
46555
26635
54643
50426
33581
22699
6483
24998
23824
50441
30000
59708
51524
51989
46081
38630
8754
49907
363
63466
63528
39164
9442
59372
24335
57979
40565
23228
41220
21741
4498
43568
62125
36381
18434
10374
5093
29435
25606
5069
30771
50393
58906
34136
45969
1410
7315
51384
54128
6580
51896
47355
28180
8475
8077
5579
42184
25040
34978
24900
21101
59337
31767
48106
26946
24319
64412
12349
48405
31082
10753
34890
22064
20057
34594
27553
10
44964
46387
61104
60789
64254
37589
3796
25062
34342
3704
31930
45064
25740
58403
8069
16064
56203
21721
5802
59423
57144
4453
13985
14133
38363
31791
32942
42609
31827
29798
31497
16606
22737
35737
53155
28195
22255
59116
57425
40216
27833
6966
15534
25360
60511
3972
15770
8097
62884
57273
15618
23928
41668
29730
27877
3898
61107
43976
22197
994
17272
17837
64382
16593
24557
2260
3098
41117
34366
19934
2387
62053
40087
42450
21797
48528
22157
24911
26341
22524
32715
56994
34317
13768
33491
27880
46010
4058
13121
57387
22069
64177
4092
52863
58470
35186
29922
61584
24295
23818
7544
61916
57151
64208
16151
11726
29448
61334
1318
62426
36535
56212
33003
2393
43380
55019
26517
18149
22186
34467
47807
45092
4169
32286
43308
26527
46474
36117
7807
57965
10968
5439
27639
38573
35058
7251
870
7053
57271
26425
31135
59259
7750
34161
24358
38828
49738
39423
55391
24879
41530
36400
36836
33509
18756
5307
25201
41856
31519
46943
29439
35727
58660
43309
25474
28053
56507
50882
20945
21500
29800
22647
47614
48031
34315
16307
10724
1843
5027
28931
623
42775
3459
18914
23807
35488
22965
17189
7641
36908
41407
20252
35145
55752
32521
46232
16642
55368
57824
25959
476
41020
28936
6862
6098
32655
32393
25491
63866
14106
9426
62741
39956
41817
33733
15554
30760
20528
49701
8441
40444
47584
34609
47156
50975
36074
46275
48914
64684
45494
26816
42378
48321
39168
50641
37549
12297
28165
46785
29438
65049
51096
7470
18795
9890
43391
38134
43628
18426
23906
19808
7544
46058
13478
12830
31171
41767
34634
40677
8097
48892
54860
32661
51714
45999
12180
33870
63632
58911
19987
9580
29779
37626
11973
40582
14886
10051
64299
33625
56698
27620
12081
53919
16930
45303
62427
48622
41242
36048
13693
4989
50629
19276
61921
35474
58855
42538
4681
49367
15364
62925
42824
18323
39552
29776
20588
46229
57011
31403
7731
61597
30547
4625
42388
1436
50533
357
32706
42754
12527
15302
9157
25390
44850
35424
41051
31797
16991
25792
40764
19041
37597
32248
42306
26829
58431
26102
35379
61158
49886
36138
64918
11399
55935
24892
48160
37667
51082
31302
47419
41480
42034
29003
44045
35159
36839
65128
31539
31005
38910
8279
48284
45859
353
12143
51735
49048
40596
20282
57176
11546
11097
43547
16051
41462
40140
46521
17237
37585
40745
14452
55530
51386
2684
1750
42943
26377
14724
61255
40288
853
37107
12851
16207
51479
51863
23239
53302
29719
50956
36102
53455
22285
16672
11361
54866
39898
47934
6644
1921
11827
61022
54594
45626
8157
25396
62342
14919
57510
36959
49132
18618
54943
49993
63937
17236
50767
53249
57795
39527
45814
15514
3074
11337
8498
44291
49831
33158
47709
45961
54913
51126
42834
9599
59241
38066
670
46819
64308
28842
32182
37607
45903
40850
3303
48418
30962
63048
59526
22491
21496
19374
15914
60602
51371
60673
50174
22295
52418
12672
48718
52864
11332
54457
23931
36720
33675
2074
16101
5959
29615
27611
24703
61349
18594
17862
53014
23017
1815
54907
19604
36262
38673
22245
44893
20164
19614
833
35849
53013
27486
17315
41388
43079
31398
35740
7984
51169
29363
55311
13354
53289
28330
20023
60324
4365
40177
59750
1534
62849
65470
48285
19045
50392
61675
52643
17507
44989
61400
46074
53664
33897
32137
9659
38751
40192
35273
60100
17022
42282
15892
29351
23650
39585
15795
35839
39595
36266
29405
39383
6224
54174
64061
36649
5247
1682
36347
3155
10471
23726
20646
49791
18393
35638
16169
2571
65435
62614
40213
45302
37253
16252
46694
38795
61129
17405
63468
1475
13887
42051
10820
22556
39826
58300
30438
21424
53920
55669
50380
26555
30347
48956
58454
8601
25026
5511
32321
18976
42864
29274
24734
62534
51326
45633
53977
55655
51025
44872
26968
5060
21155
54682
614
31822
5734
6462
16670
4662
29196
64043
40543
37094
21062
34060
59396
53425
49422
10698
43414
1910
1430
27316
35099
39076
26786
60619
23017
40800
18967
10042
41726
44939
46466
58111
30630
232
5820
2604
19826
29657
58069
41113
26056
4663
7428
45652
39097
5143
22663
11960
15341
8923
38422
37805
18251
5598
55828
57971
48208
26389
48518
33007
56100
21905
33162
52025
14386
10149
42948
45828
14258
63863
55745
982
35777
55791
40175
24702
33348
4370
18589
10363
36177
2114
38029
12017
44425
62895
46666
47946
15396
76
42052
48774
55821
53424
1578
31538
44516
37847
64417
51896
51365
47363
64367
48490
4091
10330
54292
49290
31855
61996
54727
30058
25871
57096
44767
22950
33614
59698
9930
63301
6861
5578
17508
55835
21018
4883
28109
8406
19579
61677
55553
58346
1885
45081
19661
63024
43726
31718
3854
36080
62980
45191
47605
60240
65162
22305
58647
6646
20742
49470
6177
63180
21426
43704
44426
30910
53351
36530
6849
48890
48202
19534
15723
60968
58417
30282
33607
45828
56960
60198
16299
43275
3111
41524
34999
3499
49241
20423
62513
18017
16856
26905
12430
34301
62686
12045
37626
62490
41375
58461
46663
60434
32543
20954
43862
42531
7536
2529
61143
58816
23125
53261
30419
21881
64719
56104
48420
5355
25634
58649
40444
15404
15317
32777
61530
2230
45940
38375
5857
42886
1803
9278
11207
4048
40982
42293
60100
48549
5139
37810
43406
54404
63552
29800
17866
14447
30215
595
54763
20182
46241
24632
43762
18726
22306
4129
19325
38398
29954
20617
38470
58840
62444
13977
7631
59419
50487
65529
60490
63122
27740
3317
54814
36724
4344
17603
33780
50000
33620
17549
2427
57445
2794
23830
59582
47886
24644
3391
56695
7467
46827
41724
38456
26713
54796
51387
42789
24915
25716
55645
9444
39495
39562
29915
48386
50449
43100
36493
14366
63008
27730
37993
57501
59975
35457
61485
13366
46865
42151
59208
12071
65065
21695
11447
45617
57919
44652
64520
41301
9122
37564
36325
56944
24870
40771
37278
58336
6038
53032
46609
46859
19235
48459
17548
43640
63839
17967
32255
38185
64399
47916
52473
11448
17605
1090
373
2722
20216
61458
17690
55037
56052
23216
47403
64766
13990
13609
31076
45565
56629
49270
18440
51342
48581
57711
49995
39274
47764
64806
59579
4169
18230
20248
27503
65252
23698
9559
12021
38514
22552
61698
9585
44336
53582
41718
12062
11182
5331
28375
40468
44291
50867
3918
55926
5629
46849
29769
30202
21817
61834
64473
48518
5887
7087
13338
1711
16296
64723
22238
42731
7076
54528
672
62974
56435
50415
54013
29859
40874
21123
8708
5078
43203
12680
9412
60418
14627
35601
10072
54604
58753
12325
48207
46157
23742
13614
8217
29506
40696
12459
18543
42131
58661
5206
47155
49662
34538
15180
32418
26403
27228
9303
25968
6779
6122
22137
23688
22388
14385
1097
31017
23770
5991
25548
19022
30635
54461
4971
21108
23371
1263
56777
6688
44938
44885
24573
50520
44969
49069
34517
12429
30865
2598
32240
63328
5517
59803
20304
50462
19661
1998
18542
14908
52835
41600
15619
9865
31746
24098
57892
64941
55640
39074
6435
10085
21831
37450
46574
20141
27348
27292
26077
59587
45355
36547
53806
39264
40291
4930
54893
25301
40053
57561
16343
11319
27445
2785
46837
19567
20232
57117
6574
42149
30362
64010
38184
11478
32354
29459
7071
38091
32621
49879
17641
27594
20337
2988
3236
46941
28548
7959
30761
13071
42505
13349
18253
13893
64733
58873
9884
31871
38654
52486
20866
63203
26540
3368
28342
38988
23444
9047
57496
14975
39001
63899
39307
4465
62211
19144
39198
29883
24973
40037
37591
42718
6273
15662
5951
6884
47835
19714
21115
57767
27858
57802
14496
50612
33074
43596
953
7302
4556
52692
55924
23674
60432
54888
15548
16781
30303
44026
53432
47391
46175
8211
26277
61210
54622
38540
19540
48199
15360
1428
10839
40633
11853
18374
23491
47870
29581
29565
42094
38144
48918
59254
1143
13848
4764
3297
8544
58202
57889
25497
36317
26994
38830
19291
16042
59519
11902
43460
3594
63093
39669
52534
21228
13866
24265
21983
34368
62900
35189
2852
64086
12625
3144
56618
53295
10920
16719
11432
57207
59478
60618
28366
32294
59023
28822
50837
1687
44257
12186
48190
28880
25585
26263
59449
12964
11964
40333
15539
38318
44945
18716
24282
5956
38228
32988
4884
51821
54286
64243
41805
6986
13947
17020
35456
59538
28172
26632
48062
10477
16797
22915
7345
22287
1891
9967
8620
41889
19464
36599
42473
29187
295
18484
6415
64073
39850
15870
25868
33387
38845
22456
51522
19936
64765
23879
30090
39177
59284
53594
18215
57726
45203
32871
33660
27036
34899
27536
3587
55410
8748
39970
18878
37166
1981
58692
2602
6181
17349
2183
11923
25130
54903
50744
24675
25654
17613
48870
61217
44930
9739
54219
36508
50019
54596
59382
17099
5949
22950
42854
23948
64807
43766
2561
34582
62428
742
48396
24307
61806
29521
27330
62849
26570
49203
33685
64182
49394
32928
54917
509
28694
91
2085
230
51571
26000
23081
12947
38928
20045
42697
1416
3779
8453
28178
4522
26774
6737
56080
18633
27657
41604
56128
32847
59511
32713
1105
63582
58165
25189
30937
25733
1570
1321
10646
48543
40220
5628
24830
57365
16796
20499
337
10375
34214
35920
20378
3094
54768
20012
56725
22195
34041
58277
37933
54020
34907
51631
22612
2962
5548
38701
62726
3129
35760
42686
46799
30920
43798
8099
56055
3821
29458
40222
31887
10788
39419
21387
9787
15310
57674
20128
55206
58779
51384
4320
20770
16817
65245
47390
48881
5503
14356
11193
4436
9444
62777
50227
53008
17499
40524
2579
62496
55508
43764
37980
38665
23836
6038
55053
53395
58440
203
37502
62714
7774
23539
61229
30151
24231
63569
58733
55238
2692
48190
38509
28335
41659
32153
6922
6470
58095
1988
63901
59669
52153
47138
37335
30411
65005
55045
6919
9874
62284
28179
6798
62277
36063
27950
44590
44715
25727
17354
39363
26524
4502
54032
4907
47207
39338
16824
59076
55038
10374
64263
3448
57668
30638
21931
47784
17779
29347
34123
37489
3878
25122
3883
59411
21710
6082
1044
7757
63658
63667
52848
63704
13916
41581
27481
3742
46568
33624
33919
41302
48729
54105
54215
49556
46110
7256
59213
28917
44537
7546
56837
6689
11420
4127
60875
735
4869
54324
54955
6426
59637
8624
31005
41530
2786
1343
31382
27247
29329
47531
20963
1785
11453
52759
10627
2813
29005
23573
45197
5220
42202
51760
29498
8629
19385
53345
21890
54210
42730
48321
56320
11769
43043
42144
34117
17671
48759
31171
49167
22252
63864
46375
10362
945
8593
48384
18789
39011
2507
46929
26501
35371
21990
42554
21502
6845
42437
56509
42723
20931
1200
39452
4435
586
54135
30969
20122
29240
52868
34477
36231
34617
55770
34017
44439
45251
47681
25034
49882
65167
29386
12114
49245
21491
8287
54145
39867
31543
8266
39243
33338
9290
33265
23231
10719
1042
19355
3736
10566
43768
12289
60742
47546
60435
37562
59261
33369
64885
27056
61747
58976
30225
8214
15048
12460
50531
12541
42530
51719
55384
47149
41306
7481
22739
16195
39512
817
2749
64968
370
9185
58930
3209
23163
20689
38388
35538
9566
50994
29498
61664
34273
41604
25921
1089
30598
38030
177
42441
18359
33594
43457
30398
13973
38797
32399
44525
2808
34547
1420
45410
9741
41632
39695
39241
19459
19801
15090
38813
50903
29460
30937
15699
4288
64893
11506
43508
57049
40655
17903
15138
20649
45943
2016
38723
15096
23266
58204
18803
39033
52567
48048
30019
40337
19601
65114
4357
25654
45330
24720
8409
9130
17485
36078
11138
34288
35892
6973
8021
34788
13160
53849
49333
41973
17178
37599
60960
40964
63287
57571
61473
42880
4279
21451
8205
62710
62550
37856
12878
38780
27611
50754
21520
25644
48156
59816
26399
24254
15617
41892
2584
5411
11925
30511
64893
12681
2141
11688
27481
20503
57194
16909
40096
59726
5309
46980
50514
37817
50397
14786
40313
57058
33836
39453
18513
60027
19068
13159
5973
50403
48364
52117
38693
48212
36003
40206
5494
64460
32683
55311
54242
984
3968
40848
29159
36268
3808
7428
16454
41526
16121
58220
48239
41497
36420
2772
257
31019
8889
20044
37861
21713
40033
13799
10284
7117
46200
29752
21773
14240
29849
54674
62048
15017
45257
13374
29946
35531
1896
23863
15710
24024
64546
51989
6814
51463
51738
58709
29676
9704
54838
9782
35448
8515
14705
54007
32875
62348
16802
53670
63128
7169
48614
20214
20526
18306
29164
27791
5406
55423
13933
61543
9552
45362
31518
11245
34963
6914
41586
14396
38374
27388
35262
50919
59416
47082
6520
6849
51087
29347
55087
51838
39968
20607
9175
7154
41813
28852
28589
64580
61072
53077
38997
59304
330
57622
32699
23089
23478
45118
51553
64563
59165
4824
19553
24275
21520
1261
30198
17232
19620
17455
55074
15172
7006
10262
8457
42106
20756
53865
23329
25249
38240
56589
27977
50120
63462
46036
19480
5801
27940
32716
30164
62169
5480
7000
40307
40617
54026
81
21189
57473
14888
36333
45198
13626
8979
28292
55131
64408
7349
32418
62331
16234
56892
33973
16231
64662
30847
65528
31237
10930
10897
20424
18281
58301
10125
62666
50469
27399
46109
50874
5752
64399
41820
51979
53927
37363
27628
63054
12282
54307
46685
20054
40100
16142
10716
47572
18763
23356
6892
35686
21277
12872
13124
41316
14844
26532
31583
29743
18832
4359
37697
43667
10958
60668
23462
40971
9906
29865
45602
49489
6864
37865
3971
16272
37630
45691
31065
39834
25955
9049
54786
27249
21598
41820
8640
3012
48214
58766
747
20310
51034
45765
16532
23698
28751
52888
61617
61718
3348
58919
1809
41010
50363
11460
43785
5400
14936
40536
563
41135
35774
5307
10007
23841
34094
65225
51031
6588
4481
56376
11885
56027
55134
19975
59459
10324
48946
63352
7512
57411
9341
36515
45255
18913
8438
54665
27294
3584
64402
36003
40269
19239
60312
50860
59263
64012
57686
7111
17450
49810
32070
41409
13009
59404
18379
3083
37231
40749
63630
54847
48733
4032
5776
48941
41893
13460
62363
49312
63544
32521
49994
21784
47137
1013
59851
60847
12606
53203
48040
5027
18299
36178
7371
9943
829
51497
44935
29604
37006
11365
52225
44092
10791
8528
38679
56260
60852
63223
17949
30317
49573
19019
16741
56289
46691
210
16825
55728
52994
326
36090
14599
21241
23549
62094
18286
9722
33936
18569
49214
31083
29876
3443
64467
13308
45291
27587
61903
45121
51192
56401
39668
9745
33497
59099
13122
24529
37691
14541
57320
51468
36170
60600
50046
24634
44003
63669
33556
26945
38343
34362
26988
1866
25796
33426
4774
5538
55221
38734
52035
56944
52292
46807
3172
44864
15726
52217
19143
40160
54816
35740
2512
3716
10793
25461
43989
2460
6370
7000
23006
49676
18127
17220
45664
36528
30663
35742
21856
19523
45230
59912
27399
3558
47780
34593
26466
59567
10753
34693
57928
45766
27781
9033
18335
54361
61261
26926
4912
11944
61924
10804
784
45712
29365
48387
57556
52414
63796
19427
34534
36575
31419
25173
20647
46007
9380
37373
45491
32279
51971
40720
62181
17344
36939
61904
26002
4319
11933
63233
17831
56820
28678
15400
52355
2463
42609
14497
10273
22301
15771
39771
58363
18703
64508
61313
21420
57068
29203
5905
36210
41380
59385
12451
63142
8879
52341
18697
21194
60298
11868
34930
1128
35895
20055
2406
20
28022
46109
63317
63727
18195
8864
50586
30472
44631
61479
5307
39456
5528
35209
50600
3474
13596
50581
18965
4917
45067
11925
25462
49954
16735
31370
5633
45034
31320
2498
55874
56760
41492
36785
29622
14850
51479
42194
60960
13867
478
28626
2702
38186
17091
53151
35515
17355
11731
65315
8784
63720
2918
50371
27752
41043
36877
34761
597
13083
15252
22458
12929
37853
39765
11530
18803
50416
15590
2978
39634
12271
6489
53566
41938
34254
12028
5880
49165
18834
56772
63017
48901
14296
63888
24940
59344
64305
16735
27958
48674
25290
28497
50098
51491
35755
58550
28509
61652
21224
14131
17698
20072
9965
29022
46300
63396
16200
60278
15874
43286
1861
48018
19418
12344
45411
40975
47932
35827
65181
26703
11984
45458
59078
36389
11001
28869
11839
22243
43815
34996
19524
61460
54022
58670
31731
39732
7347
23256
53749
26656
54129
40989
40294
7418
34569
18309
54176
54719
60214
4189
18708
52613
13165
57940
31128
16737
56787
7034
48733
5112
2900
2637
41576
45261
63794
52455
41592
54526
8430
12106
45991
8956
54977
36096
14256
50372
14053
27351
32953
13628
65234
48746
46207
63419
50594
15464
52979
38987
25124
13653
15147
21569
45613
26996
26499
25872
20940
27867
56336
21493
6789
36818
53071
63446
40522
6993
10535
50575
27082
39210
6288
5662
55636
3776
22723
60107
230
10014
18566
31663
65210
15695
55067
18022
23449
12183
48510
27557
21081
14170
53288
62160
20373
63400
5009
47167
35083
49035
43773
23986
14515
6479
61636
16046
6611
33136
25721
3148
17654
19089
63248
20976
54507
2731
19867
41014
53391
17107
13522
65334
6516
21926
41371
14574
35258
59400
8512
15624
17837
64556
11247
1303
44106
28522
24236
43932
25608
36154
7885
61819
59830
18780
47532
9343
39792
4187
42280
47493
46384
50972
47565
19179
45092
28503
1169
24043
56345
53907
21357
55952
56374
10420
63352
14337
30121
28698
3073
65277
23448
31666
37508
43679
51360
13874
44534
21756
19095
9493
61003
58223
12316
24275
63299
9248
28903
2227
63649
14178
50442
31908
57036
46007
48281
62848
48769
62853
31010
8375
41908
47978
20888
51268
52513
7092
42689
8849
32993
15213
46776
29091
23973
1290
29148
11741
46691
40130
58923
8846
42526
46192
33902
11957
8913
21834
2727
57818
32189
12444
60732
823
39749
8589
4238
4743
17149
9252
55176
63429
24510
56403
57416
7721
42230
25948
59907
9402
51645
65240
52129
40048
56996
16839
32460
40540
5528
19821
41250
37961
63348
55258
2632
1698
18242
50743
19476
14810
37639
42292
57969
4021
50904
59690
64183
28670
52847
11156
48432
56553
32338
7607
49612
30629
45958
11654
21516
46317
8113
6240
11523
50734
42866
23957
50785
5909
40558
51797
27374
47447
39216
8698
59407
11379
52543
37486
57966
52680
46538
32509
4220
45461
34444
3412
15088
39946
1751
8733
17321
12543
10317
8271
43613
18900
36957
60257
4119
28699
49304
24647
44159
29049
843
20210
10758
58017
34120
63272
34861
1469
47863
29876
13388
60762
18813
49971
41200
27564
16924
13978
39337
62283
16323
19056
27243
9511
64829
63456
22158
32658
22803
28823
8839
52772
16625
13538
15006
3418
56533
36283
29345
27239
33902
42924
22209
41205
31194
39657
46199
44213
51539
48967
43279
20822
11999
40519
64790
35097
36138
17726
22295
44757
2625
65314
25864
27925
52608
52888
4389
24448
22147
6167
36042
49151
33903
54985
55941
27470
37776
40248
17068
48347
15645
25031
38947
39301
58990
23852
35456
10787
11526
51034
65206
35849
14469
6796
33827
17568
9213
18799
27193
13676
13447
7036
17858
35799
1478
61309
9817
13997
8322
62250
18092
56354
30425
26789
7979
43585
52371
28149
39932
56702
34756
28066
10442
40398
52600
50472
24758
16358
56067
23150
44064
205
19424
38096
64383
54703
60017
51611
3251
54174
47150
61535
64771
61436
48399
19976
47154
20910
25332
6600
31227
8349
49948
20152
24165
29353
36409
24161
65045
3232
1702
20979
20574
49253
43313
34945
9397
44703
33725
38922
35681
36920
10252
3241
4656
33407
48124
59851
41344
56329
35030
17154
1241
33834
1867
14686
49297
47554
23156
42826
13813
42970
34782
29505
8406
49576
34104
24718
44296
20600
12042
2945
14154
42175
3928
32630
17322
8050
20841
30971
20435
62862
6635
39206
20445
22154
35447
6038
61918
39844
11413
33334
15040
19751
43378
20444
28732
56605
25379
14533
51743
6526
42194
30513
9521
21014
5165
10385
34840
15263
12775
24886
60094
59410
30908
10567
26042
10249
53776
64384
33807
65075
29879
23551
63660
2902
4082
45120
61529
25208
46709
55553
33004
11839
26232
25095
34187
53654
18675
25036
43016
30262
36047
2804
11931
29992
38214
16986
30796
31755
47385
50547
28674
31015
7292
29365
23770
37341
54086
30956
12649
46701
4410
27865
59067
50754
18575
38200
62936
49310
41799
24606
42744
62872
61657
11509
7688
32207
22238
39318
7787
54879
2111
24632
6299
52702
53103
31231
12025
65182
18387
55454
56730
48159
22544
46485
31509
3529
60940
10520
56554
45642
11606
3366
54686
1323
37307
2443
5588
27368
25955
49982
52618
59104
29556
47137
29251
28778
31394
40531
34696
6336
29627
16796
11362
60499
49801
10831
35657
29448
9176
59309
17233
46991
35481
23571
36724
57661
34760
7625
3949
20971
50204
47065
37104
6821
55505
42612
7705
15838
49195
54803
24077
60722
2752
19210
6014
44891
17068
30355
53937
5960
42651
18161
28240
4316
63962
37857
38752
54474
59347
31957
33982
9143
54648
21477
33920
59474
40331
54907
7584
12652
32028
25373
53683
44771
43098
17014
62684
21008
8680
3900
65390
48246
28464
61985
31948
2062
54707
8903
52586
35591
11758
24050
50441
44427
41277
8710
56357
17248
59858
54687
9951
65168
44018
6366
45606
9003
7880
30871
8692
59119
57278
30412
26662
14638
58915
59084
58423
49084
37450
51012
2642
29606
35761
12863
40783
56347
2010
40919
13796
6254
42049
44193
11569
51576
13238
41690
60937
20755
1846
34592
2588
24855
21250
18047
44498
21255
60315
13523
40103
26978
16690
28708
37038
34570
52418
21236
5197
59661
62752
40799
32245
38960
25810
48727
59743
28482
48031
15575
17310
49204
8329
9491
18585
1909
42811
20
18048
11811
53344
57714
63580
13780
27370
64805
37494
59835
6132
41785
50748
24031
1320
5001
40063
43058
65080
27591
26021
4930
65408
9626
25754
53688
32035
47874
2670
40843
16918
4352
61549
62002
35068
34300
49782
34541
47813
61049
29354
16656
3716
60119
59586
57182
20639
50480
21059
53370
60183
12016
21933
35604
52166
13384
53319
40514
13722
10209
14897
47556
50877
54813
24414
55909
55929
7361
49724
28848
47707
9188
26495
55282
20652
6158
60225
17146
50410
767
47050
57119
6551
32855
3578
25358
27525
5723
35926
37115
30582
22289
56305
33126
43022
26570
60324
57325
10935
33050
29105
61171
29556
10533
28365
22647
56955
9242
21497
6727
12783
19349
11836
51627
2278
54852
5168
45915
10806
36327
40179
56915
37955
22131
34684
273
43903
30005
37474
61261
23204
10914
43178
51538
25476
41223
39983
30757
29668
15311
5815
13460
29373
59633
51718
32947
12451
45429
62820
7498
52202
12698
13603
58987
56794
16336
31642
11364
20394
53011
39853
28846
36090
12025
12190
57837
53223
38266
24043
52260
14955
52057
34356
47813
36242
44598
7670
63921
17077
24938
13339
28430
36777
4895
39508
28950
64443
15388
58321
8344
47184
62235
46317
45518
47219
15956
59303
14458
6247
58544
32448
47570
39093
59563
17546
12642
29960
15624
13137
17110
52546
42202
24359
36159
32153
37603
64442
10961
27022
61724
59239
1141
1447
20760
48794
54496
64229
23757
32230
1022
43256
16971
57090
5031
52587
26634
25963
47443
18377
32905
16125
43891
23323
39560
24599
23226
21227
27799
47810
65243
12025
45223
43184
5797
11009
32552
14378
28852
24167
25338
39755
53185
27613
14928
15202
52127
60219
1598
40713
39859
56662
24503
47328
50910
52735
33284
31074
24212
49448
10980
47389
20183
32662
64481
23107
26453
3999
62315
52496
49120
34027
60732
16066
7896
48360
5691
14431
36774
41130
35670
51221
26674
60014
25429
16528
44405
36833
41600
29728
11110
6825
30420
31502
56361
22671
38676
40358
19744
63578
44521
19921
51576
2926
17942
41204
50212
42978
39237
47800
46708
28013
11233
42762
31015
10323
35956
10370
21734
7611
43674
36864
16683
2194
49229
44671
23829
15391
59608
12973
8525
9166
53472
8901
46040
50707
54391
7240
63599
15351
59500
27355
44950
59420
24390
57311
50245
40695
58088
42916
25418
1524
18428
12084
22455
8733
18640
45382
55191
53118
26580
11229
26156
9096
11632
13946
45022
40668
23119
15133
40154
47846
50001
42174
49409
34016
27597
5
51679
34020
51699
34643
36606
59100
26720
31576
32987
40626
49344
36803
30178
37303
9063
38917
12859
49518
58981
39382
1914
17189
23414
43777
18185
62938
45485
36426
43629
5222
52330
32852
13201
19831
26694
33341
5543
39784
25775
25610
22782
52013
14023
46113
19676
14654
38092
49945
59531
61611
35620
22817
290
55233
12893
6089
52047
22802
39441
18417
29420
10729
2474
9209
33688
4136
23120
51799
23610
23613
60086
7926
63058
30994
23183
44833
61290
61315
17687
25902
11413
4131
32817
19206
17677
34024
57165
24648
5045
36988
62075
13525
29140
23422
7441
57300
14589
44252
10883
38998
6642
43283
9637
26256
37573
9449
15273
53537
29765
39665
21127
59065
29609
12371
9645
19213
45840
12997
55292
17123
55410
43787
7735
15326
47486
64094
63058
63684
11701
24313
11382
24434
19046
18918
37450
18451
38466
2284
55456
41827
55990
31638
24794
1822
54053
44359
59291
19504
21011
5977
9658
24167
15610
25761
4058
34882
19507
18320
28947
48922
727
7058
17363
25678
41887
21913
21929
45192
47045
18989
65199
9813
25384
13734
28261
265
48944
46611
22490
44026
34480
32658
45344
6445
1206
39583
17372
26304
47027
53059
59821
25590
29831
1656
16557
8315
51912
34391
41122
19906
29154
4739
51897
45503
20685
14683
55631
29518
28101
615
5790
60319
56971
57645
41462
38367
28615
3720
9606
41621
23457
41073
50132
48612
48033
55247
34017
27928
53195
6031
11331
10084
23324
10410
32928
38983
57729
43976
54461
19035
24731
36897
58430
55563
16766
38587
65534
13948
36133
59875
30253
9929
12860
1369
9755
14771
28108
38864
30436
6635
63340
36864
18836
61746
15273
41396
39001
42351
9501
6701
33747
16367
48456
48992
36268
56015
6975
33219
1200
54449
214
3885
10526
26100
22475
41278
16293
19594
27808
34701
8835
52997
565
47432
2034
33080
45513
61469
165
57453
9293
35830
50179
14702
51674
2150
57393
12530
57913
61985
33575
39896
63886
40819
15070
28224
17608
42727
42850
48033
6723
46867
10480
31473
56762
12197
22603
52916
56029
36841
59049
9966
19072
9769
51041
17637
62489
54233
4058
12738
24458
3164
1266
39901
17361
49723
23683
50812
32152
342
10224
4078
2622
1458
58481
42586
22668
9775
47697
22084
55285
41251
57292
51809
28532
4205
54730
8363
60355
35926
44672
22993
62127
24521
21972
57613
26193
44739
2129
27384
34095
52411
33284
43700
25100
7560
7891
40369
48137
25427
857
35916
13368
11316
25649
40396
8789
5974
36007
17274
36341
53213
22518
44934
9617
30407
17703
50753
63298
44556
10720
46072
61641
27987
19933
33142
25876
49247
32812
967
60297
28800
22458
3727
48750
7698
61039
12016
65107
10723
29447
49296
26269
54332
44333
48925
48173
59399
5921
1701
14469
59624
61628
37971
18503
5988
52657
49024
62881
37933
54460
42101
36834
30455
63220
22733
60969
50217
65389
52609
39785
53850
29579
65203
4070
21832
8402
4268
4983
34400
55496
16233
13791
44084
8925
8049
47421
57863
29637
56944
50061
9331
4108
6100
51646
18087
8577
28491
54760
23922
55809
65449
30741
52882
64101
58450
62184
17777
55461
61010
20037
64578
27580
31930
11045
13409
35260
18046
46103
35361
65521
19962
1707
780
60759
63463
39046
40432
51249
42537
33456
13418
31389
53630
22644
32177
21015
19732
39405
34846
11523
57621
34580
41800
50342
53031
21462
12281
19603
38076
42216
19240
54660
31652
50871
7057
35229
3975
20918
28455
31087
13296
16971
18703
7703
2
57828
24965
9062
50382
24157
4743
56802
50172
7519
32409
59477
20060
8292
5022
56947
10567
2770
45156
2360
1913
21890
24823
55250
45885
21914
55185
61960
9697
13767
36962
55827
41398
20345
11223
13814
59434
13702
29696
32285
34494
48072
53988
43728
63288
26815
22162
24628
43003
56811
42610
4358
14640
57649
58097
51416
7512
54795
57694
56562
34144
13335
34013
4134
21278
61891
53122
28432
30574
42124
7158
60369
13497
3188
18550
1561
61043
38266
40881
46103
39663
14889
35286
20550
59391
42395
32058
33136
25734
50917
6128
10733
48137
27659
32856
43129
65130
53065
64045
46864
18083
49166
55509
2280
45081
20660
34630
46074
23214
18965
40980
29251
10817
50426
24224
41921
10797
2719
17098
40117
63310
47209
10693
42325
33759
30395
831
57008
12991
18014
60671
25116
5090
52487
5630
42050
25313
44926
15845
26837
56505
61592
33752
16053
3295
5897
46904
15631
24025
61698
65105
63103
1820
22955
51005
55707
56328
63218
1982
20215
63401
27569
26441
41432
47720
8466
38761
26986
41318
55708
33798
22455
1799
18537
46699
33408
52709
40980
7888
59899
47259
24667
7822
37000
30671
62001
27139
19921
43039
2799
3565
58159
51366
49348
41802
54630
60570
43382
41745
35758
13688
26553
30358
11176
47290
58109
46642
6096
39751
9955
35165
12247
53265
34443
47392
57940
58158
4962
4838
57307
65496
27468
61157
5495
26955
44410
56484
15482
7812
64455
30621
53923
31098
2117
34821
12786
19184
51500
29203
17892
53923
33938
49420
37190
34771
13753
19774
12437
62051
4087
51088
55888
4566
54526
24893
23980
10363
35854
21864
42860
20066
9626
10997
37680
18281
38668
59447
26329
59829
27361
12391
45356
7961
44129
60622
57125
39675
19525
22788
39212
24912
14347
11781
53949
10793
63943
25084
65232
57152
64011
40034
29204
13936
59045
10829
42164
44199
46828
60008
48075
64240
39536
40573
7345
34341
63951
23208
40601
27651
34029
33642
34446
40470
51346
65406
5085
31661
1363
29427
15640
50186
6332
37417
41837
64139
56276
55128
15117
23889
24613
23404
24726
31506
61383
25969
42809
51447
2125
9569
65144
27380
15756
52047
210
35573
4470
26772
32644
890
20473
64012
32393
12149
8712
9809
55507
7036
31996
41114
596
40213
31776
41376
42720
16576
55722
51795
57583
49754
29878
12086
23517
3333
12853
28902
64301
52354
14026
63184
57350
24208
18014
23598
2796
48208
19037
50661
7706
39549
43219
13834
55288
52904
62529
45016
4756
6943
46069
20365
65361
18729
29981
5088
2224
40978
49178
9207
49054
53288
11230
10297
37674
30582
35592
11834
2272
55503
35717
53508
7996
52990
48575
50303
898
28494
22122
33588
19728
32293
55446
1410
12965
36184
49267
15735
39994
44285
32930
8827
18791
4780
20200
9839
8550
40433
31781
18129
1545
39819
6382
38740
36123
52745
64881
1125
62898
40275
5378
39402
14013
17848
16790
53951
55129
26875
14946
32867
35489
61207
12369
49691
57657
37093
26388
44488
53844
19409
15897
12016
23116
17114
35088
31172
17604
54357
8296
7625
24724
24858
44351
17746
19217
58285
56033
4158
61356
45920
5251
41179
56897
62734
61857
22905
1801
4483
52469
55776
13234
17873
2500
63380
25270
17203
37430
30727
55212
34386
44597
26185
22363
50637
64148
1232
12107
36017
3355
30034
52667
186
7891
25012
18646
24387
29656
2555
64860
33733
63110
9606
43227
28815
12979
33160
8639
63031
26984
57578
65217
55026
23837
12131
56189
38012
58593
22713
32124
11835
23349
50296
53426
7353
38413
19304
6953
17928
25829
58203
10355
8394
21413
53242
8142
60514
63674
32312
14908
16882
27836
56848
39998
58287
41651
14223
62650
26518
14192
44641
26022
42492
22353
59681
56763
58128
11650
63474
15441
12548
37742
56800
14342
52434
4695
44375
16624
62528
23540
50269
43643
44647
40319
27516
12135
14311
4851
31783
48662
22205
26142
41651
50656
61920
27847
21645
36956
19554
63477
52940
17663
59964
53368
32700
60450
63354
39840
21684
45894
14307
49279
35261
14271
43286
13707
53071
2141
64354
65215
23757
799
7170
44885
46764
53119
51228
61737
44042
18400
32800
52205
55331
17977
22835
19616
55958
60926
28429
34458
25666
49910
32138
26193
55838
17473
28219
64754
52004
5625
34838
41603
24166
411
24622
14466
39560
53720
29830
52542
31186
43934
14564
33201
56373
33080
20655
27014
34512
20354
48307
64800
17486
4412
24040
49334
38613
62136
39890
37776
12918
3141
30877
4787
6889
3550
58091
27635
1152
22105
3659
3627
10602
59042
45301
7111
47406
36098
35086
63557
59296
50405
26419
3446
46303
29101
58484
58516
52491
36476
53968
13070
42818
62966
49436
56894
926
36261
8736
42509
56655
41347
57947
40950
1661
43399
61526
880
34165
19369
53839
18869
5312
10780
15403
53528
31139
1765
52645
15727
16858
55731
9501
34392
10651
60950
19228
17055
18109
54727
43439
25476
1849
50743
34324
282
63569
7708
40766
16200
26752
12281
15462
12109
59517
3687
670
50738
21469
36242
13783
10169
26567
45976
61252
53341
58509
24992
22430
21962
60104
32771
13625
4318
34057
52152
18500
1904
9020
64517
63553
41976
3889
23632
2721
16306
11668
51100
52339
35813
3046
8882
25462
6524
51575
51147
3124
51194
52795
46930
60064
1027
32893
2226
16116
60719
34284
8047
1011
21329
52346
36225
65473
25683
42967
6389
18526
38566
49525
24435
11080
26467
20862
375
902
10662
17239
44351
35144
41086
41952
3046
1743
35562
15672
26560
49907
40874
11236
19193
36735
12213
53342
45583
35419
38693
21222
52600
309
32291
17662
1949
26837
51569
38293
44760
53044
59199
39167
62381
21196
8754
42065
43621
64530
37767
45219
61326
15537
8969
58710
2226
1578
63733
11985
17803
24189
17687
17395
11371
52885
11292
35397
60995
4593
38708
37055
36651
56747
1572
14949
54305
57723
8492
39485
18083
25480
39847
624
15672
28007
48309
50869
17411
49489
36837
43860
58045
22097
35552
53079
39927
47359
55604
37749
41589
44365
65220
64365
38405
18209
47444
36068
24592
1200
45315
52372
6626
20147
38288
23340
29493
569
35952
13754
52395
7473
27800
47130
13186
35056
31276
35152
37168
40692
17968
62647
19393
60459
34767
62032
7178
52360
50230
43763
34384
57786
20598
62922
48341
29047
29217
30595
65493
26564
15566
40921
5230
60652
48617
63845
32605
2464
35681
15511
6819
43138
38981
40138
34031
25101
9872
29915
30246
59671
58222
58693
60153
33768
35577
42726
58626
35843
5404
11834
9916
24184
23399
2778
54843
61501
35203
22699
46947
12346
1768
46461
11830
64166
24816
5324
51713
41944
27869
5753
61051
52618
3379
1133
10938
38014
45793
48270
54785
30441
58684
62498
25347
41516
40547
17042
7387
36357
25744
52110
63265
18386
25447
37107
56833
8581
25215
60940
43979
48766
17617
3695
33960
26104
10919
34227
62461
28330
7070
15277
8080
23586
47624
63396
31697
741
39328
31445
45794
30140
38247
47372
35841
24048
6526
62663
54513
55272
18366
8132
49457
33106
38928
59807
20690
11518
32309
39978
36866
45415
61218
23798
64818
40257
13332
59951
46352
44718
50812
61309
8900
28264
14361
39167
35519
2151
7026
42931
52440
16585
58333
1812
48685
39703
49964
9811
38099
55942
1225
36805
13791
56022
64372
52934
32703
31955
15316
50706
45065
18333
56012
53291
28655
10545
21294
62307
18255
47885
64652
41063
21682
65067
57190
49602
38609
24627
55545
21291
64499
41012
64396
721
35104
15145
61766
54862
39788
27613
15415
56083
33830
5785
24599
50840
21984
24052
28054
36788
11827
19488
54698
33981
51449
45187
64336
5381
10662
54648
4758
4085
21
23922
52499
45866
59997
55154
35938
24524
38080
14952
15732
6338
2812
53296
239
37268
20367
24781
6917
47414
7878
6417
48346
15371
60663
50626
11230
37901
2645
63024
231
24575
5100
7471
9155
16474
7804
61588
40692
23899
20572
4728
4504
41344
30289
63468
17471
48564
10785
65274
61056
6830
26389
39722
65090
31434
18791
30240
230
14830
22852
49623
41172
17979
25072
64796
33807
28301
42380
60749
32461
2669
58721
46019
23800
13134
50068
14968
31267
20333
42287
31838
25646
1984
49945
56847
54114
46244
9883
5707
1838
18363
2672
57614
18694
48263
63864
8744
19030
62541
13956
22658
64396
53279
55442
48526
6221
30608
44613
59384
44884
61003
62497
54345
17651
59454
6759
16578
61832
55811
16801
23797
7870
20769
24991
48839
39613
3223
41450
42843
42481
60041
26399
53005
29348
57128
55256
25498
40136
42466
10012
44464
22978
36820
28632
56480
58861
31575
42641
59606
54955
29655
36759
31086
32032
43964
35636
29284
27022
53932
65532
9151
52453
12508
33060
4888
26857
27543
3931
34912
23226
11887
37973
11696
21978
7489
53062
3492
16248
29472
33436
27715
24982
44984
33580
30137
58182
5981
11816
13904
17848
44499
27236
26751
8248
48920
18424
26198
32382
30332
16929
49596
44800
56518
44081
34404
9173
32149
8342
39450
45665
6033
26059
33416
4022
51779
40357
33907
23187
2146
54066
36315
28636
60033
27287
48670
22145
2082
24266
9042
55646
18767
4930
41255
33473
27224
16167
57918
4772
27046
3070
11999
29285
10601
28216
51439
36059
64065
43038
65317
3135
55517
9590
30575
7517
61779
43491
33623
20819
52803
36723
9312
4876
27571
53988
26981
29099
10
43948
25254
10393
40754
41820
35454
56566
36990
50142
64902
51262
6219
48076
51178
58370
20369
54660
43130
10699
22817
4914
26473
13952
2942
5990
31299
15471
24555
20283
6962
34830
7228
29777
59486
23190
59551
65271
7007
53116
24396
6400
49713
47521
37015
42033
61102
6458
10015
38913
51569
28345
19421
35264
2664
3707
40162
45000
64834
64930
40955
59605
49190
46007
25220
26693
805
57023
63277
35562
33716
5246
22813
19489
11680
39620
51600
20700
14062
22959
64535
44816
42444
50061
41567
34450
19489
34078
11026
62261
54624
18536
9533
3199
44414
54937
8854
58813
47200
25229
45507
25284
7111
26009
27921
32926
64189
21628
52413
34662
57734
2369
57800
35135
23252
41438
39695
4766
56162
65284
17353
861
19922
62477
39839
13889
5334
51630
53159
32299
45669
6787
53481
26628
4889
59366
17165
42018
27049
22067
42713
31138
55325
53822
19088
6062
6031
16431
24075
40471
62880
45011
62605
27494
14171
14649
16920
35810
3007
63063
26652
9103
62866
12031
22455
48088
25890
54206
3705
47635
13794
29058
17204
33432
6212
60365
24336
50098
28049
64733
13668
13621
47077
37563
37432
63806
50027
52251
1698
14843
56242
36665
60326
63567
65380
46167
58499
43677
26096
47105
56653
33366
28404
1621
24950
31060
44396
62338
11033
36812
13897
35087
18202
25785
36217
44549
23010
18356
7298
52400
53852
39517
8115
47499
50425
48524
42189
36679
44782
801
43044
55120
35550
32683
59081
36931
24422
51293
5725
29454
5352
42992
26795
35384
16314
16619
42108
27756
37713
25174
22171
11220
51557
2918
55155
49036
18788
13830
7662
23538
62142
3151
9897
14407
29141
27574
60713
17648
58712
28044
46617
56158
42426
42008
54990
37492
9390
26522
59074
23659
6588
8130
46842
49646
44378
58911
1004
63581
47749
12149
31465
19727
45316
61085
44279
33766
11243
44450
38861
51010
18218
26908
21806
7082
9917
51859
53016
49349
14724
34359
18718
58085
44507
18336
2954
21630
42058
45947
8888
17548
39535
64866
3567
40997
44541
33916
21310
14836
3587
44494
17654
28962
58459
5973
9082
17913
37062
43225
47284
57107
45714
10318
62529
51127
56279
36980
64316
47684
48909
4418
41957
34209
41659
61588
35476
50352
28783
36344
35723
63773
38665
13138
21225
3074
57360
33446
27544
55020
6130
64541
30143
11882
25267
20090
58548
52946
33425
20977
6053
48573
14333
62583
48338
26611
32389
23107
58565
47429
19941
9102
26305
53784
11072
42565
7729
6961
48898
53569
38261
20318
41235
51669
25057
39701
64027
56317
17432
13434
43543
20932
47192
45988
44232
12558
39449
6645
40163
47956
34637
53091
39377
22627
7398
62738
26131
38055
52451
59949
25475
41054
12770
58107
14811
40713
9319
58826
53729
6955
16068
1217
16199
28006
22468
37206
58624
54766
721
63397
47771
38476
59525
20161
59710
56341
60538
19612
32062
17016
52887
30538
7019
47076
10688
20414
16200
27701
39180
43203
8900
15935
10333
56245
62869
25399
63747
34113
18619
50540
37792
62096
40497
51256
50373
56276
1963
44612
31252
44953
14117
5367
30697
60818
6701
22408
20206
22505
8170
28036
10700
33587
7290
59625
51771
56900
58387
59294
63137
20163
33096
34931
33569
9456
28771
34114
54822
22990
2258
54833
43821
2770
29091
50403
30404
3932
14830
34213
27036
30326
16017
9889
4075
38705
26232
26738
12220
57942
41892
43456
53601
3977
42013
45766
3531
64227
31018
51187
22152
62739
28483
47437
23974
45515
22457
47569
62459
27507
32783
48288
28731
8371
19721
47561
30593
8261
18868
8129
26955
4116
14392
44405
10333
63249
44727
64567
11605
17154
14407
57121
64551
41059
1957
10813
2730
5556
46492
1650
20432
45072
39678
20313
9465
41491
54937
34787
52521
50403
9525
13017
15022
7085
37729
13329
60119
33258
49880
12315
53115
24565
62289
50166
29334
2123
14900
63085
28069
63186
47838
5314
1370
57242
26813
12270
22105
10645
24157
41618
1331
29952
223
12030
65327
26754
24619
34771
20504
55471
24574
11898
59227
29144
6418
12260
35735
2483
26289
5063
9931
37649
28266
29578
38477
41102
36644
34318
63790
63598
28066
6259
36038
58207
22234
14687
40984
20788
41884
11664
25300
53405
41451
47625
1422
10322
15068
54613
4938
21190
26317
65427
40975
28699
24459
33438
25172
32218
16929
48048
34104
8116
59990
62178
8273
61362
49766
60782
42702
46398
47067
38464
6680
38095
42454
26843
43204
49880
46602
24505
58909
280
27020
60304
45471
54459
11323
53631
3307
65
38576
42238
20654
38913
24021
6117
62641
44311
22217
23037
29071
21250
38427
1131
1845
60312
61273
21401
38482
60539
17428
40387
12117
26331
49782
48591
33338
30027
26084
28353
59048
58612
199
22215
33317
39571
52824
29725
31887
30592
17116
3690
53458
6062
27252
35397
53720
26331
59669
24535
59745
50211
51116
2994
62188
46732
6666
37255
9805
17562
28616
65340
20995
30439
33119
4568
5637
7970
52330
36953
18424
3007
44639
23535
36289
36136
39891
57771
25535
64527
46834
18530
12987
40513
28511
55145
8375
20792
52290
36002
24533
45010
28076
6593
52785
62726
44565
35620
21667
61712
23996
48935
8702
999
9301
41644
35967
1687
22402
22211
24298
64372
54887
4583
15633
19285
6364
30092
20073
40616
838
20235
505
61559
12582
2994
48077
47144
17069
29930
14326
14534
51040
58962
57226
18216
7133
50154
10860
46417
29940
5924
57624
34316
50917
59679
56428
50498
4313
36282
3272
21568
45877
40337
19440
59214
63509
24827
51730
24665
54795
31308
10060
25159
48206
5293
17553
21930
58371
61043
60433
21110
7669
13596
34740
8276
12492
458
8355
26703
23858
57735
51206
46982
58222
56751
44817
37688
8331
51604
46694
20886
17610
32918
29342
23770
16068
46483
37154
6707
31262
19343
36412
14853
27724
15722
42415
23314
34771
11626
25728
25614
46799
29255
51965
14483
41083
24818
28514
40259
19093
35051
28548
51002
49826
25510
9354
45911
42435
41996
685
14747
50080
53724
17832
33846
23918
48291
33975
16740
2700
25202
12489
34521
18404
60440
51655
30231
64837
27323
60839
56783
7432
35100
37451
38509
47281
30650
21679
22215
38097
1860
50794
62472
28768
40764
28364
48242
31286
21388
18209
46865
24094
35941
4275
26562
5230
464
9038
62841
20305
50891
37313
372
55632
26722
43535
7759
14464
2291
64478
26705
61576
56674
51022
59847
9902
2330
21738
62245
13630
42693
58030
43856
57948
49631
48940
8025
2157
50589
61468
6060
12721
62786
26863
4713
41096
9976
21923
61972
38739
14133
40203
56980
13079
4183
6740
17277
20898
34217
380
20785
12530
16062
2103
9231
22885
39825
25482
52699
266
20280
64114
42425
64522
49607
45279
59890
14079
46288
22318
4595
44967
20906
34747
14443
41828
59164
47061
456
37360
16258
40687
3811
15699
49587
49707
50674
9173
48341
20712
8203
56812
3628
33989
37330
12002
17304
29981
6984
25401
132
1540
4507
21281
1300
47467
3843
14957
22010
30319
8453
10291
27352
16798
14453
25785
10807
5783
31717
61142
60839
11019
21386
4413
16284
39970
2685
24719
13621
14981
32574
57501
47501
16987
11596
7067
14076
47210
10008
7162
48440
34209
39316
20533
26218
51850
4353
25138
65290
15922
59788
61293
50690
57904
55711
25822
4249
9170
61301
33777
63974
57758
65274
40599
27029
33225
3122
4842
26200
34404
21170
49338
38472
62427
4487
8279
15356
51732
24497
8964
29326
19225
2199
44800
56013
51808
5946
42856
43650
4354
47497
6097
49463
42127
1659
64729
26844
40992
28536
4923
62706
17049
31959
58749
46177
42185
50950
46592
18822
49145
56405
33204
51848
22165
32837
58960
64313
28810
35071
35228
8262
6321
22761
28359
25308
23470
45906
64466
31608
37328
63430
2277
22949
7360
38374
55484
46972
26649
55963
2628
43374
23462
41653
29461
19743
50059
36603
34502
64794
26072
1660
38014
46506
14820
657
51530
37588
31131
62282
43408
56382
21885
40589
61522
27971
52951
16639
61719
29036
5907
13983
15225
28435
494
31177
62537
42233
14245
2523
48420
12100
22574
56383
8699
40518
48937
34016
50644
46360
31035
1034
10705
52412
29133
56898
58219
30366
38708
45979
31023
5856
13673
51104
5918
19472
22710
3080
24328
19449
23667
13625
33206
19342
49123
33766
59821
59515
30665
8143
2041
38722
38454
188
5906
25330
4612
46422
7137
15490
31984
43639
15340
42012
23940
58337
11077
2926
59722
9544
56487
3648
50081
23019
2702
2223
15157
21271
24933
57753
5882
56822
37287
1630
63220
47970
58163
57207
51991
43782
38587
2977
17979
57589
63960
23280
9870
2569
56939
40368
43463
7444
57063
4457
59423
34934
23718
39033
41853
59217
14640
25869
52215
26485
7153
36913
8046
20817
2833
1520
33664
43922
19089
49198
56681
36007
27396
24961
55401
38855
43247
17730
31988
18097
34078
24351
61163
30828
401
58040
27619
52404
40172
1722
33951
2327
28256
27752
37206
39085
54055
491
24903
36821
25830
49395
54344
43572
26143
40138
23463
25820
62059
53354
52057
13824
29112
29575
6752
15782
60793
22132
38674
12398
14613
29035
11673
38139
39648
40430
10651
16688
35037
12535
5164
59692
38390
16192
30187
18543
24628
64129
41543
293
30849
57070
6058
41710
48913
44534
36836
6253
63152
55961
25594
5219
29805
60364
56377
9176
10605
45540
47266
55777
64303
22186
41285
46867
60890
51112
28329
63463
18505
26149
3894
1121
1565
47433
1204
48381
33224
43515
65252
5160
8386
40894
16127
25412
36698
38730
13942
61640
11446
57045
57376
51921
14665
45241
20999
37845
39701
4677
12322
61543
27251
47055
47813
5970
65147
63873
253
4340
29204
56234
53874
53762
64311
55793
56151
58941
39301
60675
20674
6597
14138
61773
45528
63476
51678
45575
28591
36749
59133
47943
46684
11573
42868
16455
2430
53437
3730
14145
2678
59247
59338
4589
61767
45105
37102
30488
62703
13006
59476
48230
8734
37802
39148
28512
13139
24296
13555
53325
17920
56452
24007
18482
64902
63220
34828
12745
47606
30316
57676
370
18222
24156
13845
53679
12103
62671
31570
53660
44639
36662
16392
43945
39819
6544
31860
14781
31822
30402
23355
12677
10545
25004
56470
2656
3811
22445
7286
13584
46840
59455
43327
37962
11088
11888
29250
3058
17934
42788
36815
10373
594
17701
4373
3415
48606
8993
10912
32567
55002
57849
26599
43388
7255
8935
45864
52103
11848
28451
2127
55219
50681
52876
22352
47039
24215
15201
57659
27363
7277
19795
53475
3765
38192
30570
35730
33516
54493
2236
25526
2752
14566
60532
13638
43988
6506
25432
32563
46458
49017
55603
26561
26885
10735
9546
16855
28354
7700
22387
59828
21279
63863
46280
60763
63073
29331
31934
41323
50187
39539
15526
55392
59961
18807
60235
34445
52570
61983
9874
56228
41538
26787
22968
4013
19681
31653
2686
41
34461
26279
38226
56869
45869
13673
6627
49481
48405
46829
44604
63278
7738
10383
42373
28726
24731
11717
48959
42649
40370
11791
47821
43773
30165
5832
35475
58797
62735
11984
3891
59147
48235
8990
61030
14547
1173
3576
43153
55609
35907
42611
39783
21210
36439
3067
24607
50173
65414
50437
23100
59351
32109
5995
26573
46845
15678
30963
6335
35117
62311
44499
37536
725
1650
29628
39027
15686
53049
59468
8518
34481
27456
46008
9572
54760
1432
43618
39700
27038
47524
23075
10495
47410
5932
57417
9333
44848
18924
62863
44680
45741
12962
60189
5882
43166
3134
54001
7596
26156
6530
37333
20379
23527
47137
15515
6444
14297
9846
16080
14331
17326
16032
38695
49500
5955
33844
38386
4864
64303
59698
15719
50393
53671
373
57413
50561
36735
39484
39233
8550
24238
61093
64682
1503
59055
20034
56858
13853
9646
55854
2981
56595
13734
20812
51739
60910
446
40812
34857
11660
17188
39776
13418
26397
54636
61021
57954
45173
65517
21318
1497
57245
43288
41027
58177
6674
64905
56014
13996
28270
56100
63153
8292
39884
49171
44618
32296
40352
1101
48424
28534
39719
42888
53307
40859
18698
44741
57883
36441
40626
9197
37284
36636
8094
45029
23010
59804
24009
10854
65403
64509
9114
24840
9242
17194
44034
48547
24120
56749
16440
55055
61115
42850
38544
63108
20775
23430
63508
46430
41425
13600
14522
61374
192
5290
46425
56135
8286
27873
14957
62830
51748
21173
7131
27501
2665
51772
54198
9622
39248
57757
44826
4616
64696
52946
39622
54128
65401
52411
7955
40265
40659
9278
54898
35654
4785
11596
50473
58284
20182
5235
12627
56394
39857
12270
61047
40175
43548
62341
22592
21005
34552
40164
15923
23247
27681
60690
32932
23954
32340
61533
53672
33222
48423
56589
60803
20907
49994
40154
54337
2861
24575
30822
33917
18792
8817
21482
50322
26634
12692
42420
45631
6401
3214
34080
7827
34649
59231
29377
52228
30960
18060
64016
54741
4217
41354
56350
45478
61817
39714
8530
20161
19288
32791
50377
874
2999
52477
35972
61371
55223
23777
31829
60246
54537
47051
13911
63893
33061
33285
41875
38941
15493
35405
2647
48266
35909
55338
43728
21275
47565
20030
15049
51279
52092
6097
41076
37480
60399
23318
23426
7530
121
39071
60731
39531
49823
28719
30743
18882
23319
460
6355
36489
19375
17050
35482
12248
5364
24368
9545
54747
30706
56018
37063
10740
58800
22247
39318
20389
38209
37320
23026
20867
19134
16836
8822
1654
2134
47489
27321
46920
35031
22308
49026
31005
58787
5013
23721
9833
5994
57092
63307
5072
16929
7163
25486
30677
1819
1854
62769
53222
27703
60458
30470
50507
20608
3450
47676
42446
7728
47476
38299
40329
58235
52842
44835
17686
62031
23010
52
36400
47453
54820
50372
13019
43291
22162
40227
54498
24875
16070
44350
55007
15119
35759
8391
58238
3896
52547
20733
816
52722
38916
12154
54827
33742
21175
56488
14429
8044
61969
35744
44971
41839
25950
25977
51752
15256
22569
42535
56385
10648
32345
48656
60048
46448
61221
45586
26813
37279
15982
52852
2601
32945
23899
44869
65501
62045
32307
52311
35489
14184
60656
9406
21341
4525
15216
51639
53558
34253
41673
6512
16427
60995
42665
30289
50523
5697
54832
35592
49420
55087
46600
27656
58227
38767
27057
41108
19137
45774
31647
52901
17918
44911
60117
5402
43507
60752
42932
12485
37506
47653
619
53177
47360
40961
35903
24074
7412
8634
34977
35082
23097
21270
51350
15193
39459
35407
1267
13416
61214
31857
19789
8025
63896
36764
15059
51152
49301
41092
23471
58599
12695
172
21699
64253
10362
7136
28591
38359
63498
43820
38670
34870
39059
12781
28564
1957
614
65142
18664
61328
47748
1219
49957
62292
12996
59479
34194
18803
41022
52935
51340
61217
59762
46204
2954
995
52146
45103
29007
2405
13729
25455
61913
31218
34844
37241
31718
47845
59169
518
55195
38114
4261
65237
26413
2246
60973
28215
48480
38467
24237
46407
50007
12831
47654
21688
57551
19377
22815
46649
37833
57403
1703
53454
33730
31190
62671
18370
57099
53354
50031
4349
6804
30901
52715
40411
24723
12824
42432
28741
32645
51522
49694
33838
59780
6238
5347
6236
45797
52486
28432
59065
36070
14191
13040
19274
44104
6276
3326
26268
54878
58521
47298
40161
26954
26927
5363
62125
63223
14294
12672
44355
17314
15033
52982
9825
6268
26444
12591
12591
56598
29849
6753
15319
62210
49057
37831
1018
36254
10285
44670
16152
17434
36634
27704
8449
30191
5359
15497
60298
10290
62259
60612
37454
39805
16387
30125
13414
35815
40745
10561
44052
48653
26635
19096
97
24462
2063
40018
31051
50904
56954
17193
26740
8529
45918
64060
37580
24104
34073
46367
50759
36563
51300
4524
16289
41018
35168
40674
55804
40203
19372
33985
48958
21513
38269
5537
39104
14456
43583
6483
8090
8770
58186
18788
15720
7473
24276
15638
35460
13798
4663
26373
18518
36155
4366
60186
42377
39240
18828
28066
2472
36672
16905
12805
16134
31200
24970
39086
34643
39465
22789
35002
6618
30873
13396
18804
36768
25551
53546
30900
35212
64452
19625
28422
38560
19822
47619
49939
23901
56703
48669
52683
32309
60841
56782
3850
21822
29746
33459
12353
34033
23449
12540
41396
59447
49556
63477
51383
43142
21988
29055
36414
31586
12848
1440
15836
22764
704
58286
25998
65065
44318
55862
41617
752
21769
41232
19319
36540
13611
13963
21805
46381
47911
57329
4842
36282
8044
23866
5344
40315
42235
59284
54072
19762
156
57624
439
11441
702
11461
56427
39320
13634
51698
9376
19600
63637
63474
29409
30027
23613
50618
601
23996
36853
24958
15452
30814
55088
55456
38774
21468
345
19032
4888
48477
9329
695
23419
7734
54016
44130
42437
34050
13361
37919
44146
22991
22677
13994
26902
15110
52869
8356
13302
49948
56028
52028
5236
19538
49946
40734
55251
4808
59549
37684
3880
52135
61716
12268
42277
7844
47929
23597
61147
13041
38123
52993
28524
23000
56795
41314
38907
27940
39448
28054
5398
15275
48402
37265
30550
2687
15397
65096
56663
25634
3676
17785
60083
34873
43877
20692
34613
8176
16863
41313
18622
40853
1076
54682
16035
61434
49290
7059
3247
37372
1190
42218
27142
27066
28952
49059
51159
14921
12098
19628
17048
3595
12684
27034
56291
34763
26448
6283
40661
22475
8021
32660
8848
59039
38162
46112
9345
9782
55228
42850
9439
1862
5083
43632
5873
9411
13581
36591
49644
23281
19574
64972
16625
51061
23681
15596
31413
27561
57059
61685
48897
59952
25219
3638
24994
29238
20283
54530
2461
61651
36775
20509
6777
47680
51184
3355
29284
11849
65413
38875
45319
38406
62245
58787
19242
61341
50301
13750
40893
11942
1622
5554
30395
29611
61844
18277
4423
7301
1811
29485
35590
43229
10370
59256
5939
62482
61032
62146
2128
56987
24677
17898
31396
3743
43551
12947
3440
12077
50535
39898
52167
498
56384
29958
45103
61944
14068
31471
4711
59626
23366
57512
1459
27095
57025
46805
21198
10848
18713
23169
62444
22276
14336
137
38284
25301
56495
34838
28981
18899
17843
13414
12862
50224
23494
20058
30360
31847
51238
63101
11663
64155
1119
36059
723
58885
3099
44168
18639
12191
31923
50452
1269
45964
3744
46521
2672
15844
44438
34505
1164
28063
32675
48999
54337
44320
5559
56413
34683
27097
20013
11765
4383
60130
18416
33362
51581
43011
11376
5724
32719
36389
5342
60711
48299
22514
30258
21540
18639
27820
14696
44863
5776
50385
58694
19005
38550
43389
11189
27203
2577
61304
5338
35517
15446
58823
31907
33455
52328
20882
17609
26351
19478
62632
50139
53795
28352
61631
976
34520
41506
11673
49068
49484
41247
45860
2975
31177
46515
39125
31081
33762
38904
23669
2892
40077
13012
19804
62484
54796
9356
8161
33721
41665
16318
32950
30772
11949
50120
43436
23622
17074
54792
61521
3604
45621
63165
8098
48022
65353
17167
9007
37576
11742
49449
48378
11902
17735
63698
44370
31206
26101
49318
2574
30678
64115
27093
36979
24720
28797
53678
58220
64473
3657
12057
51280
22077
18493
53297
12280
41665
37755
10389
63212
41644
2452
65124
14199
2417
34168
58588
11330
57523
20499
62875
18098
23843
57381
43475
59140
57670
36649
48673
33963
32900
37094
37085
59785
30173
26743
42949
50753
45714
63850
57734
30542
8040
40297
35585
373
4290
34014
57010
41974
21215
43098
37809
54008
64357
26239
8854
27149
23188
56229
17871
25530
65430
63808
901
23461
52569
40986
55387
54901
11687
60854
6954
16014
40206
35356
65361
33656
51423
18267
57509
39239
61670
8082
49999
11303
55718
493
24134
42581
29279
26338
30006
47455
56734
44322
51153
21887
13051
52027
43223
38046
52032
11645
58774
43082
58915
38223
2257
34734
38070
48734
1167
51441
22366
27191
11237
14536
10074
7146
64372
33194
6194
22353
44327
59515
49657
29147
28625
50998
38835
24553
20141
35414
17730
64595
11956
44558
40351
25987
28740
19368
6094
52205
4646
7283
55181
37288
42078
6907
30808
18623
50165
33475
10844
15410
63851
21164
32803
41694
28725
17417
50871
16126
62079
22063
57521
7304
63496
36256
50413
15874
7631
34635
51753
41038
51129
23370
37750
62838
19638
22444
59352
52135
9472
37581
19281
20300
47234
62587
46568
59802
4027
64386
18735
33222
64606
64843
49119
30080
5226
38456
14653
50064
33304
30189
8819
57017
23505
46579
63420
7668
41800
15488
36021
23557
13185
45804
4331
20461
45157
3196
29375
23578
17297
16946
45920
14391
38979
57032
51661
59499
10071
8038
43314
12540
26058
22084
41135
26141
13627
10695
31371
59454
56865
10670
20823
45133
25801
46379
23799
61652
5607
48400
26954
29291
47678
38626
8212
29799
40544
8137
40863
19407
36700
22171
11923
17739
38053
15341
30815
42117
58224
58530
52259
48775
62357
41356
62976
25933
20525
27904
48255
14251
1860
39551
27444
4396
56266
10577
15211
52203
18651
62585
27009
24321
14415
34045
687
23662
34667
39764
65488
20909
43936
42199
62542
20979
9187
663
14301
32522
10258
48888
44881
44723
39876
43262
15898
36382
20385
18705
26878
19114
7846
27364
58347
21349
48020
18764
61738
56608
45142
49683
6031
32585
6744
27148
49986
23111
63979
8142
42713
28349
65088
65530
14427
43613
43874
49533
45484
10018
43373
32077
39898
44232
12520
2037
55583
5154
18559
7844
23805
35805
61481
992
22955
26864
23218
3865
51708
14176
30541
7062
25081
60088
27200
33665
21780
54494
4951
11541
2079
27694
10495
31285
62069
24838
54622
945
20068
29848
42731
16441
17351
25801
45684
11580
33249
12249
1921
40034
21992
42483
38848
37488
46074
28702
6338
51710
37615
56653
7428
23367
7232
4065
55659
46213
62283
46028
9599
45741
6528
49908
29872
28389
24224
64187
59508
33572
6783
4666
50388
48600
11746
8089
56149
21058
24900
60593
58789
16643
64589
43227
39708
40837
39519
30993
23619
53744
30207
17732
26006
49594
29712
20503
54884
32173
54966
13749
30141
46282
59005
8155
22218
43145
24759
47728
13998
26743
3892
37865
58488
60831
59033
15966
28018
57428
17565
57744
22934
59370
18958
6507
5304
29421
16288
3502
22399
43698
12741
35613
65060
21501
58920
5515
28108
13120
11847
18672
29337
54191
52966
61691
59200
63350
263
24080
49628
31877
40227
36052
16861
6351
29143
61272
28582
4918
11431
60193
46364
43175
54189
34191
11793
59573
20672
49191
57389
24765
16449
54324
37641
20792
49491
26624
581
62276
37867
7963
46611
421
62088
43449
29512
29539
39918
50173
3718
14493
28295
1306
19407
46539
7207
30625
18915
33350
21054
41532
418
16714
2930
6482
24243
52924
31700
45943
56739
55588
25100
59152
36155
6479
56664
29871
37411
19454
25684
1148
12785
57862
6366
28982
1217
47995
19721
6521
17974
6600
1519
32570
59603
23621
20584
49220
45209
49208
8134
1038
13527
31908
10809
59391
36760
21565
58245
41347
26743
37546
38756
63559
54163
61176
60521
59128
46120
57347
31894
49015
27292
17623
62983
1103
6026
35687
33123
54295
48401
41902
40767
39696
17084
44848
42233
10448
57281
12098
24514
5502
58230
20862
45411
7940
15009
52543
48096
49195
46721
28607
26170
62772
52005
46784
609
39747
57604
62676
16879
5740
58375
39878
59569
40823
64847
46479
49509
40819
6269
6344
42025
37066
15857
50587
37927
44465
18100
6293
3522
25321
664
4612
18495
8476
49565
14631
13691
51867
52833
44665
27632
43977
60440
13997
41391
10338
20507
16519
44497
41710
14005
56471
54712
11298
34968
22558
63986
54519
54828
23470
44361
47812
24992
24536
15861
27450
22140
6526
48020
51975
4075
58631
41314
1555
2670
20833
27055
57498
7636
59456
9969
11281
33823
10053
16730
22861
46461
37740
26963
28899
5132
63608
7487
16567
19503
6457
15540
17340
32812
24628
35721
64620
33299
12987
55623
37884
9091
61096
35557
8990
58731
13516
42284
54368
4964
1298
56429
53181
24055
43840
3165
47689
23058
52536
27958
15671
55034
22924
61448
47050
52329
23015
3890
5215
2093
49036
40744
8435
55498
54924
12641
4210
56489
18725
60969
6112
64600
52216
24820
3255
39956
44172
42893
58983
52434
27871
58051
40642
49541
61384
42778
53827
755
60346
57530
25324
17583
10928
40696
56520
17726
34729
10981
33694
62602
15594
28236
40638
60995
52767
37459
17296
48272
38287
9993
32167
62451
45687
18928
24508
29830
45849
11781
28044
57162
41699
11500
1040
23318
17712
30679
23189
62366
57441
59533
3432
63
10433
53505
63292
62507
28909
46760
46966
57951
65439
63037
30671
20951
57594
18728
18424
27172
9893
3710
53326
19800
41150
56868
30977
38250
17365
63354
13303
54505
17451
39061
41993
31717
12100
39633
9304
15453
40259
54332
608
13794
23923
61391
56436
11570
53839
32031
45635
4245
39126
56556
25419
54244
8795
19362
29713
62276
14826
32045
13490
10227
51370
39354
57272
14565
26650
22156
17402
42150
58817
21055
12341
28101
15253
13344
50229
31568
58122
45451
43192
6836
36551
1276
42338
58855
64181
52598
19781
47157
34609
56572
10836
24823
13108
45929
30884
14855
31364
55130
26650
31208
42740
41838
3525
42362
30423
37376
64113
50777
10677
45659
23001
44893
19922
40746
5786
8349
15822
11521
17248
33799
32795
47625
47584
5081
43219
43243
53116
57717
48409
65343
50645
40616
17122
1859
37985
9233
37243
61065
30684
30690
64399
6469
18295
23506
39299
64886
1471
18245
60523
61578
9422
19188
59337
33465
37386
61980
59491
46858
54299
36541
13725
4821
57559
19458
18517
32506
60326
28784
5945
21139
37152
17143
61063
2965
14283
56550
26037
6052
35726
21575
63485
43213
42503
42636
23806
41381
65048
1134
63728
55305
54108
16808
31856
48985
28348
43586
28837
58941
53870
47531
49874
42210
9202
44319
41862
40091
48745
56357
18619
33228
32811
7639
65169
50350
8438
61719
34072
42096
47847
4909
8967
6164
28150
17019
10390
22578
29002
19466
6909
15890
48440
55161
17998
54508
63972
48804
51746
4895
11919
37184
27300
29345
34487
33544
61142
44987
14478
48537
51358
57766
50729
7361
41934
21536
55055
27503
41176
28344
17261
57595
23780
47691
16266
30234
58257
16210
6500
39657
45641
38145
5207
39590
52953
44601
772
12129
59544
56749
23006
26167
7101
13777
37704
40366
42316
55036
33515
45503
49453
47795
9840
35914
38890
3208
2146
41814
60956
40242
47061
28878
64593
35757
38395
21152
15172
47830
33634
38949
45849
25506
55313
31856
10016
24688
47478
54180
8846
48545
26563
34301
20040
62175
1896
63734
4131
4846
47635
44192
57403
3577
50776
43451
6238
46151
32263
21427
43933
54278
61665
12766
41681
64575
26771
23459
27383
56969
37614
53649
3974
30221
37393
450
62846
28175
57143
58530
35327
39819
19080
15596
22810
40411
45288
4098
25366
55927
10583
24980
37281
38019
48419
54100
43706
31758
4446
33539
14220
640
62846
9145
5932
28724
2153
20415
18014
22507
49805
31277
34800
15120
33727
49865
10417
65436
22535
35338
12800
9207
63925
12484
43508
24626
43517
34941
7346
40169
44932
43727
65434
38249
31162
22596
64356
21015
34446
16406
64116
43578
46387
29205
47170
59717
49475
35309
42609
48574
9133
43814
52895
7108
57641
45537
62081
19656
62256
34461
41416
59342
32566
62651
22966
64933
28258
1320
33563
61022
34977
31247
48339
43699
3602
48217
64210
35394
11072
26844
56106
52191
14043
14977
19312
2269
54143
36766
48356
37462
50826
6013
47019
52754
35941
39287
22131
35779
35146
44225
48275
724
7196
50231
40152
43722
28940
10112
49950
59695
39750
40439
54511
33791
48278
42764
41858
5432
61423
61955
1466
21134
13766
23978
14576
4072
37726
61835
26621
59095
17736
39932
28045
50026
12358
60252
47942
58337
53622
29024
56823
17083
31668
61096
14600
35867
60343
53058
12181
4417
40615
4320
33222
3976
40088
52347
16145
46357
22536
31239
8903
40079
38982
43264
47683
2158
10779
16895
63403
8565
41848
62539
49563
34744
4260
59732
10032
65027
8723
15966
37131
47265
7201
8730
36945
33779
43413
26696
16423
20345
16855
11577
41216
31039
3903
50570
13349
10848
63945
56905
23342
9552
56586
35799
40188
21533
45220
20783
41172
59726
59510
39405
46276
39183
18751
4749
2780
39832
27337
5874
57786
34618
8001
3809
11302
3222
57559
50211
10725
26656
24395
24579
33231
8328
11358
25006
5452
27104
11954
42412
29886
2911
12727
12727
59208
21283
24398
13234
31058
16909
26584
27265
4119
44429
17181
58825
42733
29934
23888
46053
34557
4171
3396
5933
21615
41661
35412
51536
61991
15817
57484
47279
21316
34908
30601
17879
21873
39191
20615
62496
60649
7503
26856
60474
56466
10568
32781
56079
62623
19017
36540
39244
44431
48746
39305
48282
42113
55714
12970
23742
22357
10455
53592
25848
2226
53684
2524
20838
51698
30154
17473
55770
54321
42572
12495
62830
61782
59223
28901
8259
2014
23904
60256
40713
12280
64539
13014
2872
6383
62027
7774
13600
40414
4534
46488
44936
39744
47191
20191
18498
35784
21680
17654
25027
28140
7787
6693
62826
1550
50733
6360
63967
64362
20964
28336
7613
31352
61891
37527
43216
33689
56168
65156
41422
61606
56603
34636
13956
9698
57537
53294
48969
24749
51421
29102
14886
24051
51551
14220
54588
41878
34756
18335
48404
40585
54070
23067
8925
62722
27132
42377
17074
37030
62531
60740
3657
35364
11803
63057
18737
54246
41567
9093
29701
45314
57837
12573
27823
33847
53451
16684
29970
45640
49191
55055
22017
22929
3248
40905
48367
32858
36759
36158
35581
24641
30705
23887
49379
53458
24049
13257
54232
4870
19715
947
1693
33716
31154
44571
19246
14745
53484
61500
5974
61563
1714
53448
52738
14604
10839
18143
26895
40777
62422
15905
64401
60353
10741
41214
41315
36765
1807
50868
22092
34995
5921
7763
27929
11890
51841
34568
26648
23940
47746
56040
21420
36540
3108
40103
55828
54825
39658
56848
23998
20889
16714
7360
63194
3702
11472
34894
16054
9497
10293
21500
53190
8024
55894
11272
44578
59732
62455
40801
22753
19982
26585
42248
51340
50320
23536
55990
35190
26317
48406
24195
22506
62030
39311
50391
58315
55970
39445
14191
30919
6067
49717
44116
59562
10273
44807
39877
2467
25209
33809
4137
4641
24605
62400
25986
5142
51812
59903
23712
39437
4116
2107
49269
47950
17831
19088
15488
5640
50786
13302
52349
50522
26013
34783
26888
6484
21341
55646
41892
51859
18547
44412
6257
41005
33668
11757
51775
16104
61289
25893
32526
27590
22534
53239
55496
37111
58236
55428
27303
43155
14670
61399
8116
29135
33837
30859
22621
56302
61123
16147
36714
56621
8229
20368
19083
55326
4009
58909
8024
60221
36772
32839
34689
22259
2486
14696
11289
39837
5063
36854
33436
52811
40135
30238
59706
5614
9731
32077
41199
47683
47847
24749
10235
53872
50273
21278
23568
10842
30346
39922
55715
56935
60517
16091
12772
41402
28829
25582
43804
350
45761
18984
46152
25352
43568
42779
19860
19623
56413
25802
49923
34534
62718
35148
12873
32167
13996
44580
31871
61901
40438
9252
50525
25468
32
1368
44099
11787
46806
60718
21306
25667
44255
29080
32704
26850
28393
62784
28354
867
12430
54819
8376
54982
34739
39642
41032
45460
54644
49795
51263
25932
40463
33410
43747
59621
50232
23808
10221
59659
55492
48706
61702
14924
46689
34913
18813
4157
54514
26016
60287
53807
39382
10715
14006
50959
21568
9411
26963
6560
45139
21380
11592
63055
3282
42322
43716
18073
19650
23492
42241
55983
43855
16149
13095
1775
14633
61285
24993
38654
16715
51063
60381
47719
44986
63961
23669
40728
28147
60584
36420
58312
53551
8878
63622
29291
43130
1606
13719
48488
28935
29803
43704
32021
29650
31208
35729
44415
41001
13080
57715
2297
26357
62328
17065
14639
40658
35068
37794
37287
41418
36353
18294
16120
3835
37414
48169
47938
37292
11107
22505
36954
27921
52525
27652
28994
7791
9105
43606
3433
19422
12433
17471
58453
63798
47438
42979
44752
34522
36347
5412
15199
15939
25621
34862
40064
63051
21565
64715
36637
30784
35459
55629
61521
61634
48142
26011
47153
25517
34095
41945
64667
34643
5764
39063
26632
4395
34217
20430
45430
40915
30225
36659
34359
54543
7517
54942
16109
7277
56907
34212
64271
25297
57988
9855
26756
1057
29941
826
3572
15763
53788
12962
41307
37009
54311
11287
11298
49959
51739
38172
28547
54406
22261
24512
65387
45418
7050
19463
15651
12540
4282
43779
15768
4711
24474
42740
64550
34913
8850
4266
57982
60622
56521
11615
12876
13169
1097
13443
41915
54294
8233
64458
19677
34220
14894
49714
61571
34342
13970
20677
52183
56562
35967
41906
41132
50827
36732
60500
15351
22055
40984
3730
21515
60215
11772
1850
33178
12329
12413
60188
46497
55027
61259
19398
19061
32513
3786
56831
16529
45997
56480
54591
21487
52016
32662
61050
35037
9584
32300
60731
19841
12490
40851
34966
61030
56641
59238
38707
61465
64268
44918
59371
40481
15560
41858
45442
51509
52927
24825
16766
43873
43679
58257
49975
28635
32941
49082
65423
12791
65451
59581
48974
62658
59977
10405
39259
48521
3380
25416
60119
25663
2112
20756
3623
22833
34401
3855
43756
45912
64385
20590
12316
11993
43436
41583
62272
8246
16547
22864
22071
21638
39770
49193
285
52905
44586
59184
11778
64929
58078
31462
27493
17893
14871
56430
8125
56319
27471
368
53691
7835
35503
39905
11270
46269
51238
48431
47806
23091
47549
18627
31830
29513
62822
48644
13794
30043
16577
52312
47589
10241
52274
52260
44966
45308
12381
29055
23138
18292
56529
2472
32354
55334
40594
14722
11570
10195
39235
28026
52906
57121
48666
36018
14260
26188
16037
13603
52665
28698
29132
48618
44081
2869
56490
60914
16733
1134
55473
8430
41877
30396
57620
38319
59260
61244
55355
59166
62236
59788
19568
37120
19905
58868
9822
48548
41437
61772
47133
51021
24878
24604
60311
48650
56315
31563
34819
40957
35248
11166
34745
50160
64017
21815
32246
13557
12308
16206
44769
14714
23271
31911
53468
51315
48742
43941
55431
41231
22145
64551
53990
12625
42818
47733
21938
12880
39463
10848
55944
14923
6968
63300
11353
58274
36296
45504
36559
19358
5310
58250
47478
46363
9283
26993
25195
47735
49797
774
10556
23812
3768
6666
15552
62951
36816
46978
9501
42578
8952
13718
23866
38733
47230
54448
47257
9026
20103
31629
35100
13675
26644
42106
4313
27454
46400
54433
57869
59256
21820
42576
4904
46892
46745
15832
44324
28523
14083
37374
8027
2383
5038
13738
13445
4916
55328
16902
15644
24788
10945
19507
35662
15622
4654
62590
46482
563
37762
212
60792
53770
54476
45463
36907
60611
22697
54592
40538
31881
46435
25367
28113
17045
1577
48103
58177
23785
12677
60784
29584
1808
29167
50664
30298
58716
31419
38282
14794
36235
30645
10879
61580
26500
29218
29438
7196
1500
8191
57234
5140
63340
42916
8170
40069
56322
42077
363
22178
24057
46291
51606
46789
23246
2418
19377
32554
47927
44457
32784
6806
65373
41177
31145
41125
27634
14057
46630
54765
26221
16773
52234
50174
37218
54627
9269
63813
52794
40004
22196
10241
37448
25061
62224
38040
18615
36704
44315
33085
15296
42678
37601
54990
5783
55882
41564
55719
40515
23821
2306
30648
9966
9562
29594
37954
708
21942
47757
38643
3957
1400
58070
51916
17105
5012
10109
17003
29447
26974
5057
15417
9617
12571
8192
4530
35210
22197
41681
7228
13994
63408
53286
51863
9015
51650
64537
21395
63312
24796
31200
19714
57050
6434
9261
43708
12881
64006
16751
40487
23731
41931
37694
11711
45373
54509
11532
55509
38806
32238
19172
33942
45659
65303
1923
20194
51692
59331
10779
27311
22275
20178
21367
16582
61000
55403
37988
63933
64928
51783
19255
36340
28939
49474
57199
64852
54900
41484
27021
17196
34525
29297
54552
36326
43417
43509
40362
8347
28735
41123
29933
63943
42807
8395
9509
49433
61136
19503
6962
20003
5677
22433
9747
65113
3307
23006
65480
33821
37387
7028
15043
29034
46211
22861
20993
53866
63764
20592
36888
59022
28613
3365
51161
55949
50402
409
53761
20518
35244
52087
5066
64231
15528
3480
22945
8959
56104
48449
44157
58328
23165
10083
51978
52142
12027
9826
50427
45590
46049
43029
56147
32282
2010
30541
5134
12449
52673
16467
40162
24438
42834
57991
35949
63938
32886
925
52584
7079
31278
17644
32147
38341
64511
36830
58476
44919
29084
16080
27402
64986
14812
16751
5294
1545
62211
38220
10735
13505
25367
50119
57617
61439
11793
45972
64418
51781
20730
10992
32833
21484
365
62984
695
23331
1972
7037
58235
21074
43437
25822
57147
43416
2938
37185
40781
22425
7980
63128
27649
9349
3895
37454
6334
38462
62606
64943
46388
58247
41554
16473
49952
9696
62882
51333
4154
25869
23215
6809
1419
6772
36846
31193
22882
5702
63511
26278
59363
27753
46870
43425
35584
61208
56226
8871
21925
57499
11889
28044
45782
19063
17386
22675
16727
52828
43249
5730
21870
13517
18006
9554
621
9459
32829
21887
20711
53874
6493
55316
27398
55148
46832
60317
3261
42333
7548
38840
47158
15110
62615
64430
17715
23908
26518
3990
52511
2958
13056
58488
34594
52062
19296
40781
44674
21329
6523
31127
7845
11999
37857
39896
14823
64630
44508
54920
22859
59925
31300
43532
62232
26950
56901
17780
37730
34815
12777
60239
14711
19225
21057
53395
46656
13576
3761
16565
43208
16251
25541
61430
65350
20542
9516
19201
22636
58042
31266
62942
39176
48455
63368
12570
33158
36136
27437
13050
31792
41889
41541
53097
17457
3432
45159
41391
63923
2388
40089
3934
23406
56875
13078
50549
21725
6672
6968
52838
2637
58783
32901
5139
39409
55198
40672
41345
31849
47173
34009
55473
4049
25990
40229
23570
6603
56230
47041
50464
20429
33280
57660
53338
1782
15998
55105
21471
11972
6001
160
56570
47099
10845
7503
46512
28158
26626
64287
63358
38038
47177
59882
23544
19492
44445
22184
37801
64485
43901
64594
6016
7397
38677
5663
54329
34280
56233
1086
11145
40060
50854
16121
44625
6207
655
16434
15044
16712
12456
40378
15840
22544
3132
22546
33466
25133
52217
34734
14681
17371
52978
31990
19801
61903
28284
60534
37735
65047
20938
52969
28649
9013
29171
7138
19758
9422
28541
51695
944
53641
35516
42551
12513
4058
38363
39083
65167
6145
53610
16518
32473
47461
51804
12772
20193
37041
48106
31520
14138
39843
46649
24534
4519
3593
8816
32408
22555
50080
51042
57809
11637
7833
63877
34013
54746
27128
48200
33962
33387
62852
22301
27549
58706
4661
53833
16614
16004
58055
41356
34359
61760
65339
53410
37761
55712
48475
13260
24093
55711
49328
61377
26490
120
39857
34707
35546
53422
25084
12037
6796
55286
12932
43161
10579
9297
23105
15791
799
44838
11921
40889
51413
2061
60741
19452
52230
16371
19880
58805
32786
29621
5699
33073
18118
61937
39304
53671
49984
12915
6166
10246
17789
11639
60113
17346
11713
24162
22310
45362
39681
30832
17295
56583
58069
15819
11097
30983
6885
47221
56244
18303
41235
10489
62439
36064
18023
26355
53459
25853
51606
4368
57579
62428
2161
65364
39425
49752
22135
16561
53138
36673
58176
15799
14049
38419
42989
11706
7371
26559
36787
55063
730
26327
61409
28910
20327
37381
53705
12690
50003
61338
49869
37630
20032
64445
25024
37834
2182
56842
27911
5146
35249
15924
62106
40931
19850
15834
27111
24639
4695
32762
55923
53785
42864
17133
24899
61007
51971
7520
48863
30440
31992
64004
45522
55596
42836
48613
2987
42134
29578
23091
48651
514
63855
44530
8098
29245
57806
35087
37267
35817
42432
38671
33318
43155
26267
43567
37013
43807
31876
20746
15287
29374
19504
21333
5351
4255
54765
19815
31149
38253
21584
30803
34063
26706
54222
52511
57429
38143
46784
46851
17345
37733
19071
14726
18801
46311
48781
40755
52085
53869
4757
60643
17678
56250
18204
56259
39323
44324
50317
27868
34865
53177
35813
38102
11911
29677
42239
58088
9613
28490
45847
40877
37382
22314
57450
24014
2764
34568
44785
50269
16733
18385
10698
10981
18259
64035
15315
53482
22845
7592
24574
35905
26577
10308
19090
40214
8639
31553
41409
45114
15209
64616
57638
52430
53356
507
59695
14742
14487
42921
52836
6348
1510
40880
62357
50128
49281
15480
7990
6805
41481
5812
57974
48526
9730
2331
23915
30594
38440
59879
32731
16856
33189
16360
3024
26592
47838
561
44500
37988
55457
41614
22652
49664
42689
60645
61519
52048
43621
59979
34995
21913
46158
55650
54741
12819
15362
56370
49582
20185
44295
30222
32738
50422
37260
25647
28028
6075
58226
42725
51899
62143
33690
17773
58009
2794
46037
5063
22646
22727
46815
56791
24100
35868
44036
56143
36727
28767
53362
50666
32361
12214
18868
24889
45290
15971
57008
46239
35798
40063
3695
14319
35249
23957
63584
60575
2590
22005
46437
1362
745
42432
51272
35192
34150
15858
49256
6561
56293
50894
20672
60070
7846
34247
25110
7591
58425
37181
22810
17146
38141
48104
52983
17917
3258
52243
17303
18452
22364
56959
65531
28328
9151
5351
63723
36298
20239
13331
60544
20392
406
46299
53744
48201
37213
38376
38359
26772
16215
41803
51617
5168
59631
32772
30111
63499
6232
58728
9118
60418
64104
27714
50605
5884
12704
56139
58098
14893
18218
11202
59778
50301
8443
57796
64374
9951
54213
25125
49835
33398
18668
54393
54792
48102
57158
2348
39232
55408
1419
58020
41903
21526
35871
61304
18978
31936
28411
31800
54020
501
12275
61367
20716
28713
20707
19491
37001
14208
52832
17979
21339
61308
38969
13550
48649
50909
10687
6376
47421
16846
36933
16539
36124
42669
7454
23249
52806
21532
12643
8788
38703
150
60116
65070
60982
54803
57416
46112
5586
16353
42511
2294
3352
52828
31343
19772
36963
827
6859
41689
16343
61276
1415
20116
60078
57306
31032
31091
18818
45522
51699
7707
46598
62851
23393
30473
17934
13304
14872
24037
40519
15873
42843
46731
21876
61149
42865
21526
12702
10325
20062
4662
22936
15772
59855
22133
55802
47574
42611
45388
37376
60022
21035
30248
1909
48011
32758
35641
20541
45410
12936
55929
14049
41087
27639
41899
22427
23963
62294
47900
10526
33786
30877
41026
38684
43114
1737
18119
17988
29849
35023
50949
51837
43392
13671
57618
34973
11402
27497
13570
50538
27200
3392
48437
42967
36486
45339
5460
30943
53584
30085
41441
23471
48574
60819
44406
11915
24420
52701
49220
25866
57704
19672
37311
16323
32933
43534
43219
9509
25620
35873
51679
7195
9841
62349
18163
21254
3049
26860
62401
9953
45255
15695
44408
3693
62071
46328
27377
2058
34980
5630
42582
40319
47920
40659
15892
63035
51358
64512
9022
5391
9119
42614
26051
23999
39341
54657
51633
17076
4727
50036
53491
8932
43937
17745
59368
13856
1853
20851
48298
40188
59464
59280
54364
7673
31039
57043
17432
40552
64208
18835
54938
56659
62787
20239
62738
59679
45861
23537
45928
9519
58916
54542
39705
20436
55148
56273
33054
57437
39845
28240
31618
26175
23985
12665
21664
49832
22114
19668
10557
35830
31677
51094
40097
2185
61148
49176
52182
37708
8176
865
32192
42484
21870
4060
59342
24130
11363
31544
24554
7372
37244
5314
18937
60675
52418
55373
11712
3400
25632
41155
41243
40854
2387
2446
56478
47148
6684
1540
24179
58712
48629
61662
63132
45581
9121
47533
24801
48705
63806
25488
57991
3386
26343
22504
17399
46024
50160
22798
62592
36917
8125
56372
35219
2311
22848
5410
45106
54306
27069
62304
25022
16671
1610
48004
54252
63040
7916
41437
41525
35222
64206
52109
22655
3882
8944
36860
39704
3156
30741
60281
49870
35910
61125
43595
17603
17380
37498
51825
22220
15313
4656
50498
41396
30990
46785
48521
48911
21033
29864
23787
11602
9570
58021
62946
39403
60968
45507
59995
42322
30534
57299
45729
29040
57731
25775
6903
29014
54843
7097
22328
18455
18262
328
51099
20366
17234
63760
14526
64281
44164
48152
46025
62581
34106
12125
56616
21772
15389
12150
10627
52460
56976
44020
38388
63473
55442
19994
38104
41790
4275
38238
6661
10711
29670
60899
11474
8531
5002
45345
29195
22122
28874
26728
19203
47440
8221
13962
11681
39416
36749
47668
43651
17295
25703
31505
19552
16132
16413
58734
5503
43843
47126
18992
15126
65044
23974
7076
15451
31004
49560
34414
59304
36727
18365
35322
63452
37165
23733
24470
22485
62811
4255
14657
65295
30114
19501
12832
30386
53658
48200
44292
63087
45356
1183
7748
20855
12997
7111
3973
57879
31322
8242
39540
59531
55804
8331
7184
46531
26541
13357
25034
49985
22697
53123
41241
7978
58047
3646
58127
28173
10025
42422
42699
4104
26982
57425
31351
20436
60405
50481
36005
15153
23178
5312
25424
45915
447
47224
7520
10923
34507
23692
29327
17326
54934
41577
21772
51981
7957
48205
47908
56844
23844
15280
15933
17473
38103
62246
40210
31344
12043
54686
4799
48889
4767
38658
24008
24559
18200
24174
46142
1608
39113
1872
55460
61526
5920
23344
19340
60951
56687
52627
16635
36174
63306
28523
743
15375
22283
63200
41932
41868
20252
23853
43058
46485
34059
16466
24914
62374
60996
12377
19528
64312
58970
40321
47480
22200
40151
61168
15088
15455
23655
27230
47379
30445
31255
59030
52415
28100
561
27166
1782
64314
43232
58057
26504
60184
5136
57307
38744
59455
60289
42511
11446
52953
57674
10516
25282
56841
36669
22721
36397
45140
15718
33532
49978
29834
46904
43820
65314
6905
39348
33178
24073
21121
17286
57336
5816
11385
18406
18038
36684
56240
13682
25216
8723
48257
20369
39597
4460
4374
17289
10074
50065
46509
6979
3699
51607
53004
64090
27743
45855
47420
26121
39491
29743
53642
47555
1364
49908
43970
4553
46185
6031
9066
56171
40255
30045
14060
59530
41573
56203
30708
49264
62266
58842
48264
1833
25493
49017
27644
62453
64422
31823
2702
26843
42583
57217
12037
41463
19418
52135
60558
24163
63054
24320
16929
23332
35269
6326
65508
23210
55491
16799
37104
15689
40226
60566
570
7450
39478
1636
44933
59035
7587
7441
45020
7812
29172
63262
2487
35806
51255
435
47176
2550
11330
17252
8967
14238
1812
26181
46394
21512
57718
49131
21684
13901
2632
5949
7427
26476
46376
648
50081
39075
20377
3598
4681
65280
9332
63145
19170
57534
41048
3996
14955
12748
50790
32795
11309
59746
33156
14140
32514
61415
5579
58005
49662
63915
51680
10865
21160
48681
14047
28651
33814
54677
16626
46343
41305
21664
46112
12499
53442
62539
42272
56037
43598
38320
47800
4189
49618
46700
12105
27974
62673
30861
7150
32082
52840
48606
15800
33724
37169
35315
15510
17756
59315
9974
40048
28619
26564
55336
13994
31523
48924
10848
53518
48646
35865
15084
27904
26509
26571
18909
18623
17692
26772
47266
25999
43166
42083
10914
50868
38536
52064
46199
53775
59211
27127
33423
49703
62620
26101
35735
7212
45323
20896
52260
51070
47104
11943
15204
40767
33080
13769
56333
14411
43654
40569
49544
14507
17268
22766
4929
41801
37279
42791
11934
17561
26573
32851
56992
44100
45905
51828
17055
1133
61023
46355
5076
29643
23333
45448
1205
20747
40841
48380
17709
8476
57733
41256
39130
33303
53240
39340
15378
22330
23412
16044
4459
14160
21775
6607
27690
46279
6351
63557
40214
58267
20954
3404
41052
19818
63638
7185
8235
36423
10459
45425
12554
61886
20605
14549
60071
28539
14693
609
25872
27654
20272
7136
19310
50589
24740
45005
52592
33036
36717
56061
13828
56927
8608
14406
52718
18984
46762
50905
45867
49622
41983
50961
22534
30164
40645
23242
38419
20303
48735
52704
18846
59218
44666
5532
21432
7282
18210
64948
2185
32541
32884
24285
2796
11182
48493
8225
9244
40416
43567
25714
15271
60715
10073
32334
11932
693
23340
58865
33573
42797
12896
65440
17850
51580
49915
25684
25218
7911
26392
43703
5232
39955
29678
48774
46246
28286
42572
25384
58435
56034
37018
58737
48885
24823
57047
12434
4361
61375
29689
48748
40739
41003
41522
11547
64499
22593
22456
36507
37468
27903
45165
43395
61508
23152
16844
24116
52000
36227
51084
47607
35838
58559
6969
27178
10211
1963
20494
64282
8578
47175
42913
4634
20999
56320
65300
45929
33967
31284
24621
3631
36276
19283
25988
41438
62630
64678
47949
31649
12559
63339
22010
60334
402
14095
64455
36549
46836
51178
58734
35934
63969
11790
61852
45496
31375
44989
25466
50750
2878
46688
11694
3849
26747
41455
2271
28627
23823
36432
60962
46447
24392
55203
51451
12084
25630
36812
18737
56440
58459
43372
5284
36550
62491
65238
4772
2688
29500
14579
30684
58045
59858
486
23097
53428
19478
44600
804
41768
27611
20956
53781
4992
32088
45752
35950
65152
54290
41532
53118
24316
11566
3541
50878
34660
12476
18099
25619
1795
6069
12936
36756
61631
27292
36719
18366
27587
22909
42002
59454
21786
20115
29843
7087
45593
11823
3302
23874
22521
1628
55866
24352
53081
5709
22547
9063
13836
18242
50674
3952
21482
2102
43789
25016
62746
46300
49305
42967
427
15174
52630
314
30121
63667
6031
61695
48585
54867
37257
65178
30193
54285
33798
10919
11795
55317
62123
58507
48889
16253
46631
5940
2620
64481
60977
11648
13033
40581
3926
9123
59315
41205
34537
8779
5608
28525
37236
48088
46015
46772
62183
17841
8953
7387
61153
38944
63333
48241
12859
57994
27094
31010
18686
62157
26958
61171
3081
63335
38470
3270
7724
18466
856
34294
1995
40701
29305
48067
65263
30699
22455
33212
32838
14083
42294
16045
57548
29943
35996
29852
27266
49363
2791
51185
43035
34719
45021
21726
61319
59960
38872
19621
15683
20261
46910
14670
52339
7403
38256
5797
43881
56506
48710
10402
26095
5790
16771
8658
40467
20534
47741
29033
59612
61239
46258
45912
46297
6359
21204
38159
47012
886
24732
14636
38063
18092
4999
31892
54977
47943
14745
26211
6456
57289
46920
39168
39189
50032
12183
4331
29773
60471
59864
23488
32969
16475
28298
51244
33783
65334
48551
54121
19855
40574
56032
30967
9942
51206
54793
12339
26522
63958
39615
46671
1128
17008
18927
24595
13072
27715
51616
42909
53454
28405
36991
30627
53241
9725
26601
49049
12128
47376
21272
34646
64964
38991
7316
8661
54289
23195
7794
35693
51918
55703
22382
47362
15254
37361
4528
39205
50150
29726
38463
25176
12408
14920
59727
32034
11320
34443
23504
6460
44336
52434
43831
12049
2539
41158
23318
43665
32968
64712
15515
50165
48574
40399
41362
6534
3163
33088
24913
45250
3168
62700
35131
44893
44531
4240
20444
25595
22265
20455
60394
56530
27599
37723
12730
63261
12970
11177
63562
15742
32047
63190
38928
56199
40410
9282
43945
17114
54700
38818
49499
1381
4650
40660
16839
55055
37567
4148
38206
45142
40264
42117
27964
48354
2055
16112
19442
44992
53878
17205
15175
56239
28499
5708
5964
15994
46534
60461
32852
48001
14882
34228
4308
48062
4003
63046
25684
53916
35652
43405
44666
5186
18
54296
63140
26316
57722
12035
63579
60817
44527
64920
45900
55863
62845
43814
61521
1251
63210
58580
33550
28661
22808
15575
48682
37121
15710
40897
7262
12674
8676
49940
39437
36177
2771
63780
50027
41429
2583
38243
498
17632
52290
47047
29095
60928
59545
55933
51658
2056
11548
57664
19277
1110
25573
55200
44301
62996
13954
52369
45126
63078
63689
50262
15762
59101
56507
26863
18518
8974
36413
26495
43296
31129
48418
13344
47471
57709
50685
53940
37543
37213
62827
49102
40234
7477
21345
13097
9271
62785
47947
37292
30955
60990
13117
25657
38799
16516
20561
45270
30825
12155
39610
33904
8003
24336
58675
23760
38844
31374
38975
58577
13218
20386
28502
43507
1959
16367
48758
12309
57777
25226
40596
30226
61897
51825
40819
39868
18883
24338
23644
34473
48947
10482
56379
56482
33924
26972
56914
7692
52831
3466
30883
48687
25802
365
63677
51095
14333
9564
34383
27034
28251
4018
27061
18970
51968
26221
52282
55969
11185
35814
16538
28754
56425
8241
10097
30432
12217
63383
36762
6002
23729
42071
13583
49340
2298
3260
25195
28829
39313
5894
3220
24312
39009
40902
2703
53044
14395
55104
25468
22857
39389
18582
16175
15508
48394
19762
52395
36058
25878
14109
2829
22040
56026
12619
7846
61550
56487
27208
275
48785
20950
37527
18335
8725
12547
60522
17811
15474
9502
25468
3784
24099
15824
60398
3693
9691
3260
51744
15363
40826
52996
59844
55788
23931
40275
41040
50800
49170
38467
27313
59011
27559
28413
43025
29758
57506
34877
62543
12284
25808
27244
26332
6422
45738
35935
8413
365
11997
7249
39911
17310
53401
24369
32544
17825
45379
15638
59542
36296
28404
58236
8156
31684
4685
4228
16493
54477
51507
15636
62812
59055
13207
28452
29
272
7313
52022
24697
9633
11898
36816
21323
47024
55371
63945
37870
8598
6813
20333
55903
40876
5647
45807
12154
9749
15376
12281
34543
27037
64837
44521
48930
48660
38315
13974
59983
907
49145
26548
13562
853
15093
59018
11459
43655
7395
27694
199
50630
6884
49938
43087
1351
1241
50199
33191
43415
63907
60055
36996
36702
45250
6670
37919
61555
12529
43563
30177
36211
60023
58257
31675
25705
7158
44388
6601
57658
25045
33344
56397
6091
49934
47146
55652
56945
4931
39572
19564
40744
50451
44792
47405
37464
13353
64540
37028
41665
13206
21561
53295
16149
411
38336
11193
53437
45566
63195
42626
38651
39224
50376
19140
22544
50658
61292
59788
48687
61818
47219
48871
23973
1612
2583
32215
29702
41808
20477
1999
5560
64885
56932
4760
12970
54458
19550
24132
26786
35884
15485
6431
39837
21817
14573
58381
44992
51660
44711
6824
2312
63562
52815
34652
20731
35923
25615
2448
21234
4750
38833
17954
36916
13753
47972
17960
12403
38274
35726
38466
24454
52307
13013
37223
25902
29467
3902
31108
46583
60653
60849
19462
14542
11973
36755
21996
13252
19868
28130
23011
53534
33537
19993
37562
3113
45139
38408
46670
44923
21788
38613
15964
27147
57561
37518
47526
50715
2580
39211
5771
29891
16447
21039
37628
22227
8063
39790
60691
29547
48047
28172
16251
50894
49962
13417
15693
33404
30587
44002
21641
58172
64758
62798
22731
54648
57940
46981
64634
39488
38658
13525
53505
5241
4000
52569
13869
8572
26906
39870
22029
61761
11191
49609
49301
31324
44931
60554
53973
18777
4656
26497
37348
10018
25359
14060
10725
11839
25680
25768
54290
18519
53449
25176
10159
27597
25609
20710
63540
32020
29414
26137
29096
14
37581
26755
37246
37029
42720
61787
19984
13319
12931
28952
50472
31970
44061
21169
39686
34160
14746
11379
19757
42007
39038
35583
48759
47510
48343
64397
52404
24068
34296
17199
12042
25246
22809
33550
52214
44345
6783
23547
24167
44979
15933
4283
9661
37788
48920
16913
18487
43648
225
55815
50409
22221
6508
52972
10289
35654
20722
49464
51016
65431
64240
5238
62925
57641
41782
34001
56703
33819
60540
30291
26420
55534
896
54417
53300
46013
6483
2462
4175
20382
64835
6698
27572
61814
27448
2573
59671
5411
13963
31182
46769
20520
50271
14883
36121
10515
2942
12496
1679
23498
25563
59373
40214
34452
53458
39248
46243
13045
20485
4404
57987
39107
61987
10633
16011
42407
8751
279
61979
26031
62339
4575
39218
29328
49835
19689
8562
44187
59773
28779
57860
16470
51202
840
44532
60972
39596
6853
18772
4354
58292
36185
18921
21633
36933
39329
31147
40907
56630
58408
57015
52464
61566
29066
24489
8684
63555
3462
49892
64211
16768
2507
58237
27485
16970
52452
33666
60936
34598
11016
50167
13982
42236
21130
50060
37015
7004
56833
40912
23126
7481
40740
16756
60405
43550
24058
20927
57217
55991
52023
39962
38683
46996
31400
38265
56307
29142
18725
50054
43378
4262
38481
11254
60914
52468
34678
13847
18698
11798
1353
23397
47188
51924
47702
19227
23274
62382
21141
34408
12197
20920
63000
9102
62256
45008
30960
38731
46082
15416
51434
59981
33160
16634
27207
59742
65143
54150
33496
51681
8869
917
33509
41028
60853
2179
35728
60683
59300
14661
536
57623
36243
60791
56461
62426
31496
54142
19234
44700
14607
19386
2086
49577
58486
36580
8469
53351
59965
15214
12603
43661
17590
37404
17243
60853
11598
52171
45066
33673
44623
1039
23563
64254
27077
35409
40235
53409
17785
3920
65321
17946
17946
58225
23529
30887
40974
33553
58550
15659
14227
8133
3271
8101
63345
23274
39167
5018
14527
44666
46816
60582
27631
58437
15053
58591
11250
5026
9426
3077
18704
17738
28369
26931
34902
31824
43769
11523
49649
55556
39283
17976
1068
44464
45995
37763
14421
61155
48978
20851
46432
50059
12054
2068
17811
48584
54303
25805
60852
55967
37491
60309
57927
37490
10016
17764
38211
9472
53495
23986
26273
23438
33117
29069
56995
64067
51702
16424
64652
44564
8229
10735
30099
8411
10440
43694
31962
8434
13599
50131
53282
4731
16520
7435
50294
19370
29111
21002
25379
56149
60732
18078
31099
43964
10701
57193
6496
24394
16732
25175
46972
22052
39659
41237
40061
5206
11243
57360
65195
59192
36468
64280
10586
28528
50663
61021
9962
61986
32144
58050
33838
32984
56863
1012
7528
10599
46766
47508
40708
22878
45083
62302
54231
27956
63769
54238
57677
32652
11153
62417
50797
1105
9050
24999
10089
741
24910
35696
36392
39716
4381
688
64035
47632
7683
62093
29407
42057
48798
24116
16346
50708
30071
64844
4551
49793
12976
49437
10421
49904
1188
30155
42504
29224
27943
38641
18810
35971
35067
40335
57188
23857
53
28841
13768
50964
1501
2568
44600
56936
35410
56585
26876
54187
34340
45522
31109
44550
62121
20087
63508
56504
60387
4366
44525
29638
28959
4893
41968
62830
37174
38122
31218
42135
47480
14005
57057
3816
50608
63834
17811
49804
4844
33032
58121
7441
29761
10022
16232
62162
49739
34374
63978
7070
56289
12726
57452
59562
44354
38946
65089
927
31819
8068
14504
22203
11319
15225
48822
8637
36828
11146
34090
34255
55428
47410
52707
63644
22323
17725
30115
2722
31441
4603
48507
41041
64159
24497
18689
37225
47539
20123
48838
9075
13388
33386
51626
14989
10870
9435
30834
21708
60016
2158
10982
23477
49202
17105
37959
31292
40411
46108
9958
56849
45934
20264
8841
61003
56042
29175
33533
64447
44375
11074
13086
54981
454
49098
6807
16425
51599
50456
61626
35832
50238
37629
31953
63107
52499
47559
37964
39248
1782
29916
33779
12397
11696
13948
8918
10730
54332
7757
51489
39213
2038
14669
6122
1792
23260
31687
240
55903
47831
27964
22361
30873
55104
64271
52094
41125
20569
25264
11591
38896
10413
30150
16688
59793
33574
45827
65052
38501
9104
25609
34453
44614
5299
29923
49622
42246
908
65445
4208
1174
59056
64894
42296
58809
34320
45837
40678
62561
50095
5558
11860
41868
44620
40023
33975
60758
39283
2593
21161
41235
23636
6635
57979
24995
11640
14912
22484
59581
17663
42276
21101
18243
38390
60118
30928
51459
37848
51732
65103
4941
550
20003
25830
17849
46493
24
61352
41265
24768
51538
42897
6619
63820
45617
28061
65485
21603
56214
41374
64842
38931
59545
13964
72
44614
6498
50769
30994
55719
17959
24645
46681
12634
34925
64620
43148
25930
53831
3589
6380
49194
40653
35675
58361
49514
8096
44624
34923
14829
5269
34190
42332
5168
18305
20347
54367
47823
57369
42295
23367
4168
63935
36723
34124
50395
34680
50586
20371
64665
16890
39870
51719
54021
12243
1265
26327
11476
41723
27745
23084
19689
60950
24068
55710
7916
17083
50765
3539
51192
50558
25612
29831
31052
21783
43046
25704
9764
5444
8469
17456
3186
50752
61791
39639
10411
55853
23018
77
21131
61493
33138
34603
61799
2851
47182
41340
29184
56783
56056
42036
47121
962
9709
24189
516
29403
25537
16817
58698
6866
27835
1381
56295
28003
76
39815
63035
59508
60148
11600
46425
59217
48933
49819
53818
2414
45468
33810
33381
4874
2379
48053
23508
22458
11659
14492
55588
41583
65533
24060
727
43820
34947
31462
10983
16597
40927
37253
5261
26408
25988
18900
1464
56481
50116
11189
35139
42307
33873
12266
49712
45865
34186
32763
43925
62991
25468
37410
16163
53692
25265
42193
54480
48693
58291
32633
12382
32499
20017
41863
49949
37814
40201
58505
32100
6692
57754
7265
26291
57589
52544
50469
7999
21081
24583
29104
10231
41412
31766
30277
986
62809
40121
48548
47094
40950
12779
22700
51971
31174
29623
1477
56215
14580
42269
57126
41109
19412
23134
27195
22308
59307
20550
58603
12916
9508
54334
29460
17828
33007
6664
33951
6252
64775
12540
63693
5984
14970
46005
8945
61540
54051
8092
48259
3803
340
11117
31746
7436
23884
8600
33885
43814
45484
45113
12685
52092
11914
61847
44417
40883
46623
32874
48683
32793
40090
38458
77
25383
29626
16324
45461
9644
44901
63605
24089
43250
41560
17541
1621
13633
22077
22739
53553
53252
1899
29120
59735
2896
35262
20310
56156
2874
63428
44747
45379
8496
3163
12077
43807
10411
4532
45512
53885
63385
48053
15122
34965
6432
4746
55145
55198
40171
5635
8338
19747
47501
57327
25599
7139
45844
24587
57898
25539
22188
14200
36219
16398
33023
34464
3262
38821
55626
46336
49100
41222
50099
26573
870
15422
24941
34760
41292
61535
46179
37978
60459
9413
12367
37309
37022
64349
25691
24822
22826
63046
32629
50857
45686
18551
49284
19387
27549
33149
56861
16019
62157
19260
64929
65507
34051
65217
47920
28222
44428
5028
4233
65310
18051
49960
41290
29258
41302
52329
47939
5903
13630
3763
64098
8680
52073
42842
46869
3120
13986
36349
10147
46219
12221
47836
15061
12780
30672
47868
41690
29265
48890
41039
65309
4955
18827
58530
59685
63261
64410
55660
46535
19192
31669
63121
21883
18459
35128
6812
56646
18628
20874
52523
37225
31496
28656
26916
426
32205
60449
8242
10169
65291
5668
57820
27192
56458
2812
52377
25715
42821
55732
17746
26796
42730
65142
3371
26393
28637
47388
42419
18580
47600
34790
18251
37685
60247
13833
46361
57722
45854
50488
26856
59908
8036
17633
22692
1687
8352
58171
60589
63383
25816
30099
11249
55289
19279
29446
33952
26540
60470
4039
13117
18592
41639
61926
14922
40912
16602
26861
20201
34325
45630
23883
50346
33225
46760
45862
16495
21848
13593
5291
18219
40476
2032
8801
8937
54170
28524
30633
64118
55311
41675
18909
21468
20121
35123
54721
48014
21632
13781
34212
13684
6893
56590
20680
58817
63126
20220
13256
50081
36211
17111
5043
18167
632
38979
57885
7092
7937
24212
35043
60339
12174
1530
24773
18289
15812
34664
40609
51905
33701
30397
52505
6587
16534
32547
4221
34908
3993
26318
59960
21718
22924
87
53624
764
30575
16926
60843
61661
17777
32966
36818
64603
38657
3483
62817
5957
55912
36852
21041
25265
17218
31482
40420
14117
15742
60640
4180
12823
44766
1375
51199
54436
19796
3337
46160
5573
36313
11231
34320
48840
7618
34458
47225
2942
10990
53204
11730
23641
20253
22770
43905
19867
59574
35350
6420
50903
19117
19718
36193
49052
13862
9931
47718
35203
19243
11338
45071
32417
57811
14574
36614
40489
32077
45404
24878
65252
32264
9927
63463
28000
33358
13641
28337
16244
24757
42478
31683
35048
3625
26762
11137
31158
9594
23039
13350
44680
42550
13099
37752
39131
23610
30625
20454
23245
25593
16786
33382
34900
37716
58119
24366
28792
9132
15378
35753
33968
39407
23059
60169
38400
28051
8714
25233
9918
25661
51730
64838
26422
62162
14352
45632
39124
52162
54427
58546
63118
46784
28433
57878
63669
61141
40215
21878
51625
56265
43000
55594
57214
57924
34469
27084
23824
57916
62739
6694
47822
60408
38858
5011
34090
29758
26170
42101
10468
591
31705
35069
45586
57269
12413
19658
46404
21790
51694
63672
12748
19274
4646
63198
57683
37580
43291
58058
35799
21676
24309
23513
57251
58525
29042
21100
29021
12777
30488
3976
54852
39871
42535
32806
39210
41671
11609
2953
6832
51613
30263
17498
62742
28442
40466
60860
55145
10684
54786
27484
43756
39143
63821
58257
59055
59688
22731
33459
60806
10867
43500
60954
1306
63941
38471
59367
3014
19947
41730
19318
41990
45456
53274
61263
45611
18778
55054
7670
16551
50403
29428
42014
54463
50845
56494
16034
63888
49332
40274
56967
54723
16293
41007
38589
46138
5768
7109
2639
18328
5385
51305
46772
44843
61679
28936
23580
12985
59363
10982
16188
3746
47617
28066
38727
12052
25954
23116
4044
23460
41915
57326
13922
28666
29354
7079
40532
48234
58279
14251
24216
38875
53835
51831
15381
14178
54366
60556
8408
58295
63421
23653
34689
37680
37636
55784
603
6273
49767
37798
41289
62616
4977
25502
9768
31517
28110
41023
36770
46882
24631
1210
51057
23498
25659
12271
58865
1918
1439
58362
17436
18256
23445
41153
7778
10483
50891
51212
33667
11414
60856
35185
17019
60210
54659
16166
17032
46277
4542
64226
26969
20206
40145
40823
22377
28583
18980
4719
64896
61752
30313
15485
16833
58050
20867
60877
42180
11329
50991
39733
24075
59407
21580
43850
45633
31110
17767
31420
13549
63191
12334
11233
27374
57707
39280
24433
21309
45213
45974
36128
46922
43581
9889
41168
22248
27965
19435
33642
43057
18070
37209
11399
15889
44926
31514
31367
46116
28512
31523
34182
1853
50071
61223
6072
20034
8804
16024
56139
20643
12868
57217
58003
14436
4053
37135
4020
49683
18953
23499
61545
51884
59615
21479
33996
50809
14087
55626
21677
40523
2031
11902
5158
33404
5298
7894
46879
53184
12282
8986
64059
53480
2518
60559
1111
5707
28154
19407
12510
8259
33646
280
8440
53288
41923
25947
51661
30084
38879
35068
14028
59701
17010
14347
49470
53835
32953
59685
13192
5969
57342
25147
41058
13656
54735
57789
39268
32297
52779
61579
32420
22287
934
44237
54510
13958
35955
11966
28570
25213
13999
50118
16342
52042
24884
143
7586
21828
4706
56919
54969
2321
54942
64727
3643
50363
41736
55769
9580
63316
45291
60229
36471
38761
56799
17056
39801
1087
20728
58303
30165
533
49728
17243
49894
24598
11066
45088
14866
48842
13608
5265
4797
2809
29058
44421
50723
15277
4695
3509
40828
10552
25532
827
42700
14656
4341
3965
24116
36942
19132
26043
28251
35977
64069
19452
49345
30512
35304
2854
688
62137
5209
43068
18869
62358
19742
31842
24573
25133
33742
12727
56884
51017
55178
14557
55294
55141
44545
49297
45066
6362
6777
26077
9793
43461
56298
59659
38792
40323
29031
39441
12903
8745
47097
46139
17290
44277
17234
46954
62158
52710
48175
55641
41543
5360
12978
11745
36552
12883
34275
43852
11039
30484
64364
50805
39886
18357
34915
57069
10623
49432
60084
9883
23059
2034
8152
4687
60506
20497
31415
19026
56802
303
55510
37746
41126
2880
50225
32975
44291
10673
31954
31100
10194
3967
27287
16060
15383
17305
997
52147
8053
644
22940
47506
31831
3070
41766
53447
68
31197
20311
6875
12768
30355
35051
8298
1497
18334
46773
59000
52609
53375
6327
57192
24912
29943
64491
3274
63443
59081
11736
49231
23824
15705
4620
22328
13278
58914
34673
9184
9299
28138
46867
54000
37888
57715
65418
19404
25052
28593
51366
43971
36068
8902
17312
60037
1686
15808
46485
54261
49905
2074
48804
40943
9094
14985
45116
9830
15591
59598
43575
28189
26777
49846
36547
58157
32290
60013
42565
12537
44473
40417
22327
15692
21146
7163
7274
14502
14348
14362
222
6172
61311
27112
46624
25999
20377
19133
23807
50669
50045
10522
61681
18918
21983
40664
64833
25129
792
17537
52117
37903
9330
8845
25888
1026
50732
35812
16517
32191
32209
18943
16094
56470
56655
41630
750
58134
29899
26415
59675
57271
37947
2899
9709
13239
55003
5809
1421
53527
18569
2815
40111
15595
33506
39104
61635
24369
13557
18512
14848
49451
8211
52003
41586
50331
26724
37224
19731
17317
47354
6338
13742
15293
49686
9831
9129
35617
40415
55374
49364
20345
22901
17095
51149
65414
31804
47805
15383
31316
28002
22188
20111
55806
32067
48939
15325
33503
58168
65171
57761
17130
12112
35679
30174
60572
36663
33414
8447
58256
48703
2600
36848
39093
26961
1971
56842
57878
41673
63675
47959
25305
40159
65332
15851
1483
28115
45959
9863
19575
3204
17288
28707
61625
6465
34589
49126
54756
12525
21867
37128
61574
49207
62127
18329
29261
16436
18222
56784
46495
16674
30827
45914
60765
53801
41882
28400
30731
49797
51405
63982
61728
26688
34845
7316
9366
26605
34708
3945
32044
37578
31994
57757
34658
18287
1966
7605
5832
29815
30878
22036
32971
64961
43468
22912
59079
62358
31181
61491
61172
33034
27584
2192
6137
40514
64908
642
49548
1380
30564
54018
42102
40064
43504
46809
58577
8812
16093
55827
9360
1363
36780
64887
62129
11548
61431
25723
44333
41777
65176
39506
10293
53759
59931
44304
2314
60483
16755
13334
1014
12722
12135
50096
47368
38756
48033
48996
23055
36162
9534
9462
4152
48129
1362
40284
21446
55839
50576
48453
46293
55444
34118
27603
38189
63183
47540
10991
5329
1050
52192
27999
48094
32914
63465
34452
57120
32790
45491
10026
11713
34093
20167
35886
5260
62043
13870
33643
29351
36381
51710
5437
8306
41977
39452
14722
3679
28990
3710
2697
49078
20200
30327
38470
53266
549
53040
48324
42326
33175
5100
54922
45376
42482
955
17314
54430
40484
32874
37552
65351
62322
64972
64541
63532
27914
9670
1045
9282
26573
52502
51012
3206
54407
34208
36756
18739
24664
37486
51526
39948
25293
19845
28096
9484
60223
35519
32211
64505
51039
14162
6047
33435
14311
38458
40365
1606
38448
50605
35974
44423
56206
12553
53014
53454
44313
33292
56215
31987
22570
62359
11204
30711
51225
1184
2482
59929
29298
64502
44238
12739
39282
50896
1543
51191
17816
53776
16642
2656
1040
51419
2127
26524
41444
10574
3202
40253
44701
8037
64050
65526
18828
3673
27668
5201
57746
46296
42968
28396
16457
40898
13554
41677
39853
38119
13618
33156
46836
18724
44590
6761
11250
58470
5524
52492
15436
9898
36005
52034
22524
1040
14643
42573
56651
7847
43797
39135
53958
61659
35481
5862
4031
25676
51132
844
37568
63788
39518
11277
52501
11690
58126
8873
65049
45730
42640
14244
37852
53399
65518
667
8836
54914
5135
19652
54850
7664
56868
30525
51893
24351
7023
7727
20585
9526
27230
31746
39915
64188
8558
9590
57022
4368
55395
9669
44433
32389
4592
42910
49119
30164
25869
36192
30630
27638
57425
61377
57033
29903
28131
13014
20087
32883
38481
29277
13627
46613
32134
59578
27110
35092
33810
62045
41494
23424
57880
28060
8149
43864
7612
22573
16291
40567
5319
52840
54947
25206
35675
17648
51409
32748
52222
15388
56492
395
56300
10486
28497
3026
37022
22310
57425
37174
33947
3256
17519
49707
29070
27697
3915
20183
51854
12639
28026
46461
28283
27395
47222
21526
46345
29979
33148
36375
3447
26402
52304
20121
18886
63607
41486
28501
16329
45868
13202
17888
16221
61153
28181
64682
33872
6908
25893
61555
36451
33846
3690
60241
5323
36684
57010
15010
62701
33708
16980
14822
21571
6445
5792
40781
2605
54355
36354
41610
37231
50520
42652
51888
55836
23281
3175
58185
62095
39355
59488
47236
54343
55319
34684
4574
14312
4223
41175
59146
59535
42069
27079
54248
44556
24548
12360
9441
65348
63215
32689
9648
44883
4885
44067
6670
59036
56739
42059
57671
7579
3579
17465
55732
60386
56132
45504
4127
23950
52542
40603
29480
19976
36640
21587
17031
3312
37146
45093
44859
58804
56563
58283
61931
57944
21009
2381
560
61178
51299
19680
7971
917
24196
7384
10253
35127
65273
58095
60753
44036
15450
39237
20821
43180
5941
961
60430
29125
28355
42640
24871
30974
11286
57410
41838
58468
3895
57642
58835
61775
13767
45267
25053
55764
14979
60190
23389
14495
42030
62522
60307
1301
22345
52982
18238
56328
53631
20512
52565
31778
3811
60017
19965
895
17143
36456
38012
62081
20141
32999
42568
62451
51995
13576
7492
10304
33814
49785
46707
8956
5159
3534
13714
56724
41813
405
6604
6692
9989
51851
17975
14354
34099
60806
35979
23373
59221
27149
10332
25680
56851
9121
19597
19931
44076
6414
20082
11243
2469
37194
22308
12635
38855
34858
56559
35110
61031
50857
33465
46798
2518
46085
29963
59652
64895
53835
64058
52272
64691
25807
51977
32927
26354
23855
35303
13875
32333
37281
46814
27988
57888
31713
59773
32641
17768
14137
64149
62605
11345
2103
51321
35799
63635
30668
9463
1842
60754
5009
20112
2019
14064
7316
35413
52664
40771
42629
19940
28951
53589
48441
11247
56278
22737
22320
60213
37261
35650
56388
46560
48749
24013
2799
25400
45994
44287
46232
34184
24291
13574
15275
13817
61638
19108
46387
42173
9756
64049
59743
43018
52233
16613
32072
56822
30741
54917
419
8481
62763
1149
45746
41477
61229
25924
58686
16322
43125
43017
39607
43980
49805
5454
17423
31153
37303
18526
42010
59066
52599
22562
46768
48791
27373
9106
44269
587
1384
65365
438
36485
4606
60883
21069
35726
30021
64852
11163
59864
17501
63115
24212
21338
64466
2095
18341
28862
21030
10485
62075
23359
42543
10401
59156
59085
49830
13621
53485
41129
39248
24505
56462
56000
31319
14719
18700
39673
63102
5979
15026
52065
31819
27540
21508
35083
47081
58443
43897
62354
41756
14958
41562
22730
28318
52646
2806
36308
5043
16212
61781
35027
41156
61298
15274
18112
20267
53348
65508
20162
54607
29382
20124
62387
51827
24203
9711
33736
47044
11164
17564
6790
2584
2940
60531
39428
51372
54255
63493
54568
10675
51895
10630
31233
48312
2861
18081
25671
17420
57624
23808
9946
6258
58624
50681
17567
21693
26749
62389
6065
16390
56014
38094
48792
34084
10483
64918
9826
14548
40385
36276
54480
61495
42194
62298
52532
8362
34853
55176
58883
17131
47258
62402
25969
1844
23572
10327
46154
8507
34328
52606
41058
53574
35870
8332
48217
41509
58779
20138
9683
11086
52503
27067
59319
35044
6782
58175
51560
56195
33108
36831
64038
12930
43061
30784
33278
21999
52940
28626
12907
23931
46192
40568
33168
30820
35645
58928
6208
36794
54322
61908
63918
37690
65224
36251
44879
4835
48111
49306
40713
50874
42656
12456
10479
15088
45540
56576
38850
57787
15055
179
48066
33404
17457
62448
54595
51720
39897
63749
7870
65288
13303
563
13458
64116
5445
33335
63084
47696
39261
1251
53223
39592
6371
43518
53571
1595
21347
14862
60627
49058
43549
841
3363
65227
30857
7652
4795
1241
38124
16429
9833
37464
9207
10222
52395
35490
61046
7925
30447
43371
43762
1859
47938
5186
30221
12826
43243
58004
50198
37714
18553
23111
23743
62521
6820
11406
13843
62899
12324
25020
63172
57612
37307
4452
44723
55545
50503
18248
24617
8211
18356
60535
12734
9420
26289
22765
53988
55514
36652
24618
15715
39525
52994
36525
7308
17114
25451
2612
55268
64584
56068
33980
34010
45797
26022
24684
42568
56475
50923
31192
59115
21088
22328
10128
8981
6598
11008
21628
3277
60067
14815
20445
22801
61978
43075
2588
31822
46831
5680
62940
57822
23685
15774
34613
39323
12425
4780
42874
5541
34488
18647
886
27860
45693
34453
25241
12856
31214
26657
32819
47248
40572
47810
16453
53323
4744
57173
42599
46700
12131
7816
36663
58721
13475
23196
234
2946
41810
35846
49357
52201
19103
49435
52066
19243
31485
25594
39397
54182
2044
60792
16072
4337
10109
63732
39150
24307
27160
14983
18340
13230
37290
10440
1550
44331
63649
30656
61264
53835
45601
2409
33585
14436
3308
25939
11808
62163
16394
39762
51369
62553
42167
6474
2304
11811
37105
25444
12246
29577
4084
7099
8785
21066
22368
41045
42654
39521
10038
17488
36206
61703
9476
24326
45889
48467
29773
2627
52496
54709
48515
18478
49377
12674
45491
33572
44132
26099
16631
7073
22241
55095
630
61671
40013
56510
64807
57334
14922
62035
59820
9124
56378
33437
38978
41698
61559
17653
16474
58496
57245
6400
48934
46689
56458
12919
24373
6156
20650
54550
58814
19247
35240
39490
58815
48420
41526
22001
44364
43679
8917
55702
25953
2773
43094
27416
46196
24150
63157
19230
50163
52827
14265
10032
59398
17048
334
9088
19642
17668
41388
45499
33730
23678
5537
56497
53059
48387
58114
8304
12937
18552
34080
11417
24779
24001
14889
1297
49309
45306
15124
21235
7175
4750
47032
31823
33460
46643
4857
12577
47842
10542
30175
49406
40584
57687
29846
31764
49955
17332
55876
8618
52784
52879
64259
23351
14974
51910
24931
5854
9951
45387
63190
38834
18006
11001
13962
10517
21116
17612
3995
27184
32005
1049
7900
48197
65106
51882
48936
43634
15937
17273
942
3387
63726
51277
45067
9826
20059
51446
44357
52199
991
53249
8396
2558
63025
42517
1761
6334
37245
51234
18797
45830
930
53586
36704
19175
26454
35054
47526
59081
21460
16777
47341
30607
26523
56529
2406
53264
52708
54249
11290
53002
17974
64832
6984
45744
24873
43753
29142
65319
33913
28424
5048
6015
17887
57510
3664
11772
16264
42247
29970
19803
9411
56592
7625
41542
28360
31191
63701
1971
5854
37241
35773
186
3154
2510
36933
32773
53521
40296
42479
2076
15837
52593
37499
35556
13095
62641
57463
16309
20318
61529
52386
6976
35859
64318
27966
56312
51424
10667
42698
30718
11126
15383
25497
15342
37080
58778
5086
30049
18247
56988
54491
19170
47943
61842
64262
56025
64998
50436
29653
47575
50880
59778
18903
64758
52808
50899
57231
24796
18779
65025
59471
41589
51085
60669
41653
55661
11598
18650
6137
36700
7232
55948
12266
2275
23284
42116
7836
31162
59750
58359
62767
11161
45394
48781
27602
28440
39512
28146
35234
58672
8206
61048
3679
22255
19921
46783
54583
47909
65254
2456
1151
64544
6960
43682
58905
17063
38052
41377
8091
7152
42263
47734
39623
20281
11794
33489
5365
14667
19947
25437
10693
2913
12373
315
17109
59870
63133
62684
22464
55430
40064
4264
43768
65290
54245
39320
50302
16145
23935
29111
27636
30852
16136
31042
34874
19215
21613
12876
58548
528
33440
35291
39547
41902
55199
39068
60739
43588
44447
64280
20472
62471
17735
36643
17744
7888
24191
17786
36811
51383
31453
53134
48344
41445
38665
24758
16426
8039
56882
2185
3959
822
4773
15891
7782
47459
60587
15245
8832
37464
41186
15622
3415
53802
61298
15437
7915
33761
84
65460
43485
34138
59651
28380
20220
61386
16073
177
42065
30428
63180
48249
38388
51708
47910
7070
60730
3758
9713
17161
6395
10575
244
54946
20167
48611
64364
15173
57798
33851
8494
46332
15108
49819
56904
65058
57740
32888
4127
26276
7503
6907
30112
60591
62880
4475
1773
60257
19925
54732
28241
42190
3716
35923
49342
53355
53294
19101
59967
40099
17170
25262
44922
4429
40684
2769
14669
12951
25761
17211
15407
60736
48098
29993
64503
2499
16679
42848
54501
39555
33705
19639
2544
47922
40562
17903
62517
6034
3647
60954
4723
53434
44539
47804
15725
31658
60072
61436
10030
5137
59226
27977
22188
63916
23541
36512
11475
8401
6270
13499
555
48874
19734
16809
43693
13589
42722
22421
47481
5536
31820
52020
28169
41035
16911
20904
33835
53592
29470
642
29178
19321
47326
15992
1035
11564
12607
46316
34841
58791
38719
30766
62709
16892
52879
48602
60374
56658
42957
63017
11801
44136
34741
21656
4537
34749
24433
5227
37552
46129
21770
19724
19282
44014
59674
61613
33642
63861
47364
31781
21371
20164
5203
60751
35729
39435
9264
46694
43666
2676
58010
52505
30703
21971
62867
62595
19534
12122
20514
8286
23965
19590
26857
61047
28371
42086
9624
53974
59870
26459
6994
55408
4685
52722
50855
16791
11635
35278
14382
6647
21848
61410
61719
7892
12831
41955
20515
63003
52936
54597
29284
6968
60426
55815
33422
58829
4364
63989
60233
31286
21513
52941
35504
15856
24494
42019
26025
38004
29627
37293
59192
51159
48012
15394
60436
18976
62617
54392
33380
44269
20889
13848
53077
26846
39943
5212
8203
3134
32926
53767
317
9751
31379
41720
39609
18931
16586
48649
2235
3740
44439
55593
6720
43639
4661
64692
53343
55606
46368
12278
53924
8707
13080
57803
13552
64245
3529
52672
23056
37614
38024
38631
62738
29187
61578
47186
58025
30030
63477
14317
51622
3933
11610
49390
3129
523
15955
55352
53660
30572
37596
13911
48277
3576
37232
61550
31672
50168
60794
17260
1611
38255
15727
58736
12594
62369
18154
52246
62191
8254
21317
64832
6343
59195
4061
49333
38104
58480
57060
10446
17307
10829
3336
54631
61189
34976
52647
39853
62472
7480
34169
11413
63532
9673
45475
3606
65242
47294
51460
40175
57684
26094
60840
40396
28944
53069
64827
44892
60562
8873
29583
42548
74
64576
1398
2706
1124
36189
49560
62376
1238
18037
12087
35832
50811
61295
37968
54174
28775
17434
52885
13197
65161
7252
40524
4888
60759
4712
56889
54201
11577
62320
22530
2408
14052
29096
53237
2333
18573
60834
27594
27127
48735
25421
34642
60812
11358
1779
22877
53595
788
58258
27356
18720
15381
29522
29254
25737
14906
48259
54934
15589
52772
9887
25143
26557
6493
52975
38742
26579
2751
44441
15095
57316
2201
60453
30298
9448
57793
53353
29350
59035
27534
46031
30475
23382
41926
42396
59108
21136
52832
11947
30025
19101
4772
6271
61416
23691
51189
10203
11603
30239
11007
38224
55496
23811
6188
35472
2460
16756
35875
45972
26150
7881
3421
61605
25452
2536
50409
9079
35057
14300
43607
47800
1504
34958
27672
50463
38918
3328
40983
45249
3803
43004
33274
9009
54125
19914
29826
55925
44517
30779
43417
28079
37553
9972
52849
62480
5565
30554
27110
24234
24179
40915
60589
34051
49543
32081
17910
27899
11290
11656
1766
10320
49953
53041
6646
12462
65277
50438
40162
16245
51898
27408
6822
366
33092
14035
23555
62328
5682
16024
14564
35623
56074
42112
9476
64020
19292
7545
37612
42211
48615
15201
61051
45810
46837
51996
39298
10106
8175
41032
37093
22934
35446
46811
25085
57335
64099
32126
43242
62443
38400
20271
43566
18253
55460
16660
18304
1935
48392
59588
40387
28134
29247
25885
30703
21156
12926
46369
40074
19549
11104
32051
4204
30433
50823
1950
25036
17617
21721
1300
59342
45643
52658
20508
36341
22653
36929
64203
52466
55911
43719
57674
44419
34729
7207
20704
4717
54002
6259
13730
49599
30668
19567
41454
25873
27312
2415
13295
57063
15077
12371
41056
20648
11657
47517
35680
41109
4703
10589
33729
52171
4675
58037
55130
56308
20818
57788
55180
20876
45852
37627
49165
51835
58605
35285
60824
62553
11750
23040
34815
44100
25695
62728
27245
50029
4688
30331
20745
13862
3119
52094
4572
23415
893
17689
11265
50228
60175
50611
36812
53442
20975
17914
55521
54843
51169
14019
54948
14524
30250
16147
3400
63143
10168
5340
55656
38613
58912
38918
60344
22602
2457
29507
30766
42866
10635
53305
62216
19883
55593
5099
12465
18405
41749
47255
57627
56996
5684
22197
52805
43141
44788
2186
62911
35272
53572
23112
57951
48555
39075
5794
8541
24743
28136
13469
7660
54783
49473
25406
23140
1117
52794
44294
28845
44250
50960
63031
15905
48154
55895
37588
60133
45937
3058
25268
21305
17618
51221
61898
23150
36016
35968
6515
53957
64697
759
6309
15412
8927
24924
41099
10465
43123
23883
35191
40295
26482
33922
63413
35880
25614
37968
50380
6272
61596
21227
41677
19584
43833
50954
55854
505
40055
2790
6738
6210
44350
43354
48401
22848
43914
9716
8698
32506
36804
9111
30559
61124
45395
36959
39005
10726
43885
28925
20517
48639
10412
37623
21806
27885
35111
32696
33617
13098
20932
44063
38274
24230
59190
10593
21317
40777
55917
11721
27707
48451
55722
24468
57377
15644
44117
63978
51689
24395
55025
14890
62462
50099
52161
29009
37969
17025
1241
20178
51965
23859
15413
33721
24650
52002
56739
61236
48582
22364
2728
54266
55698
63294
39102
4743
38050
33702
64457
27583
31471
31383
1144
50343
23811
29136
2801
52534
2861
24788
2374
37852
9463
62050
31639
58182
12125
62580
5618
29624
1871
61523
24233
51907
59892
4010
51597
34721
47015
10932
62050
54013
21583
33992
1018
40101
34456
46952
8924
33019
43731
21737
39972
57151
26451
50837
23276
4451
31716
20571
6211
18648
65243
28362
31584
36932
14846
16805
55027
26318
15543
44268
48505
11379
27530
9630
21158
38980
35356
2924
18769
59435
40880
50243
44889
49104
21379
60043
4993
19810
26718
13509
33645
887
33945
23704
14371
40664
16899
8399
41755
63652
5952
41848
43886
31976
15973
40395
2051
23437
35174
16622
53305
31437
5956
6429
60099
1953
41392
61894
17522
19628
24932
26298
23269
26692
17428
27663
1268
22726
4678
42645
9800
52762
55263
33483
54886
14044
33740
40637
4617
3002
3299
10338
22333
14289
23823
12627
5105
15824
64831
30569
26114
6351
62593
8987
54002
3599
22088
5223
3487
36614
29863
44047
13000
24243
5564
39975
37144
21498
1140
5824
35768
49797
55019
39191
30413
25329
33258
39469
31178
33231
43839
3918
46359
308
24483
31804
37067
24831
1458
27321
63019
49049
64875
25680
9460
3256
11175
27839
32908
12778
26107
39387
33551
46721
30365
39489
55662
58044
41452
8640
21731
44274
39597
36067
15742
31990
60134
808
50146
52089
11189
19249
59425
26612
64591
16672
4162
102
20564
48108
21193
34146
3781
8025
15621
58820
30591
62451
4165
14517
11535
26145
20255
22930
33015
5983
22088
28541
7104
61336
54863
44448
5063
62961
27753
2658
45981
10884
27074
57496
21823
16721
32870
15726
30393
40468
38933
19160
35742
20927
570
46351
7756
64683
14656
62402
59836
24309
27136
59468
16376
61118
48409
34717
46123
12994
21384
17373
19208
29931
64542
49688
59652
2810
45751
14816
58928
1780
23714
65420
23372
50027
12353
22335
952
65077
30359
4621
19523
11137
3598
24011
64550
32227
16480
23506
52663
15257
8585
44404
60257
62239
47398
65023
3245
18357
18132
37827
46535
55020
52196
41494
7259
65529
15068
17094
4954
20122
46949
12377
14234
30262
17326
43282
16563
46849
60962
37133
34669
41065
18013
26987
23326
18370
64807
4788
35878
55648
25836
33510
13107
15207
34090
10367
41125
45150
53947
63235
63852
32729
14337
27718
14558
8058
4381
34827
38800
47483
46949
38546
4291
24568
31570
43613
56181
22917
19524
24391
54017
51629
36132
20825
56848
6948
31378
56034
10511
53646
7491
39741
32004
19855
7983
14603
4775
52731
26839
35675
993
21121
44234
48176
26157
4264
10355
39151
17609
27168
6895
40086
20567
645
64267
61904
708
19424
40856
58649
11068
33043
42165
46542
9409
58618
4649
47984
27148
17692
55792
56612
37055
63629
32646
43580
55199
31100
35573
18086
58271
58266
2683
5381
39008
56605
7780
44733
4295
45943
7263
23933
12271
64061
8422
20304
53528
28294
1169
25277
39134
30502
8953
7507
18854
8063
3568
27590
14375
4117
50309
274
58730
30499
59739
36130
26777
29772
64359
12257
40371
4868
1892
40331
64060
39045
10851
21571
49117
6274
45905
30442
25598
53486
27951
61530
25697
26046
3783
62140
54157
47236
41211
16001
47432
8404
45066
25141
2941
51668
35683
20403
33913
41791
57830
56720
31838
37186
55412
19844
12057
31078
9847
34289
992
15189
61215
13432
47544
34088
59176
1702
57405
7901
245
9142
43
17894
22377
61050
8074
25122
9054
31742
26619
44253
54435
22887
49745
64504
22980
19903
55582
30725
16870
790
46602
64152
33834
16041
51393
37317
30376
5080
17252
24329
45878
61271
59383
755
42350
64843
32882
57794
65438
31652
15633
24867
36132
6641
40856
40102
46617
62113
21010
24048
12745
55520
60454
60498
14028
32689
63374
55485
19496
37446
9085
46068
30699
18143
1983
36756
50234
49146
50548
46913
53920
14744
58766
19435
28075
43467
35556
46705
24024
12975
33024
18292
37591
296
4741
52656
45269
390
15909
47930
20424
36081
33079
27228
60776
19023
63308
26174
3817
45061
54338
16017
49017
26508
58959
54147
17577
45433
4153
21139
22212
34301
28770
19114
8356
11791
64471
50060
51498
25006
50185
14633
13798
18749
50599
58880
31765
51448
31168
35815
33900
54316
56005
9996
58885
29763
24704
49105
50908
37385
47114
29644
52110
29179
27248
12830
39409
48752
23282
8858
3297
14205
57284
53930
9151
23076
38304
56972
22092
52273
25440
792
25590
12471
5972
747
47773
57572
12978
56625
24077
63398
501
53345
16149
31985
13123
47071
37888
55834
38405
3392
17555
773
24428
50474
37248
19783
51082
7887
16207
30118
51207
64101
17050
6334
33567
63922
6738
20524
38923
62839
60952
62680
35182
36240
47413
46838
3894
24
47820
35677
10681
36627
22932
34271
36694
47722
1230
48140
60742
23004
25527
11989
48675
4100
44175
58160
48836
59176
2924
44199
10930
28674
47907
58523
15300
20866
26075
6057
58970
48461
35370
64616
55703
40710
59958
21000
47420
36129
18068
25397
59909
50428
30523
13307
33252
24971
37558
45932
5724
64486
21196
9553
44423
31431
48723
33347
3581
19804
45767
30690
7075
19626
60946
31707
33053
58414
22123
14625
7116
29155
59595
65400
14705
58936
42821
24919
54427
59598
35540
12644
54089
8849
65072
60714
3383
18663
58746
15205
61842
21231
13836
27915
19052
34548
38523
23069
24916
37986
40027
64410
44271
49452
11323
61118
21688
5528
339
9266
26948
17613
22029
4464
22303
19726
55968
46414
34531
36026
27812
9976
20056
4666
35634
33212
37867
43779
35172
5021
52709
11765
55548
48798
1392
29981
12063
36192
2576
36802
55314
44404
15952
5749
28908
43563
57879
55812
34360
16381
58006
32534
5749
7648
13821
43264
30752
63617
56208
6209
46258
19523
43815
41698
60631
56835
11765
25058
23629
59403
54263
59082
57892
16014
11325
5386
22155
63634
37398
58758
57896
3374
27665
61521
7988
22352
1724
53007
38380
44612
65033
47616
981
59898
19059
12990
29310
32486
22937
55765
11854
6608
16742
63409
31918
14955
25613
28129
50585
22463
55619
49328
8654
7847
24750
54401
53794
12045
54732
4127
37920
20017
48758
17588
15957
19669
6592
10377
50454
32772
33462
40200
12718
22901
4212
60275
17401
50622
58346
31088
49195
38848
8950
30127
61294
64968
29398
35530
3200
14806
10693
43128
49350
8358
33401
8468
57749
40151
28664
18483
36849
19211
45378
2461
19827
16740
50599
60139
33577
26642
64815
49941
56597
25463
31509
47913
60414
9545
24262
33775
47888
2682
55672
12080
24399
45214
48445
44445
19894
12626
37747
47706
54081
35281
30547
12278
11216
9518
49237
27931
58962
39723
11335
5941
8398
35463
6722
4036
61149
34696
17888
59698
15457
32892
29488
45115
6060
9882
37301
28684
15068
46434
49822
15525
52964
23398
24348
17166
41793
57626
3087
34334
28040
2342
661
43875
23309
44506
20701
49437
35508
1226
31612
12869
35955
26542
38689
62234
26561
50100
59115
4819
26401
64485
58885
7978
4610
28491
48102
14673
63314
4553
44595
18477
14134
12196
43995
20767
22168
65276
923
41546
60459
2972
37432
1790
32219
3519
10678
31931
161
48802
35432
19813
60903
33724
19358
38240
8088
53492
43288
47041
28865
22318
35770
39298
22912
27168
39762
39480
48713
57080
24051
65026
38280
32571
23500
62545
14506
41129
44988
14626
56368
53769
5657
12487
10801
11403
18335
5782
4509
21567
59522
34233
18443
64274
1256
1292
55092
43782
26198
2192
58243
49279
19406
6782
16105
33960
50457
51505
42386
1584
737
34886
53864
48895
46987
39204
45
53903
50409
42901
17851
60414
63114
34590
30217
22588
4758
24023
36698
2762
20393
20194
56364
38941
58241
34424
63698
24408
39693
53614
55204
1368
39691
8505
33601
29191
25042
18684
9361
26575
38169
10635
21922
29754
31965
14914
44509
51299
30338
27812
7264
5015
40649
32285
2145
8497
6059
54804
40206
36189
7613
39977
21195
34565
41567
43419
8631
23958
15823
43072
12131
12795
19510
51101
25790
2196
34889
26774
46272
14182
31403
24885
14979
337
37493
49021
25855
16001
2113
41704
23663
10130
25561
29405
32623
35515
26397
53326
24266
30864
21982
20632
51598
36994
55143
13695
42503
11701
10987
36332
31589
62973
52904
63514
22718
62443
28384
3189
56848
20684
16668
10751
19772
42525
44989
31372
25150
2373
1627
56120
28754
31704
7991
65472
8122
36769
34576
47981
37547
1354
20977
14779
8271
37246
27596
47712
56736
20711
11740
3443
44933
39802
35843
50040
65274
4719
55839
43656
58332
12305
37817
9609
29963
21324
25110
45716
14159
61800
63676
59183
57910
21071
48614
2966
59066
45573
64446
52824
61249
51188
47132
35556
19720
61852
54357
10483
50012
23897
23034
63599
24306
11540
20830
32264
43216
689
56779
43109
25773
60172
30392
19977
63909
13120
60317
14801
55949
19143
32951
63555
2120
29102
61042
37313
27333
35803
688
38389
18190
31633
57099
7000
11483
40728
7156
20355
9873
30019
56257
24194
19205
29106
12580
21671
36012
59636
38601
43481
3422
57467
1627
5687
7249
41805
13838
34567
34458
63666
64124
47459
15360
39534
38271
35734
25671
12774
41712
12130
39359
4247
17652
32560
44008
55209
12303
4689
36735
4617
59911
9601
54241
21877
29261
32305
50908
39363
39226
18430
42711
63223
30726
61440
22237
61565
32417
9514
18831
48025
56986
19846
31359
27463
16594
17159
26970
15675
32827
59000
40068
61695
57252
13304
37268
63751
55469
51761
7637
29994
64555
10671
18957
18701
53628
51714
24350
21622
1869
16664
32823
21025
48299
27070
61897
10014
31658
59998
21547
52572
29780
55184
32239
43670
18486
5740
10240
57655
7785
6283
2390
8933
1072
47300
53080
32250
23614
62354
28978
33024
9264
23866
54532
58714
64457
13117
61868
17688
50411
14407
44658
24066
41828
39473
9209
1991
35883
6417
44850
58104
52150
15631
62165
17469
1962
52766
27932
28403
18803
55612
1227
43048
12553
50119
58397
50047
30029
54177
53683
7987
30189
33530
14362
28331
56676
2457
22645
31234
63593
1020
29397
10055
25487
12716
17919
27259
7924
21221
60143
61570
33493
187
42147
45766
11617
19478
17395
50385
17687
57018
27294
20928
55075
47074
4690
48172
57808
54097
49205
64134
41843
10410
30897
39893
48377
22340
58697
13539
19304
61502
48651
6757
34551
18161
49366
57984
62645
40119
8148
43126
17863
48586
51260
24359
4263
6569
41702
30978
36156
22469
56802
55333
62509
57578
38507
21192
13204
47101
10177
62573
15597
7289
12348
55076
63538
55340
22583
24655
61481
44349
61778
58276
20271
59655
54380
4074
48424
27195
37469
22765
45556
18727
65365
47716
40118
58648
50614
57715
54920
34087
36486
62983
63311
38774
59036
28850
36270
33160
23759
34599
57960
50570
38909
5713
17684
11536
59694
18724
20445
37963
34301
21244
36636
52244
34250
9915
27993
41740
23704
62896
44142
20303
48305
15036
47086
39856
21180
28217
21850
60136
50759
45511
4811
16369
41892
41163
6198
21341
23586
32118
8931
57912
61072
50808
29217
47262
3472
11834
23652
59160
33556
59214
13356
62974
25703
50854
40377
31963
28980
34844
1796
61972
16597
42734
44728
14851
23204
8405
22269
30234
51702
47763
44654
32233
63652
34700
8631
3808
25038
51093
12565
36703
33895
24323
51591
21435
36151
12870
33561
11258
22404
46886
59036
49176
60178
3244
29394
15360
41806
7914
50262
60695
53974
62929
22206
15645
33681
50042
7357
64540
1854
55121
44991
65178
41699
60355
26453
5459
61729
61068
12086
45827
36331
4855
35949
51839
35598
6944
47785
62878
19427
12506
18137
50436
64794
11848
36090
48946
12234
49067
41095
42499
45806
57193
14255
804
46222
10854
12253
16366
1181
58016
37627
59751
40979
60145
21917
3123
47506
37432
54379
35805
55170
30213
38264
5627
25515
47328
22352
63853
39093
1188
2736
3629
7206
62173
13348
58344
14508
30497
53976
49248
14846
49046
63775
21466
18897
53530
10536
52484
62345
17467
29177
30905
21674
55318
39884
35319
11151
11556
31562
30172
42477
33632
43702
41687
8144
42347
41447
53972
55053
29481
27261
26500
27733
8118
40314
58000
2029
11971
11534
62074
37894
56283
15776
13076
36438
48195
52495
41229
52521
39805
64502
36203
61203
34583
15619
49451
31100
30714
61778
9110
57269
18121
48974
60016
9984
34067
5228
56550
65097
8844
60518
24904
7494
45894
49450
39297
34421
60215
12625
42177
50023
1611
23713
6500
31937
38711
54345
39312
31675
40540
29211
29250
6522
48076
15316
44824
59825
29482
47309
49464
40118
29268
45073
9508
1939
51149
17413
25454
31927
18397
11822
54395
26754
36109
47898
63657
13922
5974
3886
17103
15988
18663
2120
60425
64670
46081
55726
8925
53005
26125
34971
5012
13478
23044
33788
39670
9221
8858
55916
12368
25731
52523
23479
50785
13282
8018
6056
51244
20703
58248
4693
21724
45735
51376
16438
20156
56324
44685
36729
30726
15537
2623
27808
26067
24431
20056
62926
32973
1474
13056
12513
684
37555
51050
22961
18711
11719
64034
18921
9772
39488
7622
49345
25399
52682
55157
49547
62395
17720
51279
11340
24434
63106
39700
34648
52619
2159
43647
19681
39300
30172
38025
43648
54837
1822
21760
37979
41504
60581
40819
30652
61365
16988
63046
45335
39451
35156
19699
39364
50913
61241
18253
59592
53175
55725
45748
9984
39130
26998
9214
60486
14915
40843
43577
61926
45958
65097
47893
50253
53513
39065
58895
34317
28116
2125
40725
58326
51121
5185
49119
30376
44662
63960
8325
20896
65309
30678
39247
56510
25415
19048
29587
6423
131
52873
58095
8445
42862
49491
22601
17089
41480
19443
49800
25779
34655
3871
7739
12268
34553
60685
29023
45534
6030
28768
21112
43374
23055
22687
57331
33589
45763
25681
13491
53791
58275
16676
31085
55755
21137
9769
31398
37942
44483
32992
28124
3918
57947
34322
57040
730
54201
33829
42405
62443
26165
2762
48836
35970
17954
49524
25307
12644
8657
55824
37481
6176
51197
29942
32052
23891
38943
58986
8828
22568
27261
6653
43145
22379
30362
14777
24507
7414
40233
48262
56675
6706
53608
8327
6996
54688
50692
60876
10131
16404
2346
22782
53183
9970
14114
25938
16972
24245
11531
22543
60112
15484
26156
38513
10427
42524
60132
52424
43142
57662
16342
3123
5200
45833
1786
21764
59618
22066
7907
59103
49550
49110
55717
44359
6113
49053
34581
32571
2755
533
58811
4970
37828
6644
7109
6458
23362
63384
15115
29847
36906
25813
48467
16811
56037
19469
1825
63707
36437
24245
54594
11385
22320
53309
53571
35220
54644
31575
38675
63621
3842
23185
23506
63733
53234
20807
28225
43413
49542
22519
48299
17315
35568
38995
36839
57112
29081
63332
11262
47959
10446
64605
37282
45108
50878
14191
12219
19843
54869
54701
10888
19284
24051
65518
15957
41064
23759
485
53356
18142
19772
28688
45697
60294
33916
1332
29706
18678
50667
5905
14957
22900
37690
24044
18056
37940
34347
53990
36483
34536
25030
41957
38527
13836
51344
57680
14557
57615
60388
31835
63486
53870
32835
35419
4911
44669
38814
30706
21928
37095
33032
42449
26953
56179
4202
4578
25367
34541
5902
44720
8011
26255
33046
17968
29101
24882
40895
65290
60088
56072
4851
15206
31160
10973
53946
15936
7648
54690
60266
13930
12375
52277
21612
23475
60794
51224
41851
4873
54836
11945
39329
41285
58221
63757
46348
37147
63782
45002
37427
34137
18712
24041
62766
28919
44118
38958
8566
11665
35031
389
36378
57751
47170
30932
20125
20700
4780
48304
65063
57314
12817
42210
9560
11491
14879
31573
1628
30111
3384
226
9444
30630
45453
18924
19742
17870
59243
13074
17820
4750
32171
2874
27457
55546
27032
32009
6391
47220
25637
9434
64603
5279
32810
31142
56450
15988
38240
4716
32543
55777
54813
576
61107
11160
12582
376
40368
1459
27565
28834
53462
59532
55150
26199
32361
59459
19818
2126
56273
8276
28367
37866
16317
61987
21062
10767
46939
22828
35092
61744
64222
59227
46379
30496
56113
27680
11923
31628
6388
51371
62228
17733
20866
30762
27525
36535
16415
10612
48427
61871
56957
46884
794
28715
30603
54021
60502
39868
63784
4255
7449
58373
39744
65060
60068
48883
26616
62595
29355
57464
49017
15498
49151
2357
52785
11015
35026
0
57787
61609
52400
62631
44789
54694
52995
17834
38679
60537
36515
61561
52480
63479
11983
28576
45694
41864
11327
9420
47796
4911
61998
63352
61165
38711
16550
50732
10941
21118
41790
30153
49085
31306
4296
57689
11887
20455
53024
63662
49647
23492
39794
36586
23167
23711
63684
24640
40339
16276
46230
57752
4398
35006
7939
57111
57353
3940
60842
21140
4031
60057
22539
32192
38903
21151
13089
40579
30047
35713
55035
14622
65304
32620
30747
18968
32938
13734
63656
34279
47072
50477
53539
34205
56861
46956
9744
29540
34365
32613
54403
52339
47823
19063
22701
19470
33483
20091
39034
34287
34693
19742
23847
50722
3178
45886
13662
57935
12984
2928
9016
64787
34011
22283
20753
56846
23639
60298
3068
1746
63835
46388
31419
41027
27078
26527
23939
37254
28589
18195
16148
24999
64210
62044
59156
18039
49286
56316
54540
10652
16571
10433
62152
38305
42361
48367
10953
56571
8256
10308
64354
18874
28626
46648
43812
29030
54703
41032
54134
37396
18223
65356
2953
24357
39235
45828
11828
10761
6431
50156
61449
56587
31378
52166
47399
6323
8599
27395
33363
59105
49152
43625
48148
17492
49995
60321
5430
42382
20227
53615
45608
63715
59650
54442
38555
6796
25068
44560
9604
33495
6430
42688
54759
27526
37611
21383
63037
45975
53898
3586
6631
39960
53720
50149
50015
34781
2345
37908
36871
30392
4377
41860
6752
54741
17898
17503
48754
37914
18969
47084
31760
39994
23548
27059
34173
4242
42088
41426
52423
60883
54070
24802
65377
3986
10425
25298
49443
16464
19990
40611
22642
25917
16896
15656
39088
40034
15625
52094
43064
25505
6953
7394
40530
29809
27202
52137
38574
48071
45410
50491
20048
10683
2813
28626
35500
53124
43637
42264
18646
3992
25701
28203
6594
60269
48763
40061
57133
1025
44566
30338
30801
38509
2700
52337
37744
38873
7134
14600
54045
1575
4481
41940
33234
48215
6167
55798
15768
13511
4775
63405
5042
42812
8779
7362
34236
4359
30484
41578
57930
61084
21615
37361
50009
6656
51949
24976
17903
10351
28260
55480
38951
50329
5052
54628
270
63668
51524
30458
44138
44311
63207
10366
29767
37417
24880
40400
19880
57787
9481
4996
56335
56546
33597
64293
43467
23168
11282
50875
50732
1306
19469
62968
48380
33725
36347
52516
50060
21103
600
59814
34322
12480
23745
8568
16445
21720
26434
37741
12592
26515
8673
51552
52416
50040
17852
50222
58307
2003
12615
52471
24744
46440
62833
4148
1520
25917
40326
20124
54991
37499
37101
48850
18688
46255
13919
38337
32981
13538
11341
43415
61151
14713
60949
57355
45499
45907
61734
20084
23973
65059
39270
23258
13413
5129
32106
30759
34900
3490
12403
16273
1743
32646
62060
14369
55576
52490
5393
60992
26796
1085
26895
57192
1807
1840
27159
92
55807
35093
7772
63095
53667
21019
23614
46008
16218
21442
24452
5478
34657
10172
1373
30081
39010
48379
41811
60596
35499
3536
1561
43439
54553
55864
51370
47598
37632
44916
14506
7367
25669
25768
60045
50863
37294
41007
58100
25023
9430
36412
74
37025
15459
38992
36802
35635
14001
60599
38316
62582
33375
12792
6717
7243
25302
8528
47063
33573
57019
20089
46034
32063
53117
19878
59851
34469
34517
45568
17811
14587
6117
32061
61506
20278
25021
63887
28626
56551
59498
7229
16289
13316
8986
16220
45526
64855
35771
381
41707
10062
25261
44578
26793
8671
47674
20146
3663
18872
3822
50808
38159
51067
30277
5034
13793
64401
22604
55365
58424
5905
17969
36325
25287
29486
25573
25356
52621
17667
3247
7601
8085
22315
29750
14863
36440
60070
37635
14457
18664
17589
2249
15053
4177
14073
42821
27439
36573
56353
3294
14379
18227
20347
48312
15242
3145
58460
64761
32406
40131
13535
18289
4843
62929
47648
9970
36731
14424
15597
2270
25077
41956
28208
24059
7665
43565
7910
33643
17549
38587
9644
40647
4803
61198
25259
17152
22429
11627
37970
1307
4385
5367
62911
296
37149
29721
26741
45356
62341
43918
24112
19670
46772
46758
62019
12246
14044
24627
49337
35081
50942
24248
34517
50287
44317
3587
28833
25194
25018
36142
62350
5290
9434
18888
59011
12993
19901
3342
62773
13938
57587
33
8749
61960
49686
1825
49865
9889
49168
38629
60254
18991
65237
39056
63503
28558
25960
24363
6469
57281
13594
30169
48335
41857
12114
49652
50627
57102
34104
13259
9921
38875
46741
16119
26887
17572
8797
12068
1383
27638
21664
19543
6983
31735
57620
35333
45935
30609
12953
41563
61937
16635
5731
23893
41910
43604
46553
7168
24592
48223
2865
10077
14943
64107
30341
9406
10306
28481
16119
65065
49253
65399
45999
35230
28237
43056
22297
52264
10274
29093
19763
42394
28041
11452
43422
60121
16118
9318
10400
8376
56615
63699
57361
20575
23142
27436
35032
55549
30939
26107
44756
11065
14910
928
65089
15004
5977
39290
36441
39854
48156
22772
20094
3324
16164
11623
17279
57171
47009
54150
15445
11819
12193
53260
40769
45799
224
48048
61537
64912
62410
1530
27167
36878
44513
37673
44569
20169
28761
49225
12195
11351
27280
57416
40969
33440
30039
39123
50466
45329
3637
46565
24349
19076
46036
52806
50237
56681
63457
30052
10305
62536
51423
39713
61605
62990
55365
18730
33043
28892
32529
25178
19351
15150
37637
3632
19169
47384
24816
11356
46576
5458
54071
592
31139
25344
42228
41021
47703
51849
47586
36262
37336
64982
14778
2364
18230
270
29557
24
4990
57188
37171
18802
1932
51573
24175
64424
44920
11669
27996
45398
43820
39862
56520
8210
20294
11043
26367
15592
12129
11292
10723
17285
40257
5136
6485
40699
27397
30971
24027
7006
54833
24687
56975
15476
41264
51108
57006
11448
42175
19652
1879
54885
27232
50906
46327
38923
18492
7530
37721
29463
62793
49699
10398
53978
22981
57237
13419
45217
36147
47093
38214
46559
48777
1366
17669
42195
49749
21122
54189
45144
53265
35675
40128
19011
5272
49505
31834
38713
47300
51806
13262
64048
9307
13597
34885
9870
14005
50563
46247
42755
61485
47085
51872
64680
38294
16821
50526
18848
31584
5316
57848
27056
2672
21919
8896
3108
58454
24779
50756
53352
5098
4086
52031
62941
65339
25863
31231
4679
63301
9421
44005
48421
18068
43325
60923
42686
24674
23885
17425
35610
23619
50652
50820
12293
37377
33301
35590
964
3103
62232
38928
15712
27176
7593
57966
25415
2703
56866
36784
973
50418
30189
7078
60437
35558
55740
45478
15617
2848
48447
29719
32570
12833
47287
6366
21968
37578
28551
55859
51731
3137
55154
44148
53472
21251
24342
60614
27347
37692
17405
48032
61932
60947
51508
3315
46109
7632
27828
11877
10758
42010
57487
38195
8088
33498
7614
55937
33581
33284
29916
57457
14065
41626
8834
13155
51211
24281
29592
49335
56676
60660
45860
3245
28649
15685
19452
5423
19208
38516
59189
23634
63585
3110
11499
22275
11512
25208
39413
7518
56409
4797
21893
53755
35233
12577
36189
53083
47945
57827
44085
54226
9616
14747
60637
46822
55228
31966
38008
39720
35785
6896
14217
59433
22752
31276
57680
54652
26508
25583
27745
55742
43188
55756
9421
53459
29876
62192
38094
42602
11505
43349
54197
62960
1808
11226
41017
50002
13914
24142
54653
312
30553
29267
16918
50040
65154
17447
3000
38611
44196
43266
38912
40943
59309
19575
7444
41786
51806
30793
36446
7375
5264
20998
2203
47589
26146
27433
55799
47278
51317
48464
56296
22201
21619
39590
131
37329
61131
54871
43600
14380
62509
57706
12151
6304
39862
54403
51620
7375
47368
18947
41272
14097
62396
1239
15348
17677
28130
16155
63913
33582
54590
24622
51284
11775
19771
8077
29392
39759
40790
3288
23000
852
40286
36922
39057
64672
57403
14990
34739
2976
35704
35977
44431
1275
39355
45704
52933
65050
39119
7054
2723
48584
26814
10700
30868
40638
18842
3342
39368
27363
33821
32944
19550
17259
2547
56315
35343
16566
1165
47854
22978
56666
36424
48902
47378
51572
31311
13041
48808
6064
4999
22104
56695
47577
30959
21794
56593
7327
51312
30511
42735
34457
2013
54522
37689
22055
59460
15424
34115
60873
26619
44389
20002
25621
12102
2187
29216
26412
10234
43048
24736
49375
8037
32178
59453
3738
25531
55688
63252
15568
53280
24044
50825
21
37756
18489
64088
38321
43994
55449
3013
28332
38392
16236
760
36807
57787
27752
29380
2592
55890
33282
56738
2013
43372
63570
37463
9707
44368
43574
51717
13929
37554
1496
12629
43167
23777
19453
34214
28144
45335
59144
38281
25359
56704
30958
41015
61524
14858
43988
14830
47169
10494
48326
32038
5310
32698
60591
47213
48233
43898
55507
48297
3513
25407
29671
31611
26535
34090
62235
59356
41732
49990
13075
20827
22799
24990
62751
62259
16917
14869
11731
30087
59573
46487
546
40524
16996
39146
8510
36634
7915
9475
32974
3938
8499
28954
59762
23016
63256
7931
31244
42378
60763
19441
8612
28607
48418
5644
14260
6576
36806
39693
46916
52219
45259
24133
3382
21368
27460
20659
41311
62524
19505
53809
33618
2947
14613
11563
35705
38030
42027
45011
16865
41667
14147
27518
5652
63029
41456
23780
50268
29751
49623
14789
37885
35214
12232
11078
51334
9664
1396
27588
27407
16654
43055
14855
11248
52159
2620
35116
20355
17633
58670
48750
23732
49652
60041
16741
52294
4899
14673
47705
28988
2639
59487
6243
50795
18823
38466
28337
2898
54025
31942
395
14208
43054
56988
42579
13631
33993
30354
45317
14664
36173
48302
31871
44939
56469
27465
11290
59717
25223
54796
23745
15964
33020
57101
39382
61273
38243
15716
64296
27954
43421
27021
47010
46013
39081
56809
11662
50115
65496
64748
61872
49281
30929
16882
11111
4267
36802
39243
47302
16731
50739
17099
37359
52061
46224
55856
51554
21734
44203
56285
40247
41342
27984
62702
40440
31902
30286
38772
57211
23151
56742
3446
42684
26168
36651
24039
39456
59185
11485
35231
39717
17861
31861
39313
64349
17721
44100
58093
9762
9354
39115
61995
50384
15311
32094
9269
18781
23686
28982
15395
33
55754
55276
26923
25978
32648
6743
45213
61736
5822
13747
4530
57176
5673
49815
5091
7765
8082
13997
46854
22608
24720
39197
42693
49459
24111
37775
5142
22460
11842
46873
64958
569
23683
52169
14604
37069
57686
24540
52268
33220
501
10333
2248
60868
36443
30690
60843
40628
37982
11723
22147
21424
45263
38606
18894
48414
33070
2767
58442
13196
64905
39100
38242
54115
13681
2036
56906
5655
48601
17871
51208
55371
46972
12392
42131
21806
62420
59893
2236
7792
32176
35367
25531
20588
40281
61830
14389
54215
58742
3376
58581
38161
48444
9978
6529
10195
54095
13564
16410
63250
39835
29320
12553
9009
52402
52231
5186
60691
14404
43463
2695
28657
32355
24502
33469
3710
18098
23148
61519
36118
56694
44286
43722
38184
41013
57135
8171
271
7535
38535
2263
13313
52087
23505
52831
44065
937
42255
23831
21577
32511
30866
26352
20152
9621
10498
40546
6701
57306
46981
40077
58253
7569
34752
64176
27
60662
3780
45512
57023
34458
56934
55088
32278
802
3668
34848
4131
64285
38707
15922
20116
30137
55926
6866
28120
28164
36002
59130
52752
14004
56626
26115
53364
4972
29452
15185
11509
26175
49664
27567
13755
25249
19505
37395
48195
15689
26624
52263
31555
61614
41137
17955
465
30789
9250
36720
53852
5489
21706
29130
15090
46465
24342
57613
64548
27527
54372
26496
20100
2558
45987
24691
64588
3252
1886
34225
50790
41842
46030
39968
64942
7039
59156
13639
13599
40633
29412
62234
39402
33100
44683
16142
53293
52816
61638
49888
29858
15351
42543
39152
13419
3217
33740
4262
7385
446
17125
48267
13012
8364
15030
22385
29299
7190
13715
40018
53775
33563
23261
62868
27342
0
30575
58612
17495
43219
27692
12565
6356
43978
58103
52762
33322
213
60451
3269
43576
32732
41408
19024
54202
21332
7544
15120
60219
21900
10869
28934
29782
38623
59580
29360
30245
18173
24890
50294
19775
55866
62499
64164
12751
42672
47517
64319
63249
44755
17600
32100
28897
63968
22958
44952
11978
58102
35952
13296
41934
8033
14257
29653
7545
37224
59233
40348
17910
5481
11321
48220
34313
25431
35983
4035
57549
38346
58760
11162
11339
44547
38521
5527
62877
6276
6453
43292
38437
59092
34121
23504
25031
14829
17169
64971
8506
15262
37902
59992
43963
55314
818
12980
11515
16015
15771
7281
50988
64187
51442
33794
7473
32632
13095
27346
59705
46006
64766
56605
38498
18235
9147
888
65224
45561
19274
56298
57476
25636
37103
32901
50333
18882
24166
64738
26294
34626
12485
10094
19692
40206
11451
12104
4988
23080
5667
1333
49703
58531
64230
20092
49569
25940
13957
34919
13465
30795
45865
34758
10828
46563
366
2334
19696
26690
32040
31621
36328
47909
40268
31416
41281
47433
7842
40583
35243
40044
15989
14824
53416
10733
27666
8087
2115
13698
48655
38222
4647
40807
62379
56923
16468
28796
21221
58845
56028
43385
57279
22476
62550
9480
22928
45777
36451
17229
19871
23828
33827
18716
43695
44208
65363
3781
40824
23657
61617
38007
6940
54137
45180
10167
51917
9835
54558
29102
18749
18035
22430
25537
47271
40651
49279
27046
3355
5327
35528
3734
52839
54530
46384
216
13877
18982
56252
19807
5338
28287
58739
57804
37988
60666
46646
22741
23887
16898
59583
21008
14194
35512
7821
46426
10844
61984
48182
42459
63878
56980
39490
63982
50071
62872
14626
42867
57880
22156
6646
23658
58956
30205
59766
4755
38957
50795
59027
33984
41127
8470
27822
60848
36968
40911
27397
56976
16300
47111
47799
49817
3130
51290
5963
11696
54043
7327
14835
55243
33123
28001
39209
4148
51211
1849
19376
11099
54842
46069
27883
64305
26744
468
12185
625
29860
63932
63365
491
21727
8692
28683
37772
64934
12176
52678
18758
38532
4129
43904
51065
27234
38079
23763
17352
10955
50659
26499
26361
40260
26839
827
63049
35605
2409
3251
18179
3788
25728
47255
11609
59262
18455
45450
51109
60709
43834
36253
57586
41835
37247
14419
27766
45183
57168
55698
20981
29027
25061
41874
61228
20192
10259
47048
4449
10887
26268
58221
64276
61976
30065
25484
30335
56456
35037
13578
34284
32360
25421
44324
62710
2158
35990
6864
22869
42815
38157
23805
41368
41693
34976
593
41481
47968
43889
36455
4960
18459
15205
57720
20480
13333
8403
10491
4558
42935
53532
40181
1669
17990
36435
47081
5606
51333
58810
34795
31801
20761
18412
27955
17065
60792
7459
32124
22849
44332
63276
8441
31629
51675
62231
44133
55786
27596
13891
46636
10558
14301
9503
19105
4463
31241
14814
53866
10619
4206
30805
53338
4069
47002
40586
63518
17640
32082
35039
55419
25482
19409
46188
46229
6080
19182
30563
30721
35032
8043
31278
22640
50773
47308
5275
38327
55193
43683
23098
29229
33248
28983
51232
63288
26384
24730
60069
60769
56495
56327
7524
16911
4943
33595
37102
2612
55376
7297
50279
31339
15773
62208
40759
40396
65195
1103
64123
48909
54519
14579
26434
21211
36148
54375
4721
3684
21577
19813
34302
59979
21322
30357
6770
34548
12469
46788
27552
44982
20420
21629
64895
8969
2457
38948
45207
126
12339
30722
43094
53126
51336
14171
42778
34361
50245
23755
53436
28157
48456
63741
39322
10562
22482
42737
34182
35019
58732
12582
8207
58981
28239
46648
19122
8104
16421
12170
52631
43853
11108
27373
56005
42764
51266
17266
28187
57394
40489
58777
47974
32891
61122
62232
22975
49982
59424
35716
12537
39229
10839
29771
51038
20047
56984
17825
22885
58876
63053
40215
9959
63798
26161
6390
18988
5089
63257
62815
45709
1768
405
8860
19620
58567
63555
21136
24467
50499
40317
51825
9050
31248
1765
6714
33598
13100
9237
13918
48966
58631
17891
48683
3491
19215
2083
34665
30566
45943
34863
62511
33241
22287
8169
12644
35988
25786
61665
28757
27654
55668
49542
16679
46643
58183
6715
9124
7530
36550
270
45879
22209
54898
13859
9599
19138
65209
21171
57652
44910
60276
21937
38127
7091
4274
61846
33264
27667
5544
50736
8947
28165
56106
23578
46567
48404
25643
25848
36905
55583
19825
12318
19293
29906
37814
12986
48054
45713
48735
18637
13684
42913
44379
20488
3472
24703
21686
52115
39849
1945
55087
26530
20800
49753
33054
62221
50206
32536
42212
6744
31740
526
4913
55685
5805
297
3528
16737
41575
17527
12213
60454
25440
34608
3208
3388
29615
41505
42340
8307
37764
42684
55849
41089
23820
17595
42988
44359
44145
10086
9169
56760
38694
46719
64019
2130
58839
4771
62930
38956
47678
17923
57324
62802
53993
3934
2306
22319
15559
52815
5076
62816
15470
29774
33091
45089
48931
43444
24482
51650
29908
60586
65277
47512
43639
41951
936
34977
24750
58147
9079
26999
52006
34102
64596
46620
49261
38663
14683
37826
25164
60800
3146
43831
50843
62897
27181
59243
55167
47150
23482
46914
4770
9959
19530
54016
9914
61855
45545
23407
15076
31182
11570
49393
34566
48708
36117
15519
29944
55233
32730
56944
1905
31298
39563
15241
49151
51264
12519
27267
58386
22688
22023
20190
13018
40348
15954
63511
6766
40387
62360
16131
46982
63864
7004
7764
64833
25084
55945
17646
12107
34418
22552
64835
12616
3819
619
31481
19689
62269
17349
35046
44972
59002
53973
56302
13423
4482
9046
4015
699
42983
6857
7612
25985
34039
9669
54316
49140
29045
47300
57764
22084
60230
38113
2186
3985
27435
21474
10998
24523
30260
20349
50468
8660
20808
45338
17471
48879
28953
9674
35781
16938
26866
23161
33830
20308
37056
44920
60336
640
48703
12712
48956
47617
52061
37819
58859
36576
21534
44420
65394
30757
31436
41120
6282
63450
62887
28579
13645
1490
59338
62549
53733
2343
54478
22598
36272
47704
11667
35883
54305
61250
58234
2482
28970
28741
64924
53488
55779
22594
10540
30799
34182
25024
48500
57074
48653
16654
49384
62991
56908
57035
53806
37014
63687
15920
12955
5412
17348
53067
55647
65042
12501
21938
39606
29519
1922
54821
12847
49856
32525
50184
16216
65190
34654
20477
4322
49788
25081
9162
55159
20933
62509
52830
16053
28102
12864
36691
9730
15142
21678
22446
33316
24841
58400
50382
13842
16644
63853
21077
44651
22638
47861
49622
20828
33357
23096
28261
54525
22635
27309
29172
30129
28833
16655
2616
24784
31936
11847
4582
3598
57664
28016
33953
6149
48532
49866
57482
1897
52121
50170
37395
40648
1584
25787
26259
53866
10943
48856
22122
19151
50423
59043
27925
32962
51264
58379
16131
25670
26121
58876
41893
46110
2813
22027
51720
1523
33872
44519
15415
56935
34796
34578
45101
1855
22157
39634
44681
7084
30901
53847
29965
4264
57967
7266
6424
10397
51248
9421
13811
3761
55975
7889
43722
65120
53983
13785
58505
34326
37226
49065
6099
36006
26760
54816
7524
64413
12075
22351
27452
19428
54082
52772
14516
39375
1905
29845
679
10389
32314
60703
9541
56339
51815
19799
38200
43390
53933
20547
241
7612
18839
12634
12799
4047
10386
35226
27039
9796
13486
733
21277
17541
17453
10172
14055
50096
10421
34894
53954
8754
54373
25460
14228
21391
26815
37452
25534
54697
32627
53913
36825
27956
47568
12286
56970
13138
19891
18932
45374
1577
33911
23523
41985
47023
7440
4489
19096
55242
27186
36578
12343
6080
61490
32092
7383
51984
56931
55567
30439
11958
27985
50817
3763
31518
60362
28945
27786
46071
9349
38618
43495
29332
57799
46249
37958
21866
46974
21271
16211
11445
28154
58892
47661
42104
27089
2966
50910
42540
53657
57773
65198
19511
3565
42012
22874
55960
42918
43888
37062
49610
31633
59036
28622
56585
40609
10965
9061
33026
38388
15995
19358
42553
22746
15506
28357
9247
12104
50370
56160
17881
3641
55094
57018
9096
37697
8098
54136
6484
19455
59562
14290
44002
28694
9146
17744
37136
13961
42752
33363
26317
26468
35045
65095
5793
15875
24684
59501
17867
6295
52102
7974
42332
994
32353
2133
37370
49957
32501
13657
61906
6048
41922
22355
22637
19459
3644
20707
43243
6662
24797
39514
21790
34498
10468
44687
42148
31951
10095
28583
55963
47171
25226
27863
15051
39100
63246
3625
23140
61337
51147
15669
7993
19754
36590
55141
51821
33589
16810
65209
7419
56312
57333
38600
62017
11609
52684
8038
3428
60193
47952
7744
35542
776
13052
22577
57140
14796
61493
33885
61800
28167
7265
45016
22891
19133
24548
52962
13254
875
9974
25730
33700
24684
53665
31816
23227
41873
40083
15619
53728
62581
14069
4333
54124
30944
38940
21183
57459
35585
36914
56728
8301
59702
44776
32836
12386
47778
51710
55116
49225
12314
47614
54790
31131
44572
32268
59719
13926
39295
15450
38811
16745
53590
36244
3234
39671
39649
28205
1109
46543
35652
39038
23147
45636
33034
13622
1852
6806
45156
24645
46061
47705
19757
57186
62604
45015
45423
36878
58971
34916
22218
41036
34364
56768
62835
23283
12100
22020
32525
3197
46608
11122
59978
59049
19827
7559
13786
29593
33793
62428
44827
26492
7076
43187
9320
21923
57829
61719
2839
10794
48530
48657
16835
58261
39305
16043
1847
14920
46722
51150
6027
57571
40991
31982
26076
10345
34357
32545
550
58297
64443
32279
3584
63732
28137
33164
58989
27757
4535
7927
23803
17583
10559
11574
1910
1656
42174
27682
11004
25959
52551
19522
13873
39044
15370
32800
59787
21478
28497
14491
56388
47378
43633
14322
916
13412
211
57699
36290
32023
17527
41967
51843
62419
63912
38952
15862
3928
43924
37029
40972
52117
28921
5413
15851
32416
5402
62847
19821
36806
2456
24211
40607
45307
3286
83
84
3051
43529
33610
7199
50565
6183
17378
22495
13270
25970
35592
13492
51609
39947
4900
48514
46961
46172
59696
46920
58084
53459
6937
35771
26582
10358
44985
24264
8060
47082
61878
42266
11850
5446
50271
50534
30554
38041
44619
61976
20717
64153
35128
55372
36223
2233
21915
33050
64145
5089
39419
28267
2089
50251
18935
40870
56215
47664
9279
55081
23812
43085
47986
28196
44836
11592
48610
30407
21951
61805
9801
47002
49179
41815
21052
57135
30517
53562
26697
62362
47363
64324
19602
38933
33917
47732
65300
14198
45633
15982
24501
10889
25632
53810
21572
59074
59981
12607
43628
15161
5983
10909
38980
19619
37494
14643
56472
60738
14261
62454
13628
62882
36922
5098
18802
10592
3819
35047
4061
12530
16385
9561
39444
41870
12779
21357
16228
40547
30977
56937
11869
16189
41952
29623
3222
42480
20546
21989
29507
29555
36246
56951
35390
4799
39422
24249
30605
5942
41286
18544
53830
58522
6807
12274
29177
49546
24135
2754
2413
47904
15907
20672
42660
38965
52661
19449
7115
42745
52139
8309
55313
36314
563
30633
8325
20514
21967
8244
48755
29712
14163
45254
43410
10853
21267
29398
47776
47762
16689
56298
40508
36265
38698
57457
9947
38328
41585
55346
45930
55689
4972
48314
54474
56356
34124
20231
29809
40764
25444
19669
30464
5509
59201
34662
55658
32821
33619
26640
59654
40818
12902
57161
19737
43337
55660
30857
58195
6654
42192
36074
32842
31717
50676
25776
40187
48308
6624
7293
60354
62005
38191
59730
23332
65248
17110
47760
15724
48443
9154
34182
14401
52896
48941
46265
54669
21268
653
15625
49315
52135
25912
13961
62943
54345
16208
48012
14365
5917
5226
27564
8938
56378
32921
18713
62672
17211
62103
51891
54336
48741
63912
54148
28239
50964
32869
58242
37342
27152
53386
34852
4127
46331
39871
50536
16879
4378
34310
63422
12324
3972
3319
64199
29264
10121
56658
25396
21253
53064
43787
6010
28653
17208
3694
35041
53890
12671
61159
13679
39777
8036
64337
25809
15288
64578
42009
56570
36218
1111
53814
52982
19394
8706
33135
39319
58473
34909
42893
12877
63175
24933
47888
49465
64047
50181
29487
43803
35047
16918
47446
59732
18098
62942
31321
37987
6221
9610
20937
1117
40987
38683
52464
41010
52363
16136
41935
58515
14618
20590
29904
1520
13328
46526
2195
16626
36616
29089
29121
40284
56049
53438
43033
45698
46821
37884
65290
26091
21810
57517
18681
16543
41432
42954
42788
19719
17831
13926
2636
43883
49856
38228
48979
21685
43058
56000
30761
7922
18367
33901
65285
19807
11514
4450
21097
42191
56915
14662
11415
51972
23308
25931
58565
60949
5252
53638
10627
36981
1025
59646
45390
491
61072
2757
12472
7999
46537
38305
27565
36421
1990
56301
18823
5169
28388
10002
9008
49946
45043
65170
17466
36456
17942
49773
62901
40915
1603
56379
59666
56685
24736
4738
39136
3062
53150
31948
7049
458
40817
8056
26578
35343
16065
696
48841
48477
56756
4177
64070
24867
28488
37035
5919
53100
36133
50286
6233
55462
63379
28686
14491
44723
62221
44892
36974
28270
33271
17247
64164
61343
60913
29029
56901
28807
2961
58667
64607
9514
61111
40327
25624
31864
63533
44350
49658
3451
7736
18963
31026
37272
4052
58595
59685
29611
5779
39660
45036
42842
49126
29623
33826
21439
20887
48529
54453
58151
60433
46491
48425
56970
61770
34293
61459
1660
63907
60622
49166
8022
28577
24863
54258
62117
36553
54153
41660
53600
2966
52185
50110
8218
33984
24687
46963
1501
12452
5414
12369
20295
23225
50506
39506
8807
51231
33755
20152
40894
53556
19306
19017
56792
5053
47894
6803
46358
60109
48885
40662
20732
4408
46033
21797
17101
47419
28509
43188
36420
33614
33566
41737
39497
19874
53575
6668
9273
2517
37468
38464
28177
17234
61291
55004
42371
46620
33733
6084
44256
59720
63924
48135
39590
38243
19306
47744
14924
40448
45484
47553
13061
23421
16974
63431
51448
44574
55567
60201
55014
57869
17961
43858
18281
52746
1674
7826
31459
41251
13253
26462
62125
62812
22924
24350
21741
31395
47663
63438
2859
10287
13530
41810
41069
55001
23397
44231
63998
63444
17073
46231
1378
20499
58575
37550
18091
11925
41023
6535
3451
2309
6327
27182
14546
35514
31794
53140
49906
61346
9146
7680
62759
37877
18337
64200
36659
62534
51751
33017
35827
32550
54600
5042
23611
35851
61019
11323
12886
33628
62490
8014
20341
63809
38648
29823
55119
33188
48491
33911
63715
20387
53253
52712
22329
44863
58567
29067
10942
45563
48160
6902
20142
43002
30657
59487
27220
20773
58456
52978
36992
64342
17189
37505
34269
31896
10111
4464
31401
49276
33194
44487
49265
64570
56511
50837
10033
25455
35989
63322
4224
60087
18426
58915
57834
29820
22096
9675
54783
55964
64582
8839
10371
49972
50008
9938
19061
47859
60121
44148
59105
54696
5648
61078
29085
29464
19751
53482
1598
13437
16994
65139
8741
44860
37464
3564
34674
43677
65186
47523
22844
58747
18710
62674
51451
1501
1696
6942
45385
5308
15057
12296
35100
14872
44346
56815
8564
63921
17969
63875
1434
5221
39005
12935
1786
43779
49688
6757
31525
1213
35723
1379
62360
36065
8683
2065
30624
6963
13103
12132
24289
56448
7452
20661
7034
44511
49712
32368
42507
51460
36239
293
25478
8834
48771
59411
54966
55763
32349
41485
50154
52731
11300
30974
41883
31236
45554
20989
14266
16780
60146
56435
35301
21328
17615
15239
15850
37233
58797
54144
38608
41462
43349
37511
22031
61848
9581
56195
14606
59654
2205
48645
12928
5049
50911
4093
14117
39763
56044
44237
41663
36093
7242
30040
4246
43418
50728
62566
12481
51780
47688
27594
63792
13506
12351
22846
29626
5488
24814
50885
27988
37560
38496
30990
9092
35890
14287
12953
53418
10434
36669
39886
9430
46889
44228
27113
25468
63399
3199
46667
59251
12144
63661
14780
47691
42507
10323
17028
32937
49230
6946
21237
36272
39061
36011
57586
56804
8465
2353
47558
51662
10677
51875
59560
62453
3727
23189
36261
32386
38757
37553
1456
4795
19728
15459
42008
17838
34584
51104
18513
16278
50803
37788
42634
43520
4558
12858
60136
16779
47321
28982
12190
23734
41198
59242
45868
6332
58425
31189
6079
11064
54900
38267
7033
22149
43415
33558
44017
37988
36982
55292
46972
29583
31563
53506
42808
32191
35445
54943
44970
65028
34808
55376
38970
47290
3989
31682
24596
63193
59452
42831
5926
15908
9870
37426
14008
60599
25820
8407
30933
59422
60999
59089
20050
37811
39043
17568
34585
44066
29809
7380
58123
39500
5128
58136
29267
50018
21748
24754
26303
3697
64051
22198
29067
15090
36363
42368
4155
61182
59105
50684
2911
64800
8434
13196
472
33724
6984
10225
5589
30593
36998
14642
51536
15544
18423
44796
8444
45397
57228
51006
33766
36339
8919
6640
5520
32397
24649
21899
27113
58411
57998
17116
41137
43870
22200
39178
24091
33122
21646
12630
29104
54103
43557
49971
31173
53398
22273
56466
8517
48490
11933
29178
47786
19513
27098
13679
42330
4711
61683
12823
17906
8369
24565
2491
52143
48428
53169
23720
31617
48072
23802
61268
59112
11087
45873
58556
14022
33944
56988
44368
34404
64566
20238
23056
24904
47108
9554
6338
33892
19699
47542
3521
37101
58466
5011
12802
38755
18021
21765
12592
16409
61453
51079
46307
3207
61881
34312
10645
30460
27979
6391
17918
12744
14220
19214
62431
7892
11788
65511
26554
46539
25526
31794
5668
13340
55159
44676
5060
51207
60765
40871
57624
636
33459
36732
28135
64045
58545
61245
47874
48871
42200
47753
907
55472
42052
29921
29712
36422
57812
54092
6429
63032
48874
6958
3144
64872
9145
46353
42549
3709
18611
26085
64722
3410
14219
36446
26990
38905
46838
20935
5589
35415
60747
26888
40066
63616
46654
16139
59796
39174
43068
27078
55259
30536
59996
35347
5258
46004
54870
4408
56041
55474
36265
58340
54383
5626
53413
8828
1324
51113
38161
25622
17345
37996
46639
36115
64390
53387
59722
14792
58539
42217
47925
39414
38
60754
64402
17661
53572
58117
51735
34453
21495
38541
21376
1012
33345
8909
3043
45572
46558
2799
19384
21226
1417
59509
11923
20185
19401
23800
4325
5071
50031
42542
56712
35826
24879
4408
14222
13483
38745
11266
16002
16679
48231
21332
60491
62895
49123
62734
17276
37489
37031
46633
39601
40619
31280
40437
30032
19095
29539
33148
54412
54791
54056
22315
18786
10789
17789
61979
41023
7405
21747
22207
39245
54338
46998
23856
34205
19332
55932
14061
15036
64097
14180
39699
31799
21922
8929
11520
3724
12496
14849
16702
36192
64921
58309
54156
50857
49919
18682
50917
9597
12194
60872
63716
58096
58702
57220
47447
35351
58036
63366
13777
45633
37158
5400
11029
27160
53239
61342
39826
59943
22103
60000
7715
15040
24657
22830
39615
16863
50948
16533
7914
18417
4016
11952
38816
44836
23466
30695
3438
25877
41794
31790
49229
52288
63710
11439
26350
21563
48611
50801
57946
60826
28288
20515
35235
46165
51439
25821
21830
12875
35958
32019
57781
11600
25450
24665
44844
46177
43039
22560
15821
3761
51296
7144
25819
37089
10760
13605
61387
30230
6659
6107
9434
55108
32825
260
43761
26501
34175
54036
52191
29641
20937
24870
12319
49856
58003
19230
56665
55069
36457
7094
51115
8464
44219
41399
6269
22059
62832
37045
54194
62083
44102
30638
4693
3476
3362
1126
63313
1383
21909
42078
35866
63768
38602
59783
1557
14862
46859
19852
61213
55050
17578
10569
35773
15337
30536
60644
22031
16004
10903
31819
9472
39695
39949
24959
39108
51208
22946
47715
46210
61474
28453
31243
23920
35657
28437
6927
6069
62843
7119
46395
18014
564
65285
64483
14180
58129
26498
32311
23904
754
44048
27986
27
44003
20
41649
20791
37618
9676
8768
2205
21908
48649
3194
54531
9426
27032
51133
17009
30133
11431
695
40120
2490
38633
27415
4794
1829
57466
45453
43809
25014
51408
41749
28025
47234
31103
26995
38718
57392
48870
26920
9728
1564
30431
10624
11991
17955
52089
60095
1342
51852
40399
2796
58792
64325
38524
15644
51803
9030
8773
54060
4402
26839
45659
30643
19745
51670
43822
339
47955
22604
1248
59104
13791
63820
43746
46079
7701
63300
50802
45044
57690
17898
29328
21110
52916
29391
764
1310
1703
45018
8748
4073
37339
31120
9307
53714
1739
29531
63599
29900
64249
33752
6666
50414
58512
1775
29318
52520
37386
28226
15770
57172
51221
46487
45588
53060
50303
50720
17870
40321
26258
13355
4353
22697
47504
28259
43396
824
3323
1677
24616
14683
35711
11061
54602
39318
39989
11137
18859
5196
40964
43282
58446
28176
58449
9505
47973
27062
19070
29714
41336
6820
9948
50195
58426
12064
50703
17613
60923
2725
36191
24459
10736
48884
56616
38389
36353
49716
16915
11041
17455
44465
9394
19097
41541
5175
10173
29339
21925
14798
34593
47298
9197
46932
23819
50119
32356
30584
35563
15856
36239
44609
6919
55298
14817
53111
14229
61331
31541
55515
6040
36501
47334
39765
5488
63943
36751
13366
26286
3706
2533
33053
31832
46869
55989
9341
107
27574
20612
39452
29025
60148
46581
31686
2395
49704
27837
32455
38519
613
5378
61658
42796
61171
30306
54368
33698
14391
31364
30150
49341
1055
12338
58969
26725
47606
35254
63154
45883
46829
3520
36233
32286
3709
53685
39251
19124
35752
61606
36622
43573
11200
64541
20219
40430
26776
64736
57617
55406
25781
13805
21801
20286
34838
28293
27949
26915
52423
17942
30380
43274
57749
54989
31011
47064
13472
13767
65012
19444
15946
13860
1954
47178
4204
18731
11341
34028
42527
24733
157
10044
21648
44926
24891
49688
16597
1639
60656
6735
11877
52084
9946
63325
9297
21267
10171
21887
42604
15596
53086
58996
48471
52398
9201
35355
24581
19081
506
19609
65185
52246
10408
49006
58870
53698
41151
54554
6234
39023
8601
63583
30015
63618
40738
33678
15185
53868
40175
33934
15271
53113
9932
39197
23877
25800
37479
26350
25452
21165
56503
19966
13552
17478
13310
7506
32278
22605
27347
32109
19233
29386
34287
34584
58344
14822
37159
48201
18119
55614
60989
24977
33296
24222
55515
49121
24521
23387
52368
19259
9105
62689
47134
19696
54416
18271
59552
24250
7062
45626
48727
45382
51114
16285
39281
40127
49555
3608
51532
33867
48929
63829
15375
44641
1870
18955
19388
11281
64830
2995
35893
5400
34593
56739
46138
7626
31736
45676
9213
15049
37455
19592
25106
53057
46203
3583
16316
12371
46446
3671
53560
9723
1372
1766
41374
13248
56272
63541
52104
41994
37225
6053
40359
54847
57238
50102
3988
8820
52378
9206
52990
35019
3880
13497
17094
3024
4781
48595
50908
762
48315
6054
61690
35938
43940
2063
4606
55184
58949
54179
2750
47925
46553
41515
44046
42554
42142
34888
33820
21406
7961
5148
60890
23399
49585
3530
537
55826
23418
65262
10397
57472
22724
986
6658
35277
41015
55106
40074
34392
7996
10696
29592
40620
41552
62005
58555
14661
51099
35360
18430
7552
43426
40982
3475
47540
562
41952
18201
28346
59191
14787
34882
24684
3487
28027
52746
10838
42761
61258
25520
20973
52629
26826
24245
51380
13284
31749
5721
24064
4955
22836
47396
29723
19354
1205
54963
22849
64188
35429
42733
24405
28224
42885
56251
19846
9724
26413
3227
57002
3444
44389
65521
51337
8991
7228
27981
11214
4731
64059
61009
47805
42597
7039
21806
2399
20383
11417
49219
19718
32796
59199
57150
63859
11894
43665
44818
9676
44104
40368
18804
65106
10769
10179
12158
32434
10267
41219
11196
43693
15296
9104
59296
7162
40175
39924
2136
64877
54059
18804
9644
55379
51589
9510
1102
26795
8360
29670
55565
45848
5491
6097
38719
886
17032
16965
54353
21357
59775
76
16457
1527
27190
29232
31256
3658
62418
44824
60562
23563
30115
62440
4563
50527
40291
64447
22565
25708
39291
3327
12693
13755
1346
28412
28503
44557
21210
35812
6224
47039
9925
17348
26815
45950
62952
32172
27662
29100
18612
34074
54999
13101
16032
22983
30432
60147
38049
32758
52559
1699
63541
25061
57443
47002
65027
27223
25663
37649
45902
53020
7597
13518
64461
8621
53693
28355
14378
41901
6623
62673
39748
50031
16233
24377
62832
6892
39389
44588
20619
34973
64699
52228
56191
48487
3184
56800
8042
55300
56000
26953
61471
62843
18910
4673
22960
49473
12031
5273
26198
24934
34479
35739
35743
34277
43757
54340
61040
58580
3887
1504
43741
62242
58624
43881
4676
55617
1775
13974
1908
18083
17310
62948
49938
58177
53240
1313
29379
6936
56363
24663
43436
42640
3243
21277
35771
17999
14089
29791
15771
6414
8973
55573
12092
152
58614
60637
60422
10216
8035
12650
24884
38523
36749
49954
9951
16085
38080
20076
41801
30792
52155
8572
6153
23115
63628
65389
57697
1222
717
32544
41917
54992
62574
8088
20050
44054
32838
48237
34005
59111
1135
4620
63896
57756
52732
45332
7279
12165
6924
48965
20068
4784
47435
7384
16495
60187
55848
35239
7933
38033
5903
40614
40738
44026
57704
5194
8818
40537
9557
27241
1964
31631
34562
56518
55537
54254
27072
52903
27223
59263
43345
19075
35749
15073
38326
47162
30297
32675
33588
117
10965
7962
40506
49157
13068
41235
19702
51868
13772
11034
15330
64814
20873
59263
34919
48512
29581
22378
56281
1734
12206
39996
21489
60650
9847
54703
36192
23386
49189
51381
12857
25636
36874
42955
63982
19731
33495
61777
34762
19478
9251
11557
12456
59390
59249
59222
49571
33160
31369
63620
45637
28128
28745
16484
28582
28608
41508
27128
46843
4393
16089
29175
59243
1941
52649
5586
41533
2722
60257
9063
42980
4436
41316
6023
45151
40745
25232
5960
52678
29610
63523
7601
6586
47661
58574
53298
36879
60746
7273
13169
13056
3507
7256
18986
51204
30524
28816
28375
31910
10894
29444
34992
18937
790
10346
61621
7690
37045
46308
47540
56904
48837
18490
10791
2864
47306
55785
42077
1166
11384
19367
62549
8645
6250
25587
64969
11653
63491
44634
14676
8305
46437
49098
36884
30490
37494
7119
18086
33927
60380
18222
1718
37983
30732
39296
24779
23775
41826
5877
9010
25590
43273
15310
16242
26972
61790
26737
107
57672
20348
40229
44502
14862
18901
57450
14850
62983
12275
24121
13122
7380
22995
52263
31949
30807
21270
62833
64240
50480
4521
6725
13331
5585
59154
7816
3982
52697
24683
11438
42418
7631
57781
58495
61276
31348
7997
50555
4592
42877
8797
57180
18906
63928
42520
37000
40148
25892
4481
42966
56844
517
39403
46638
15898
7253
52506
6149
50321
9351
54688
59899
3500
50213
36532
31654
590
27619
59720
35497
21169
63909
13528
5722
52580
25821
16158
15302
2344
14913
24472
60714
42590
53237
16189
14423
20740
17536
57168
3111
6197
55542
34117
58326
38597
55781
42072
39486
21742
43130
51840
26749
9073
14244
28777
17753
62428
20360
39711
37484
15275
21442
12520
65114
48271
51589
34589
27154
14805
23177
14555
24732
60224
53149
10205
63467
26913
3413
14319
42875
40193
12791
49387
27747
63807
55593
35594
3282
16968
14752
47011
60584
43234
60259
2011
9093
2289
48680
54425
6847
50300
2215
46693
9664
52952
51231
45310
20846
25389
57479
30138
36746
48081
39044
20384
11295
55460
5119
10558
6741
50718
46986
62301
44493
18472
44544
5941
47989
61062
63582
42787
43105
24967
50718
16441
62031
2189
42120
23451
55227
53730
6777
16549
58978
45526
52665
48784
33420
3593
8163
18641
40377
14586
25172
38491
50197
5287
35585
32251
28165
27916
12559
35755
50018
17312
50342
9865
6738
39133
21509
51434
37054
30713
39744
33503
39295
15194
19200
6929
7036
47017
32466
10182
64494
51880
59067
22260
11678
1470
61292
31243
18473
60609
50842
64597
2539
3582
22424
62071
56455
44721
16992
7460
52570
48243
21346
12737
15290
1281
53973
8263
6556
61624
33808
56976
57888
65283
21577
8654
33669
14467
50221
60250
23948
26541
14905
31640
46178
44989
43069
28422
58906
37177
39361
25178
9658
9660
52917
24628
30175
45910
28996
43717
40480
47790
39476
2471
64298
36194
63202
38394
9807
24514
31557
23580
4168
49188
1888
13415
30054
7087
10866
46965
3229
9877
63637
1715
20235
7055
30888
37842
56665
37092
4049
10627
52796
44422
14754
37809
58432
17038
58713
17372
3983
58721
35612
13766
15218
48534
29019
7185
47633
31963
40743
22365
7227
31373
40855
49887
58999
53719
720
29671
34954
25636
65470
19514
59179
47260
27766
32157
9580
34023
50570
31208
14258
42915
57606
1261
21357
2200
9725
62247
3160
36156
33677
19200
31193
62049
46940
35467
31033
19595
21473
35668
52310
36943
23601
24808
42821
12534
51176
38114
5216
22346
64211
47539
41854
22049
17532
64449
58499
63287
40348
47808
30910
11876
39807
42544
4318
17904
13350
1781
26231
51548
2493
44482
3551
45111
49361
17486
26441
29221
21878
34713
36411
42430
3797
46423
5083
31289
15153
38959
31027
11028
44048
54675
6473
53262
45109
17624
47795
47169
10962
52965
23897
44243
48313
48708
7411
229
65039
56465
5648
53192
14878
48265
64402
28824
3183
41516
5555
8150
3062
42287
39346
16314
30024
54843
15403
42204
26976
8689
14281
37802
12160
45757
53729
16124
49484
26879
55119
2308
65447
4158
60509
20709
23703
6474
201
20340
43873
16009
63203
49442
61403
59792
62013
32229
52452
7656
40499
20966
8779
37144
43182
39333
28493
9254
34372
42527
57856
49807
56587
64221
23273
51704
8117
6444
62251
42257
8306
10895
20532
57811
1689
55990
30236
31923
10418
59747
13380
36646
23696
42002
54792
57864
2127
10024
61909
12305
51603
16870
7695
33270
61386
13578
52978
28478
20996
40634
12164
29247
21666
61184
11617
56435
2488
1129
45230
21139
16009
42227
55711
15292
52706
29646
28011
54952
26993
7871
13502
33602
31326
26351
28105
60881
40000
5582
53548
19290
37254
50401
65242
41073
33690
63583
22749
56950
37443
2189
1352
47094
14053
28589
33100
46556
54387
47343
46379
3498
60799
21213
33705
28297
28780
60809
42807
28241
26320
31483
35288
39753
24302
50851
24396
10289
31520
64600
31825
25716
41791
23164
40418
62073
29821
41162
33984
29180
36828
45543
47964
21657
29988
48642
40554
60958
11430
17567
18960
5312
7694
36269
756
16774
23163
214
388
53640
31834
2563
42719
57511
47098
21631
55626
10925
39212
150
11885
3906
14456
48783
5618
61559
221
28389
14849
20409
38167
3636
52321
39929
65394
59892
42336
59069
20678
39813
46764
4673
63974
44420
14252
45921
46220
787
52037
5718
5243
47189
15407
45154
53119
8349
56332
46024
45949
21741
63063
55692
58300
20066
10762
51768
63954
26612
16628
44073
40086
62584
50179
16739
43077
2089
38694
41196
685
17560
64549
15708
16793
1975
60653
64425
53360
18328
5871
5261
13631
39369
27376
11060
56706
33903
37671
3739
22453
26760
43406
32986
56225
36133
39905
25991
15458
20214
62109
58763
4736
61009
52373
49119
42859
37963
5039
63191
61805
7016
49090
45039
15452
1901
9793
46848
65286
2995
21307
17228
58468
12666
12257
48525
53173
16447
28869
34496
61661
58431
17929
21423
6495
38138
39466
24590
35843
6957
53960
49561
33103
58670
233
14590
2552
62880
63742
8091
54586
16687
63428
54998
45765
34704
19225
10099
60818
59555
23310
42845
7797
16301
14368
12179
3918
32486
48315
15524
45129
3584
27090
61563
30524
59603
49606
56361
46746
16805
50284
58389
4205
275
3148
54121
56531
14209
5716
1062
49459
20736
1634
17600
58503
23526
1032
43584
58605
49574
8850
26173
46127
49909
16306
24869
47707
41967
41384
22505
40754
58991
29963
31484
24791
43941
64447
37567
10266
42183
20908
49529
19623
64098
62319
14156
25781
8650
62351
37942
24378
50668
5410
65210
44588
46510
13166
8268
39873
24556
33080
39721
43721
25059
2958
52754
52414
42556
38953
29434
32500
49414
24332
31032
14206
18639
25123
6220
5647
35712
41074
63187
10579
59259
11484
36879
23921
12604
13495
39374
43530
33997
50538
33566
7694
42707
62279
64743
25441
38050
8069
10566
19581
54034
33037
21071
12355
32560
2738
38477
44503
36230
58790
52518
50671
31669
30156
38240
41919
45791
17013
1389
32369
35520
11504
10574
42491
33150
25519
35362
51577
8424
11157
27811
25218
36460
43596
57513
38634
6383
10411
52465
8077
21706
55387
22594
2535
25108
10271
30735
55492
30951
16262
50659
44404
60225
54917
55021
62640
23109
42180
19106
44224
12402
38759
24311
57920
39920
55231
3504
50877
53814
11387
52295
16071
42262
41005
42218
10851
34129
50774
55729
34258
23565
20031
41517
21937
55427
17425
27526
34634
22544
35103
40624
13658
9559
52091
34292
19295
65204
22739
40436
16391
2828
5072
8435
20072
44752
15205
34383
11662
16392
23654
50208
11736
3054
57294
35503
1210
12131
17978
55625
59432
24487
10971
42984
24840
20665
31286
39487
9756
59580
30143
9331
16534
62232
39466
11171
61373
20897
1055
45503
34525
27530
43580
30236
14420
913
44999
22538
1685
46914
6351
42575
54812
6758
27576
2662
52828
46245
42951
26965
49257
892
58525
51186
28519
54073
9568
59386
32957
33160
63456
3938
53169
6317
22602
13728
426
59665
33855
24806
49937
648
3567
56106
16984
16459
61484
10172
59521
41157
32427
46350
19202
55703
40478
41252
18631
13576
14727
29592
37373
60821
26945
3151
57430
21098
13940
7373
31009
8648
38308
65270
43494
26672
20433
19247
12834
22074
23052
27889
57180
19839
34122
55885
61130
3131
37218
44566
1764
40572
18414
21792
43608
1615
60340
18681
9030
52553
31007
44196
24782
2749
37139
50867
38058
60426
17480
40074
39240
10797
32077
3754
13430
62140
55562
49293
43521
49414
21211
33560
54664
8414
35862
38960
28616
5101
6018
52052
5607
45409
47518
23546
61687
57347
2636
24688
17541
1855
41876
10679
60623
39931
29553
33304
18011
32334
51504
38128
51422
25779
20638
3625
28252
45095
2585
45933
5563
51004
64571
21653
2441
46569
6285
43344
63840
18562
30924
1745
35265
11264
33366
19222
53813
48930
37530
18652
17683
1475
56507
18864
55376
16057
20678
47863
44319
16641
13567
64697
11284
10068
4208
53585
37150
24766
20394
43069
32886
4979
56668
18237
65528
36310
62138
11580
57139
46796
31266
42656
9864
43900
28926
60428
7517
63369
64535
61009
51098
44381
35644
32174
47687
40108
38499
52691
61982
32951
16208
10083
20979
13155
32893
44745
42902
34667
4293
14128
28196
4510
6818
11059
47329
14222
50767
43509
49898
7294
5905
7491
5883
3168
19707
41928
41420
40069
30461
5765
18008
47239
10948
34891
41062
46258
22749
54690
29115
24990
24098
46570
8683
42852
6501
16198
9934
46929
26468
49960
2688
30223
3175
10707
17926
55642
38108
62421
20662
24740
61126
49557
16329
65151
33974
44634
46607
2247
19085
4497
60000
60826
18269
12930
14140
10363
30048
27478
20284
38890
41915
28618
25711
47161
49578
44732
13241
45023
49769
40057
56968
13785
49173
1198
13233
30987
27835
15380
63954
26138
11738
51423
8150
28829
5095
30369
47762
2580
27879
14739
9338
26982
2888
25526
54788
10948
23222
4953
42843
39035
12592
44423
6900
23269
63142
15740
29391
49184
25718
21801
16000
7962
44346
50752
18601
57976
8116
20523
25394
59080
175
52838
15290
47561
29989
23812
19624
28173
40766
31587
53278
20894
30270
48499
35229
25472
50156
53789
62373
47363
10046
54737
24375
3661
55844
37130
59450
41562
22977
17446
33869
38761
3009
40231
36034
21028
32235
10557
6966
12839
55860
41195
48273
32350
40853
15514
56742
34771
19444
3703
12686
16833
60757
7557
48387
11868
25239
51130
39741
57545
3529
59825
39074
57307
53023
47884
11507
14810
65497
2871
16849
36442
59425
17908
39775
19710
51444
40187
8398
33268
39126
4455
54824
13530
63644
34053
17230
62895
5040
51085
63299
5782
52719
42253
35300
44883
61808
59769
51350
16401
9105
6023
49212
9473
7039
49447
20393
5792
29597
6211
27575
40917
23281
19477
44379
4748
20258
26909
3399
1738
37671
51809
55065
22764
29748
53471
4440
2915
36917
22439
42273
1243
43602
13105
63084
33433
55996
64368
27848
53927
56597
7477
26539
43493
63002
40230
43245
48966
11042
4067
19388
25020
40379
21954
1873
35128
31649
26425
35031
6932
20441
1622
9523
53939
46557
31275
11356
5323
36232
27841
9633
41569
24703
38589
8655
35651
21202
10245
14588
11436
15802
7561
6060
4200
26710
64415
50431
62104
25183
8352
5539
3714
32702
23727
23464
20935
5554
58818
29069
9612
32346
30940
30655
59419
12448
18092
43850
45834
24924
1318
34967
62233
39167
3797
26939
39196
45187
48470
48649
59809
38644
63134
29704
10295
34665
62853
57344
45267
60353
65027
17394
37646
57121
53802
50790
4077
40339
2035
24870
62927
32760
8421
7244
18220
28725
39460
26679
27522
33288
55314
28268
2531
8047
30370
22718
48884
48525
2081
9867
63499
17384
17883
38042
44128
22811
31760
34738
26801
6769
55122
29209
59072
48846
8491
13771
14767
15876
59474
44061
38561
39037
14796
39228
46678
59727
8286
38905
33376
12673
36171
28491
24799
3407
4272
10049
59274
48009
14399
41148
48510
60981
12722
24279
60919
57609
23729
7371
28239
54097
11653
33897
32452
20812
64891
7563
43564
28742
40953
10743
57204
8463
58679
44915
65301
60370
19361
56549
2809
37426
47372
52001
50887
35461
32200
25092
64126
25716
39380
12016
34146
62013
33347
1903
17407
54187
11668
946
29396
3131
53724
3432
5903
32924
24682
18936
19933
54241
49279
63572
1279
7056
57608
60955
7107
13885
19017
28241
25656
59870
16727
45219
4974
58243
65080
57228
30071
25586
22924
30050
59121
63330
57802
44996
40242
32225
34819
10708
4328
62215
12366
43514
24709
13326
57905
16883
2572
14609
63934
55747
24253
25075
19177
37678
6744
19705
49852
34452
19427
2171
45842
8609
59510
50893
32796
64212
9991
55489
46027
53205
46457
10058
30968
39927
12233
39138
3794
53925
9222
37412
35856
65182
57121
58650
7631
56284
1928
30712
5948
37993
41729
59120
65279
50409
6716
62891
17533
37675
27749
62046
57230
2969
16014
8564
23049
62098
21113
19083
44990
48297
20915
20881
12311
6270
38584
32862
4468
19124
63382
40369
45042
4577
58312
40127
33406
26337
29849
31828
11121
34326
683
4053
49153
11556
15093
21161
43582
9662
58126
14139
23493
62
34652
49204
11339
64517
26147
34131
45561
16276
8431
7046
24166
41448
1265
63983
59011
10435
47619
53710
43581
24798
11409
12811
42953
2265
42513
46841
46715
60893
59964
18351
9842
50275
44198
20667
46770
64909
51579
61166
31024
63877
14873
13914
13212
57478
54772
29123
50595
55671
42445
8418
38820
59434
61201
52462
38123
15538
45102
44203
6278
44905
15237
31514
36182
56060
44359
7182
16603
12208
54489
32376
16856
4260
25662
1402
31351
27433
8103
63031
31134
20703
5830
35969
34441
17047
38598
33880
29158
7063
4725
34
55978
2171
10138
44831
15937
64912
26463
27174
35594
64177
44117
26727
24692
58156
27974
33584
18221
10886
33384
40843
16835
36221
56966
34166
46460
12024
11728
52229
64482
12331
32602
13239
43717
11279
11074
33314
59703
24457
28587
42948
34302
12550
13099
14263
11028
36858
34698
36731
32776
64614
18566
21641
55427
33826
6148
17749
42807
53358
45727
14479
53869
20450
8913
60703
3840
34085
42495
29211
43651
50809
13620
29755
29683
56805
56623
15587
38300
40916
37713
41619
61530
33448
55697
64702
12315
49311
23485
6009
24215
16300
26077
10491
48102
64037
7439
18646
4253
43929
40829
49199
23080
11407
46746
26970
23407
14123
61215
8315
42485
40723
30763
36639
43706
32601
30247
36730
56298
38016
62107
33373
55648
40959
20246
35189
53047
37157
28607
14814
32616
5588
18154
58421
56593
41548
64581
7382
53751
48278
61461
16126
38536
24352
2421
1287
57864
38230
64380
11536
6733
37925
41190
52266
60811
4602
10706
15690
24875
64428
28648
45750
20960
20668
54828
22719
23048
6675
47209
4286
44462
46272
46123
24883
21540
13198
59363
7148
19120
57383
63972
51401
54492
61208
24429
46629
31760
46433
41716
7475
47799
58872
11118
59527
4334
45927
55806
42036
64615
61182
50730
63795
61320
42687
13874
16430
44720
40615
15409
11838
53005
6282
54733
15250
40919
16914
22711
26003
6852
58329
64783
17343
34
2930
15340
31729
41520
50748
51082
61963
10580
35618
34345
34872
24170
10567
2593
9507
38376
50541
52994
22155
55892
38837
52832
44077
6104
59753
61388
3800
34416
14922
8958
42373
50665
44794
45929
22936
5972
44845
36326
39209
46003
5490
10332
25255
16708
35170
11919
15315
24827
14537
50481
53223
43725
13327
48357
29736
38864
53237
46715
25536
11378
43223
30586
61262
16692
44681
61635
51667
24165
47403
37341
37463
12545
18000
37741
55679
35038
20728
49627
25592
34228
7065
4311
56502
12723
28252
18575
16088
51805
34296
18373
41227
8630
14238
3547
42816
28404
25734
10171
20994
50832
10796
6159
50878
33034
1245
59133
40550
4717
8048
55788
1521
54382
12710
4454
30478
55770
5561
20819
4094
55598
44732
50249
62956
39045
55749
30882
20359
20516
22232
38979
35201
38301
1458
15315
31737
2290
25102
40624
51433
8448
46482
45366
37374
29117
63786
37347
32770
51608
23743
20753
49048
9811
39531
12642
35990
25654
15864
62331
28192
46592
52158
14560
1909
9027
51195
3065
43679
34369
53244
19538
41035
43370
34936
7418
32447
42214
49310
27809
28773
37543
27963
59340
27324
19146
58338
17827
38923
22762
11351
59476
48152
13976
28702
38957
30167
40059
1082
35049
64638
36717
25870
47661
42679
41757
21648
16735
2769
29970
11507
44609
28431
63448
9880
31516
62434
21907
34284
64012
61861
42300
58896
30091
14962
5029
16736
384
27055
46767
57867
36422
49727
40051
50461
33029
23915
20665
6551
65217
42847
27759
53887
61553
36598
12852
49057
44186
36877
27809
39320
36846
20905
12244
48762
1959
1011
28070
42560
24766
56041
1706
1577
5806
60475
49347
13185
16671
40379
5847
49997
26125
4629
23289
44602
33531
63932
32988
28715
31735
51907
22909
23907
52069
34946
22920
56198
58877
4862
17287
157
44408
43582
889
46826
4270
46416
46752
37487
27032
63305
65033
17801
43370
6368
12028
21329
15105
4510
25539
20272
30449
43379
28159
19979
64675
9523
49163
49792
33355
48150
12516
35423
6522
9259
6500
8686
43043
8421
58315
34657
33278
11664
23572
56278
12364
11868
59779
55393
8669
65072
26000
29884
41345
43473
63882
51558
28304
44814
31246
65406
46644
6656
13741
3221
44132
11647
47135
740
48151
2168
35829
53714
18143
64196
5300
16004
15235
14010
16890
35842
11060
31984
42733
32766
2087
44557
17148
59849
46554
22110
10592
36937
37898
4093
13502
37841
42346
59376
27721
13849
60649
25791
59002
52554
1100
51439
23787
58680
44892
41595
27475
34943
48984
16783
20499
9170
63026
37667
43281
13531
21615
23819
3571
21732
42835
36113
635
19526
21690
3397
12973
28283
14431
52905
37198
56238
63874
3366
34757
46643
59424
22268
40599
16054
1745
20743
51730
53348
33777
33822
24115
62260
13805
38890
21505
34683
14403
48679
32958
21053
52692
32106
51893
14431
60520
38612
43994
41250
26316
32649
63472
36543
5554
28275
21543
205
56865
38319
38117
36507
46218
28438
30400
52743
35705
64112
30480
61296
52850
35579
35957
43831
3142
51169
4837
4801
53789
22210
17640
8382
61308
31833
7855
57169
58159
2609
64872
1650
31857
10742
10999
51302
52341
45624
33987
52832
13795
43943
28093
46252
49777
46741
36016
58858
37155
35912
32113
3005
22164
9298
4988
36832
27152
10640
42463
1991
18351
13407
52100
32485
5041
1490
60948
57606
45196
47402
15208
52080
58368
24155
50968
1520
5493
5873
22471
21738
4979
1910
43498
35653
55143
39869
59312
26419
40654
52909
17107
62149
64241
16094
19932
24116
10691
50776
3686
6290
20961
11501
55531
1927
63806
17920
2920
3958
10760
40190
65500
37786
54397
55502
36195
56467
51079
61776
39118
33751
19462
63976
11109
8998
17834
25793
22739
20653
6408
11880
8434
16408
15840
3968
64081
3377
53759
5104
40196
63534
6827
841
28686
26121
52513
29603
39007
29715
60467
15401
41617
21822
33845
55628
40813
20704
2508
59080
64878
29514
42529
18343
13188
45978
43580
58711
27041
6154
38212
64001
30139
25627
62586
32508
10133
55616
47588
56020
15428
17666
56086
19349
9289
28164
54047
9377
45308
3617
5386
31287
16231
42859
47594
50481
57908
23772
37256
53120
41280
3297
36590
12633
56647
32560
55486
49892
50042
58
21169
31892
49034
24015
3270
37066
2305
35435
59886
62435
61547
29452
130
49430
23836
38837
64048
11034
30644
25091
4618
9029
28658
47172
3524
58192
33452
18560
2607
50237
18775
38491
52879
8385
42827
47184
54582
63447
55533
12810
19596
56623
39064
36601
31568
7443
4781
25586
51884
7772
62081
26121
4090
43786
19921
38797
10471
62010
4462
32145
19291
29224
31060
62910
64775
43566
26441
17034
31363
48853
55397
7243
19799
489
17613
13495
20281
7209
30761
44230
18127
56052
13635
61463
29841
5493
49240
834
25697
54996
52012
21251
52051
61984
65087
62542
57663
9883
28622
34612
27508
19533
3783
17380
63567
34071
61860
49880
22626
47856
61353
52630
25912
11931
55722
58307
12124
13082
62845
36706
28315
37941
55835
61177
60664
26480
51896
12185
53928
60479
32466
55927
12795
4453
9313
4307
14722
47860
61294
42701
32390
1050
55927
9690
52971
50465
24227
48250
59344
51254
51354
2005
3405
61367
39028
15750
82
18614
30254
38439
2080
15347
57289
44714
38489
459
56864
43612
26470
36440
18680
52762
2195
41122
19442
49549
21041
59632
49847
59704
63571
20365
8208
2497
6770
13772
19989
55268
158
57079
60008
10466
58626
9485
45577
24774
24434
42129
54290
57173
58887
58960
49866
59577
23657
10369
17606
52007
59897
2908
55560
32419
21781
34142
47400
26726
15632
3690
64340
37871
17247
40948
18473
62182
12816
47890
16336
62400
19028
8458
40528
32056
50510
57895
35850
27518
56645
7015
26064
12258
46803
9346
10848
49661
2908
40517
46638
57886
4985
12144
13272
25235
3028
10896
52079
59444
46386
55292
14639
30966
36293
30719
51925
26793
53961
37431
37263
33513
14514
53600
59744
64957
50787
36065
56986
53954
29679
20279
23033
16402
24014
11408
50040
1120
14574
27841
41835
23929
28916
38611
48221
45825
34582
6084
44115
39714
60799
53546
49991
51585
15186
38586
44159
51230
11403
21086
39646
3587
11968
25158
34254
10970
37556
50430
52476
58948
45832
28716
65160
19332
22642
3037
65074
7446
20602
38919
53906
63820
5815
63586
45626
39075
25490
64022
15700
20524
61108
55995
4946
21949
31463
41024
37415
17543
13044
3858
42555
1680
9736
51491
980
34005
8345
41137
554
283
38259
21203
14206
30203
35024
3757
23808
16916
6001
59414
5985
12789
15219
40025
1512
17914
30644
34956
26254
31288
52378
17044
37571
3993
40570
2473
34197
25830
57008
38046
49604
37575
18195
10178
65190
11744
10027
54925
21128
43752
9413
3701
10948
2801
59770
13522
64276
25263
13949
62784
48392
24772
55603
46251
60383
48662
46642
9922
10486
51977
13767
4383
34791
4884
42889
18782
20930
11007
50377
43414
31430
33844
27937
39451
57696
57775
45403
30230
52141
59160
52572
15900
55995
29115
36737
14254
45373
122
25901
46769
14636
3924
17373
10975
20615
61612
59697
21139
28057
38165
44830
10606
65045
4902
30072
21259
25189
41814
2887
49174
58061
20605
7482
36281
42803
45756
50187
16715
55725
43473
44578
10839
31790
29075
36669
63151
10142
8619
24125
56448
23537
46920
42942
35825
38595
23647
677
41289
39077
19333
50166
3116
47180
32912
15507
10402
1640
34145
50129
30895
62591
43667
29639
29822
11065
48082
21943
47552
27610
6908
39196
53959
27378
40840
19922
8121
39414
53789
34758
32416
50790
8234
9266
45878
34830
7972
38384
25208
3712
15366
28299
40842
30305
50021
65182
12752
57649
37945
37828
39046
55777
50257
15306
35640
38893
43778
44540
23040
63117
32796
12263
21609
3077
20384
31
20653
229
9102
18969
2274
25169
30642
24027
28138
50
5673
32575
19806
30640
14909
1655
33661
17296
54
19720
44058
53886
39836
65483
36906
17856
59317
5183
18654
4015
7622
47230
47894
45004
37000
2250
20467
52424
7046
27838
3712
65382
5534
6906
50997
41615
7300
42375
13390
58130
42013
3235
49024
9932
42939
57702
39668
65344
63474
5011
64965
7794
23343
61735
23608
17846
43697
1664
31260
56989
48142
63637
53914
8874
35235
29661
24851
35319
54527
43785
16846
60462
6569
19495
25154
1563
7253
12498
43433
54361
60428
6182
50168
37336
53285
55556
51149
13954
1459
47683
1702
50103
30923
64556
38973
10328
18270
29930
16066
46243
24683
9096
41638
22172
31207
60180
34424
6154
23332
30542
52216
2922
30615
7932
11345
39056
42596
13775
37271
7922
55019
17099
50875
29036
59461
46551
41496
51477
12703
1528
3265
27862
9974
64707
14015
28100
50300
57662
50651
26334
8329
49373
38964
37988
44473
34917
37313
44890
42339
18577
51812
47672
50322
30041
3613
6374
25941
25079
31557
29931
41722
22906
63478
35558
16181
48594
59311
29014
25018
55165
9080
33458
42532
25724
47495
24789
35236
64776
54632
19316
13882
64508
37949
62687
20016
50883
58578
34115
40392
28633
53093
8557
59010
38699
23410
31994
31402
13203
24509
61241
41713
5587
40769
10932
33326
18168
14538
51062
30906
46172
56310
39054
64003
29243
26907
16282
5262
35645
12272
36399
3839
63553
60415
51614
53321
58925
49484
2800
21993
33087
4818
54194
4983
56509
4402
50671
1592
32791
3536
53529
31787
31546
21995
37419
11256
39458
40237
15211
13714
31332
19211
52674
47980
21929
38782
56414
34228
19843
65115
25786
57397
23376
40888
44749
36385
11346
32255
55644
64248
24357
19251
54250
19105
37577
58467
54143
4855
35739
39325
46316
5473
47909
42645
58702
47922
16262
20841
3207
26086
62076
32357
55711
32447
4860
41914
38793
18949
8451
16277
63545
38555
55791
52598
64289
47732
4160
53403
3714
26261
5613
25623
24008
59692
8032
54336
43400
63046
4523
256
39353
64774
62384
57746
32128
21699
37664
271
20854
14922
1171
23273
37166
63227
7034
40309
6253
36315
21625
30651
28416
44374
12648
51130
18534
29688
51626
32737
20752
25439
152
4728
30741
64142
64515
27784
20722
38859
63723
42700
60769
23401
3707
28279
59950
576
54121
26871
30402
5440
22583
40658
42938
60804
40927
28346
30653
53768
12494
26888
51238
48021
38401
53814
40989
33661
15710
10054
44535
60560
57530
39980
25316
20755
52064
20987
8881
43779
3458
18362
21606
60554
31261
53943
49401
57473
17617
23411
47925
57835
12795
39633
10453
12460
39000
62986
64866
1611
267
50347
63776
26517
11048
60615
62005
12011
46328
787
1190
34719
10002
26556
45604
43834
45382
15245
36638
2135
15425
59202
11652
37909
46960
31503
51023
15145
21867
22463
39634
60630
12736
27779
42744
11596
10471
59388
19431
11213
23028
50379
17336
20297
20932
8411
23028
45372
13636
43255
34609
28090
46541
56874
6686
42168
37015
37116
58265
62026
27636
10211
32309
53574
30259
28525
58633
62227
34831
29061
63031
54964
6487
57012
30835
18749
4425
2027
3654
64385
53446
43198
38447
24876
21135
62559
45461
12443
29206
49201
19768
10813
40458
43538
55569
33425
24500
48299
33617
63555
52087
33706
23411
19942
39553
42266
26200
8593
23762
65444
4131
29588
39514
7888
51624
4001
64314
36960
47638
45005
65141
63850
22209
58973
4802
15650
35232
49101
61531
48325
42038
1205
11037
55757
44537
40748
29684
32235
34975
6322
14232
64158
17628
4058
37027
24434
62739
52377
16217
39213
22405
64662
26062
30489
7976
47812
17077
21308
16822
5345
47082
21507
63126
5669
57446
4170
33154
37111
14431
39114
41163
5193
38599
49197
16339
49157
39020
55797
46731
49618
52088
15786
8879
54100
23661
56961
25860
16519
18750
29962
12783
19953
53342
55404
62819
31645
43794
25625
51805
45755
17742
35291
36690
16218
61881
15453
58610
4441
53786
15610
2563
37131
19440
46220
43883
1841
18552
46187
58514
53205
780
3844
18852
30254
53067
19081
62127
10933
32782
30874
3831
16413
680
12367
31780
53048
47977
55064
4260
25088
36938
22609
29512
11249
7459
58033
33092
58227
36280
65032
58056
57879
63771
749
59127
21186
29359
15147
6565
60574
52381
39737
45203
23388
12570
33288
1657
53976
35340
414
37362
9667
26281
53439
47854
37928
4926
22372
579
6697
47382
47262
52624
3069
27942
30078
32888
46821
47550
23639
49603
7259
37344
61120
8047
31343
19374
29230
54683
3772
60726
64416
19477
37098
21440
44497
12034
22525
55760
8688
53666
62542
11390
40232
65252
60131
15764
49384
35922
41161
42899
45551
2304
10881
39536
29267
34295
24130
22871
18408
16807
20183
5822
3542
43454
49389
19712
59759
45824
36377
42407
49426
40984
25652
17279
54041
29255
52145
55971
5790
15094
12467
39245
16191
60298
56140
27262
54510
36797
43066
18580
2673
63494
46020
42566
42884
31912
56060
58944
3370
14618
53083
28146
13578
34147
52804
63308
1142
34113
32890
40248
36960
7924
27409
26309
39574
194
50024
29494
3461
37172
42904
28682
28491
18432
41246
51857
15631
54250
18040
55673
35040
60239
30459
35279
48004
49495
61980
11712
7425
35410
23076
16839
42893
34417
62944
44399
20192
2636
9072
15591
33793
21255
59218
44880
29638
4361
8683
34391
18624
31911
35179
46687
26256
16947
14385
47137
44514
55639
6590
56985
9160
39806
18106
4199
2895
46887
17074
4900
51007
61109
34522
33787
30139
60504
20973
30006
51880
39121
50553
42064
40678
45561
686
48742
21376
43398
10972
62081
8169
47629
16621
39544
60397
44159
16146
5640
23053
45570
13421
54617
12302
49231
13536
36721
52853
36421
30349
30926
62200
43758
28607
51603
25894
36255
59562
59665
42043
19679
29512
58776
8149
36728
10833
53404
53058
27056
55682
34242
38947
49557
28464
48386
20092
44011
6397
14853
36466
13222
12779
4664
4087
12335
23396
42675
51120
19765
25631
9963
18286
46743
21375
56594
48160
16471
61476
63053
30399
40272
52557
60621
16501
46768
22844
46851
23975
16917
32017
32557
10953
11435
36999
55120
41214
51220
34169
4926
26025
60956
47662
22299
47883
46686
29018
979
28312
53530
8066
6763
2365
44324
17808
7
17417
49445
58542
16979
28366
64709
400
50187
47274
10549
10159
51585
62450
34494
32101
37980
55999
52539
1521
22705
23310
17364
32902
15928
13177
53519
9649
29923
18719
611
20
36460
5685
62771
59998
22082
54211
50180
34200
33758
46567
51582
34266
48765
64476
17489
53920
14005
41064
209
51028
42224
15468
11009
64262
37501
26010
7298
23742
32293
39097
6867
38212
64883
29491
27487
5569
60707
22419
48105
7209
9237
13642
14752
402
38839
37859
47689
10617
8930
14920
39526
47242
40491
53529
18429
46961
32091
21503
62795
7901
65040
5644
51286
33245
20115
63284
48234
4649
58749
23233
63548
22996
33302
55568
9330
24487
48792
59549
22472
35986
30731
56186
11975
40630
56617
35665
23351
64211
23182
46312
23965
38422
16540
40706
18651
19881
61092
64135
5083
13213
46831
21703
10363
59576
32670
39607
28862
39367
37838
38010
35088
24895
62992
32849
32313
40913
12844
27350
5137
17045
43860
62216
20911
41062
4896
50064
32379
64604
21597
47506
56307
56389
31114
20694
31285
59798
53096
31625
10070
38034
30741
45640
12791
8365
40878
55550
14184
6522
48900
23386
25769
36097
4016
38051
24529
16419
35281
45845
529
59475
19014
60692
33160
192
48868
36508
33046
47564
42689
55911
7646
31458
51117
46968
62201
54819
21154
31909
19906
35951
1687
65256
14711
6225
45262
5090
32538
9066
2254
46198
5566
61012
52024
12166
174
293
58874
13007
37422
40174
34569
788
58896
41488
63027
12293
367
21673
14019
10585
16089
49326
62007
3262
12556
48500
44322
48419
18307
19336
50016
14693
1947
42213
10051
55535
22521
29022
11016
24747
59937
36266
30399
34845
45725
30277
22788
11339
1325
52437
13676
47338
61993
34138
51090
12549
19149
1531
13641
4356
7771
47349
17978
37561
59514
6884
7927
30698
65316
63681
14513
961
21485
52863
35599
2023
97
20431
6636
47001
47261
17058
24473
61540
60308
3937
4404
59286
54603
26811
20992
33063
2092
45996
50913
58765
43452
22637
28905
10646
5529
30158
64345
42371
37799
42193
55573
51890
30250
58770
29090
2710
25769
26787
38259
38564
50561
45386
18558
56771
47426
46251
3008
23570
43431
24980
36547
19396
3390
26918
52279
49621
43987
1328
64565
24904
39320
49611
58886
52617
48195
23624
52791
46527
19327
57734
60517
2886
11997
62699
18778
690
64648
50696
57353
38838
18547
56563
14324
34542
23951
3635
20049
10289
16731
22473
27926
42022
9575
42032
11771
15587
24769
51427
5065
22253
60238
37788
51116
25592
9116
37142
50049
38826
40747
60113
18934
34980
6025
1735
7715
52657
64432
31966
3960
9603
24281
57260
45089
8122
11116
63613
60411
32858
13232
35806
42157
62846
20143
35405
33528
49948
60394
13473
58769
60134
61151
38580
23822
16825
16612
10564
58708
942
64880
38815
39692
30665
48584
15988
26240
35490
59427
16743
3089
41214
45974
36052
57348
54924
64234
8250
63628
7267
11355
34780
25153
50932
10968
60122
42120
56629
56719
9261
20783
59824
58498
56750
21436
31981
6946
17363
2380
31707
29373
57847
2787
51258
4594
43656
18220
30567
40691
15597
31334
53027
35371
30462
21329
57924
24526
14622
39462
22232
59535
16801
15177
30879
60221
20987
61624
43581
51423
22288
24762
3843
53586
63172
6857
20235
13257
55906
51450
53745
31880
25123
40347
26946
33088
30546
38484
46721
8003
4191
61219
30639
12895
56774
56687
18113
45403
21650
9341
49005
14720
37288
57955
20644
6137
35350
27804
31213
39347
28107
56588
13896
38595
63102
31069
52995
12715
12039
15811
46068
63205
61922
3960
64311
34460
36999
5962
5591
29865
8104
49937
7128
22026
21509
29808
31345
3352
42768
63603
36654
2508
52162
26270
47926
52498
46874
10037
646
20095
13981
49359
32863
33963
8908
3679
53180
9004
31088
57973
20658
13447
54351
61536
3373
44446
45727
33001
27272
47132
24192
12445
15103
23004
52070
48633
44817
1721
10978
3942
22496
41069
21831
1118
39145
193
3035
30093
64668
37145
25736
9723
24716
17793
51277
18697
31942
27253
59261
49576
26905
53639
2179
54268
37292
57817
29088
49572
56997
45639
57652
919
33211
44099
1961
60403
56222
12876
888
14224
29075
17996
15550
9162
9226
49854
17538
44203
19063
40907
29939
11973
12234
1440
46718
13608
53897
17399
48954
27823
14651
48999
25314
25040
15245
6803
49369
37722
42192
8816
21134
9767
9437
37198
17021
33778
17377
40294
52920
31141
582
5431
56502
14436
9246
48422
254
2238
28736
2190
5710
19071
5872
2096
23058
30918
10419
20295
63763
49205
718
46341
42351
18430
30134
22479
63567
14811
57847
55295
27686
36989
9782
48411
11450
15850
45860
38814
27382
38263
9601
7300
21742
16379
38817
8077
54682
55220
7443
27370
42581
20089
33294
28093
34047
8285
42329
11212
33945
64038
61541
39223
9039
54951
28149
61012
56462
13305
13369
29141
5008
4824
25559
3391
59770
22472
21317
39707
50035
37815
20444
18158
40353
42328
58397
37071
2233
62049
1589
44266
61585
25741
24468
6023
31416
44339
10415
46834
14198
17246
40936
15106
29155
62514
39404
33988
48174
43985
17677
28793
48284
154
17379
17280
33581
20577
44861
45241
58315
2569
49929
30140
2684
49887
50955
40819
737
51464
58361
10515
1255
29354
4660
17232
34808
7323
39954
26959
37220
35285
58770
22184
36342
27706
24531
37122
113
6179
11806
63763
6360
65380
51055
63151
6397
29471
20674
4718
15633
37312
14796
53526
27767
25593
33947
17016
6620
21381
37969
54405
5376
29822
56848
5614
37674
49719
2537
34246
21389
28171
4288
37748
39156
29231
7433
30955
43159
5986
8317
56446
7323
43660
713
25534
58507
4732
38517
5131
10956
55236
48498
37277
8726
7277
42203
14460
38629
41923
6618
49373
14491
15812
326
39063
52716
52252
8254
6894
31914
49993
18003
3989
13544
8460
59025
27439
20499
32855
11693
26535
23695
2057
61401
64836
15797
45935
28920
25996
31469
50416
44011
7316
23398
45784
48709
60030
11227
62745
47569
20060
39907
4039
26780
55810
61891
32485
21093
28647
4629
60820
13147
32789
59100
16134
41375
34855
46350
43329
60068
8585
10472
55113
45339
22145
62669
28743
7655
57450
47718
63594
35479
62735
8182
7895
24836
53009
27020
17926
46220
33609
9427
55476
5415
23285
28939
57222
55124
40822
860
42898
44227
54496
37859
30462
44679
15955
64800
60608
43555
25072
46996
55468
63203
18113
27799
46653
54867
37767
7953
43085
46406
14724
48998
63875
23329
17415
25902
56225
826
24758
4803
56706
17078
21106
20104
22243
31402
11808
23062
53110
894
12139
61110
40501
10670
59558
58483
39393
37140
36579
57891
39714
9399
22509
24169
26599
22479
30620
52605
1008
42461
6042
40416
8553
31593
50681
37903
19724
37651
60195
28389
27936
27007
45321
50630
16876
20717
22376
52362
13839
144
17966
51005
43949
22984
45421
18782
65333
13767
42907
47387
3539
373
28110
65534
49653
22307
64701
3801
54093
25881
52203
41413
36650
11152
3709
20547
11355
51319
24978
61250
3721
53953
11829
41095
13453
38947
18671
29812
44013
7808
9937
60573
25366
60598
25011
59348
61231
13206
30415
53635
39362
25242
26320
43739
18224
14572
709
48196
44578
31278
21580
20149
1762
51560
28606
25560
16976
34491
9308
40407
14838
16350
54671
44805
21810
1015
59421
23853
38556
27882
32210
26429
50561
55473
21886
61097
16481
885
13743
52240
7486
58522
47483
27696
9503
5871
35368
18855
16035
12974
32609
60905
5561
18294
7518
19219
43663
62773
1856
39795
36054
11339
5629
2473
59307
41805
15259
39778
48860
33649
53511
65187
7578
37357
40148
11296
15736
54565
24709
26612
21102
60999
43652
14635
31223
11601
27271
28922
36882
32897
2914
14570
12522
62053
23522
38573
26823
52135
63197
12773
47058
31853
33303
45675
24297
57449
33218
63039
10021
12797
30878
40679
43375
45782
58031
33824
8039
26010
11389
28413
56632
1204
17858
62518
4472
60205
45784
16751
35418
29981
34930
1211
21980
13137
56322
52303
610
4954
65125
57039
33913
39576
63888
40446
64606
42074
1466
62017
56613
16323
50582
46173
41948
52944
3979
20866
58997
16207
56637
53380
26667
2469
26019
64816
5669
14062
1880
43841
55959
42880
41075
2174
17452
29049
48310
27906
14639
22351
13730
33308
20163
14637
38942
58279
27628
32250
55190
23708
18513
12885
39166
20323
56110
38853
5471
21772
8043
5143
57365
20750
28537
14700
42473
1514
35569
58066
14379
43619
24608
1289
63751
2094
60963
14873
62272
36029
51663
19987
45180
3582
7503
63753
47523
47883
17403
64709
26282
57276
37964
11745
7781
12171
41862
27655
22596
30608
21112
51086
13650
4322
31407
35287
5493
4488
38145
13997
42450
12963
42291
64670
47176
6513
45278
19414
19568
35851
33110
6574
35939
15639
57416
57297
29650
52560
14709
14802
38713
43954
16736
34671
64365
42688
53866
39456
28681
49968
44161
57651
10750
63070
38967
55144
42373
54249
11248
56010
20881
39697
25448
4620
4601
40250
12256
62298
51189
47228
16109
8889
33060
2645
59278
60556
43743
62685
30825
44211
62786
31331
2117
8728
8100
34441
47781
25391
54013
32205
41494
61855
53525
64550
33089
18870
46793
40178
27326
39039
2083
62010
57543
12670
27506
8538
6064
30900
27656
65503
6377
16504
11952
53587
48525
50144
59259
18534
61114
4142
35260
19553
12364
11377
11271
50898
27994
34734
6463
46915
21546
16355
7326
4333
33678
32349
6472
45404
6003
8585
61759
59606
10093
58089
2812
62020
43209
49544
53130
8158
40918
42878
62788
50262
30651
30628
25038
1240
62737
17032
32830
27066
48583
17140
11230
2673
13831
36641
25999
34012
64554
46934
10669
52894
34064
45907
22405
9946
50381
63609
3385
8859
55842
18167
61283
30599
10807
65339
17999
38497
39154
56790
59087
37265
14372
16363
53267
63481
45604
4958
40139
43713
57045
54
13186
11615
37934
51688
5625
40158
23184
19048
40003
7556
5533
45784
46418
62035
6890
32061
62862
10735
54728
48216
22209
4407
36937
21116
15197
37089
3238
16968
6043
43566
35810
30099
20479
38492
58720
58539
20575
39299
12252
32058
54959
11347
12775
18123
1224
30745
30422
36077
10430
13328
57187
20840
9059
60479
50236
33711
36991
23574
14758
9172
36895
39687
7049
59532
44557
5022
46359
38806
35901
12702
13945
57446
60363
53704
32402
1771
33856
23216
19344
7
52715
51780
45986
32778
22087
32560
50586
61869
47288
10740
24228
32097
13881
46979
33509
32947
26954
1957
44592
48858
49352
11667
16916
48728
44486
19752
25593
19095
20364
56826
27120
53053
5635
33068
58625
40673
27235
28884
16318
9784
13273
35996
10102
38470
20039
29953
53058
38931
42837
49579
33228
27018
38752
1678
58801
51045
35555
5206
39211
35705
37386
25441
52078
62672
8160
21930
22330
44211
1583
19669
63739
60491
16959
18783
55693
22776
24002
49872
23371
4584
28057
10806
11262
27455
24410
1942
55473
36274
48335
4100
54058
22346
14261
47630
50078
55254
56535
18659
2651
20556
1436
46617
39575
38688
1810
19304
42609
39508
25898
40424
54312
11979
63801
3355
64300
40674
166
20327
42701
16162
63168
5721
15045
57394
7276
25227
38883
39595
20042
9588
31743
15969
27760
14730
3812
23642
16002
12161
29215
45487
63064
63930
16497
36078
8061
13978
17513
27505
12649
46195
6086
50584
52033
42366
26728
19921
11221
50999
48371
64793
1916
11420
14725
64326
3054
11732
43206
30827
53924
29834
49882
4641
7691
53595
48075
23403
38559
50442
16891
46475
12919
17748
58793
34960
59416
60768
38234
47771
5423
50511
65472
31599
5517
18763
40840
38488
23377
37417
50522
30108
24057
3719
36591
24950
40941
34844
11323
16722
58995
61702
10050
26643
26455
45384
31757
17113
17216
44406
27299
65109
6789
64173
7017
7766
47141
46517
15595
31066
23244
61502
52958
12731
64749
14492
37962
23795
21216
42345
41341
3139
39220
59354
35305
24182
11883
42679
50766
5478
21155
62866
39670
20186
39718
51665
46749
18355
10536
52612
31207
12471
52925
28393
57970
39127
36815
62470
29607
3637
28197
34135
17196
1694
34698
61742
15491
1913
62939
38686
1094
15685
57311
37851
64604
26265
6951
38748
31309
62742
33399
28707
15270
14565
14111
4253
24193
25616
36002
14815
58047
28109
43179
41828
51783
11131
7825
13640
63302
51197
43659
2540
56107
53595
30350
25607
39016
2393
53806
55925
2146
6606
24696
4037
54706
18642
25563
61821
44105
26782
65513
47744
26413
21512
17999
23701
47661
1010
3520
13285
16804
28211
65133
58836
31631
7770
46775
57312
211
11152
42734
62744
36248
34677
51540
22546
55913
10597
61935
31721
25701
47341
13608
53487
25877
56885
5839
21493
64498
58710
28798
51441
56849
64798
37809
806
34216
25260
45666
8119
6482
645
18324
43269
59979
56779
30374
39550
15533
58367
5056
53206
63332
17811
61545
35125
47668
24821
6852
6114
52479
16489
35728
1983
58658
3481
6728
37895
49089
15502
46889
14348
61947
36985
10732
2533
36814
21801
42816
65104
14694
65059
65092
12416
47518
63025
57148
20785
22705
58905
42276
36598
57294
4764
58921
1000
102
11147
24074
51363
39652
15621
18906
61221
58768
65361
52883
23462
10706
24182
51904
32715
27191
9455
41546
31673
51320
1649
38367
42876
38759
50592
19547
9078
1848
57310
28884
29510
19791
31701
58101
31749
6080
9994
13574
30898
4128
61557
44724
49438
8410
51510
19947
50090
9137
51405
30803
64767
51069
62950
13750
22375
9905
1330
1538
17156
14684
14218
60121
52431
22682
8551
21129
49609
40651
58062
13230
12566
40242
46385
28075
43323
26317
27922
26057
7993
60206
37929
63416
44019
32647
15008
53581
24186
33848
426
5182
37775
13858
9765
13610
63820
28512
28472
8390
16177
28453
40836
16052
25902
3166
40583
16772
5680
27035
52719
29570
50790
34346
55885
22882
7238
50860
51133
6201
3906
15326
25913
44238
33541
64391
13754
13865
24923
1407
10967
54299
10971
19555
63958
51317
53172
9222
18141
57231
27765
49313
6889
40327
49431
15050
59488
48878
55923
17029
39798
42136
3564
16568
51937
34580
1661
13579
16481
26113
26495
3267
39552
12784
57336
57964
26953
64665
29491
7363
19905
8607
44638
4231
39982
8220
27018
32010
25203
31975
20670
38269
23015
34275
56411
34002
30539
38428
62936
14848
41445
47331
32830
63423
54757
17931
54395
5559
21241
11797
31523
34315
17559
60849
1470
65101
22031
2395
21280
7075
6667
50392
20313
7010
4029
28821
61718
41530
63650
43736
9451
15869
64482
10975
21469
11896
54399
155
56453
24778
57622
16721
19577
17213
56713
10464
54537
43235
40756
6065
48029
10477
55042
50730
47704
22164
24759
42365
9950
39227
52383
37196
42376
60048
26262
42475
9259
17487
9675
1180
37000
8687
33683
11526
45682
56534
4557
65026
11864
21451
46608
47675
57526
25373
54943
5431
15007
6036
48662
49289
494
31596
35825
36499
15026
51168
8753
61985
22396
37467
1729
11712
8369
21946
15282
34271
7781
12673
25018
40416
1726
44997
23739
11985
55673
11469
55280
64581
49219
37877
22228
39725
49765
627
14984
52440
47854
41076
915
1580
63617
19298
35204
55117
34056
28039
40163
25609
56121
2476
62875
21924
10840
16710
47332
11528
39964
23849
0
21085
34836
36842
3941
27649
12431
63398
62339
1946
8492
44989
15785
56169
6100
3685
43487
1190
23571
5231
33393
44492
1686
14582
8121
31201
22206
31746
18670
13650
12337
17516
15719
41130
62343
25305
65171
33470
44121
1269
28597
23198
55996
13831
57593
52093
39321
65014
7223
34098
32243
23116
37490
18405
59107
6357
31444
46317
1864
52968
4430
5683
9735
9289
56822
25960
4310
45766
30820
62402
59953
47435
23042
37382
42988
43651
26111
65342
44345
52883
4479
54293
24757
13941
4089
43000
39821
56916
865
51790
34954
55688
60383
39204
7944
16696
41393
36020
30327
44014
55251
27430
30260
63586
24397
51035
14648
57841
31776
37422
52758
54674
38960
40846
9726
16346
19543
22934
8023
53921
49748
2276
11570
3907
40467
52076
5771
19123
36397
47846
33090
54112
45606
48340
12292
14557
11304
32291
38891
3623
64886
52495
16817
44978
33617
51280
27732
49251
7713
29521
65049
9198
18483
19753
10785
38001
24198
18472
32410
55436
42825
38098
5361
38518
10988
15379
31720
5810
11383
39301
13524
3287
9502
36223
54692
13409
48301
59197
26894
43712
45184
41419
29561
39831
661
43953
54156
5110
56715
20359
47066
21109
45198
8678
46805
2373
53252
42781
30492
23789
1006
3986
60786
5054
20989
6091
34026
5196
5908
42626
42167
52260
27910
21734
50079
21995
16479
31672
3693
26048
24026
50355
22526
57748
43233
40088
32990
42335
18079
3836
60406
2860
2042
26933
46943
1014
9336
27912
21501
30212
492
18130
20561
62218
30282
27304
15741
31856
38931
46696
14923
58382
43351
21454
29904
26595
14738
23015
5050
48197
7411
46483
11646
53270
49761
58718
20547
14813
11825
53090
41809
31175
1265
5586
41491
6725
13147
13176
2047
52363
16319
51273
53828
59202
10071
18350
28918
44877
23890
14160
64239
29992
29233
16658
9865
25359
46920
16628
15257
60531
56370
22949
46029
42478
44481
26378
16143
9898
40743
21801
58194
6298
51268
23852
8663
24150
8714
5995
17130
52530
10075
8532
50061
58396
44699
27377
5451
9799
28905
29181
40979
2925
3734
22983
57829
46322
3431
13201
7840
51190
63221
27115
52107
50737
57317
9413
54541
28549
14576
56620
48437
26621
22003
23884
26299
57810
5092
2889
31648
62642
57882
59911
3980
49079
14747
17840
9459
35650
44141
10556
52834
35309
63620
13091
62587
43150
22824
46059
56401
38794
54570
34208
15475
27768
57602
31344
17871
39015
6345
6508
3073
5355
51437
33843
57837
49349
58032
16386
412
37588
61217
27676
40266
21746
16988
14313
34743
26237
38850
40375
27179
43115
29847
40731
11467
6391
42158
55233
43720
13969
15534
65531
48258
43083
23389
4152
22685
36628
47242
38777
63612
27614
41353
43694
22355
8611
27521
24402
42894
51695
54149
57284
54149
47782
44452
5211
11879
49968
29456
9467
17388
64771
22092
26817
34927
55777
4358
58088
54933
43227
24178
14579
3725
42899
48252
61082
32143
46805
27009
11039
12097
6398
21751
63316
21876
57459
36208
33966
47861
58764
6133
48438
21735
55175
21344
1938
55367
58680
52551
37043
24205
27768
1326
63711
53285
4986
4888
30027
12542
47925
46200
21648
21590
34866
12480
46415
614
15110
41976
63603
34931
12726
35284
26532
10146
27670
8675
56778
64391
10607
26577
703
2101
47411
35402
2564
58796
30744
57289
43914
52502
25115
36019
40111
8957
48300
3724
29844
28855
12620
19951
8488
12320
15363
64119
38950
59662
48411
59449
42590
1826
54608
38995
6162
1120
51965
15393
40301
718
48618
56937
3672
23327
50548
30583
22826
15550
52568
20717
374
52611
62079
62642
26742
18972
52419
1461
63528
54537
56245
65532
47798
41371
20682
33644
16662
61098
30002
6728
4382
8954
14766
21011
48335
42919
56859
20054
21601
15299
1478
12508
14999
4124
4393
22947
27775
43089
60071
53168
60491
94
10152
51694
50500
62604
19921
50124
37214
51085
27954
63521
16426
31821
6579
33607
36549
12545
51959
17123
38116
64939
48781
52246
60519
48718
43106
53750
28269
36150
55109
54995
17935
42840
12414
11619
24070
32489
9348
33289
23113
52543
54153
34036
4020
28690
26718
47237
34146
63237
20395
64383
33986
46366
65208
18453
43763
41413
36280
17206
15423
31722
43700
27139
40708
22179
105
50136
3649
51474
11479
24543
46560
5086
27804
59991
49171
24582
19661
10816
29480
43749
20460
20267
42811
36029
57868
57080
6182
24880
57465
23905
52572
27175
42469
26740
7521
57619
12291
1942
16641
24505
33113
63936
31033
55164
64977
44304
63014
23789
15712
65440
11950
4374
2259
18050
56050
38373
18402
8795
18941
24947
24802
14310
19171
27067
17809
17
13552
28760
47657
37398
61943
49462
58165
56642
23047
40608
64682
49859
48966
60246
59642
13911
50766
18325
7811
9914
41548
10365
64164
20266
30214
50630
53701
63771
34508
65007
63014
53397
25328
22217
56931
8895
23987
41195
45822
9354
60168
45935
20867
24125
16740
14727
63971
58857
2188
15653
55884
27957
41620
63931
36148
51985
23067
63815
34926
3193
2150
42699
58597
21413
1988
64882
21363
33938
33805
19642
27979
22876
17783
336
39470
31527
30429
54158
20739
23412
10638
41861
62563
24951
24050
29750
55501
16191
57928
9217
44189
12498
51221
56623
14002
11868
52124
55147
51378
47495
15082
19843
64615
31575
58917
52140
64162
46411
16605
64183
19386
17070
10862
36624
5640
26169
45746
62547
24654
58448
46573
15071
59468
5109
2596
61191
9773
54632
15641
13569
37328
37320
17206
62215
3720
62137
49520
21529
41676
45356
36340
60228
64276
10494
53299
25298
4857
33062
55447
62896
50840
49444
38404
49396
42854
139
37797
64705
64334
54377
1801
13018
25441
9557
29406
25768
21446
38867
60919
32387
31613
24773
19221
33586
940
9610
48686
51266
35795
8782
23830
36266
44764
40898
5040
20576
14470
61500
26666
41090
12988
10959
4547
37638
23030
2334
28537
62908
10706
29862
17563
28388
20242
13797
3072
51424
49819
64498
29910
47612
31715
54005
39325
39557
14544
19497
20469
38775
45843
31851
41143
16554
22786
12875
21309
22970
10656
36010
15026
18661
25021
62762
24946
53400
5411
31826
63327
58285
43939
9922
15559
34997
21884
37656
27777
55401
22024
12315
57774
59371
30202
26098
39588
61075
14374
31290
42096
11067
5129
54559
45708
43922
20957
61451
47094
30543
19925
51146
19164
93
14504
15146
25052
6453
16410
54820
13491
35416
47819
5790
32596
3564
55964
35773
6063
3465
21915
11676
34316
31474
21442
10659
34171
49649
48278
47288
18968
32693
32257
53066
55048
41159
65270
22069
19302
29527
53091
55106
29834
65372
44521
9335
30915
45108
20302
43651
32106
47449
63783
59995
19076
32199
54694
11996
57533
12422
55080
40265
24574
1725
27951
46804
27925
16651
54483
14221
18105
37786
7954
35230
25529
37262
13167
45548
40393
62952
40753
8929
2496
61909
60293
37631
21855
25630
62253
65277
35178
39737
42581
7354
31083
18611
7452
12603
57521
24277
34872
44015
1685
65014
12423
30453
34810
19319
39625
4185
38094
14473
25585
49679
5903
1564
25681
51780
26950
52904
54477
24014
43504
17452
47064
35046
53744
36790
58952
29140
44980
2717
14168
28849
54761
19490
41935
5920
34265
37719
21434
11112
39858
51449
48308
21359
4216
41196
33928
31023
56443
61559
39174
35013
48990
15842
38911
32658
19012
49709
29589
19784
36084
44381
162
56155
1424
53681
23112
33305
17866
62479
23018
59163
3239
3567
45916
1447
32017
36382
9905
11481
41809
65089
25108
24472
5942
38111
13585
15566
54753
2043
30321
49515
53488
54598
46906
53797
24430
8884
20079
5790
47715
47459
32551
40388
45816
55257
58803
11725
8469
23987
7462
24950
62548
4998
28421
11322
57064
47755
15979
13115
42654
23376
53249
30210
9833
36204
40697
49996
35895
51281
17953
27475
27489
19732
30995
31160
23266
21571
12643
28801
46590
27987
1199
9395
58296
25142
29757
53102
14138
23013
5047
9354
17944
4998
48082
9213
15657
27828
1771
45661
18036
12018
21710
33261
22724
14984
17913
30789
862
29563
34254
5882
9972
41191
30626
10055
4863
41199
36537
40886
28151
34200
16891
41044
30133
36013
9088
56110
37334
59904
24586
12395
58297
392
39241
29371
29642
31044
25683
8304
52722
6934
56293
58101
6107
1034
10320
6841
21143
57088
60016
50410
34236
1641
46790
30507
52546
38549
53935
20260
8936
42572
22934
44798
8878
51791
4682
60100
14021
60119
35592
8939
1064
57266
38174
58741
15419
35279
14502
9410
43168
5497
1687
14491
25973
52965
31235
12278
6887
58331
21333
398
13752
27843
19113
56542
7077
19020
60969
12798
53921
62807
30023
45880
64678
29210
21784
50198
21752
61812
9469
52270
61852
11972
63298
61107
50938
2406
65014
52748
36014
21751
59826
14611
63910
11933
49100
40212
24332
8952
10718
39152
19724
40194
43283
45822
10133
49826
50989
45494
18996
13079
59737
37974
2861
5280
2187
26475
28339
62918
10074
1694
13154
42726
4081
48780
59842
48051
30810
5476
23574
30610
37898
63218
4975
42942
57151
59277
15218
688
1090
19157
18300
37823
11524
44375
12586
7164
48753
21441
40123
56038
17698
35382
54594
22743
36868
65188
34005
56603
49867
47500
24360
25406
7897
37079
3823
59884
43710
31356
16440
36212
44538
15703
45956
6435
24711
41218
56209
56278
27331
43173
56793
3200
4650
8841
64568
4411
50411
63545
36458
51276
29671
40135
18272
18769
2607
27208
60806
40984
64688
50859
32774
31697
1466
31796
30500
52682
960
11511
57435
15680
25225
25382
46089
37583
57784
46922
29768
55194
7187
32910
25124
57741
54128
6921
64896
46977
21866
62058
22986
65224
3773
37236
419
40106
4125
37266
31155
32880
47140
15938
45059
62302
15093
18474
56541
48599
63929
33158
9979
20989
38989
63930
47978
46213
7672
42676
43834
2310
43226
60944
14383
30498
4615
19871
52440
25290
9736
4186
29311
49984
24594
60864
23901
27340
51302
13805
38163
14027
28879
2032
21668
37898
40418
26072
22393
15715
59190
49562
50499
13916
38911
36372
49458
17050
25573
34313
7466
37349
60495
35754
19917
8256
44330
29608
35002
29591
43469
21703
53200
9932
39196
320
58915
15958
29532
13964
59182
31817
22663
42725
15205
46378
43612
63841
57467
57302
14233
41598
63018
17625
33876
27667
19743
51420
61770
60208
26461
33052
21692
55763
55487
8858
40947
18144
13883
14441
1346
60104
11384
65247
64
61485
48297
20383
56607
25786
4088
45223
39446
59780
21976
32443
35188
6430
47413
47058
35421
2334
9269
5210
16306
22993
32523
35955
14749
7851
11295
42823
37326
33088
493
21556
8026
27999
50656
37146
12878
21682
1638
33815
18973
22930
44981
26532
63330
27133
41754
23520
51326
64459
60064
59018
16660
49652
13678
23953
60545
14701
64018
27168
37114
40613
48866
40691
49390
7140
10792
5258
33235
49625
39127
39248
25593
49978
37155
52583
17119
64425
15868
32793
50262
26434
23001
3435
27096
47671
40754
60279
53199
51626
59754
10296
61321
62209
21138
55937
36403
15485
59548
21366
33432
22579
29226
11232
59292
6927
4581
51585
18655
30127
32587
44531
37732
40697
36047
42531
28760
16380
32330
23391
30691
19463
12837
38691
2616
35110
19199
21633
39782
55975
16964
31522
40327
21499
9085
9844
60964
12307
38536
13794
6792
39381
63634
48109
4709
17170
25190
9905
13852
33756
3609
6776
40305
8642
43396
59000
22719
10131
30850
49730
21732
10010
51328
41374
15290
439
42350
43827
48237
51902
24903
45925
55331
5608
48694
9184
16053
50458
13434
60184
25174
33040
3712
22845
10470
51989
5400
30512
36552
54259
19644
25601
53640
56
9109
5695
11638
7646
32409
14300
22509
26243
49145
47598
8667
31068
51821
4763
37541
5536
50592
19656
27053
50268
50947
20822
60995
54033
36385
10149
10369
45125
58863
36756
36152
31317
550
15121
9144
25037
29383
59061
21917
17616
8515
37103
45259
58530
47687
50321
54438
28097
28375
42532
48684
62156
52819
21825
60345
31772
61807
26032
5278
56841
20272
31807
3744
24052
44952
29011
9555
60223
4518
54688
28546
8810
57944
22158
52038
20170
30328
61544
35688
34468
5433
42314
52570
19845
22499
46701
468
5194
29340
42286
41301
31675
63291
79
13248
46769
45584
57243
26450
16163
17210
25185
1889
31605
29311
40103
21811
44360
8187
34004
1976
45262
24687
59252
16144
16942
49833
41017
20251
14007
9147
41436
12288
3786
29631
8487
19986
16277
48114
26034
50306
47781
34447
8534
39334
45965
15850
16363
22199
40534
13675
50334
60822
7593
29971
32405
54334
61374
21268
9583
3225
3753
53828
36263
43098
41899
26485
52572
29381
15028
50657
52834
56115
44724
48278
20393
6567
14050
40020
44059
17255
28564
38230
54818
4617
31829
34438
44188
49480
42965
28057
5532
49425
12142
53056
33314
31426
58574
58924
40736
47250
29084
4557
53798
27101
14050
36587
55859
57251
38553
29772
42069
31090
13075
19641
51080
26054
27402
9738
35622
28835
48512
22549
17353
21362
49058
5189
43166
56094
41198
931
32707
20230
61161
24006
4566
973
17158
39157
49408
41463
24925
22230
54496
63080
56016
21142
28571
1775
46321
41448
46236
50150
8392
57340
25619
19836
59203
5440
52052
26208
33956
14432
59530
28149
42180
25797
20509
26933
38754
43744
39753
47323
36666
5902
16641
25920
29441
2991
52079
19156
1922
9852
33650
37934
26280
30398
18549
30693
27179
4023
2324
45555
24859
49465
49904
25026
23921
43362
52818
38013
9566
29047
65117
25616
49869
34479
36386
40604
35085
1794
17268
11603
19967
99
47819
47976
45661
60721
26991
52494
29036
46493
46346
43980
53190
35518
32808
50255
1057
51324
7300
16296
5559
39868
16747
13967
11357
14575
56565
47835
15896
2358
7268
60957
40688
27739
35429
33508
63367
20901
43827
3404
48139
2099
51878
24940
15143
4354
10919
16771
6637
35939
28994
13913
34533
64104
47499
21411
41928
55186
43532
24330
62723
14712
57781
54389
44421
51130
22625
20450
22669
35768
58670
5203
21346
7199
47889
43333
12609
5222
46513
21154
51138
58133
25183
44917
43568
63541
15791
52950
60794
43701
12117
15801
65297
52783
41913
30474
1079
38451
17660
8171
60876
13449
11634
20416
58550
27103
23371
17635
61818
59421
15403
20110
55266
57366
17834
45471
19434
40475
10255
36171
19293
50875
30601
3179
2369
46448
32624
34190
34039
61388
33767
17029
56095
3351
6867
4478
55329
5001
53853
32424
15786
53596
61606
11874
19876
24561
21813
9670
29075
62494
45234
1758
27446
3936
7767
10328
46244
56000
5407
54993
63441
8460
52688
6174
51728
64596
39379
55137
29356
19662
23828
44136
35650
50867
60823
38199
13072
14734
38970
7321
6897
47914
39178
20727
44205
48816
52273
41119
57886
12392
17187
407
1206
37167
11708
28311
3922
50450
2022
17152
48569
50365
12143
55168
28646
50483
44013
13972
890
32893
62705
45287
45040
31450
23856
48701
19958
29865
40095
1657
30678
42462
62292
5405
53176
28405
19089
45910
828
41492
56419
50486
36358
14980
22579
60467
21265
62873
57031
59439
10605
38820
45364
10380
24699
45330
26314
25670
16192
19011
60856
26982
436
3286
54476
30583
11835
17882
19732
27545
20932
52852
60519
7182
38473
36703
22133
32033
9388
11218
57306
49136
48919
43028
61421
30946
54275
43788
20661
45291
14833
33534
29350
26810
55146
7229
13312
21970
44392
13870
4764
7029
45387
4528
64039
27440
48720
48396
51694
41706
50878
43244
38452
57191
14609
5325
31053
26276
8250
47932
59902
12578
1665
59713
65054
53630
65226
6763
59717
57056
61880
26520
38843
47238
37360
17244
8936
45640
2506
28364
23333
11681
12889
60877
12796
5399
40453
23003
14129
63627
26286
26181
2591
55534
2675
11738
16921
35341
64447
60451
15750
58448
33395
9509
53706
65461
22113
51832
8900
32522
22837
51734
63241
28856
13409
49614
50056
13209
48231
59710
44819
43846
18406
40504
20531
2223
50379
851
10825
20026
14267
60066
12577
10468
5283
20344
59296
9776
43465
5548
55515
26539
27946
40536
11935
48519
5505
12420
51337
40330
15202
18369
33456
33697
26099
56297
5239
32809
33674
9060
18674
37077
60021
53025
18492
55439
63981
24062
45269
36559
13551
57101
1538
9486
28910
61040
60188
31762
7635
52844
13738
29228
59634
64452
19796
18669
39664
57390
17774
63460
10640
21435
46993
25347
40777
62055
30562
43180
36134
5621
27880
64722
54722
54667
11602
32451
27962
57698
31046
19543
23091
22261
20791
47737
5988
5273
64612
42371
28064
65461
18306
62941
11816
55119
61711
20087
25463
52711
17076
8374
21503
27292
17304
22651
48640
60941
35100
13753
2294
30508
16312
15386
30957
6505
5306
33646
53184
24991
17030
9523
55827
14863
59454
15462
9964
16652
18717
18101
56879
33654
26805
51115
24336
29341
37828
39512
54203
54729
4269
26386
40906
59611
45692
6988
38578
52744
26321
9766
10314
23843
65046
25501
12498
53868
10242
26837
2790
49329
39452
3472
54966
20984
59280
39782
60743
13143
57063
27025
15137
54053
15675
58945
12569
1689
41954
49555
49107
48581
59934
46759
23362
40551
64159
41072
55300
27358
44112
49518
50846
10757
45869
48763
10796
43855
23060
12884
24377
16001
28733
6559
35341
41786
39824
30577
1759
35787
7597
7661
51418
37385
44642
10757
9395
34652
6816
53260
46751
37614
39003
23775
15701
61125
19718
25386
45720
53776
27263
42958
64948
54207
49269
53910
22521
40182
53015
17987
52038
64277
51849
61176
15237
25334
62376
51050
39954
19489
4242
14546
59780
34000
33900
11080
30709
15315
57094
24902
40233
6816
34921
2379
8751
52642
59986
62689
58295
49255
42132
33640
39644
33426
27427
47260
64511
63196
19046
51049
29744
32564
40259
52181
43328
3711
42420
24167
6044
25817
65292
22952
32008
34227
6244
14671
18971
60302
25543
2238
59840
42867
11218
37957
21200
13355
38201
62827
26876
27128
27319
2929
20925
33284
1162
64621
47397
64256
41613
2565
30201
9283
50621
31118
7994
39459
55410
55733
45639
40301
25878
34872
11506
1419
63916
9136
9090
56648
49580
49889
40896
62177
7355
60064
2648
27415
58841
60953
40887
4444
64551
10410
25327
6720
28207
61301
32379
32472
21006
52038
43080
27457
6651
50874
33252
58991
50248
33773
42022
44186
57381
12140
8484
18459
32022
27261
51895
1979
56677
11838
46188
39232
46782
62734
56896
57389
38970
37431
1839
64697
20674
48426
9338
3590
30370
45469
55775
13817
19869
2186
28999
25014
33898
4581
30819
1586
29683
30863
10531
61602
60596
48631
60322
41066
28989
2326
31055
8254
38159
7096
17345
30478
144
4965
18737
48090
15400
15309
2123
1078
58609
51579
29013
18874
29660
58467
28749
7949
19388
10129
2703
16335
52133
63222
14612
58610
28437
64677
5249
53894
20589
2240
15572
26649
18214
6212
41851
3400
4675
47840
65253
25482
47689
39335
16064
13195
38504
51042
63497
41762
55347
6219
65094
2427
18145
55836
48353
65303
55376
18138
7910
3503
3676
42314
19628
13085
13683
64631
15440
40561
51553
64189
18517
43257
58636
8530
43644
3623
34531
6674
28486
2966
42351
26055
50351
46485
21001
64429
51651
58222
7792
62009
6587
6275
34491
19131
10075
26797
16372
28246
53114
7087
31165
64786
39507
13578
9027
53848
7477
18649
59125
23954
59327
16894
40544
52249
931
31857
64590
35268
55634
24825
33037
36226
25590
39498
21593
6038
35565
54843
59258
9916
40266
22524
50549
24706
34400
41379
1347
33485
63838
35292
43877
53073
55578
14436
10639
58074
17029
13991
28035
2111
33989
21346
47866
7231
3813
48053
24261
51195
33339
9889
15116
18799
18419
9247
63599
50738
23503
47714
7999
37470
13154
46375
33784
8561
16267
42396
7911
15322
61331
10224
4666
8949
61136
20444
39546
15004
52286
7331
45155
13874
9448
432
54482
8746
41974
58834
29846
22564
37926
55604
21674
29332
23949
6470
29699
51749
63110
40574
53616
57363
39645
36342
59472
24042
42903
28744
27336
29430
1266
13876
22308
18371
64861
55413
6746
19647
17919
8444
49316
25113
57135
2369
48195
61988
50146
62179
9644
16156
11772
57252
8296
25974
61911
39760
18498
57483
30347
34750
63341
12876
50746
11850
52945
3241
10222
17747
49611
43672
5847
14112
2542
23472
46883
62161
45617
35121
11551
19899
2428
64065
22137
33499
43009
44776
6851
17665
29231
62795
60952
23628
17953
34523
38671
7311
39066
29589
1146
56873
58103
13613
35039
59865
26129
46289
31437
49583
39135
30851
34098
45149
49039
2364
44366
12463
1809
23893
27754
19993
25026
37577
2616
1716
20156
40964
1706
23881
11286
64705
34037
33961
31132
47951
41142
49326
45318
27236
33899
22112
59632
36164
23845
8968
11580
32128
64454
48907
46550
6909
61094
19791
40637
48266
60025
51068
8861
7525
33004
56594
52681
36780
64298
1025
40263
42767
56113
46715
58722
6600
61061
25633
52692
36976
24180
4160
2620
26534
22557
60838
15911
17130
23414
27166
46454
19226
28917
6228
63130
47600
48317
36427
4771
807
37561
29921
18851
1411
17639
24920
62180
22173
15590
25083
21842
10556
3962
8093
11205
54002
51715
46569
47855
28447
64933
21614
21217
48585
52873
25511
41943
41523
56365
29355
62218
32060
17228
35510
36336
30007
18158
47267
47484
15984
51203
12815
6301
42394
62050
26270
27817
54048
37552
33514
21060
53989
38827
43294
65449
23079
52864
14693
63754
4752
39607
35656
29867
51716
27427
10156
61029
35645
51448
9884
24243
46604
374
33264
25893
54488
54613
7781
52229
23922
46426
56305
1110
25767
26998
771
22333
23982
52835
54412
25426
58802
36364
51161
31873
26450
649
50014
260
52212
7984
58905
12550
64354
58148
22909
12460
6215
45987
21793
39544
53260
46504
38852
43546
49042
25016
61543
8566
29272
1032
27746
52405
61343
60363
28434
62849
31619
41626
3563
65428
20698
14910
45384
57386
64145
18937
54706
54742
13593
21962
45941
46444
679
45193
25039
58647
23294
16755
59944
32122
54787
19857
29296
45626
34991
15335
19392
46983
35824
45799
32069
46740
18070
13895
44610
23239
32419
52162
36139
33408
56685
43809
24737
26050
33935
46382
29657
61972
3964
8176
23008
28362
18572
31417
8187
14276
59889
8235
47391
8326
44999
51627
36243
39536
56645
41808
46082
8224
29484
45456
28894
18375
6918
23667
12612
5785
47445
20054
2934
53730
15966
43828
38258
34374
3501
57031
37115
28351
35267
42239
12007
776
19353
54956
56985
23592
24246
36592
5398
59212
65454
10268
9488
22715
26697
39526
62397
24306
45199
48503
57821
30769
29073
48287
62205
15441
33104
38991
12672
50247
33652
23416
5154
23344
47875
42627
41030
25958
38947
14950
35938
17679
28793
33452
42069
55167
57274
23097
57626
50066
7216
48959
18401
60697
53918
60654
48423
64843
27960
20780
12264
40212
6870
56470
30289
5615
48897
55694
46654
61489
13004
47053
48670
24786
58287
4602
25569
43431
17475
11153
62221
52280
44154
59168
29834
60626
54557
32174
57145
37463
33187
39048
24492
37773
34687
36086
3442
12543
57245
37010
22669
41023
52044
41340
27025
5471
46498
42306
18029
17571
2676
26706
6921
2756
36257
26717
22161
126
27808
15475
26769
30162
57875
6959
35123
61590
43271
3952
63804
53952
6302
32005
29853
44981
23312
28782
55311
65421
23403
18289
22253
60218
11055
64368
48859
48382
34797
2425
36293
20708
43134
52381
25497
27113
10454
37971
45407
21677
52185
32285
12598
8209
32403
62038
43881
57062
3639
65204
7933
37499
31408
14207
9384
1810
25954
7979
39206
61679
9774
11628
65401
46454
59668
23516
62099
34027
56108
27577
13844
39634
3932
34625
17325
63033
42442
11616
51326
2533
33943
20362
60597
21029
21036
51741
6454
35265
13817
8570
44976
10175
13512
4030
19676
12195
46289
14145
44417
15760
35780
1770
40648
16754
7454
6485
9006
49455
8695
59488
30314
13574
41142
34692
46934
44108
34141
28164
33622
49749
38394
29550
38682
65106
49690
39395
2350
769
36172
5815
47622
13358
44852
51497
25392
46341
729
55795
40653
48259
16026
56776
18120
14872
12568
33713
34353
63265
14087
3303
38251
45815
17038
60410
9587
21508
8601
23852
7351
31790
24156
4651
15015
52337
32028
35032
45665
9531
50231
23714
44451
8910
44795
57558
53389
22822
18433
29368
12599
21187
13904
14749
29483
31358
20927
60925
55204
40134
13741
5465
36376
50248
210
44233
21014
57777
54250
64033
27883
5747
8138
38977
52406
2127
61007
42366
39639
29952
59662
55880
46342
52494
6053
8912
9662
45945
18493
34367
16426
56137
8929
63355
51924
50861
29469
1350
4916
5749
23973
62795
52469
19969
31129
44670
56211
32050
41765
12769
40933
26130
60338
3971
56015
15273
50723
22360
28932
61705
38170
51518
25170
46852
60390
49367
58935
9353
59827
2430
8146
44920
3340
61869
6983
57031
26877
57263
40460
57647
6352
15805
5626
63951
34604
43353
65025
12982
50088
33724
13785
17071
53250
10223
53785
45785
21120
60142
44000
2634
52317
46543
57129
22544
2980
49516
30606
50587
52439
49832
3194
9641
62612
63582
36090
65408
48752
23243
51392
22184
11053
35200
38480
22903
15488
9141
9302
38076
36222
12699
17302
20331
11623
3294
2139
64696
24580
17177
62978
36688
44099
33416
44102
58278
50721
11325
49471
23741
13811
61792
19571
48466
8891
65065
26897
48526
56716
62377
36410
40065
27415
4070
59240
44043
53120
18099
525
63187
36646
21097
11479
13219
8264
55440
41999
22251
13684
29730
54272
9163
18811
5791
11675
35317
38682
15346
40887
58848
12797
39331
26525
30459
64552
10582
4462
53284
11799
42613
18834
30827
59754
12531
30136
28161
6566
36013
8177
9925
24107
3077
59254
46465
61265
24626
39618
53860
4541
36107
26947
60581
6760
26443
16876
58383
37997
47983
36863
3467
61448
18288
29390
62181
30023
43473
1557
39110
7753
7927
38403
6890
14216
45949
34177
20937
53005
20875
14084
27620
55668
30258
56853
21818
16691
24732
7480
35964
8090
33840
7185
45566
55542
49991
2543
24251
55125
21963
61205
41558
63460
4289
24112
3813
60696
6537
49151
19521
34172
8904
11233
56905
16254
65396
61028
59966
24811
7077
7260
24566
45459
34032
48349
17644
14966
33451
29806
23906
29066
64545
37230
5847
21744
36768
62068
12570
2465
37505
25778
8082
26507
17278
22838
54220
38116
59637
58848
21860
33592
12774
55979
18902
38378
31244
26804
8866
37476
20995
27329
15758
9802
53753
46860
63530
7233
38210
12441
1055
621
2883
56978
65163
33210
25012
53827
24771
48902
10858
5654
36707
15309
48400
52751
1897
24076
47179
38444
7608
52421
8188
3492
45880
19699
7595
13462
47423
49413
7694
32162
34291
30896
37724
61822
5562
57745
6115
6460
20769
44878
11841
9220
37723
6782
25409
51535
1331
786
43252
3487
14655
28881
26823
53323
3477
21444
43918
52095
28524
56498
21872
23884
54130
4485
337
16298
39421
10514
38021
22767
4347
1559
38565
27614
18364
30599
13044
55093
49630
22064
4337
64881
7552
58666
53464
42128
8404
50023
22029
30225
48098
387
29086
52332
22346
29653
20465
45825
30333
18386
47456
14882
45700
9288
51404
62315
40497
62428
6950
33801
44002
28205
11970
53396
40592
43581
24128
26876
17080
26280
44983
44385
33153
40126
33768
28203
14624
37098
30257
36238
34567
36301
19051
60287
29587
47349
39310
5228
44775
38272
5278
46925
60931
1168
27686
15114
38959
23485
154
25507
56457
51623
13551
36447
48512
34101
15358
43358
57155
15692
20993
15513
15297
9682
45170
21949
18267
61848
61765
60389
40308
44701
42371
29768
41993
37444
40350
14182
2962
47480
42082
45127
58390
62107
10856
53585
40563
35270
65490
56794
59943
11098
19042
9970
61608
6771
45441
46467
2300
60225
821
57022
41379
15525
53598
445
6607
1863
49931
25780
27733
28472
41414
5770
32420
19652
15574
45730
21885
49904
6664
26778
9981
25783
25837
17904
30263
12553
21039
31455
9669
17605
39631
42672
11128
56068
8781
18510
24166
24895
37777
43102
43324
46162
942
8972
13190
57068
63780
1138
1764
48146
60111
1775
22313
63618
149
43376
39110
26207
19301
52381
46724
49480
7564
60482
26222
7005
23210
16635
47481
25791
18327
23026
1847
54557
59968
21071
22596
48249
56500
44326
263
38379
59095
26287
61807
63931
15440
27695
43963
48277
20023
34210
51554
62870
38619
37514
2768
53735
35312
21250
3534
54844
19116
30032
7637
57501
60336
39630
31331
7249
43760
34162
54780
64886
36915
48687
47944
21608
22689
31235
53338
65011
62367
43906
65515
34283
58483
46255
53290
32558
64425
22524
11072
19811
24710
19951
50633
30556
49150
16319
37947
56074
12333
26246
4489
48929
29986
5517
29728
48367
8517
53113
54867
40564
4687
14382
12695
42330
35763
41450
65115
65286
53432
21605
16981
50659
28673
49141
31911
5574
41948
21585
23960
34615
12405
7652
827
16774
47793
17030
52227
20985
63032
21642
27111
6100
27483
57805
45451
21159
12716
26968
59802
45643
5907
59158
21198
58917
24904
40964
24371
45366
16930
48094
5661
28354
2107
56981
28646
57713
47788
57257
2165
10769
62501
41121
989
40784
45031
47866
12023
4826
13851
28597
44530
38543
2801
7781
21363
63105
49377
23094
53318
28988
6492
40783
42008
29127
24213
62698
12058
16371
21980
40184
65028
15660
27186
58854
63898
53620
580
28565
29254
6515
36149
42453
52313
27351
11994
48995
26365
30172
11861
49825
18877
56661
7160
17239
60506
57295
9080
20864
54827
36386
28918
28646
17798
56788
2741
41359
24149
41464
30619
44940
44199
42448
46010
43407
63776
39158
43112
37072
24647
10421
38308
344
15964
42310
42765
51177
12795
52693
10486
9544
56628
38385
12012
4301
5120
1319
13947
7529
53552
43575
59395
3313
40268
4808
55500
2369
26162
13003
30712
53658
61623
4861
64214
32586
33749
28717
38836
22293
51472
2180
52461
63072
44610
5926
20067
2754
6167
51879
65468
25126
53336
29627
36981
52399
4654
43675
20274
27013
11914
32370
62633
31007
37325
62480
40063
1579
45105
17325
53120
61342
17696
11689
16620
37841
56428
62958
12388
64234
6890
64461
21203
3081
31507
29571
7338
36591
7800
52153
26160
5625
26010
50041
6870
20993
19257
2789
62660
55384
15645
53419
14518
19186
20158
3134
62793
16399
41916
5619
17436
2300
61384
25664
35957
22631
63794
20476
38688
10486
55026
56690
5879
24936
29961
26624
3060
2699
43494
46801
5469
4212
27728
5470
20147
23332
49055
29053
12631
18887
22091
58209
48283
40208
27589
10874
28193
32151
30198
11336
30054
1835
47943
12304
31935
3311
39328
29722
35569
3443
43925
50177
22317
20265
40614
18174
16997
18785
24269
12243
29084
10964
17006
37831
49631
28455
18126
27272
16301
1346
47048
41139
7366
43158
38705
19443
10627
55720
7941
43364
19982
51320
36361
38538
3849
24164
48334
33623
9061
11064
61409
56059
63580
8455
58608
60136
61252
56386
47396
37549
3709
30813
31478
18614
41600
40957
60548
36223
26582
61103
21194
61585
63642
13692
53517
62878
46531
2071
65193
520
52233
56900
16868
14646
56927
37731
3215
40525
64842
48737
51800
41835
47938
64229
40915
49293
41805
6833
23724
33465
13994
3393
60681
40356
49634
38581
28031
32449
45437
36938
26352
48007
50373
36500
44348
37354
45889
1507
4869
49135
17601
15064
47154
49952
14265
32465
37498
45614
63993
55114
4215
29213
7694
47452
5049
55519
38381
9257
48355
11780
27807
65169
41774
38672
4038
34874
30913
10455
37306
62961
7644
18035
8075
14280
20502
22696
28771
13130
56973
9623
52331
64246
761
65036
6013
13012
1516
11817
51687
28464
57422
35613
27105
46262
64237
46126
17211
5479
60491
62720
59086
12930
10318
7163
65387
56890
45986
44092
64532
30478
27826
58012
53367
63485
2131
12422
38194
12629
8705
10681
17263
38233
54828
42424
53425
3694
1330
10427
4658
21607
60350
64960
58480
10225
45164
26812
35934
47539
1195
44898
52109
25942
12881
39644
58333
58358
19247
56262
52302
8530
7830
51875
57711
31687
23762
61966
38135
13412
35664
26511
62537
28652
47470
37518
17624
12178
3917
56110
51711
61741
46282
51066
12809
33792
59714
21743
29645
12472
18871
2783
48358
7986
16246
50595
115
47116
29532
13233
4526
19894
21475
28686
46562
55081
11481
39794
14276
432
15991
31066
63329
37920
37870
50454
12285
20505
11160
12661
17855
8573
1183
53961
18343
30822
20617
899
3299
47840
33968
52112
11179
52087
63620
2586
48738
3041
10217
19693
26441
23737
35744
40020
38787
16667
23562
46709
9624
11008
6505
19193
6859
33420
43000
49112
7902
53804
614
41583
28164
22588
37301
20002
61110
26195
17127
46343
38413
56445
30335
63090
47017
55131
64047
51968
13887
31292
59133
57388
40243
21675
10296
49148
38778
3922
44485
34280
55090
28285
40442
50437
58337
39904
15037
17945
49944
561
27633
60201
54192
2451
35925
59793
39120
55961
15024
52379
38508
4219
16776
54589
56008
40716
37115
60582
57336
32747
47000
8415
41662
21595
14664
26579
32334
45040
45418
64908
14640
44848
64750
5962
27040
55143
16015
27149
24132
30256
48407
25264
48506
50882
30012
35983
2300
5911
43668
3504
59984
37490
2896
44027
24314
27618
5270
6014
1104
17566
26065
29717
7139
24755
48603
54974
57089
62018
17892
23705
1753
26763
21152
22110
5478
9849
43221
42384
15802
43930
64909
17478
18222
20103
540
1911
105
22243
40991
13146
24831
37486
48181
4644
57819
809
46712
62156
40314
61490
17266
20009
22903
37676
5376
25207
9439
8964
26347
10716
2350
34154
4004
54070
65396
40029
1805
25489
51160
54331
53449
42241
49230
16491
41066
21431
24211
27856
26761
64793
58758
24510
62648
61240
52526
28488
53217
18820
51435
58434
3096
62786
35819
22796
38569
17198
64503
11906
37331
428
39878
2943
58951
3879
46818
63216
19524
28301
26639
32508
23412
15767
57639
55110
57783
32814
10634
58385
8304
37146
27659
60107
19719
42206
39323
53136
24904
5818
36730
3176
46629
42366
49080
43094
35557
56857
29990
59566
64653
32580
48783
1264
26191
63882
34602
43623
8542
27104
60009
53835
39107
1422
46303
1362
19003
23786
58690
45875
27103
9727
2453
13401
45848
20746
48162
9706
60797
2019
11010
35330
26220
33777
35492
7469
49237
59543
44362
53992
35199
28125
30477
49627
47138
41778
5845
48563
29665
33651
31130
6040
29844
62222
47932
63867
10379
51845
58465
27406
9835
51692
28473
55205
21038
58760
22324
37221
46348
50543
29672
8713
17951
37559
18815
44350
21973
34800
61918
18668
892
15871
27413
44927
26223
56767
31540
46615
17291
10628
19259
55827
5355
52998
17004
13559
36023
20494
53619
10215
40343
60372
4403
48321
58619
62673
63907
17310
49136
27110
13651
41555
13282
1685
49991
61288
61540
18098
30135
31518
18040
64061
25467
53276
7234
40871
24974
1982
28159
25969
6759
40999
59291
52031
48651
39293
12467
22028
3295
61331
4858
17403
31895
14411
22904
24272
56335
22401
58062
23200
4400
862
25969
45206
60715
28549
47223
33835
6860
39520
24400
17063
40772
44751
47980
53275
64475
40344
16783
14307
2548
35123
33188
61862
9462
63038
40871
38687
59740
16167
1
28571
45995
37398
25557
6892
10287
1449
38737
1
28361
38980
61303
28941
48103
10707
4104
30884
55539
48188
7792
36837
54325
55298
10
29232
38911
536
32772
38449
8758
40441
3556
62692
59027
32920
37347
37998
10355
61656
40407
54425
13593
13845
15169
22222
10069
37862
35284
8412
42672
47525
34217
46793
1001
38506
17513
41965
36739
14091
47679
18702
36026
56442
33025
65078
35215
33370
34904
63304
26667
6716
28613
1570
28024
14221
61130
64814
61136
44208
15483
55115
26809
56974
57571
5059
11023
23065
42343
3826
8623
2406
13581
27218
48135
17123
49322
20347
57461
9931
53267
32640
30898
599
29782
40438
55607
31746
23948
17862
52806
57782
55996
52907
30205
54064
61172
14913
11309
60495
22655
19823
1792
15389
37096
4454
55779
25160
56482
20207
42999
15348
38210
58
44513
14617
23672
14911
58950
22170
38618
12996
12558
23914
41883
13642
18322
42468
34938
59868
19355
3188
28333
39699
30459
20380
27866
55573
61489
41665
49393
6122
6969
35663
21227
10390
8025
27730
60928
65426
51944
39958
47977
34403
36872
23057
36505
9282
19654
48227
1173
43128
28763
33115
20928
8283
65045
59906
60206
10124
35193
21941
43242
585
53458
60668
33800
58694
50200
33685
22157
565
17404
46344
63292
43084
8406
52698
8185
21390
49614
18556
57683
13124
40193
25052
4348
760
14748
45957
56047
1279
5441
10331
64590
50497
61155
44966
17196
3005
33362
1137
451
23474
14251
50193
44524
32198
5639
13360
62066
57635
31931
12375
44329
48561
25082
18533
64213
14737
46638
21535
65089
22562
58569
62465
55988
11268
35542
26819
54306
37112
12392
61980
10966
34786
5364
9437
42774
54707
19061
16472
63036
12482
40159
27812
19898
48435
65392
14123
20232
44278
18665
23538
62601
15994
34832
62426
29030
37231
34887
29905
28422
30635
44890
37535
45868
19095
32699
21550
19186
44274
4962
14450
48804
54267
9775
56502
19646
12239
46232
5783
12421
53948
17455
1337
18581
64446
32736
59987
9957
31857
43672
13393
37694
33002
5945
27680
41030
17174
5312
26452
24022
23341
60376
48393
63016
48898
49292
34636
53020
52854
25759
200
29592
56771
39441
53168
9823
35439
10839
64964
8380
851
51082
16424
6189
46836
10128
35821
13889
17133
16594
28439
24709
11789
40457
34049
54802
17195
30608
13708
52889
39197
51700
36916
8222
40525
48652
21668
24653
51477
19975
14966
20876
47399
36247
1996
38322
1398
38238
56482
13548
33801
13155
62707
30457
47642
30944
25159
9997
32204
8191
40797
41952
18514
45708
42145
35548
12706
62244
30691
12237
7203
38066
25431
51655
11008
39670
59116
62051
9833
50639
46514
29850
29360
14696
43803
43883
31455
9830
37460
46354
58065
6521
56119
59557
11508
19146
48134
56861
9005
33168
41839
36811
22925
63603
49382
35404
6146
64513
53894
14411
52164
47860
40063
59079
10630
7039
54966
14756
8657
22029
65128
7381
50215
65083
2812
64587
12904
13026
38544
5228
29977
51050
3531
19568
22794
1899
55716
45788
54702
52861
1225
51224
62464
18727
61195
51733
89
65037
51088
36101
31832
40099
55604
37010
18701
59479
5265
20672
59477
39669
54775
15931
932
29178
9792
31370
8908
590
63145
48533
12799
3476
7176
8980
49022
20689
14795
57857
41259
15348
44480
38057
64308
43728
13728
60672
57331
3377
1299
4278
25929
48664
57006
37673
48238
22308
51810
24576
6038
53691
65339
12641
599
30088
29103
7363
33402
49354
62426
35429
41572
1945
50234
38278
50530
40346
59700
43983
51602
16300
59585
9502
57595
1761
9958
58283
45717
57670
38625
17865
42838
44730
9100
51430
40579
48961
59140
53629
35843
34475
21346
27868
13213
57604
59180
9199
17169
4785
12114
14044
17004
46176
9647
56751
54825
30235
9085
46825
4370
24503
16878
17487
1798
38569
55950
60998
24610
43097
23249
46373
14730
1956
53885
56046
54207
31611
63179
33895
26747
58318
62861
31457
612
62884
50060
43427
17125
22111
32389
35052
34969
58722
22440
32049
13493
17159
5730
190
49671
31698
17529
4393
30028
54349
59985
37487
16231
52427
13915
49222
8680
40965
38489
58913
12090
53004
34154
49107
46918
41681
60178
56076
32716
57998
1391
29259
54516
7911
61471
43939
33482
19737
45692
36153
37139
22756
39851
40608
54313
64551
24488
8603
124
24645
34034
43493
21388
19845
56888
12846
53476
48900
52541
23049
34467
1689
21246
52179
63920
44161
64144
45061
59795
31402
45021
33054
34017
62451
29794
33811
46393
18271
26139
21804
42156
3110
59583
19993
7747
6615
26631
38968
6376
45438
32178
2270
6093
18645
30529
18043
37180
299
64050
11069
19953
2398
10809
4826
57814
3380
47601
35579
38577
60233
44584
42489
28087
58476
55497
43212
20824
56934
23744
4782
60384
40691
20452
3969
62039
41807
52554
30030
61566
26581
11108
52779
58689
4873
34694
65353
40957
53390
9864
33176
3263
53545
36458
20024
10655
64165
53360
24965
25326
49451
35236
30338
14582
54569
661
45776
48938
45882
5179
47482
65323
45667
28583
48616
19743
44042
18330
4325
57753
19844
61871
23456
64324
5788
43068
45481
44510
55523
21952
53568
47125
30102
22653
25056
12746
30138
55058
3770
40817
13681
9838
41229
7138
24333
14901
33125
33551
9594
21887
27301
40134
1639
44915
59880
9855
19494
32400
8849
55989
32031
20099
50097
25904
4621
16929
36887
35866
389
41784
4738
6105
14182
13457
38178
44795
19933
31244
2686
8444
8368
10414
29665
46529
36500
53898
60629
58879
24971
59369
40804
42389
25104
41584
50845
1794
63442
5838
1335
19588
20915
45301
24999
50556
51990
25726
37222
56242
16449
31989
52485
7674
45394
63808
28857
29898
63007
39557
4038
21779
50681
39372
62008
37006
25106
35112
58977
42465
40477
2186
30557
35574
15720
27781
12230
7117
22586
10179
13787
48612
36263
7744
31474
10395
22182
62036
63487
40000
29914
11425
38508
53275
61751
29844
5300
60594
5165
59809
62282
55539
62270
49292
32721
15768
6509
27279
58164
36062
43071
17295
4176
44630
52568
17933
19371
26225
57538
46763
3476
37459
10702
62162
59867
49025
17502
63502
48108
26571
39439
61125
12295
50401
43352
61573
20694
51057
58923
26435
28202
6750
12498
34574
28178
7515
11712
11900
64121
5378
21775
23065
1799
37595
13577
41924
43800
64604
6216
10400
15489
27775
36480
49422
37347
21484
12128
54189
55879
51994
40904
36987
14544
36308
31842
14312
25691
51177
26267
50809
44014
32499
38600
50802
52049
60576
62530
13081
48575
25583
53787
53567
43426
61406
5169
52311
60969
23868
9554
42622
43107
43966
34198
29892
51451
38447
65121
15563
14447
25264
42481
14725
62325
21273
51810
52716
16439
46997
956
19038
48226
51535
58181
47235
917
45957
44168
1042
14792
64080
65419
11438
4633
40311
29987
11703
12539
24464
51926
29764
20863
8516
2076
2800
55384
17402
9461
15599
59882
61929
32313
54230
50835
57415
42500
54759
1298
34942
4369
7711
52479
32648
48170
10017
46896
20421
10282
54468
9279
58190
26103
14259
46849
26678
33120
62467
33930
26087
34021
20440
33888
15780
32935
24098
53058
42072
28102
34091
624
3947
62379
40103
15357
50921
31326
21621
61675
22163
8673
56787
64837
22061
46602
50109
21417
45640
28089
62087
16967
12619
42768
18365
26132
49814
61069
12879
8070
23361
2497
40657
6556
23428
19077
55928
37564
12186
37560
61605
61990
28214
31567
16418
22262
17172
3498
22502
14319
27148
34364
59346
42604
44699
44359
46332
27300
24880
49491
13222
47676
27109
55734
10452
37936
51500
55328
44046
40785
39082
61431
61934
34509
45954
55122
59710
61909
60654
3411
32027
6352
44141
23719
43186
53377
63169
5826
40385
46184
4841
7138
48753
32141
1462
4707
10957
31014
26470
6700
7917
26683
34903
22850
17540
38888
17979
31917
12017
19071
58745
45127
8588
19013
35823
16491
32943
23290
53204
65219
55228
715
12635
25240
44113
56028
52834
54940
50335
26638
56947
52879
24261
42981
42459
42165
34668
42380
56388
62817
32089
55935
16622
40773
64663
12874
62926
50520
41577
26722
65491
64500
46190
34463
21422
7538
63571
45885
53008
36508
12156
34731
28996
28092
14540
64893
11120
583
27803
19029
8011
50871
39867
29686
57774
64192
61642
1279
46176
45248
10867
18420
10023
51245
5461
53138
23898
39164
40102
7271
13689
53788
8283
55808
16962
44027
26307
64939
37283
959
19041
1656
37542
45234
52085
22284
28363
29728
20662
42436
15527
13236
18743
56080
54212
6697
60473
32820
38814
29524
47790
22909
63784
44209
31111
63809
60354
5645
60710
59265
10463
20409
6340
9564
46013
61714
22145
16239
56444
43727
58887
54654
185
50391
18918
26684
33712
64489
15887
53417
20904
51561
38276
49423
59384
62224
49814
24160
59847
50227
33073
25557
22630
40400
51650
18692
28622
29089
19792
21439
23286
60417
47288
6428
56743
14326
50519
44444
43933
14448
16615
25965
9001
47457
15436
58745
9256
63935
12595
38119
46168
63340
32197
1785
43013
23391
35584
22410
4542
54679
34086
64426
26090
47009
17995
17888
36559
24998
39294
16879
64754
23426
20840
45852
59329
65369
11951
60878
16706
41265
42202
3922
52323
47118
377
12499
63491
37618
10127
52394
15494
16223
28761
31824
45286
21313
2028
485
6726
23533
21758
39086
58292
42959
17794
2653
18474
7899
20801
24207
57896
13569
19007
5748
47581
38718
13783
40339
43059
36431
42209
7206
43014
22554
64620
1249
32487
16207
45860
32568
60977
49713
63432
46841
45159
28001
59508
36979
9905
57192
8724
64003
19309
38575
1183
5965
387
41247
4274
3366
52275
29547
50163
50884
1609
54772
61728
47948
56064
63375
16490
14249
54998
55395
37426
42221
48928
26480
32762
45693
36132
53939
38987
33599
19558
50008
35796
19880
61763
36607
56705
13765
32322
8862
1083
60026
8652
35642
38966
64536
62322
19840
33045
35231
43721
40837
5538
15663
45239
61719
38024
43012
41744
48884
6463
55352
11017
45797
10282
21025
39947
34103
58809
62088
36347
4500
20242
24666
23001
18210
7970
35612
3308
20439
19414
44889
63815
63316
10206
30889
62284
64333
42610
907
55041
14083
62264
37094
37150
43529
33692
55368
13642
51863
28851
4902
56381
36196
40337
44064
54496
53003
52054
38407
31329
24534
26279
7337
51253
35805
43807
31749
56849
47351
27168
4256
11029
54097
29403
24051
25980
5188
61238
15324
51002
20204
18124
45816
49952
29977
22466
41623
23737
58213
4125
20287
52673
49031
51775
32425
469
7024
60134
50914
50501
23529
664
1154
22271
44519
29544
10030
40087
30979
14328
62744
2705
11276
5612
62141
8565
59613
29660
58437
35767
27015
59189
1088
63064
20709
39922
22577
44802
20517
57253
25297
10399
58778
42700
40939
42046
50932
12118
7200
48658
41366
47508
36940
45886
64669
4218
13269
37940
40102
12451
14786
1661
33355
8876
22010
21845
7547
33326
5898
63469
61997
53916
52615
17988
30257
33305
60859
45714
49810
6276
11361
9959
10183
29072
60284
28593
65318
2784
35825
7195
4543
49216
24176
14982
39500
58523
43515
179
32027
61050
46145
34734
59116
52493
63040
10588
59005
20968
26113
6808
20767
6131
52528
54448
19866
11143
12989
10729
54883
8657
14848
51711
58738
18436
17084
62316
20217
21122
56357
1577
57335
35337
21327
22941
21476
23463
10662
16560
3044
60793
24019
54350
2139
62348
63463
25678
29633
22337
53881
21071
10683
6150
59585
52028
21466
4237
52135
58777
12815
1121
62845
29548
55021
58404
47289
43603
6999
7484
33130
41772
45393
62265
16417
15651
22917
22579
11547
19420
59853
27344
25546
32956
15655
41321
61582
8192
6559
47574
153
31505
5199
24006
899
23389
52525
44265
40828
57545
30972
65455
23980
47376
5826
46880
17514
56688
57314
42421
19546
25438
59507
39144
21922
42983
30816
38785
56920
33431
40083
44727
647
38598
7906
31445
14443
41963
34209
35926
4390
7595
47192
63792
3803
2667
45369
50546
7834
2376
32382
19817
12679
7133
31179
7071
57970
22184
39796
504
13266
3318
43332
35753
37582
37570
24562
60241
33783
45955
39510
36328
61690
31084
60352
53854
19267
39141
59952
42562
3945
11355
29166
33523
2966
51539
19839
2657
48230
18042
31071
57261
27403
15
59379
47490
37951
32259
4605
58142
10788
43491
13927
37512
48435
33687
16962
9265
46047
16181
16225
3661
20629
30687
214
63310
15485
15499
34227
17503
12383
28171
54134
30656
63133
4036
7140
51697
36478
24189
41116
25053
10455
31680
25675
30572
17950
53234
47103
30855
36390
24697
23294
45877
55310
40572
40146
35770
41279
27990
54538
37713
10115
37343
58223
27622
47088
29522
7918
53766
36560
32398
53183
909
5941
46283
50837
43621
62328
49183
35840
18177
36233
11964
10210
11457
9177
49519
13969
11788
48422
865
39753
24883
15541
14017
58950
13974
17359
13674
41409
3210
19017
47810
37949
32227
35978
36932
48421
33801
19394
25584
39644
30482
39597
53093
48810
17037
5837
54331
59723
33962
59660
3586
12507
688
25448
48213
11185
732
36819
57821
21467
27928
1069
28546
51448
57170
22278
37312
22142
6959
27262
6664
24661
34886
45050
54463
64823
50588
1065
64553
41714
50061
13513
6935
34081
59291
52501
14437
12256
10622
27126
22856
59944
23645
19301
50097
36940
60082
7765
57252
5890
42553
11468
5807
64785
11044
24678
31118
53381
29292
19970
65346
60957
16654
34802
38108
51810
26143
5265
12056
3581
35429
31645
24565
33267
48069
58348
49659
22395
11616
65360
58109
752
5968
35511
27932
35847
7724
56924
61346
95
56131
37263
15528
2983
57185
57266
9621
43156
64641
28253
29493
27790
14938
58493
24182
6815
9542
31050
47304
17843
54548
17942
56321
8875
35735
32022
46027
9838
33417
10523
28124
52871
39571
50886
49836
20200
34379
39855
3844
42593
33598
26700
52867
17995
47705
3940
25290
43856
38122
26079
29931
27370
4715
12818
62682
31578
9221
3462
14863
11380
62568
1209
26465
31601
11590
49357
42033
36915
49566
12999
40449
17244
46858
1379
11887
37329
49399
6287
43732
52228
14281
16774
40833
32346
42812
5373
16529
27083
29958
52698
44544
26264
43614
44463
65277
30925
44881
35607
29184
48321
3265
19975
28793
26155
5467
6085
36085
35550
28657
34236
8645
20246
13111
70
27717
44658
40267
5212
55866
13927
65238
36481
62297
25872
33161
23788
28179
43135
17412
22351
17413
39082
46005
20380
6932
35047
25121
4850
29817
8527
22290
10726
10093
36937
61760
51165
62866
10975
13617
57113
54418
1910
4188
13326
3009
64951
41614
34429
34000
57816
64144
16641
63652
50861
44141
58815
38812
63621
33662
28118
30473
50411
51682
53222
21190
9522
38569
64958
58846
5287
27751
19811
46727
10603
41358
44994
52331
57149
47936
61680
45384
41384
28466
46543
20602
60093
55036
5100
29531
27742
52624
25413
60145
9108
61213
835
1942
35604
26886
39557
17078
15907
53769
62691
14238
55839
46435
48681
17802
25653
5654
17922
9906
50043
1064
5742
47618
20230
30053
29090
52797
48369
35584
33230
46682
8605
65136
1621
37653
49805
26506
26905
56599
38071
52483
35847
20953
36585
6430
8475
50312
60708
51920
27177
15282
31183
22607
53281
16336
19159
60609
47422
12544
46859
24598
15764
38986
32562
60580
12015
21869
5977
48780
22921
52442
34361
22321
50435
50268
49566
43583
50872
15752
10862
21104
60094
25053
5447
17131
43259
1053
34787
63963
12068
26335
11855
22576
44762
7382
38690
64743
7746
40532
11001
11453
62429
44345
9165
13752
20495
13502
64138
6160
9395
18570
45752
17522
8632
19545
13371
46993
50519
22329
15927
50257
12817
838
8491
13592
46482
25149
52934
33422
31005
8024
7962
55167
7397
58759
21994
49775
39868
17331
49266
22267
51520
31710
33201
39582
29987
1909
51168
33585
14786
8218
8011
47015
61211
35653
23528
11778
21108
2409
40648
65408
10963
25213
16250
41634
65149
22368
6900
40010
54888
61758
28527
41341
42757
41771
60866
22396
64412
37709
27604
50219
8676
56884
32014
47008
47608
65180
18466
23164
25552
63444
49792
51335
26448
32890
33099
38073
52952
4860
64661
20494
30218
31282
19457
53386
60964
29139
24855
18008
5880
35380
54556
45296
2007
2659
13626
28566
32659
4836
46107
45968
61758
22181
23785
32108
20551
13910
59882
54890
22575
13090
51880
3007
29082
61173
35311
33651
40593
56612
23289
65120
44610
31633
31080
32236
14476
10203
18179
38644
33892
48631
11706
34600
44199
24169
8098
46304
1802
61712
46832
15374
52139
40806
11309
55079
52868
37098
6572
29668
11246
55687
56953
11389
53815
52517
32074
19339
27148
27802
48432
31098
6689
25585
31587
46116
52895
59380
38930
45046
8770
7114
54862
32875
48056
64957
5795
61674
14473
2639
54776
26253
39326
46703
3774
12374
40496
45464
9137
45555
18008
55301
40325
4815
53624
3242
26243
3682
64601
61704
18030
9218
29425
28545
35847
56224
18659
63018
36031
62135
51110
4005
1617
36441
51363
17042
2160
23205
13084
3970
60451
32559
6340
58222
31700
23895
30540
54117
50459
62874
47259
54173
46837
16811
64374
8870
53056
687
34446
50970
55546
3571
64374
16424
60632
44358
13890
21700
42752
10908
62726
19345
54111
53812
14897
43228
38314
16711
63333
52333
60427
59402
42322
47325
13353
16938
27869
19898
33531
44291
48076
1756
17825
28396
47851
63625
5018
10547
48279
27851
28642
62853
53727
21148
23930
8179
51536
39111
59424
24421
37625
41123
53833
13045
12263
25039
34165
6121
12797
34290
8559
12450
1209
41008
11765
65018
29453
29207
8821
6319
25537
55343
18616
17230
29091
62023
29670
51097
51441
64111
15998
37080
34686
59187
50464
6549
46191
25704
11874
4983
57089
57334
38569
50815
46542
50324
970
49237
40197
29580
51945
47398
9186
53903
49221
58655
42957
19409
56616
29578
21607
58325
5606
59610
17147
33162
54426
31258
58892
30113
35040
59789
3178
34345
7560
51430
31616
10870
62822
6729
42679
60461
6863
31961
24623
16214
20467
57392
63601
55251
4782
22366
32825
47135
52853
4330
14875
28053
7307
48174
3879
47909
9585
14697
45221
41611
15709
58753
56528
20126
15251
58806
17709
15449
43138
44331
8779
51631
18290
40761
63758
65308
58175
28886
65397
51467
28801
25912
19036
57558
56941
54091
59711
8531
55555
23359
34775
27231
54655
6229
34624
1081
42916
12125
62289
37177
52000
27921
5518
51729
60636
63173
6520
47804
55727
50185
54493
27661
5664
54377
33858
3219
12471
1720
49930
58154
8714
38277
5908
62234
285
53022
2830
39793
26248
64695
62122
13516
60201
62724
38667
45490
19124
25383
36762
49424
59202
64687
11374
60242
5034
60558
58974
24597
2006
32505
54642
47005
41529
28288
19917
24851
54228
23703
24085
36548
30737
7374
43718
44196
9773
16089
46677
21012
22116
7145
48669
45210
11370
26434
13382
18321
26958
59169
12722
52051
9731
39499
27489
54977
16126
35137
24273
62913
8336
52640
47530
37992
12582
42660
1200
58067
61958
19243
38053
33689
7654
47856
48903
63418
29906
25606
9695
23191
5620
15071
35500
17575
21731
30092
6556
64933
43907
6884
30743
11238
37583
24898
11686
24852
20173
7931
24615
21638
12331
26348
3537
40966
17148
60465
57834
31451
19246
57257
3024
57879
1958
41112
14369
44004
62704
49208
23917
14944
14106
29907
16063
51642
63495
47280
41385
57057
43530
59928
49250
33203
59002
51248
54889
28894
50694
37105
3259
36250
14936
1177
65286
50766
22998
12733
52735
893
15046
61584
60595
4530
27420
44685
21826
63934
29708
4232
33872
61311
45818
44055
64826
26467
41033
10015
50770
38319
36229
21489
24418
24522
40092
13885
32573
37249
21408
7741
17749
6837
16682
33967
51425
21865
40180
37777
42144
11449
35367
33299
44648
30881
32249
43392
47697
63103
65067
31324
50050
61160
35795
15607
29060
18206
50885
3094
37822
34816
58766
57865
50350
51756
56098
20541
29744
15072
38808
44513
57896
25525
64330
5198
34965
10318
22349
14047
46053
31505
56371
20537
48725
56972
11030
12048
31981
43002
57585
32560
7496
3896
51313
8878
25928
63526
13758
21396
1630
24887
50263
17470
59674
59179
61549
23267
25838
14655
46905
7705
23562
64013
59839
770
20158
62330
50321
22089
37563
11503
1612
48568
41495
12644
1127
19231
47598
57125
19616
3110
61867
42474
57606
28710
38068
48287
9838
21099
26192
23794
191
30256
25031
44145
57598
63105
46251
24829
11364
27954
16574
6314
29965
60702
2136
21922
45253
21297
8287
24327
63802
34582
40122
46290
11491
57860
47001
49195
48414
9068
32800
63627
26774
54869
28634
5902
54671
3744
13344
36779
5658
6257
445
6904
11568
52165
13178
26491
62117
22237
43726
27716
39274
29431
20802
14704
3830
46178
10308
48099
14021
49293
57836
1276
63988
56069
38752
56246
7182
44738
8660
29198
60970
57524
43072
53787
61938
6328
55919
11923
48422
54714
22928
25072
52091
47598
20957
28958
9987
48432
6360
7820
21113
10054
28580
14587
34821
49880
7232
50213
2776
55069
61843
37667
43364
52454
13886
54678
34202
6326
21526
30774
1191
60366
41465
10519
10211
1145
36481
61412
25598
18640
1781
49769
41205
61878
8807
56415
51077
4161
26333
57497
28618
57008
54540
33685
31014
23690
56359
52536
28455
14321
24423
8797
8386
35728
7261
12561
59850
54574
55167
64078
25082
7890
11782
21408
2920
35074
52648
13205
44983
58888
40555
63181
60388
29512
50890
18464
47091
47602
29643
44874
9951
30038
59981
18606
39118
39319
33623
33272
13876
60298
19065
43657
29455
52287
36697
25361
53266
58142
36278
18622
13632
57912
17156
27508
39391
39580
23765
26449
41085
46538
12403
56389
44073
43861
54733
13800
6916
64215
18474
15160
6255
34513
47878
45659
41839
34201
9170
56877
1803
34263
8663
60094
63935
20541
16756
55312
6193
13409
31779
2836
65408
53589
14980
21110
25680
23101
35600
45284
942
34356
42680
46189
49149
62205
60797
45389
50978
8149
64262
6093
4587
20343
49916
58752
48660
38978
13160
46777
42650
41164
64057
28364
13045
39010
15273
7738
16909
15761
22079
30743
61486
15471
17655
11069
48932
64378
18066
60670
3830
39031
4780
36876
63474
48890
30675
15338
15867
18948
46296
27546
45499
38581
5818
8527
17378
48757
40653
40087
10078
39225
47132
31260
47294
46782
5381
61188
59058
23798
42241
43115
45799
39339
31994
30329
22227
40398
2340
59757
40889
44501
53114
59400
28985
31494
40802
37771
30900
17208
4045
21050
56203
1195
33762
4440
64643
19659
55936
65135
39888
19255
26807
32810
33985
15540
21424
38517
15422
49130
17205
60415
40723
20192
49760
3076
4365
65522
48568
63132
23928
34652
61616
33356
64414
63343
27684
19264
42064
2044
8640
6223
34053
38419
1804
7483
11607
34434
19416
6014
17565
9975
62011
2791
22590
59880
50558
21539
57937
65464
3262
7456
11352
55735
14267
41545
30296
39401
25758
50682
38806
59840
26557
64190
41026
41234
43116
16317
13220
29616
48823
8818
45326
12484
41845
50945
6700
33001
15831
4864
24753
4300
57912
11130
42648
6453
41095
41316
25978
3550
36949
5801
43992
46601
20866
10918
277
55831
48780
59209
57076
9170
29124
26366
64213
12931
48760
6013
16381
40266
58839
37025
56362
6286
54921
33244
20490
33522
63429
20202
14053
21029
650
46567
5901
45029
28033
1582
48407
8112
59231
21729
58645
57074
2619
5745
26595
43124
39273
16694
48040
12789
31515
36042
580
22311
55325
4969
10084
11353
16858
15650
65060
34218
25388
31937
40596
11484
51338
12256
7504
33858
57053
7517
52714
16666
5460
40359
38510
39972
52420
17709
60565
37969
41491
24048
41878
6013
25967
23967
56794
12938
37583
37766
19885
2762
8658
6138
41081
49004
28635
38431
56252
52900
9586
29379
45581
3707
63010
40900
18838
33959
43165
46982
18283
12465
57234
9109
3494
54614
64767
61320
18406
52849
12869
55375
10354
42983
11287
36955
40292
2635
14355
51415
2117
43533
31096
8253
24814
27805
49545
29186
30517
64162
46835
47782
23455
59323
35160
55736
46871
22656
35351
33000
48383
12724
14981
60737
42661
11156
38298
63723
16964
52993
63412
36821
25333
11208
9790
27534
61642
30647
11652
61766
16200
5730
29064
27024
5595
11271
49883
39726
11914
14098
15829
958
63835
45846
52270
6552
14668
35650
56309
63628
24206
11213
6306
1248
20110
17182
35145
39556
5561
36845
57105
16339
10255
22997
27660
11908
22549
26192
24031
6066
31107
63574
51426
4398
59286
13665
18194
59775
50439
19606
22701
37223
48404
42379
31111
59188
9634
19115
42729
61680
4927
25426
24427
51231
41702
46148
10766
41400
3533
33876
6786
29643
20832
53333
15793
51897
40399
52128
51094
33638
64539
30244
18998
17444
54840
44737
49966
33891
47886
11187
44643
51338
62962
23386
736
25386
15359
9138
55079
25519
62745
9452
44455
3083
2452
1400
541
11697
46228
56460
12588
37948
9875
41440
15117
48332
27976
18753
51304
19957
24318
33941
60458
15893
30877
49900
18158
49672
62405
44332
2763
422
17253
10731
37251
46612
3670
59235
51237
34803
15594
61860
9779
4111
51172
775
33991
3513
46394
16475
62986
32460
50817
36658
21199
50824
14255
52278
61046
27465
39395
3498
62359
17257
51667
33306
20662
15868
47797
53023
4258
42668
60284
56009
52923
11642
28116
42278
27734
46708
24143
63676
8180
34525
5927
1514
55351
54527
16342
7658
15363
51602
25905
23410
40454
12178
62743
62011
46578
51208
55037
30441
59407
7590
26835
32030
3822
4810
12250
35564
48335
31941
59077
3864
31202
49390
61735
65029
29246
6964
29670
56677
55379
6895
16691
26729
44981
57420
61988
30801
62658
13672
64369
46376
54793
32281
23837
41413
8949
50135
5766
37086
41141
58760
8858
28821
63878
4366
50251
55284
38738
64948
58363
26081
40907
9351
21563
22998
24510
39378
6884
22047
33841
19215
24003
13185
60200
23851
7009
24351
23653
8866
23211
44327
45608
61377
63207
14453
43829
38492
19425
59962
9247
30908
23267
7958
43761
63786
7429
20436
40491
28539
42049
57787
38367
58608
52115
57672
40289
54872
63022
48849
40417
59496
61534
60382
5618
15911
54455
35332
58532
33224
46745
51053
15862
64707
15481
20901
65509
55849
44139
8813
24889
40518
54319
59017
21580
12931
56997
7475
773
21647
32288
16103
9894
16814
35103
44911
41649
8664
28495
973
25731
38548
37134
45654
58338
16098
44764
20647
60805
416
11045
43151
7414
53854
24354
3904
13788
1047
60979
47717
28734
21914
31089
37588
37543
12638
59624
1052
25493
39444
29195
60838
58584
18153
55560
20661
21458
22204
17427
64474
27637
25922
45526
63010
9111
26267
40274
3735
4551
65517
4009
53768
13958
43814
46895
51663
49231
23095
46012
45273
12982
33637
17918
38339
35309
35670
738
62225
61223
44518
54493
51609
47029
35690
49455
11056
16505
52976
47472
10578
28037
60219
2220
15849
61958
28045
20936
29423
1324
3082
4915
43517
54295
20066
20755
23013
51635
55202
49697
54769
44150
6291
45527
7464
9689
26216
53323
56477
44627
10686
62856
21147
38669
50329
54140
62149
43903
25783
16795
10853
38547
17033
60501
48255
56085
42515
48842
47327
7400
31450
4052
46956
24544
6817
64985
30503
9362
31896
56701
50348
62506
34501
56448
65410
17419
12028
62532
43235
30116
47618
2199
56583
18993
64585
62931
42044
29419
64075
5341
1276
55403
10541
50176
43544
49563
4254
11413
15306
35956
20289
52971
23452
44187
50644
49944
26412
42435
62338
52922
64862
48019
25986
61670
45897
6565
50809
13665
4933
34673
50782
43688
47691
64738
16888
45355
15713
57892
192
38842
48184
11442
46784
3640
8296
27510
63045
55792
9363
6370
64303
972
47252
1581
29066
34901
32763
37268
652
9582
65002
22078
33810
37504
36016
45309
60727
51614
50491
14765
44234
38268
65097
12722
4386
3178
29559
15872
48302
44884
4100
5098
57561
32027
34018
53100
37064
24833
6816
31048
31573
9370
63430
40087
8907
27271
31917
51583
65492
43
40851
8126
48359
61505
39742
54452
16092
33143
13225
63862
47932
63600
12673
63580
18996
38983
7462
63540
13763
56051
5755
64444
64528
4005
19793
63983
64131
48800
40420
9514
18693
15701
40294
53454
1801
24752
17447
31178
52427
49499
23222
52854
12351
1340
60817
38120
62043
36020
63028
3463
53340
41225
45224
10898
9248
26722
54663
29650
63135
45962
5450
32858
49800
33866
55162
35999
64883
15293
31523
5348
46945
30479
50424
21392
26692
59414
34983
41895
63528
6677
56340
54549
58433
30556
10754
9058
57962
64026
39322
43564
51710
58724
12725
61270
46633
42114
10313
9336
53311
24863
65069
20658
45401
36501
65137
31759
35681
24227
43758
37427
55791
51901
13493
10401
31416
8589
40586
4095
65405
28639
28526
10530
21723
38655
31244
59976
8328
8467
12865
16556
55733
40934
934
47946
4831
45391
30188
26413
62117
44002
57856
28836
9869
10157
50835
38195
64297
19226
37750
955
38032
19541
35248
922
41749
58878
55594
62085
29888
64899
49466
11910
31350
15179
27089
8157
3771
5506
37499
4338
9435
43430
37527
24531
63590
16131
38728
28185
16910
36387
28693
2929
20157
63282
45397
64356
47452
7225
9780
30535
37926
59682
23916
1343
13048
40516
25730
7611
27124
23716
23082
14277
4390
3578
6714
7708
27234
59042
10987
62391
37477
21354
48868
57694
24532
49046
8681
41868
58301
41357
42983
29311
52704
55115
25873
15302
24885
11908
58522
27596
64584
9093
46013
15180
40057
12248
20793
46779
46043
22752
29945
30604
48198
56500
64399
61148
43242
5332
33399
64590
14286
26108
39483
16332
35022
40977
15371
59775
34023
33267
9849
31096
22678
13565
32134
32166
30156
51875
14292
64323
25076
509
5
22814
18405
22095
27059
48611
59298
59227
63447
12900
52308
33542
64621
56742
21298
18632
12387
31969
26023
3790
6248
24470
56457
49205
5508
40049
3492
26985
8427
60695
55435
63133
46765
41683
18822
22045
7377
29099
21230
1962
64974
44947
33442
3946
61201
35007
28666
30992
11353
31818
175
58751
46052
9984
4994
33044
62453
57494
23175
51799
4892
57235
24229
55897
64600
53347
39953
32687
48169
246
60073
1571
18511
10587
16172
29013
755
57347
11704
46065
64973
57791
35777
23170
56116
45859
33731
18617
7520
26260
18929
46053
46904
43358
57192
8381
60116
21795
29816
22149
42345
12184
12130
13288
17407
41551
54739
64180
30203
26719
18299
1029
51972
41937
36497
22395
64209
61328
62372
55050
3233
37041
38599
60456
16206
42220
5310
6349
26424
38808
33115
54013
11869
46585
22561
35278
28719
44950
31525
3105
1822
36941
5690
60939
33780
28055
52534
8384
21732
62874
53246
1719
32652
11628
16857
45406
32242
58039
8199
42182
18708
14925
62720
52971
16970
20758
22501
42074
9744
9554
11973
7493
11531
4913
62003
37177
11266
64622
3925
58868
21531
42235
2410
61740
18646
59265
4542
14382
35314
30281
61945
4431
55455
44455
36955
64038
52222
13555
21621
52622
21877
59065
12862
23997
41779
36848
39704
32669
20300
61241
52521
38498
51968
27607
5376
12490
35098
216
43901
12055
52560
41491
12795
46417
35010
5562
7796
38665
4343
37868
23763
51353
35888
46506
29560
46361
24196
11
43094
4262
704
16873
28089
5239
2592
5609
45340
62884
55040
61567
52026
19237
10581
29075
34030
7529
59405
34204
17730
12191
11328
19243
15259
32140
59290
57560
15649
45271
5680
3226
60008
13146
21509
22656
7978
46697
41384
45109
47900
63796
24479
7202
22315
816
48387
38120
51980
45214
49435
53236
29052
51073
54881
62808
42195
29239
12080
17541
16008
56159
18333
11188
52246
48739
63703
33681
21994
1482
30980
14218
15283
29136
18872
52350
60741
8411
54510
55944
51585
42202
9732
17868
53244
45692
41375
20112
27170
20262
50453
38394
38485
12540
40218
32006
21016
1808
48044
49845
19131
2645
49795
64882
46013
33059
21479
51150
17332
43614
39909
25750
40762
52573
37442
51726
13148
26486
21611
63095
32876
42625
61019
23537
64832
15877
58482
10227
55469
51191
42752
5050
21710
58096
40153
38652
52326
7610
35643
39361
42814
60636
39685
40080
33377
42529
24385
43902
54460
23836
59894
51637
15717
55754
29679
49018
6301
24864
58873
58599
54897
5587
13486
41542
37641
41414
44397
27598
21132
38009
35874
17951
15988
33883
40595
17114
58006
41874
29383
50246
10286
44023
53861
37648
39475
32972
54294
29714
44763
49696
1493
56432
21454
8969
39949
10370
39589
12889
65008
29409
16503
28208
25461
44037
29989
37780
47781
47407
62676
19551
2892
51315
601
47058
37212
7034
44171
60538
63448
62037
12755
7879
65424
44323
46330
12259
29916
19220
24473
22928
34073
7165
6603
54606
57102
8509
43305
14567
12949
33854
3968
11460
23613
33625
57885
8361
43781
34005
6907
15426
18529
33260
16417
3262
3055
63432
45000
44279
49382
61714
45446
2475
52068
26991
26975
63047
22229
601
14357
19292
45560
37022
32710
47723
23898
58587
64855
10850
64984
24419
59803
60273
26406
6146
35416
51096
3549
47628
1928
36982
20718
36274
10811
31720
27532
10387
29470
37971
14974
51962
30717
27242
60
17560
4796
24786
60534
21207
1275
16218
31691
43612
9853
8219
45272
2396
17147
14918
4250
56833
20732
50110
50558
1003
54346
57134
47166
9794
62084
63267
24345
36130
31403
2423
56967
29805
5098
58386
31406
50226
17472
6584
689
34837
35554
25570
51415
31478
46083
48082
55759
62698
14511
65368
12712
20523
55829
1473
52584
21986
1347
55173
171
40481
17705
55658
58371
55973
4726
14036
11484
1560
51105
37785
65306
32261
20022
26580
43948
45654
48592
1491
35990
1896
39734
25728
21538
61953
30328
61682
54360
31025
32943
51750
28344
8427
10178
10629
22180
33680
63125
24876
59930
33581
18666
58964
49122
35728
7880
3722
16165
11437
36025
44777
53391
33146
7574
11563
17403
50954
48876
21359
35433
13850
47829
58815
11078
46859
42532
1755
40815
26159
21259
57931
52155
60860
16847
34478
17348
42949
16337
39442
7555
2116
7066
9696
7433
58878
59851
13138
19058
35915
54885
29320
18062
30521
16301
10693
29280
1708
15303
57353
33021
42400
24602
4998
60445
50871
171
52688
59700
45901
24422
16881
16525
12100
41951
16526
42142
55178
22145
40194
6403
10113
54891
60194
30395
63721
42918
33159
10372
38305
49918
22782
26987
33368
33878
20443
33886
49109
8823
7242
34199
9336
12827
34619
7367
32514
19827
45867
47118
41517
47683
37063
21515
20345
58812
54323
58312
54863
36719
46176
48401
60908
37018
54439
56585
59326
14177
46910
42410
62518
61557
6023
4785
38029
46056
44753
26457
35842
48326
32136
2579
5452
35642
33956
1194
56075
35821
2534
45458
4134
41618
22164
34696
35577
44156
12147
1059
34110
5777
32235
15153
58907
43146
20655
46936
29265
58010
13476
34745
16344
1966
58726
29899
53827
16881
54404
26489
7303
57922
2739
59679
26638
3973
59050
53698
42963
49292
7682
17276
4436
45559
32705
26032
25303
4488
10267
51727
42683
31048
20714
22510
31777
59595
16671
29858
28083
59356
151
56859
1893
52897
22034
18799
31763
13130
41438
13862
15352
33426
22708
8696
48187
28195
63548
58732
41285
62703
39409
8052
23453
12230
41985
52293
59847
22192
53440
53272
13679
31193
3158
47300
44610
11569
50232
13453
30569
42047
23058
18796
30748
22530
40501
42934
59021
16042
63890
23757
44285
13854
6101
46185
54229
29272
36902
15572
10545
144
10537
4741
36334
49938
45302
35537
56437
47104
50075
19869
49517
14532
49049
31768
40698
34413
34278
60105
11064
62271
25385
2693
28699
52289
62026
47579
47746
54843
19955
60191
23511
17117
29404
29149
15168
36586
12960
37101
6200
49710
11491
3420
46214
32596
11411
54946
40507
28226
32990
20266
26056
22422
25238
14890
11298
57973
49965
58481
17316
15789
17641
23003
12962
50303
57026
65315
26653
34641
81
16923
43602
9333
61899
1491
64932
62874
50428
49571
28763
40298
60827
37836
46225
65489
23829
63626
41339
23885
65480
15664
48700
19768
44724
25006
39172
39769
62886
50158
35047
24446
52519
23574
27589
53384
60996
18703
45038
17982
46541
674
1136
23104
20273
6764
57426
44664
13543
24783
43871
45708
13131
8465
57553
7130
17313
33684
29319
2957
6630
23803
42294
25617
39400
40720
55691
18020
51715
38412
25334
7174
12004
64957
45543
19882
39259
19168
26306
25584
39428
43872
21659
23240
34121
12217
44100
34555
70
21943
15814
55292
47272
21119
56589
25590
52108
32934
53760
44590
56542
8630
2807
20493
63652
44288
10899
28741
25525
2473
62036
22351
25742
44194
18824
14842
7813
15558
44706
39595
1456
48517
22493
29181
31998
40810
1172
9307
31071
55123
59978
37473
64535
17636
43124
41826
55380
6027
8921
56391
7727
2172
31699
41533
11044
21935
56343
52872
14676
40283
58440
62359
13985
54782
16024
63269
49601
62548
4641
50069
10352
40902
36294
16614
16466
60424
11114
2414
51749
33322
34552
23822
53306
64249
80
3327
46069
59611
2977
65197
40633
22320
6029
54716
15722
20595
23378
60188
54050
41088
35348
14579
51664
35294
12744
28854
45397
40857
29340
56784
61139
39673
49162
56701
36977
37315
34406
6846
18381
18973
36041
2675
56345
64395
11133
61348
57032
51298
57871
26542
840
16097
25684
5361
53798
47092
44169
25860
58023
63526
24371
29526
11302
2118
31137
2668
6879
50727
23015
4065
33375
61225
42447
47256
29163
43058
8066
42479
22896
7450
43036
40664
5468
62912
50607
60081
31044
12322
21216
18623
16342
25408
38061
55041
36747
4185
59771
45351
35278
36872
11985
18510
16874
26277
61486
5613
4080
57680
43859
7246
25569
3256
35442
7592
35708
61082
47399
32893
62821
31299
25118
17534
11745
23020
24252
30633
41407
4284
57180
57967
35852
10890
2009
27968
58005
5108
52962
14295
35176
1906
35120
19719
38230
41044
9860
12027
27992
25639
56672
30030
9490
2991
29661
24451
20672
40919
17403
51795
22507
41935
24460
56453
1973
18556
45624
56938
27733
33769
12445
39760
6834
46633
49685
29520
57378
42590
4951
7604
54917
17103
56961
40947
57379
51495
24203
59630
4549
4222
12083
19701
29182
3163
13869
45941
3464
27319
27260
47101
7542
11410
40559
64525
7818
48358
35776
37325
41861
12165
34339
62147
16116
52478
58565
43198
31766
52050
522
29743
42849
42760
29410
24597
9144
37546
64044
29210
1640
36265
25456
28348
40383
60915
54419
4843
49802
51733
16624
4380
21423
61951
37223
21279
27422
13263
20286
51972
38906
31691
42729
53987
26233
14370
52483
32717
46851
41220
61816
57854
60169
46303
60137
27598
52691
39575
58399
55516
22473
15101
64782
51250
4332
2364
19408
14577
39754
2965
462
61441
22024
15390
11199
57922
6048
53081
55474
26762
44245
37313
39750
56247
53125
886
16971
51163
8333
37884
25198
48034
20680
53123
21313
33603
52574
9874
52572
61215
22295
3720
47241
25619
65151
22170
11322
14473
33415
38297
5071
9521
14578
11784
1106
17014
1521
63331
17581
57473
51422
42626
32612
58901
3088
33919
58905
41956
13740
60063
52174
60720
16449
55595
11215
13232
25444
39733
44786
27743
20030
36551
57542
33266
3632
28017
54662
11439
48771
4758
43179
59084
41732
18760
17578
50065
19496
38356
55187
7915
40468
3490
49281
12808
38194
7317
119
6318
57130
17255
22274
44427
44542
27840
30701
55027
6779
61271
13457
57875
15302
45077
13211
42014
26672
57975
2464
1707
55520
3263
7689
54006
31926
49288
26134
21475
60390
7879
38642
6777
42912
25440
49633
31433
30621
39733
4538
3064
52380
45231
1653
44534
22392
1686
62388
54108
61208
46323
28119
25373
4878
44739
1235
26738
59978
42844
28371
9550
30469
33510
38232
53437
36180
25206
17324
34666
19926
55766
35892
57257
15486
46883
59410
56771
7024
37269
12203
60051
23247
40938
33512
18636
60624
2472
49275
30130
14865
39206
16567
13612
2116
46125
47064
50358
37206
40646
20530
35646
26932
50364
15259
34346
55444
53360
48274
31469
33481
764
26136
36962
50078
9333
13002
60257
54175
18258
50557
25827
50929
15765
57894
50787
15167
13619
23435
543
23245
37679
59618
22289
61445
49141
35309
51394
25312
55512
37325
12549
24097
39903
62441
40515
31745
8509
64354
34903
11214
7483
62068
58300
2327
18543
1823
54942
40446
62721
53270
59413
26492
34184
31251
8434
13703
9015
51402
3803
20935
43684
3691
13749
28197
44983
48895
32685
32384
54554
62128
6867
25469
54379
11550
21251
47586
19633
35207
43345
58306
56597
45331
64247
65110
8477
56785
10224
40394
42516
50073
47353
35019
37289
35374
50953
40855
48584
12055
58350
24389
29088
9990
12923
33442
2203
35554
15586
44406
55539
4109
19104
38173
59171
35176
12767
3776
56012
58009
17887
28037
3967
10538
29597
61345
59920
49584
46751
2306
17574
45518
52940
9733
31014
58929
54761
5316
56423
14589
45809
3875
61009
26733
45496
55686
9766
12500
39403
7621
48577
24710
37731
28727
11390
14791
62974
41863
46780
30097
27822
44965
39310
37287
35755
37503
20489
24247
45307
11870
7398
43107
25023
55639
13269
29486
23432
46159
16248
61471
56703
60595
44405
28529
4238
53678
6652
52971
6512
22754
20962
37693
14674
59182
4678
39835
27883
55247
57028
41927
22618
16096
53783
6927
34996
61983
53064
18806
29190
60986
49298
61601
2046
26477
37268
37404
19327
47044
18691
27790
21840
55215
32842
33113
34199
31080
172
14293
52481
61192
7928
7286
31000
20069
4144
21740
33145
62532
21921
59492
24315
36317
53108
50225
49707
25398
60253
38915
63959
22016
46200
9439
22075
25915
51633
53399
3029
26885
38535
37431
59626
21286
14517
60531
63062
50560
10378
15066
48349
7522
43550
9686
47454
11697
57543
9156
20341
10301
45686
36743
42389
38957
18844
41933
39560
59846
37644
46888
5096
53291
51869
19751
30972
33899
14209
50135
8415
37655
43926
35140
47207
11623
19416
7735
47108
54113
26983
887
12679
58615
35137
45215
53632
23964
28478
39427
29944
4708
56460
15604
13723
62807
1850
4758
15306
30105
44437
24790
47478
30880
38098
34736
64167
3996
22246
53673
8734
844
29154
52083
49908
40320
21050
39046
50253
13130
48163
7003
56885
22497
4975
30380
39323
6575
39977
30052
49616
24723
42791
19755
55510
32639
62526
44947
11856
32468
42993
55070
42941
4120
19358
2105
48233
34069
15695
51455
6095
55464
1003
18149
61763
54856
54674
49865
3719
47304
28854
165
26729
31781
43425
42641
29403
31269
6566
1183
45195
60993
30634
49649
6680
55094
31092
44378
30426
16661
24310
7900
39087
8361
24989
37649
46799
32158
58932
61595
12992
5127
57012
63298
49781
21837
26338
51482
44173
52692
62271
9327
47315
34317
17160
4783
18839
2264
8675
37119
61069
49295
23860
23397
24135
41649
25024
7126
47941
31176
20911
42085
62954
8962
18047
6505
5222
13409
20708
7541
21723
61364
38756
31529
40447
59420
42761
46893
47059
48970
38173
57539
2667
13661
54747
49987
14278
4341
12420
60695
58330
51155
958
12500
16002
51593
53691
23836
39387
32791
56089
49338
17952
31335
35373
46145
27789
5199
4957
7072
58267
30739
35644
16621
54369
30100
31153
28001
22560
22876
11082
12538
47742
32325
55738
61117
52809
21766
38287
57280
52244
14297
7078
15312
24201
58701
27128
45630
55383
37803
10961
3899
35584
7612
11002
44178
34871
5900
20519
50354
13577
9571
47457
8337
25485
5698
33986
8753
38537
17632
20327
5715
627
35661
3239
51493
22054
21204
27442
22646
8131
19818
9488
5573
8379
22340
46742
5450
54789
5029
44374
56450
51954
45919
12386
21915
8968
8833
55308
57492
10559
65067
17075
56924
17384
8906
47098
61392
20147
18298
37653
53409
36370
371
63241
54264
22309
50220
20059
8169
64976
11428
39408
17366
48691
2736
24062
13985
34628
29504
25286
40467
889
37754
39410
61309
12178
19552
23061
28230
24634
50554
16823
54897
45670
1196
53765
12948
37335
28142
15518
64911
10648
50765
54325
3755
64003
6632
22122
10579
21949
54767
64173
42888
5713
58897
12841
31294
24788
24996
15941
51111
26418
51678
45818
38166
61039
61504
13639
64672
16337
47288
24022
11185
13453
61765
51564
45848
10334
46443
40799
968
46539
24800
12961
1836
48618
57384
15794
58413
58072
8492
4604
47427
43816
18507
30507
18023
52860
9951
38421
10708
26776
53940
34647
55997
64530
30347
62807
5499
6849
54710
22633
39788
45210
51601
57098
38100
10440
49784
20797
12278
48322
56209
52633
60006
25909
49143
29817
48353
64724
61704
23180
60947
20652
259
11926
64396
45205
28510
37564
32413
18440
58069
42110
24437
55181
44208
6364
12599
52288
38138
12564
51143
17961
14701
59330
6187
58036
29326
43456
4676
4757
29571
18130
10090
25583
39681
57761
43187
47148
27138
35250
16557
42429
48348
58635
6170
43572
36424
35410
26683
16338
1849
2713
14090
2717
44589
9966
22053
54176
9394
13889
50540
59303
37628
23946
58771
42242
48481
52319
15307
6438
60449
21174
46067
6362
53
2181
13392
1083
59985
21347
31825
35514
9414
63009
56024
14020
28234
4152
16925
26694
63217
17740
55161
9385
18180
6147
36588
11005
59681
55176
7837
10647
52451
40763
64250
1050
18678
25944
60673
60454
25346
57233
55814
31407
63542
38479
52142
5356
22705
39932
47497
1850
46329
59492
12360
47601
35613
52076
40763
22660
35709
1412
32413
34414
2992
38860
24349
62632
32294
26884
18545
39106
60309
20946
27561
37101
54553
18288
5292
53524
28907
60493
43761
26969
19578
56069
41065
57895
61323
21422
57290
34552
64953
23815
52515
14961
13867
32502
49305
61554
25222
33324
50251
31243
44990
23553
59775
64581
23264
39666
35053
20975
5009
55722
30062
27612
21598
37023
32656
39508
12940
9668
18226
6620
52959
44734
39340
47116
2344
52779
12737
47233
29056
8702
34980
25219
45111
16885
23917
43673
23873
58247
29681
51981
52711
41478
16580
24836
31622
52850
35059
19010
35142
32238
20670
21154
53641
51765
20486
25580
22664
36786
1749
60264
12756
14767
46712
1882
65140
1246
64795
65
21150
52597
17377
1664
58229
32606
43746
7757
1080
46655
20407
53873
34779
30643
11071
50760
26675
51976
63452
60536
21296
59387
33873
54236
36429
22695
7200
63537
40141
56105
22801
38887
62391
8129
10241
16320
52010
7934
6854
20782
58165
4037
61006
40933
7741
62734
17882
36708
44407
56018
40676
61760
33016
22512
11710
40307
32424
41007
30236
36289
2207
52152
22413
36590
2398
22369
61894
13540
400
1736
25520
25299
42893
52273
18649
26658
8174
62487
21824
56689
34805
40288
26627
44838
13387
51298
52845
10450
50987
17510
9449
49279
5540
40228
20470
41161
24780
8666
35672
22888
50699
52072
4974
18531
24084
64015
52696
26389
56628
7695
63025
40280
56524
30740
22310
51612
34511
19973
18966
10061
55332
27310
28597
20547
11455
64213
21152
16919
358
56871
58274
54686
55791
51314
23853
11533
28907
46984
42594
32193
12191
29560
37452
6161
38384
5686
52514
61969
624
13767
11174
49062
18000
63124
47920
7724
37361
35790
41656
49201
52688
32278
43072
51537
17690
53113
12116
3728
43772
64133
51838
32107
35122
18864
53843
45255
37790
49553
56791
17197
13747
64100
25687
55189
27304
10858
35012
16581
22646
19963
26180
37890
40507
9930
30384
29375
44142
18982
22458
15261
2045
177
20060
222
43763
16976
32848
26450
1180
22622
61535
30968
61909
39901
8416
38814
12916
24607
54024
54382
17647
789
14072
26948
4023
49249
18799
56963
38761
53072
44493
36131
9083
47480
50997
48091
683
24594
61482
25866
38406
2157
15041
18644
12744
13922
29915
23553
57685
42671
51456
11068
10571
33015
33005
42857
53022
7743
36255
52588
10351
58170
13820
23204
7760
37413
21428
60339
15414
58426
58898
6834
5383
14987
6957
46220
28380
2651
6025
15079
58640
51004
64389
49010
33003
1253
21320
32011
62439
5684
58702
8117
3511
60766
2106
62818
44253
39467
18826
60858
43324
874
28784
5873
51903
50850
8031
35442
13959
63257
19592
54750
52719
8424
18623
10957
50135
21248
61999
57312
45488
20407
61742
33761
14488
29214
9160
57499
25283
1800
1685
15786
333
28821
18763
56908
56121
17001
1739
36083
18227
2925
52538
41854
37546
18129
57675
22609
48856
28108
11344
38537
11282
35855
56733
59494
17882
10442
32654
45199
64299
16075
8966
34863
26093
56869
11068
9136
19797
18158
59598
62904
63158
17221
3779
36101
19279
40117
48021
46983
30145
43311
34831
52320
31131
30422
39431
30088
26818
56219
15260
16164
27176
31061
29551
31972
12060
56731
28172
63337
35200
9666
18461
29177
22934
2191
15462
35418
996
10396
8579
13760
3241
33221
4829
13918
49510
2366
3930
62928
21995
33688
47284
2716
23186
25584
51926
989
26728
20841
21097
12319
10152
20223
18610
37642
11440
37047
15798
35936
60275
2538
3314
54611
33324
21772
49222
62938
6921
6321
38855
17356
1446
44523
17269
42420
40440
39235
1731
41956
36554
43804
63096
27679
14148
12687
14712
48469
44088
2410
60757
30494
11155
6112
35195
40492
30406
24855
64968
47675
13696
19671
19365
60228
36554
13415
19417
25818
24076
15336
31955
19320
31538
59324
3124
63501
8588
51434
24642
54123
48954
4278
4017
40785
7976
26155
46716
35673
30006
92
38571
60069
19281
2320
15155
63541
45131
4139
64560
13010
59458
39187
45654
63176
34867
10879
50601
19031
7880
14304
24691
24890
9071
2239
35286
38916
23628
9729
14128
7797
21264
12156
23349
49526
56375
37948
5338
52584
29885
7933
6330
26508
54359
32805
31510
28730
61848
55864
11642
38012
45864
20938
63291
63200
51891
18578
19914
49922
19048
27051
6529
38118
56744
48385
50102
44494
24494
45493
32342
22057
48875
37931
39322
13375
52095
22883
41866
20342
15974
47394
28434
64811
11706
5818
37856
37232
50691
23055
541
7076
27481
500
12241
62606
38643
48685
48040
58788
63055
4106
35577
57758
7531
15644
29115
62762
60853
49432
47052
13925
21428
61263
38607
51473
7150
59263
60432
36578
29402
19321
17259
63300
18823
21755
22034
1463
58925
8931
136
38202
7492
37188
64529
58975
1971
17351
61559
32436
54563
21794
32247
28753
57102
48288
56522
4444
10300
56545
48454
889
47052
14143
20905
18516
1524
23322
32687
48993
9795
21005
47154
31746
40405
12033
19435
9700
5078
54781
10399
22144
43221
3358
13616
61131
26492
7488
6687
7825
29914
40533
61114
48295
26455
16355
6116
23589
12325
26978
26068
26370
1751
13492
39731
29134
22822
59497
54550
2008
53532
10767
53496
17998
4694
46881
64464
39358
18919
23158
59179
38828
6200
577
60505
7091
40846
37705
28585
274
10213
61084
20071
41894
44132
26976
53672
29368
72
11914
63876
47759
65129
10812
54356
45314
58713
46542
23245
61271
11236
25171
48872
11391
28764
32435
21632
19980
14922
63204
39951
2062
20137
79
23586
48979
15439
14475
64315
10419
24069
28314
19000
29415
33383
41227
16352
22062
63196
392
56239
44991
55219
10205
34200
46813
57623
38675
789
52113
20655
48328
49301
14286
30495
3231
2746
4369
58207
5358
9155
49191
61040
56345
42863
5265
38924
45874
35352
49135
61302
47454
43205
50095
42823
54631
18783
23081
30819
44008
28980
5426
38688
46409
27567
31738
9958
15231
58253
21099
39527
55382
57800
48986
16593
45780
457
39279
16893
53756
57837
36751
4800
12544
53379
48373
14537
16076
61221
35835
47999
28591
51724
40437
5444
63604
34619
4440
45467
25633
17872
36068
63443
59997
14898
13112
25155
36140
56841
52642
61185
12904
51112
31977
58197
23296
21971
35346
57380
26146
52205
56891
30528
27634
36511
60184
42858
41050
31985
13005
26675
43420
55779
59482
40542
62064
59740
50005
28533
28641
4663
10308
46277
56631
26398
46604
25515
64486
1195
1516
52607
39094
15470
30069
53574
45234
22673
11495
36713
13740
25774
32301
4961
57816
27974
44038
13746
938
29652
4089
43215
52236
59539
10765
43698
55665
57121
39215
15780
3888
63305
36685
26861
8744
13335
27398
48246
27220
22212
31852
47751
22530
45985
29076
53380
49230
35204
63695
20184
29342
10545
38868
59091
19335
65521
30566
33510
42223
13790
53147
54131
35603
64302
4087
1564
5193
31257
54805
47846
5896
39450
30073
17699
54962
53389
10400
23565
56728
53306
23343
51308
60550
13329
49186
35569
12426
48826
36966
52796
41996
19367
50514
56918
46493
40174
35080
18556
33897
65054
23950
9259
22442
9352
40373
56632
20888
16518
59523
16775
6979
14903
8433
15736
61068
56635
27612
31472
19268
55248
38772
45897
52608
25530
54656
30841
27695
64552
38443
44312
50476
36395
13624
13408
58289
58869
45635
4648
27785
43683
53622
51867
5598
11160
25842
28260
55236
51277
36414
16409
20924
9140
42927
64388
43710
25225
16799
23302
15310
43826
38776
872
10683
10524
37933
34148
38102
1102
47365
1574
60761
35480
30964
35659
40712
33427
13482
14353
21361
39463
8950
43306
11398
25345
30046
20628
26527
17920
60179
63345
41861
25216
55160
46614
23834
56802
26884
30792
9820
45893
57467
50209
27035
50773
45397
23986
54633
44510
930
60589
17384
9755
21988
27134
26752
11334
23531
65157
26382
13588
53019
32998
46988
17100
63430
47757
7246
44228
776
57660
9840
44159
10093
11461
49287
50243
52218
50740
2657
34851
40625
1669
24438
34778
36879
38935
20998
46634
52050
52599
1146
62475
62283
25382
60269
26719
23405
22877
4094
24073
38440
4099
55564
33038
55998
22304
33769
43715
56727
62222
22234
654
56148
4276
31325
42523
22205
57992
8088
39041
34117
41906
4503
32734
6968
3161
9701
45773
40072
37088
19630
51949
13355
64950
11208
53473
13324
9830
1917
1752
19782
53676
9743
56898
4983
3849
47737
47633
63671
41333
42131
16928
48712
34859
1246
52716
40825
21274
32142
43760
37657
35110
23716
63857
23224
13955
49164
57684
19557
63050
25018
46433
43765
9072
29717
51994
45805
18604
59602
34794
55521
49548
34080
63625
18921
26554
49680
1569
19087
13117
2335
880
56344
18748
55417
19749
21602
28435
7042
64434
17225
56368
648
164
22675
22757
41725
62662
2711
6171
42463
33
38068
55290
43559
57185
294
15119
62988
16953
28775
10033
28317
49244
12676
11831
58244
59751
52987
43672
42294
11096
13077
46370
6788
15948
63879
11671
65503
11474
50730
23882
12628
49233
59180
7468
47443
43484
45855
60185
52013
2535
46562
32248
60696
4580
58925
36421
3468
41230
32052
23583
44205
9751
2793
45862
49060
15702
5715
53744
39767
41473
57690
5132
12323
17791
48628
31222
39589
55346
40323
50486
50406
4649
27465
46571
27754
2146
62019
41456
38575
8151
57550
27795
50501
11807
51805
13344
22035
47372
37785
53589
40203
21010
38234
34433
44245
390
20067
14726
31053
14395
14059
42097
41030
22152
4452
44134
60474
63127
2472
18983
56108
16180
32375
32017
13024
51080
63837
36931
10004
57550
24370
4017
226
12031
18999
4752
23299
24570
15384
2132
19602
60479
7986
25846
36644
53526
55281
63026
28771
6622
55444
62279
34991
53524
37789
61530
55135
63410
18782
29642
61301
33694
8973
7604
57989
39054
10815
57512
31219
18648
19841
65435
5759
49141
42898
42807
24122
60974
37221
40712
29590
31423
34067
22875
35141
14237
20748
30566
42462
28872
64974
19162
3821
61882
34240
51157
61006
46249
53785
34359
41845
22281
51824
57176
17576
17463
27477
21766
55537
39923
51702
52213
33440
11743
2154
40547
51754
25562
33800
41611
32993
1148
22135
32693
8987
65394
11093
17748
31723
35184
838
60061
3789
17705
13972
37032
34439
27138
64184
16026
54927
17310
27242
61604
335
18687
30809
58937
39761
39236
13882
15330
32930
38696
27894
61855
47291
55360
29688
32537
38879
62188
58609
34585
59575
29330
34797
1894
24197
52404
27614
54993
51600
39031
51389
31365
44964
63453
50914
30116
40977
18591
37619
27588
55015
45334
11895
28708
22943
55676
29088
54644
49899
1997
60220
8590
23626
40060
49311
14338
23600
49781
40964
18195
33560
43149
24414
17972
28410
39095
20271
44159
17378
1342
57387
34221
38350
28049
10073
9819
42949
39170
34872
55403
48073
3891
24414
47296
41885
60357
36499
30462
50165
46917
57847
18438
7142
50291
56577
14928
47406
30289
24744
55631
61970
53171
2311
56436
36818
60060
62672
54982
41
10719
36552
56317
56035
28968
27480
3109
47188
61612
13301
27205
13198
24353
28842
20602
51404
59099
17053
12664
36053
54378
52926
65147
5357
42162
18774
41381
33743
12036
19535
28403
64371
34830
49996
45693
8013
61853
41627
61080
60360
24882
36931
56030
57870
17625
26032
29559
27416
22086
62165
3903
65326
63489
20090
14502
43821
24815
15440
1640
12315
27467
13210
24261
26624
30386
22463
13756
15633
15862
4234
46769
43672
37000
46859
57248
6455
62619
62016
42428
19406
6166
1153
32739
40317
30587
12698
10707
63621
35443
4330
55190
25300
20380
36317
10785
57794
50694
53205
41835
16330
55881
54562
34994
476
34648
10261
31855
27280
51367
24505
2139
28744
50151
26341
9209
57202
28695
50876
45545
47019
39784
40670
13153
4530
24660
58441
36406
23541
34572
48595
50616
28374
2657
25326
52926
39404
6021
1446
19871
6585
46053
61834
12511
42798
50507
36440
8981
48984
10859
18290
50514
44656
58197
38745
58584
26567
17947
39261
45479
45256
8363
60336
32261
17373
7934
64948
61647
4875
26517
42421
37628
60614
58018
7443
62032
64522
28623
6687
292
64546
19411
40517
49086
19392
58124
36348
28423
33602
11190
63280
27119
42122
56907
54681
8572
40703
1658
32994
38570
33069
11374
9718
3390
17301
60846
43342
45737
30398
54453
58866
58228
53563
10827
21518
63613
9164
32486
56305
60346
45811
5765
62669
13620
27770
38915
6902
14017
18880
14078
7108
43320
49395
63324
48857
41622
44187
18401
17080
57344
25445
6143
11653
47700
51298
42276
2637
10534
61434
41644
28672
23266
26251
53792
53932
33876
60322
14424
6784
27649
11431
13542
27393
13016
14495
12778
57402
37164
14573
49679
20618
32016
15001
19395
20933
60793
9196
61357
21605
50237
18192
58366
46384
60605
59414
5986
27459
18593
15431
14710
1163
19142
26705
12141
47223
43313
18748
59490
1517
26177
12714
28563
17090
62980
43973
25691
60414
39149
40295
44147
7198
25133
37654
58669
12813
54163
28763
42492
31784
28553
19193
52643
63742
48555
32417
57786
65165
53936
51232
59275
44827
37087
10704
33831
25284
28222
5032
8884
15602
15909
56083
3877
31627
65447
60710
61037
48291
25956
13200
48364
63785
61331
39273
26853
730
38963
57966
785
5149
61039
51830
62356
55325
12324
11971
21780
36962
63027
5976
30246
32969
38574
19371
53487
10271
43586
40719
900
54837
14957
65518
28102
20871
59861
6769
14087
16588
12096
33468
38072
5059
40981
42095
20636
12388
17278
41251
57455
22519
9910
1288
58411
12730
39253
22960
22282
20628
13122
9452
43346
20733
4480
3629
28532
50903
46120
33421
33145
11473
18984
64282
10587
29216
27481
25557
65377
17346
3578
29523
32546
55648
39308
28939
52261
31878
10112
14338
56606
55418
65373
55993
30780
34038
9514
1052
23415
4686
33341
47883
46279
50561
36070
39948
45837
20830
34105
54003
33130
31894
50839
44047
18907
994
39009
43479
3390
10580
5571
34002
59458
31307
61368
64302
52539
49482
58993
12748
19741
32333
21548
32568
42604
23608
59644
50779
65174
55210
40766
46743
39764
40498
17902
41487
12594
22223
48224
51605
64321
15054
35207
12858
13135
21609
25925
64410
21943
12565
32546
5665
45437
58414
37341
13818
18654
34572
24308
35187
4399
18853
31456
539
64271
28252
4851
4191
45307
38301
40279
5331
28130
58719
59107
18821
36920
63068
4349
39031
4562
14904
18431
6799
34508
4213
11771
9706
12053
45083
52319
21895
30809
59071
35500
41214
49177
26071
16133
45807
9853
29792
12685
10544
55371
32712
43406
5510
52642
3318
56522
30778
42813
12162
39490
29688
13625
343
47623
6294
63305
38835
12225
12981
21193
47760
42130
7399
22416
29875
7284
38547
36694
15921
14016
24187
10131
425
439
30083
13933
21330
18778
651
65082
64091
44491
32239
14855
55477
49985
59365
30397
17764
45010
42239
24012
60038
34925
44073
18338
37790
19137
34959
21729
27356
33390
22208
2188
5822
58961
45334
31692
61071
62379
47885
33036
18403
30561
21167
34256
32239
35006
7043
26400
20251
33615
32513
45686
18368
49923
7478
33188
54549
17305
40987
31335
15656
22239
56461
25019
24374
15467
27158
55887
29540
7522
6671
37450
30342
27841
6212
2762
20396
31153
21620
49793
59509
39717
21973
27336
63761
60893
47199
46573
64607
57737
32303
35596
1567
27840
9830
63225
25634
23160
49143
55347
23354
38102
49074
47492
26858
58459
48769
54354
12378
28070
54259
26329
4993
44113
20611
56584
27332
49380
54425
63960
25612
59266
24573
30095
46048
47774
6626
43209
19817
24478
52378
3896
33381
35815
57515
41546
30616
43297
13387
62757
18227
28970
44674
64103
31167
61400
60444
64867
36447
31649
22438
14395
52063
42636
63315
47032
14777
14643
23280
40751
47577
13658
58154
22014
31113
35599
3778
37438
61244
18746
10005
13360
29090
31142
55711
21181
55859
6245
48504
62308
32359
30280
61740
49024
57140
27974
28307
23483
8812
31209
35710
38427
58834
17605
32792
14738
33105
14922
44227
24857
54355
31769
23090
53722
41710
16676
47493
926
29628
62343
40454
64302
37466
63862
54427
39410
59427
39413
41715
77
31651
21443
32455
32913
35204
26151
1679
6749
3650
16293
42434
60016
21629
14420
14519
882
52233
36136
22324
59869
56114
59687
23415
50245
26047
13829
35643
59196
59659
13041
60966
53131
24857
52027
19843
23969
52674
22636
34098
9741
53271
1945
18636
48425
34280
3247
65393
21119
7212
59561
33522
44195
28298
9465
621
62385
27977
43581
32329
12417
18792
6434
60149
5734
25176
24909
30236
51901
10904
61213
31130
62085
45974
53971
1752
4135
15508
3223
63132
54251
59355
13705
28263
57822
3729
46920
51557
16139
31246
57339
2099
8523
59450
58160
56175
37205
59663
18777
59922
59211
32400
43064
62369
14398
837
12081
32545
4513
57545
19271
7883
9483
28907
29412
28409
16538
16157
45583
15695
19825
13743
9275
7770
35065
19209
44312
33891
51900
8536
41303
63487
39653
2604
46419
16986
58303
42053
59278
14196
44497
46859
62360
56360
22628
7918
2777
33731
39188
26368
38619
53974
64959
24590
768
13484
2932
6070
5036
10811
64438
54755
52230
24706
24805
22840
65145
32694
42619
7958
30533
36530
30029
15913
61728
33610
56477
12220
39808
5485
10744
49687
1931
30350
56660
50205
39988
15170
57907
30263
62163
5158
1963
52991
26340
12067
39069
8308
9836
48176
16039
51138
46686
670
40298
15014
41605
50549
3426
50786
26297
28847
50656
15362
30561
3281
14120
5672
20307
52970
58486
18005
40730
11305
41115
913
42042
34819
39291
35025
58697
12775
35919
29207
47068
65295
29381
6965
5456
29718
12587
9064
7549
10220
20678
24165
44567
16465
12845
40078
30630
61880
49602
14672
15675
52361
26792
16571
11999
9445
5229
20200
34928
31273
17674
35736
15407
29406
18614
23651
5439
54378
57965
15587
43631
16269
19338
43434
10884
21829
37873
2003
58419
54998
3723
13037
29519
51953
44678
63693
41968
17012
43317
22454
48386
8847
45602
26038
23316
41526
26841
1511
15597
28109
31126
10555
8651
53257
7898
40759
15796
10167
62112
32447
59422
16503
12016
14098
27025
29635
28643
9586
29482
6681
21590
5055
5841
34986
1861
43313
14205
53922
31767
41695
61422
41850
28119
25605
17085
31465
50053
37333
1496
2408
24009
10817
19303
36836
7288
54410
39711
20713
40699
29682
53038
45986
4833
43036
25808
7728
8774
38818
34320
22454
1626
15120
9540
32983
28353
59432
35386
30890
30562
29422
49907
44124
16924
61831
12703
5794
47874
19006
61792
33265
11628
31047
15365
48412
25572
63118
44073
64061
38629
35131
34196
60300
28750
48310
30155
37308
61443
37818
21665
64910
53098
43812
59948
52680
44193
34001
48123
54226
23945
8103
58492
14018
34135
41872
55440
45389
42919
29131
15285
2961
32641
14825
9712
25553
60980
39842
51281
51235
37525
3172
27024
14614
51180
15994
32395
48009
17352
40654
28637
24601
27885
30317
3985
47088
62208
50683
1943
10379
30921
17211
20249
25656
38929
11691
52978
11273
21701
53071
58353
9657
53940
34171
46933
36964
21061
48433
9401
58540
43400
43313
3277
46578
14507
38774
8542
2527
5796
23558
1422
24763
11485
30550
40721
20510
7322
59483
26238
17598
17230
14576
34022
52812
1032
39118
34986
877
36334
61385
58605
52006
31825
39792
55013
26745
10248
61785
20970
31251
9072
32957
45893
57926
32042
24648
37147
48096
37616
39625
41884
36829
14511
39582
39764
1235
6445
4769
33373
56410
19412
53249
32862
5314
41857
11776
59341
8191
15457
65506
34872
56510
11300
34200
40009
42342
16197
16752
44628
8416
39731
34525
25779
33272
18843
15413
62154
34901
52824
45996
26054
65342
27580
8577
48909
53532
2012
26426
13449
12700
44939
62246
50830
13780
12262
44042
61666
712
28071
37340
19953
41667
49499
19157
44570
63757
52350
20653
53906
7952
30558
64274
19073
31266
13936
23225
54528
32582
36013
17967
43193
55711
58259
39827
36479
43154
55424
58436
22017
64317
27453
18609
44386
27422
49484
54101
48951
22876
32298
20724
32840
1545
12166
64048
65043
33678
13520
18801
46479
51818
6873
20961
30125
27641
599
35037
22229
35396
45142
34430
22
41176
51317
40261
43743
20370
3704
41103
44063
31675
31477
485
57167
20085
14550
4749
40128
61697
65237
18512
16707
30542
6549
3691
5265
36964
6164
24490
13897
5850
45561
11129
9995
22417
31230
62200
30468
8528
47530
51809
8965
29292
8658
55292
62248
33582
23957
23144
31361
37144
40601
17767
42461
10992
42081
43631
63618
11063
61288
29635
28318
26677
29375
50921
13511
48584
27490
58491
58461
3386
3571
55789
48082
50133
47233
53825
27050
38619
59334
8075
13393
23351
32151
8955
61996
16807
5553
36847
43631
31835
3318
48407
8689
19208
37688
55106
50445
58891
8143
61684
41452
48350
28996
1848
48450
37063
20724
7806
19841
50822
62219
34195
55456
29886
967
41052
42163
60235
34950
636
17793
41654
9295
49225
46724
32820
37713
2099
2870
46825
46489
18062
9471
64692
53674
64347
60674
21124
29512
40341
50897
12780
60997
6200
16033
28151
44376
35920
12333
52093
43154
58208
32495
19224
56561
47061
30987
46536
1949
27904
11932
59465
44262
65331
5845
52574
63827
58742
1445
38319
41626
20850
298
27297
48810
56055
52424
61
24743
16624
46195
39463
35144
7259
23333
49684
36108
64430
60954
16602
38293
51816
19403
7397
36565
62300
12443
3750
33582
15779
37477
10823
52339
4180
7377
21862
50466
54533
61175
17149
60184
36797
42975
10224
36182
26721
21122
51662
669
37502
25846
17888
32228
19689
59046
57578
43542
63414
13171
37913
42321
37433
57692
42264
54269
30687
47131
52934
56982
54030
36722
55267
46225
25678
29704
31053
3723
5289
31328
515
28766
37295
51966
55122
3659
15937
36906
46100
27861
24165
21382
9846
19856
59684
23749
9781
21172
24486
6291
51660
63841
58720
45850
26415
37055
19649
37707
16697
6632
33077
26012
46749
25385
64837
14274
46669
23516
50986
20769
26263
22730
52936
27809
5679
28818
46440
6223
28543
30101
63126
12163
44531
33981
59832
1649
20351
25858
18761
27815
51952
10402
57644
16555
4455
48607
42725
40536
8742
47102
43382
6100
13792
27529
40228
24790
43943
558
9802
54872
61033
45182
23672
53981
62151
36685
53551
12210
12599
41502
45706
44778
938
11921
13294
31721
22990
5781
26797
62243
31914
9310
52793
33117
46012
47212
6055
65383
24702
55951
25883
42879
45916
55347
49685
23778
52782
19503
58056
37536
4663
42585
34365
26552
1727
24810
4689
65521
40146
5697
31335
56685
51361
32427
7028
25318
61578
36044
11356
48541
41243
12187
46679
6090
34951
57853
44494
37154
53283
12647
54706
20056
34134
60897
22844
35336
19399
55804
18955
378
34999
6688
45984
64956
23435
60955
39797
29213
47750
32006
39147
62912
65099
6185
9581
6502
9278
63822
19076
12512
65038
39035
1650
36142
43519
39362
41980
21870
43189
23327
29337
57391
3870
33489
27860
46759
44402
10848
48276
41363
4238
26072
25738
18312
51689
22684
37589
58508
8111
1789
63616
9865
45576
27812
49119
15062
35754
1062
52453
4067
39799
41681
54459
11691
25159
43425
45482
4050
28256
13491
50831
13004
21808
25759
50549
14074
897
11043
24604
49057
33711
2959
14891
21142
4478
54286
47239
18902
12524
45403
20808
36668
27823
32173
47841
7606
29139
32104
58486
11900
9483
56362
48214
13366
36852
27444
10121
36839
52087
56233
60035
61252
45511
47512
5229
16599
9581
59504
518
48772
29378
57062
38710
50871
52878
1980
55885
3931
10905
31260
5704
557
28669
19282
55013
50582
7346
38901
17409
4458
22330
30552
60450
15563
20891
37557
54819
17912
37704
64708
134
22713
27963
25759
63102
5011
26016
175
12894
5325
17085
62459
4935
10846
54512
41457
22905
48789
11186
36654
27425
18283
5283
47830
63577
35788
23491
5993
10223
41981
47420
62317
13209
5168
8461
58855
41299
53803
22145
49808
62732
25260
41637
10046
9141
24278
32114
40668
27633
45107
1589
21693
11196
27141
31964
26365
16269
28703
54801
15145
9690
62124
1782
44418
39795
55196
60333
53440
34978
52731
47845
5808
47850
37977
11098
43666
13203
1390
23922
44318
7337
13757
4949
53676
60756
14937
31764
38610
30685
32288
33231
13404
46109
4432
64723
10023
47676
55474
10378
55838
35161
21602
61299
39897
38644
56584
26357
62685
10190
49038
34897
15851
18044
37769
38578
63323
16601
43505
37089
38730
13113
47868
8680
61319
27215
3647
31009
63891
27164
43959
44752
28696
42042
62169
55488
23001
53492
2415
50107
13905
32
23882
41958
7791
48481
44928
5908
58160
13659
10016
9007
1741
7449
947
50797
29707
54285
55715
16432
60617
29630
15649
61229
1530
9855
36586
18633
31999
32826
1555
38447
46775
58078
1755
13567
41981
52021
14353
51004
17589
29294
9480
33910
9716
36924
23989
37813
22710
25885
61321
48486
15858
20240
41959
62399
23304
29560
28172
31154
62290
22367
65004
53807
379
16389
1009
59963
48476
34508
29606
56117
32969
24001
33992
39681
28852
50472
2977
37817
25973
30584
12528
17123
61440
8103
24053
12630
40074
16381
46890
5916
20250
45790
19975
6934
52232
11181
5478
20152
57966
62153
40741
29510
35690
30677
18274
17006
40951
5280
51379
14663
39389
17736
2801
15399
36778
53075
63793
21474
53380
38766
3912
23966
43057
34254
22303
55963
64150
21742
64028
55571
42017
55169
4984
63315
45414
42009
38987
27025
47124
16595
30654
47848
50317
44723
17594
32850
14067
14204
51159
52242
64290
10011
47732
51922
16130
45794
20677
57806
56512
26949
11637
30427
37969
56615
47583
40839
7373
31809
50572
24928
26320
6682
6039
15626
25663
47701
23717
48913
13764
26986
4256
52895
24864
46202
46713
37002
29282
53345
8088
33670
46405
3022
32369
19608
18385
60395
54171
33776
63853
36983
15598
61978
64007
26711
36448
1101
23987
47079
14818
23593
6217
64686
13499
1079
16839
34776
59843
40885
33317
8635
29474
22471
47413
51619
47868
19836
33372
47999
59099
33631
17728
41797
37280
43601
51049
52786
28845
25727
3372
10283
1771
52758
45161
38474
51980
60953
37655
27251
35635
54878
32801
40207
14908
26808
33835
39633
9385
6630
50735
21674
5952
10219
37356
44890
58208
21795
40897
10147
12028
34547
33101
58601
16298
3006
39207
47279
32525
18067
60201
40454
12047
27101
60312
15165
3602
12493
19928
7721
39916
65274
49024
17147
53737
29255
43319
24042
40712
50319
53905
12302
26149
46018
22280
56378
46175
33722
11340
16548
23246
4856
26939
34408
3386
2966
40359
20094
57878
25251
32248
13638
44934
42624
39861
20116
35518
15402
3602
25950
38548
64046
17845
36588
14789
63957
47253
40094
15196
4045
13863
40645
35353
26527
60984
17374
19929
61230
44752
58324
40403
63494
41482
1530
59553
21174
23398
5274
60369
10725
45378
10527
62712
3739
9100
30175
62951
10635
43525
29550
62976
48482
29787
31686
63892
42635
12559
14485
34506
16395
13520
6900
42228
39857
34662
52679
63143
2362
7261
44973
47865
52585
45778
45241
47805
54598
60083
47632
9281
56522
24997
41596
45604
4196
57507
443
32094
55993
4733
17340
43802
63081
61266
8915
57120
40699
1762
21277
65044
26783
25939
25143
23543
53804
49812
44691
13598
6724
35651
64819
25180
38251
58078
58941
19774
9556
36644
61298
9085
62675
47647
48775
58925
52130
30593
17235
49706
24326
30310
28234
59453
43601
53436
46264
58932
33921
34818
57759
45942
10063
48982
27869
15514
36715
31594
60298
34787
63013
27073
3023
30255
27903
16272
15968
23836
39046
25000
42058
41853
53471
34785
31663
26589
52951
51809
58831
36847
38638
5791
15205
47283
59356
31302
52411
25359
23846
43529
10928
49528
33312
402
42189
3202
50054
5579
9979
31129
42995
62175
19315
63955
17075
49626
17866
31403
54691
54305
64059
19778
29215
59807
2884
17921
40576
4646
43081
32398
45542
1254
30278
23338
23993
30162
53322
24639
42177
9214
19162
41319
27275
14577
32312
65474
21033
31638
5839
25012
41628
58106
50499
47700
65413
45754
23282
8434
28745
51540
1399
10323
3238
12668
49971
26146
1294
53960
32860
56588
11353
53691
63398
53155
15248
45376
65023
58388
62893
31952
64107
54134
30737
46154
55881
8138
35871
64380
42205
12384
63767
1741
64098
32097
11847
44041
28114
14809
49959
32594
38713
21122
8051
1737
55427
6396
43028
54854
27372
63604
384
62645
3615
48759
32844
2106
29824
1696
50864
47347
14798
49923
19261
43495
61730
36619
38874
17479
13748
9063
57051
46805
7290
45891
51989
48033
15150
55931
61559
30851
1403
15814
4113
9372
17677
4637
16135
42863
41942
37607
27225
54186
29533
50147
19966
15536
15606
39758
63701
5765
27755
33105
20137
64764
30928
9513
45111
30347
30086
57345
36935
22273
33950
26180
52380
51533
19241
16209
56007
21378
61270
16036
48614
5484
21330
5952
38238
23260
60466
3719
63390
47543
49044
60720
1473
32290
64898
26080
18089
35657
33388
55366
6125
7726
18781
845
43291
11594
20119
9689
51810
51014
46779
41028
53854
34065
6178
21267
40463
971
4657
55754
48549
37995
40889
49506
23599
64580
62792
22927
8057
15626
21604
26090
43891
63067
8301
50120
45594
2635
32598
28134
37558
3796
2290
40885
8518
64707
26162
1485
63439
41402
21905
38861
8013
46520
13782
46211
37641
53657
36857
25357
49667
53147
8593
3960
57114
63746
44582
34187
24814
9786
56890
45443
54414
10653
16649
3231
55317
33980
7315
16219
3503
6058
57418
15440
45411
60074
65207
60798
52128
22430
62386
13174
9112
58163
45035
11658
42178
23705
8591
36272
40856
31671
16104
52375
36235
56388
14040
31921
23528
52522
20313
41794
3137
27566
1305
24073
22412
39908
17517
23132
37696
53810
27335
46582
21036
39483
3902
59838
55802
14341
28461
12960
35093
64999
48700
60131
3760
15920
34620
44051
7135
54547
28563
15739
21332
58573
57071
38741
49894
30347
23149
35823
40496
10589
23108
18990
52858
24061
57160
13264
64911
4933
48744
13498
2573
64245
61871
6355
37855
32447
43129
45607
4542
64435
10220
61639
60517
2670
41185
37871
8843
55895
52049
31766
49764
9990
52255
61341
13764
45419
61043
38081
25758
14334
48682
58474
40822
13866
26528
56663
31035
20410
34381
53260
59119
5650
54453
65404
46257
57504
36695
43761
3249
14006
52831
3893
39235
39515
22036
24552
18446
49790
34511
43668
14595
36639
7846
23330
47253
54025
43390
13644
1576
38297
25866
41313
24948
51653
36691
33585
1420
60202
3811
43221
61459
6083
39295
26621
28618
6648
24487
25638
7653
11747
14088
54944
63909
59526
44417
11646
63190
521
51670
9379
53502
18971
50018
12315
58992
53109
11671
59508
62951
32357
11143
20835
45196
15881
62847
31385
56746
17499
52643
31809
59320
1716
50761
36572
22924
525
5695
40817
38689
37432
4463
18148
43895
26249
16408
9838
54826
30083
23147
1770
27069
57827
14506
421
27021
3534
34998
54106
40278
42225
2912
6684
9832
44777
16021
61335
31382
14748
8655
36112
44776
1199
29768
4271
31700
32670
38051
10859
64862
44456
42098
57821
38701
18813
48578
60970
45488
4450
41123
53283
21663
31095
40291
17596
63386
37227
33729
61552
60782
49923
18320
56736
866
36246
28997
37143
3048
56939
19404
11666
64040
9748
30378
8178
35318
1313
31831
61485
58149
21283
42221
17256
45098
32227
45711
55578
41852
57323
17283
37605
11363
6344
54224
235
58210
62777
57358
39228
16700
34206
1164
24516
60335
11642
12651
11799
3651
45030
58507
48030
1481
59675
20045
25993
61041
30138
32433
19321
21610
5099
34804
44019
51638
49571
2024
33542
26977
21223
4276
32391
3402
24059
37643
24575
53171
57968
45493
40311
7236
58530
56960
40084
57536
47277
40688
37124
37209
49764
41223
24176
2429
50301
59989
51230
16764
35601
49197
63177
12442
34754
51031
18131
52628
35748
45228
38868
48358
38704
22573
54219
16409
17389
19803
39283
38217
10275
58102
42216
42160
10829
24410
48501
55350
14321
21611
46660
63489
39338
41064
44200
65070
20995
32776
6103
54941
15586
53741
63476
59226
31200
25247
40947
57937
46259
59957
9810
56100
4249
34769
16645
17625
42328
49115
9380
64384
29451
48747
48093
16006
57561
12784
52644
24055
48100
50601
31498
21168
12290
62267
25528
59257
10911
2963
33113
34822
14621
37758
57866
5409
8931
24518
61743
59535
47531
65231
51095
20284
11393
8642
44773
57655
55732
60670
39015
21056
21904
23940
44426
19185
47661
35664
26286
11826
49099
58942
29782
65229
29190
4780
33837
23699
36798
12495
65142
54397
43528
48138
64528
25774
6966
40641
22031
13806
29983
11175
55284
59188
14770
34127
46477
59177
61247
44770
54993
3839
40649
27947
11179
52718
31263
9181
33116
2907
3273
56555
36834
14839
37845
37396
24457
12204
39197
10548
56483
45520
25613
50280
6285
24276
47866
31486
18611
38940
311
4558
46553
50091
9884
46331
30185
41023
29869
39362
41748
1811
49894
42669
6077
20880
37723
27876
24114
28415
7455
42635
56659
14421
5297
62512
2752
64571
13530
35281
55186
39839
1284
24992
24157
9638
37990
30186
15023
39515
20533
13594
14956
56300
22844
29513
57164
47674
2383
2382
52385
26457
48153
34686
39671
40879
57682
41277
45560
62356
61270
45954
49391
15729
6202
64408
26754
62942
40907
38065
17722
40795
35354
1629
22818
59408
65200
60785
60757
52671
31430
32517
18443
2001
45731
414
51574
29996
2957
16563
39302
7311
64688
43497
55269
34077
34934
19025
52405
9296
53365
31204
16522
63353
51410
30295
59373
10682
64545
39889
34687
59795
42112
45104
30382
38058
21819
28749
28963
21583
26485
47038
20389
58200
33220
36168
34457
54292
58231
60938
52445
13626
33918
46421
62854
2925
44788
28931
6413
33380
46890
28578
50241
803
14102
43690
7139
28754
17123
52117
52229
64443
37536
47691
27110
59912
55960
32651
23379
7776
16660
22153
57971
28473
26109
105
10706
14336
65242
1499
3579
43649
25544
37705
62312
44791
42213
5614
19296
17120
36778
54757
18469
40071
55533
12615
18393
18273
1460
13387
28489
22974
47204
38135
53379
9796
11353
22391
10766
20666
15232
51571
23203
2672
37163
9494
34604
2646
41462
13276
8599
41927
28076
30405
10094
62448
56790
6855
35559
46825
47364
8435
10013
46014
27066
17172
58322
31256
44671
9571
40909
10988
6389
44493
45549
30989
25038
16001
51004
51802
10220
4087
46493
56290
41709
32753
39905
27923
16620
49798
53741
8109
36620
11496
5546
64891
14620
50251
10965
42803
19787
15107
40665
5750
36678
5490
13886
54223
9731
18196
62609
6305
63963
12801
65352
54871
33347
36381
7115
42094
35674
3893
24368
14463
17189
65418
36273
27524
62759
218
28638
30115
25161
515
83
58313
47464
38289
1140
52679
39224
50359
42549
16759
60082
62066
57179
7422
32899
9162
54256
1311
26937
7852
28107
7946
51138
7391
56041
17509
59880
16608
14792
195
47378
32009
49078
30202
57971
60196
59179
55582
1120
48512
27122
2841
29329
14890
8003
26385
48933
13450
13878
35907
20612
29042
32595
24715
49281
28353
63720
29344
15885
57544
2534
12957
25230
33979
38171
57284
11058
31925
25804
39913
49977
45234
37274
43606
2091
30853
1539
21211
5421
55016
21689
59225
61780
17395
47020
23757
35756
57133
4125
41262
51262
47678
3626
17352
64665
14466
9190
5617
5392
33
27315
35099
24834
41462
17466
9948
38710
35938
50874
43251
5100
61340
30943
10081
12329
4230
13644
9494
52968
45421
5865
35927
14980
25364
57442
48554
22622
39470
35811
11536
19143
7141
48666
58122
32444
285
42513
11874
53929
17913
3966
55185
19312
4240
53074
493
17155
48815
60457
9881
59374
61434
65098
57798
3608
40252
1214
42385
9364
16250
34829
24634
50199
36396
30513
24828
23407
61336
33016
62961
21166
6444
43666
60824
34421
62645
37874
24990
2069
63124
25827
26674
57645
31884
7763
61412
28218
58732
57763
61659
52962
24021
16433
49817
34300
62404
2522
24630
34566
17692
16014
34855
45930
44652
42045
58536
3931
53079
3236
32229
55456
40534
64750
2899
29130
45460
10798
5288
65447
32632
50734
2926
34476
53708
20768
62653
5232
53465
51735
8639
45476
2138
39319
51089
20279
35107
4929
11443
41720
18793
53614
3827
61702
42323
65285
6637
41432
49933
54649
60774
41753
46921
27976
39065
28396
32641
38037
14292
3334
20088
47752
4822
35973
13268
33766
27840
24857
5767
6432
21092
63966
6454
42404
27182
61175
63482
53464
36537
21261
4023
46511
19636
6618
7746
51107
51240
22307
20355
35438
5786
44585
42787
26493
15650
20862
13130
11924
55855
60501
55501
38710
12494
5190
683
584
56313
1385
11210
25869
15282
3820
7786
39623
8443
20583
46329
22085
57385
20187
40796
36336
33983
32625
57793
18984
51394
33210
23811
46758
1329
65027
28999
45045
34926
15183
30378
65365
30346
12287
55221
53178
56322
53072
27392
54884
7748
24976
32878
63681
53418
22555
39592
38005
16729
39313
3374
35663
21676
59197
39
39692
43658
39863
60192
27078
40967
63160
19695
39865
16268
30974
2109
11531
45544
18469
57007
6833
20911
48312
56426
26530
55493
57763
34941
49330
1142
576
54444
15725
40352
863
14796
55622
58882
16700
50411
7054
57810
60311
6169
46355
23243
64930
6857
31999
55592
62748
48632
60886
31714
15746
46978
581
10528
48129
40084
3775
19270
7678
11282
45539
1125
9888
60288
10842
41215
28183
14830
45760
55842
54805
32184
39876
55574
47783
8175
16093
5812
62328
35277
36728
33051
53679
22371
2724
1092
61871
29648
44604
63220
25265
47406
32908
54336
15491
49076
62817
37095
48640
3735
22539
11948
5113
43786
57515
5990
3504
1725
61409
28649
30429
58322
675
15754
43436
63994
3920
6689
23069
8945
35867
58299
1361
3745
24917
17617
2312
61578
16056
16070
40805
46405
42674
45562
22683
4347
50979
40407
21110
57944
4906
40679
39584
36103
42116
44890
55883
52321
26122
30458
2325
37301
23001
42024
9695
7652
12043
21457
41375
53121
13770
4403
60456
31093
46150
55750
27624
21285
22187
31613
1992
27514
40246
20103
4572
64624
2686
1274
1628
16187
25221
13671
29259
50295
27089
59912
48459
60730
30968
13777
51759
5359
24497
56797
30927
43543
13222
19781
23551
42732
44655
16348
62292
17244
34258
3680
35719
21217
9483
45462
48148
29467
26261
51365
41201
62700
58604
53005
33737
31145
43457
58111
40492
5587
48968
47104
39358
28190
39156
2853
37539
1732
46062
41042
56849
48536
22951
41714
2928
42007
25250
55991
20001
35500
30077
58347
3476
39463
52565
55371
28225
39593
20230
48465
633
35595
41384
49499
9049
30066
27737
13763
51523
25751
46569
63028
25705
15182
21184
31301
43901
31786
32463
47060
60482
33005
49687
918
38330
20272
15530
52602
10510
51910
58021
25822
7981
3728
31519
60880
4114
44688
61739
25226
57905
970
37387
61197
46004
40607
10120
39337
15871
64391
9433
16761
42747
35691
5782
65136
15588
8501
22292
8540
4084
16163
46349
33385
41925
27104
20949
4074
24010
19298
59487
16910
16403
48123
27128
62038
51488
29565
35150
9335
19931
16839
15156
24125
51518
38057
16819
26490
13113
28290
19526
7279
62612
34706
50430
26977
57712
2270
2773
50807
55794
60774
16371
32152
30567
34539
46365
4811
58702
28753
47553
35841
5904
49970
8424
39150
25980
6673
33740
50215
51476
37655
25678
23097
27518
62587
30025
52847
28008
50234
30054
49675
53323
10125
20099
4600
20182
11385
32682
19685
43110
19318
11873
56507
46988
37269
31375
38474
30803
18498
63250
8350
16813
58345
39360
12771
26260
31184
18397
5573
23797
2485
7995
18964
11739
37304
38463
27413
38777
64110
2840
34747
44951
493
48723
18913
28129
52289
59926
57336
9092
21843
64883
62516
54282
31896
8932
22318
3465
1196
25256
30015
29768
8799
16470
30546
28308
60573
54970
51516
41940
12915
47439
50240
19870
11749
927
56300
24506
51473
24874
7294
32367
45264
15543
33575
7386
62177
40209
29744
18482
22679
6821
32569
1481
28697
19433
28160
42501
56436
37278
20999
8112
29254
43646
27155
52847
8703
35179
60365
63301
13195
26166
39433
36556
31430
10931
16742
53015
5227
60740
52533
9843
61660
46216
20508
32873
42499
11069
26512
12097
47944
4736
58854
54680
49151
19959
6146
53457
61838
51866
9188
23326
15779
42424
37387
45110
37209
62552
42623
59907
23717
27680
26459
52495
34421
47494
40804
59747
14929
50125
54790
53482
35887
64577
19379
32532
40811
42854
59192
38402
35994
64724
38628
60487
59074
63456
16154
1055
61547
29835
12230
28903
941
64280
25637
26216
6428
17825
25444
5884
30692
15137
52156
35130
44469
15113
38436
4453
20606
11519
38055
64886
23473
31822
39685
25738
26022
20170
54507
28884
1660
59439
56299
993
4609
8878
44696
24120
61804
28367
25572
51975
64687
60323
62589
8443
23547
50563
64724
1796
6845
45496
26048
28096
22836
53486
37078
12853
51320
43476
30194
5392
63844
39824
53397
9979
48563
528
44385
1770
17959
41067
7331
5252
22052
27107
19569
1025
2337
11071
52337
8945
16957
62472
32714
56932
335
5093
65342
18064
14811
40759
24392
57828
62141
62355
28250
15300
64161
2152
31819
23696
47927
21984
62945
22627
61538
41650
5524
17285
53587
44121
31776
16112
39349
16083
23989
18244
63103
14852
58238
27105
4503
60012
45945
62022
38396
31958
17057
2153
50302
20723
34837
30267
17057
6013
2212
19898
42466
37115
28012
51887
34855
20832
44469
63434
50875
44987
11857
47778
1177
39686
21943
24266
9455
39358
24488
27322
53171
42260
60558
21640
966
29415
49767
58768
3532
5328
49491
39437
25389
24467
46580
24057
64169
7873
5281
4492
25465
23452
28678
20338
28458
46809
35756
59457
53883
15234
43212
49227
62177
28074
55268
19275
25220
51956
54482
10023
6623
18838
49942
10031
854
47352
62194
52168
23674
26407
48721
24214
48526
59100
39108
1697
46228
15686
19044
59399
47299
22030
31119
32214
38873
62064
19187
41236
30482
34298
59154
47572
10956
54580
7116
39814
11256
50705
53617
19247
41639
54921
19643
64010
32945
55972
1943
3555
7895
14775
6532
44303
42298
28535
33654
33553
4074
53290
40597
38766
43871
58710
22339
27844
8657
9661
10601
59707
1071
29362
50146
33750
36207
44492
9001
61902
21770
59678
19740
1168
9394
15966
3015
63394
13374
62564
15555
1601
64259
47638
24408
266
53750
24622
22596
39861
31886
15423
4389
35826
5672
39219
26782
20399
30750
27115
26427
58322
20962
1845
29313
10324
56913
30324
46858
40550
26328
52839
15563
64242
7614
4222
32347
50683
8403
60488
53974
60256
18020
1647
56717
10676
20360
28740
30413
53386
14287
38331
44470
9053
4298
851
55518
17799
47086
42542
53624
9526
18935
10640
40258
62857
12736
57348
7959
26780
56434
53407
59429
49134
46600
58707
58703
8653
7672
48116
39311
32499
8427
45754
28192
60847
65356
40515
1812
11389
5911
17886
34942
8541
9724
27333
53193
5183
30391
17891
48534
327
47190
22219
32209
40551
47973
57068
1368
29909
23792
53092
12521
2665
26081
36797
40611
14494
1074
5962
55082
61293
1505
38780
10828
7123
50983
62063
16224
28486
64337
40960
10542
52576
18663
61765
44311
34549
10452
3243
37268
17093
479
3826
48039
32603
33173
22099
53131
18223
28786
43022
22121
29220
42001
12853
38780
38177
9054
39738
3332
50039
3682
53664
46473
64942
38295
59095
62872
48120
25979
37189
18003
24155
11676
29827
36603
30038
55356
41725
59410
42787
56290
16158
14552
42999
26416
24446
35311
23706
49096
21979
55788
13199
47893
17469
22437
17047
41650
33388
57189
8078
59180
17558
64348
21054
59458
15486
50317
3710
45351
36193
53848
45794
59905
19362
28057
49869
15539
7929
45575
64420
54373
27768
13852
7186
17550
29207
8739
26251
20086
21904
4331
54482
38325
51899
11500
1225
29031
34790
36340
51932
58749
17190
13382
19886
22188
27096
34494
41119
57868
49077
8425
63834
29218
22389
24006
63770
38706
48512
58931
224
31778
31066
13495
53682
17525
49906
33534
32689
33097
60248
7839
35012
56322
56463
18968
11474
30711
55617
15032
2170
55683
10820
54323
13290
42478
33803
6915
60767
7579
16438
21853
2977
3081
31229
7140
10215
8700
15460
25904
8129
4421
4170
53487
6893
13290
21277
16003
41608
44377
38743
64931
61860
47797
11591
49528
30751
53176
57479
59224
25250
62797
56513
1587
12251
37906
8963
3151
18104
49826
35604
5346
4078
33018
31420
7822
29587
3945
47247
15454
60383
10280
59506
13113
60153
60762
34256
49237
54468
27355
17173
65057
2683
26581
26573
12739
55268
50572
63140
32581
20387
42129
47370
30128
32849
289
50885
7416
51450
30147
55097
26323
402
28134
26909
32597
55285
63025
17229
32183
21072
32073
56375
25240
43775
19968
62914
25517
48786
4744
61737
44507
52157
18180
38952
3310
36277
37341
12508
43054
13107
3323
44948
57061
19618
5895
32541
52189
3656
9181
2830
64012
11721
64685
8391
4058
37097
3191
38891
10027
33503
44087
34781
19830
19497
57566
18393
19507
55249
36663
6136
1504
16626
19864
29263
32579
55816
36758
64331
27433
30460
47722
54061
20657
50708
34185
26147
14335
2134
11196
25954
47662
51194
30056
40823
20361
63955
26361
31267
21316
5663
61343
26564
39667
36763
44685
36884
49913
21973
3812
23185
30912
55361
42727
13957
12805
3614
48652
34580
13652
33054
46521
8152
1641
41103
52711
28897
13203
37144
41197
52116
4251
9229
62426
13316
23674
8383
61288
45406
31165
48443
25649
52007
4391
47892
34316
8707
11494
64090
34545
17828
16483
27194
31796
52916
6849
10972
40837
64918
49257
18088
6746
5472
9324
55964
59024
10155
64329
30877
18434
25351
18799
10391
29893
64324
12257
10423
30760
51323
59307
40907
60314
4513
23032
59556
38109
28001
34220
45050
49486
18338
20766
19641
8093
45640
59690
20651
12159
43284
2827
18960
9878
55402
22156
48059
36107
26371
13342
43542
25948
65340
34108
37447
14961
54820
10901
29391
26814
23171
26324
2661
61858
52893
53154
64168
35311
52943
53324
2427
19329
49286
23047
28649
1637
8033
15571
50051
39679
20852
49289
21957
1799
39492
45750
58366
34881
26934
60975
32733
20311
34207
33992
45871
6922
19924
36336
63653
17477
10905
52003
16227
49784
51209
50374
35627
20636
21685
54089
7026
64195
11464
56435
32018
1905
9985
52148
18734
17405
47416
53373
49685
10159
21191
60529
46312
20494
61654
59347
10343
38782
7796
45001
15892
7201
59290
28032
63628
36880
17063
61760
258
46565
54883
46477
58766
29857
41664
7582
10833
57439
20692
41792
404
50506
29115
176
44095
29100
36433
7643
735
8745
65466
50819
54614
35640
23786
22517
14563
36502
18685
49463
8261
12417
63409
60901
55469
58925
51480
3268
3987
10553
39749
58004
51528
1465
13420
39419
4335
40501
44618
29774
33305
15973
24053
45936
58949
42611
44581
33745
46123
25641
60544
51724
25920
34803
38148
13198
10535
64123
23516
50540
32966
16029
53199
31326
32957
42990
28981
1795
51336
3643
22191
24286
60074
44099
23206
18771
45815
58594
21453
4926
65397
39574
33336
58321
64354
10076
40684
32949
64119
50306
6624
45671
38110
30153
53715
34319
11390
49835
38225
8632
52312
32563
24474
13824
60010
8431
8544
20921
19056
13891
11861
31417
41776
53684
2550
14792
30866
59385
50266
21517
37282
35411
47551
11483
28113
31775
39580
61112
31038
49393
52442
52383
64346
40793
33045
51421
43809
30173
28093
11601
64351
21567
43792
61864
6412
34382
43999
3436
32891
39382
48202
26978
65452
31351
55068
6328
17546
64621
54565
14707
33911
3946
54917
4678
30362
47083
39518
42245
62127
48422
42922
40587
65412
64523
15945
9288
1084
13503
20833
62704
21352
29029
34044
52171
64955
44624
25457
8429
24608
44209
13556
47034
16688
59025
21423
32995
46238
33514
38418
26852
32308
33354
52943
19272
43150
796
54672
44079
18815
31086
3767
30532
38886
10330
31855
22324
44612
48700
37308
36993
29404
46592
10994
28263
59711
41946
517
43627
7060
36280
45165
57020
15702
10113
36421
18344
31809
28562
2019
27446
37962
27767
16731
33732
44590
26500
59137
44282
18378
11120
6591
16674
4453
52887
45467
19660
41631
32254
13657
55504
32047
34529
57688
10133
56662
51974
28603
23269
47199
5511
41230
48757
49669
65028
34004
26850
39569
46308
53573
25678
7886
7275
7274
55035
16796
49727
35793
16956
5933
931
19568
44958
850
58317
7142
15966
4781
36983
39708
45807
28281
55547
26760
29683
10787
47267
24299
18912
33017
32869
55875
15722
6232
14274
26122
54781
12971
47811
61201
43114
48604
1937
33017
10358
58900
4345
15731
29883
31838
34969
28428
65355
40661
29961
32014
47698
25511
9217
19071
52082
2789
61387
26642
7629
48714
51116
13173
15603
20584
28735
19169
14019
29676
62557
65483
12868
17262
50245
60240
5468
47326
59938
34460
42320
19204
22865
44680
62998
4378
4425
49244
57666
12606
1707
31898
2354
3187
43625
20439
5108
34981
16594
16848
35717
52837
33042
36370
16932
43229
23656
8678
43704
49171
7647
46312
311
31119
58395
33386
57531
4697
39134
8468
56520
52694
47751
18232
45217
35588
47302
53192
55357
35593
17920
47875
33712
22962
26286
64986
44685
63156
50301
30911
40366
5969
22842
41128
27280
12892
16295
58484
40086
51173
15221
28372
38169
33143
23562
6864
49652
58476
64670
15631
23983
50409
16027
25793
28355
16421
18571
65168
53840
63778
8328
41870
40311
34672
9899
28554
52938
24634
24801
24816
59364
11832
58219
10399
19536
4855
20043
64975
59791
34055
7251
11334
57475
54825
60998
51267
10333
30045
52775
22418
12178
47759
30409
23292
9676
2687
638
52151
473
3564
55787
36146
2783
36885
54746
10099
40290
63472
21207
2253
55525
43480
23498
10983
47278
48068
38662
52065
2272
42217
34092
52723
22732
7931
17299
39110
62409
15192
35966
37624
28871
30598
29805
36930
2047
3541
23326
13903
33974
11473
63560
17750
56887
10973
17908
13785
48165
39897
23736
38041
65164
21178
18688
46222
13852
12894
60637
23425
13032
11054
16682
34852
54783
18026
15016
48911
33945
9374
54361
3152
58328
14186
14858
11518
42896
45716
12726
36954
25897
12072
9420
64964
29529
64319
49935
32651
47323
41778
40104
20774
2711
8736
36361
10158
50678
1796
8218
30953
7847
33669
7276
42126
7001
48316
62111
31680
7786
45646
10647
34919
42205
19323
16873
15924
47608
12741
16302
64632
51180
9505
61397
34855
3933
13711
36323
24015
25385
7822
19495
30239
36764
1898
22413
14321
58749
11147
7613
51145
54905
6563
16223
31506
27327
59585
58626
35317
63016
52777
25751
50984
62439
11734
44843
47230
5486
33736
24003
43730
21311
54147
27060
12382
43326
56695
59106
43510
16541
61140
43791
36446
29137
30289
36235
10720
2821
37464
6899
26159
54699
52455
3403
46804
13094
1753
33078
43885
9304
48277
43331
56094
51188
19233
19297
45473
47812
33213
25452
28158
58520
50341
18575
8412
62643
55525
58752
51387
37137
2838
5350
32913
29863
61350
49629
2199
5589
27880
30454
34265
59913
25845
9601
10385
43594
26911
45301
49654
53588
56325
23015
61539
47656
1714
46253
33313
7316
33208
30858
53579
45687
30303
26658
8081
54362
18549
39873
4338
8382
20518
13803
62484
11092
20655
5618
41481
22537
27058
45116
2106
49475
23794
15951
35032
51151
61877
64197
5170
17984
33442
58871
48930
14940
43126
55005
32637
7535
6007
12992
21367
50996
60114
3075
18776
35762
2011
29500
38989
58879
27953
16926
12699
36345
30657
35759
17915
25931
53570
30033
38276
42695
21788
23067
57703
14306
12143
8198
45599
34339
14945
4080
6101
45043
23417
11088
60389
64249
44480
11281
40827
61721
34087
48398
20086
47593
28161
33941
65180
51302
30310
22302
36219
41461
28808
20294
37486
57002
26628
34537
33406
45231
38564
29697
48267
18122
56955
49854
32098
63345
59863
22659
33918
10929
8773
57300
19452
8375
31116
8276
35356
39131
26206
129
60118
17106
15549
49085
50947
52507
16968
9926
16513
33665
895
43236
59699
30127
22966
24819
38282
55963
60848
41410
8672
6166
30713
16534
34543
33193
42266
15530
42324
7373
42853
2541
19104
2885
51063
31006
15242
22029
50927
47958
41818
1098
30688
62618
33116
42105
37549
26101
8623
562
10448
57413
57418
57130
45784
54153
17183
41332
17103
835
46978
14377
4433
52599
15754
25267
42127
64190
8413
65361
34257
5957
60632
37628
31866
55579
28925
19635
59584
16387
23488
39594
1077
10534
48662
58448
22577
54148
26791
4106
49455
63206
50265
238
29502
6702
41519
59941
32013
52059
23825
32120
51036
53896
3389
5306
61967
33169
31773
42952
57358
6531
20787
34296
37967
13220
59698
1926
4124
20737
14268
24599
19623
19514
38528
59799
29954
58311
15297
38197
6273
45201
9850
19728
16217
4948
50565
44862
2670
17276
41292
63754
46382
12962
51388
26941
37062
5163
32214
62876
56442
28736
25730
23295
3993
23778
12076
30285
25216
52567
20711
13758
28190
1663
55847
5265
16134
50777
9014
18465
15754
34945
40118
54282
28235
9577
13847
5842
30021
55095
57459
31363
23283
19915
37680
49442
34167
51727
59171
62821
60264
3118
46695
35991
35528
29705
25511
15694
35677
11427
48817
57165
28348
48582
43189
27
10124
5621
2406
45575
57074
28471
50336
22205
1718
33158
40440
36599
25950
29791
3808
2422
15003
8777
65026
4818
63858
64269
12878
47683
14789
28528
3723
24155
35548
20521
29571
12059
14387
28722
19797
45134
41749
64873
19871
16344
44793
845
4551
44505
16092
53543
12136
36524
62219
16974
59631
38068
32228
40050
40145
31653
23593
11365
606
43843
19948
28860
55093
22548
41623
23120
60095
38492
3873
8375
40519
43694
15346
26546
5099
53782
18122
62843
63315
9869
41716
19561
22024
55213
62772
59611
3106
37969
42978
58673
37686
55301
51249
40537
3807
6633
7426
5374
54442
57233
52161
39689
15601
53831
41991
33529
20748
9312
60631
40462
58238
31131
16742
19811
40269
43295
19376
7506
37024
50970
35721
21569
5435
61382
63495
61292
55769
50980
42971
119
22393
41590
2841
13364
27399
16772
15823
47182
5495
19758
27544
33809
64817
62641
32706
15016
26805
47587
50214
12979
46617
15140
46469
60934
7157
60734
42200
50013
13831
42530
36738
36161
19413
13381
54473
25330
21544
65437
9628
15577
35462
14097
12769
55534
59186
18888
17618
4535
55612
56245
12201
13918
54651
56092
22345
53748
61113
30677
44673
5435
36079
57787
40745
60615
34392
25114
56690
22351
63223
56734
55522
18888
4878
38624
58844
32069
46173
18746
49253
14776
34929
31628
51264
51243
33393
48023
60839
47587
51745
40841
23165
11470
65387
39274
34141
28757
36805
3792
46457
14632
61773
56308
20417
8844
16593
3731
64660
61414
46059
12329
26067
56075
28591
810
14430
62504
61554
35078
4328
60714
24821
65116
18517
18616
61757
47678
39416
24527
45437
59432
63191
8293
7721
61379
63171
60197
9684
37186
33077
44259
28690
39451
3626
48270
11414
64365
61799
14515
22635
52315
61506
29545
24553
47979
49602
37151
31449
46864
62303
1616
15602
24395
33274
28667
6858
41628
17728
6042
43117
65179
33321
6754
37446
52741
5502
49215
29019
52295
52475
42473
3458
35538
5170
39969
3819
63731
33253
8752
28798
19002
48803
56720
52953
6033
57170
20438
4332
47138
18428
48007
51704
45876
13119
5614
24627
60886
30898
65534
13240
40566
13135
38164
39751
19772
40282
53159
51210
12517
52082
61978
47526
10038
9541
17206
59281
54684
35450
4105
27431
32621
50819
3494
8642
2482
8396
40417
55366
36980
30807
25306
55605
35116
16359
50699
56889
52773
39554
310
54937
24431
44576
45003
49163
290
63650
59720
38744
1621
51769
12587
11079
5489
26799
24557
23726
8761
38558
3954
48330
64597
63899
8927
60350
45505
26691
54574
52729
5009
24985
36040
20708
19086
48892
23774
6176
14544
12591
64573
26880
14856
30146
50136
59453
13556
61330
7062
65174
2341
31642
9007
57601
19073
30790
63088
32499
24725
11166
22607
38555
58438
32018
17714
20051
29998
38267
7070
12617
23590
40261
24153
23463
18737
7454
61973
16332
29740
29230
20598
20915
15827
10553
28485
19322
51864
33390
38173
60021
3619
38361
9091
53369
38609
15029
7676
27797
28913
7323
50065
22865
2112
13677
37859
34638
26160
12180
30479
23633
53380
61850
61588
10059
6155
36003
35250
12310
65235
63534
2890
53476
25095
44252
49692
9097
52362
31806
63043
38974
40240
6435
38030
56316
49311
45067
30474
35750
3248
54534
48251
23033
26500
3260
31256
49800
7936
60337
40620
52062
57388
12757
39268
25773
21521
44438
56502
48155
18462
57617
64580
57789
48299
35588
18540
6249
44527
54143
2284
48908
27200
34801
9780
55097
16266
14721
15153
41465
64260
63222
52721
41968
17743
19510
42253
54398
9760
49650
7821
20040
28604
20172
33752
65430
11441
18338
34437
52158
19915
50880
3070
47580
58478
37907
2852
26248
46664
37690
52108
16640
8201
35911
27270
49705
30134
53908
37298
56982
56116
18356
51890
10851
46912
60040
31063
52972
55249
25627
49865
62649
48744
61604
36787
58206
42166
9398
32481
28200
55140
32512
23571
29446
38204
28797
11694
18495
61371
35395
60724
45028
893
3773
2369
16987
8062
10085
29682
54372
39056
6526
63340
30904
1485
39318
55094
26204
17533
55816
24489
9038
37470
34785
44087
48794
60691
14942
25589
51278
31358
36393
31913
33093
24603
35126
23215
21373
18525
41884
13561
63858
1132
28760
3215
32363
50272
62079
42194
44547
60932
52070
52938
28899
49082
9879
32430
59733
30818
33716
8649
4152
27684
61118
37141
58186
56221
42659
44843
11959
61783
23462
29465
10763
3932
32797
12932
1585
27319
17717
64613
20767
42610
62535
6282
48003
57211
42938
41422
63054
24131
32983
7476
58688
4708
63896
43382
3131
40234
18670
23461
4407
6357
33011
29987
57102
22275
39970
57611
26203
62832
33496
55797
34305
19615
14368
13562
4679
19793
62118
12352
30374
37498
34863
61204
12558
34297
7862
53327
51976
28796
41672
29393
56825
9366
20562
35171
41237
2255
63029
63667
1170
10047
10414
62712
33611
26823
23426
37218
1829
3057
41360
2046
4482
50034
54231
21241
52966
56123
38447
48758
43912
555
54984
9264
19310
8628
30712
45190
57859
443
4422
48566
11880
30089
15746
14152
9448
42752
10234
27258
2374
30288
49594
64225
40212
29337
39908
58762
58452
59829
32129
39007
3806
46294
8993
33303
56973
48419
40149
29974
24356
12513
50734
41705
30817
16307
6982
8844
28704
1283
9687
30601
52472
32992
60482
17376
19391
61204
23348
9836
11111
61756
23480
51540
63069
6731
44020
45322
9018
10273
28751
52066
27068
60497
23255
18928
44583
20042
23239
22571
60963
28725
57034
36508
6813
3227
32930
57142
3836
1594
58514
7309
37398
15315
41685
23959
23845
48527
25873
22995
26231
12437
54376
42754
45395
8144
37917
34710
65162
45247
12449
4977
13677
57220
10426
10832
57218
13665
12351
6984
14538
17778
34817
45461
22264
27185
42145
43579
20088
35309
12957
51010
37544
63588
45335
12786
38210
48830
13653
64023
41254
41587
54903
24953
57392
34446
2107
41727
6004
48880
37441
1793
8485
7296
9024
19619
11519
63167
8939
53223
36548
65519
12311
44145
8441
40546
30403
40646
10519
42150
21155
24391
37402
26242
27903
44100
52627
24362
41916
63613
51008
50167
23667
32180
14973
3938
62914
21568
31032
13079
29671
52237
49946
34891
62279
8846
36486
29841
31596
35343
49389
41834
6792
54698
27417
24447
49890
34564
34981
22176
11172
54613
5381
48021
63249
38515
46640
30896
6681
50212
33465
6592
41444
36389
19914
11724
31914
63165
29796
46411
61108
27553
41163
16230
11407
24123
33240
44616
20733
1652
25366
44968
42952
28700
28410
24194
50610
65456
62060
35174
11558
41785
30977
17610
49869
64145
55151
51447
9829
12232
28820
9751
29420
21411
26185
12134
34195
40011
33645
9433
28966
56797
15505
43671
4363
53101
26272
46966
27303
14447
32616
61293
56911
52380
42404
32636
1552
24237
45462
19957
41526
59918
53321
40991
60295
4060
22013
496
41724
45543
44026
50651
13359
19159
47422
59631
34495
47695
39249
64248
19101
18133
36947
28014
41412
58486
45539
43371
13657
37619
6445
48846
14139
34312
10339
37071
3413
35373
2933
3046
23830
25047
13137
5348
60905
4149
48712
24921
62070
55866
16563
57796
58310
32899
27142
62726
50707
57265
49863
9782
28149
1631
25291
22467
58515
42412
24782
25620
62585
17881
32114
49810
21887
49876
12285
19508
16119
18181
8518
35575
17353
51599
44472
18162
6423
46702
11853
58796
33598
40706
48289
9692
3575
51507
25527
58259
50140
24459
34094
33876
9915
20951
61739
24595
2170
20645
26851
29104
56500
30221
42815
60332
42102
64368
20807
48175
60466
57280
13859
10323
13176
25417
7381
46592
18102
48062
43224
49013
46508
17034
23785
58810
51553
40186
56973
22661
37192
51121
56815
27935
48015
30214
45972
61512
38253
15552
5844
2166
14176
19500
55105
24775
51402
18440
43533
52335
32668
34858
64726
62594
11628
54615
54654
10170
23192
3885
47124
52223
63561
21600
11558
15191
41678
27600
25357
31609
30855
45896
21297
37869
47530
59004
36990
64846
23348
45953
42190
30378
59268
20105
23753
10999
410
27098
30752
49291
51544
43969
59585
20225
53296
36779
4891
23594
45901
26082
24017
56475
56923
12148
16904
56514
28374
7115
27477
31648
38921
59473
25845
27513
48974
40896
6841
63591
6268
8073
31744
4436
25488
58063
32473
17410
3780
31957
20962
55999
19738
13798
7201
63201
51569
12608
31123
59707
61634
53239
45949
5975
50919
45635
30332
6540
59164
51640
8546
22741
17019
52790
1120
14958
46412
49560
17814
39338
18519
14404
8790
4137
64206
21353
14075
51973
24754
9170
63284
32005
29090
27017
26510
20203
15435
8765
36187
45235
56002
20705
14436
8093
46576
64389
17522
19280
27637
6124
56852
35525
43037
53900
63885
36208
56522
59991
28510
35303
9819
37612
19024
62256
7558
55777
58215
24445
3339
38751
29278
23185
24336
36882
41780
65339
36632
42837
43257
58340
37646
22711
36879
61202
50757
33863
14859
59944
54087
61985
41663
13441
39614
32663
5484
33473
50048
59670
27598
62381
45302
61214
46896
16624
3802
63985
13982
4622
35732
33254
53953
54864
37412
46334
14794
779
38332
682
44165
2622
4343
24105
42518
44339
44148
17615
48270
21434
11818
6905
6973
60681
17912
41352
51557
60775
29608
15315
45092
65433
14863
52651
59845
53055
61788
22928
4581
3457
43447
22504
4698
30577
46020
50049
26190
3851
4328
11193
65165
5
15228
57606
31298
63690
16478
39550
7400
12903
56882
6741
22464
5400
55516
13694
3994
41860
32685
18002
62946
17784
43938
6397
9021
39164
39296
43475
25502
52256
41579
53633
22984
63631
57076
52256
3930
14564
2899
6215
29837
58161
27047
7619
43799
38297
52200
33129
23769
10799
967
24440
34446
10416
21854
56196
27235
27240
29655
59133
40960
17039
44254
32968
47290
17323
19703
12855
30037
19265
4626
38629
16326
65340
13646
35845
30935
57191
47067
9085
64865
26009
47555
9142
34849
40699
56160
53759
63566
39023
56357
29697
52124
39880
60721
6537
49784
45914
27246
50956
35371
7065
4774
15528
33732
27134
33836
847
23922
63881
30334
13163
21433
16780
29920
49553
52895
21971
19139
45630
50680
1216
29133
56161
38364
10736
49523
8742
1739
5810
35460
46700
58824
38078
35883
25684
59324
6090
8592
65197
10943
34412
12969
59606
24528
29971
8471
51472
65029
45986
63980
42864
46772
5407
24830
985
24066
24922
23156
23282
12949
49600
32573
59700
42074
3014
47056
3295
37650
41806
33979
52972
17830
30048
7762
62977
52934
8541
54430
2904
13810
28050
15126
59193
63598
14604
9124
53664
46528
55791
44453
2639
26547
10753
7238
28948
10779
34981
7622
51896
60042
8222
19223
32119
62980
16792
18367
51388
58824
41786
42400
15652
6084
42280
59706
33329
27477
63369
60498
43409
54396
37770
53499
8965
30808
36942
28205
29616
60073
45660
20872
44062
55995
21605
38602
16624
14470
57748
64486
4849
43152
3144
64763
49757
27964
44464
50413
51661
26247
5785
23629
54194
6172
23223
23153
30731
17914
6072
22426
61065
18906
14538
7822
1142
6410
17108
19144
5293
30186
15024
6786
15246
17691
16942
63621
58762
60326
22437
24456
26788
9494
29781
17170
27888
23222
63820
27116
37354
52859
1238
56494
59375
42592
57273
15261
48328
12698
50565
28
58743
19875
26602
37005
44642
45986
5215
53813
8563
37604
34370
33471
18210
26716
51457
57509
11650
53584
22086
63503
56689
55095
42846
15399
21239
56568
36139
41186
54357
42925
33488
18424
56429
46593
62849
6207
24507
55615
60827
50393
3763
35786
47769
41770
65278
18120
56043
46455
60578
59394
41539
63796
34189
64038
60532
38506
60942
28714
57534
62376
17789
5771
4107
25080
40837
53291
21958
49294
36012
59737
50745
47894
29495
12729
59215
43428
8718
44490
34053
17138
61009
32855
33808
45746
22825
42153
20420
64691
47701
5683
60692
57163
57132
59849
61110
37237
35094
9289
49710
44687
10058
40908
11319
39418
34530
52316
641
26191
53686
54016
56378
21309
37872
37123
50604
1696
60905
50767
5666
63902
65005
25613
13704
43988
30829
46763
5180
27313
19831
28761
31024
47225
42044
164
42158
42364
49587
61992
4696
22963
15196
54253
5993
30999
60680
7861
46490
20465
20624
3992
30305
3741
42225
3806
17312
52689
44467
14630
11145
36482
63603
56939
36147
50969
57453
59266
24835
45596
1719
55983
64394
38126
55186
47051
33522
9649
8450
25918
7550
4410
64773
45178
21072
34891
15528
22125
29347
38425
50545
50751
59278
30663
27895
16779
4942
15961
35968
25666
10845
768
15931
40142
29392
63066
54699
14748
3405
6907
50098
14880
61179
28870
60553
49083
166
53374
30454
160
22274
52288
15216
854
38670
15682
27152
59869
41881
59562
37403
43992
28548
22423
45159
29060
41108
16872
38878
55055
11242
65291
43938
64928
16104
24022
20710
37358
50235
60324
30456
11560
33316
53931
48196
25066
63753
14778
25335
51627
62426
20446
41122
16107
319
8035
25661
63490
44038
40418
12773
35654
31573
10019
10416
28934
14754
10065
39607
7364
55295
28952
49686
63151
51120
43624
11620
60496
30958
9500
28608
57033
25100
54322
62867
14799
51608
63763
22764
15311
36450
50949
34831
11753
17397
57530
4833
58325
12780
62387
12637
20853
52159
32307
26128
51740
46344
31473
5091
27314
53481
60637
25992
9352
43223
24272
30590
5743
48966
54328
27503
7554
29587
33619
55708
7684
29212
20116
10507
45221
63548
64472
62388
43244
54310
16404
2414
39070
42831
63858
3968
22619
7326
18137
48364
26140
61174
21483
8658
35920
50801
51841
2794
17860
7593
45085
15736
21918
10172
61286
39057
33672
50273
18168
52862
2074
36463
15135
44684
4569
8767
30233
17991
8072
26950
8791
29657
20082
25128
27012
43566
19830
56052
13584
24214
7442
49233
21695
42548
54169
46838
12312
30187
11785
46702
15226
27233
53310
41201
62935
45182
46785
43614
24292
43163
11465
36819
31140
9549
326
23565
15762
64089
2275
11292
43333
61238
43314
10111
44437
48616
18687
6677
50595
2313
9656
29758
19
36801
42308
44376
64721
62766
43336
19185
34475
24205
51452
29081
12011
44146
63312
50657
65474
16598
59428
7509
20028
20006
14502
7494
56873
27738
17087
62786
16882
48877
45632
50848
50963
43725
65072
58350
30565
63896
25478
41673
50379
15191
2613
29553
39556
16418
22306
25235
1265
56838
12790
62990
24489
50227
51041
42926
41922
61038
24962
39348
18199
48999
58566
9069
2098
2638
64321
41265
32992
29836
38691
58834
62920
14935
63934
62954
51753
64043
27147
21913
27675
6990
12386
62552
55135
2082
27293
2805
10011
61927
36498
41228
41921
27212
9133
20198
46642
24484
36865
59373
28606
1777
1456
45163
37384
24286
52932
25516
48995
22514
237
43747
10768
46855
29521
56436
25480
43358
40344
24814
25884
5222
32872
54167
6207
31570
23285
49711
41801
64707
18366
36568
29200
59266
5230
45310
31589
32765
9793
8780
30790
50995
4507
1397
57560
25774
54666
50951
37583
36255
51749
28147
14583
2983
45464
57746
5860
20349
1813
5171
37048
1677
18715
39227
31362
25465
36501
953
9607
33121
30940
43531
47388
22370
8681
4819
24137
45454
38616
9307
22751
16505
47135
21542
43737
39906
42901
3623
26362
49351
28392
10848
533
3500
36860
21345
47143
22460
20876
45402
37051
27193
14926
24126
25210
21386
17802
42361
62348
11727
28736
49541
37741
22505
34225
28792
10180
13101
52529
63572
40834
20562
25032
6797
50830
22018
30745
37489
18960
38544
31028
12555
13371
19803
370
21725
8736
61316
12131
10636
24387
37859
37055
30952
6246
41171
21314
9151
32343
22295
48896
34121
47023
1080
60791
17739
33875
7012
24520
53946
5420
9410
2540
52950
19649
13538
22698
47804
14476
5690
30591
27086
40232
28471
23647
57647
10365
54115
7751
57855
11877
38085
31541
11370
46791
63926
10895
1267
29768
50685
10644
2130
42466
3705
37200
17828
15358
20578
52059
36060
48279
16555
15157
6080
59361
52842
12658
16555
41386
2601
30658
41574
18952
16558
44814
30620
21728
7297
47277
9561
3609
50988
53598
6940
30364
10263
44368
12469
54066
54008
30850
23251
2702
6850
65165
1713
3452
62897
11457
60967
20305
21423
49294
32102
56397
2656
4334
45127
51301
28118
18590
19617
22956
20239
16004
10371
172
60194
25754
52050
37189
25497
8478
3199
13918
10396
63429
54095
403
33844
52811
20161
6499
17382
6236
56775
17962
25507
3118
27503
36759
31974
27850
40628
20189
17973
43017
24168
32658
34733
57526
46045
51614
10389
24793
17472
32724
5066
25510
7184
35688
34554
35005
41860
12610
9035
11927
63018
36237
35092
20399
61887
42350
42333
35466
26502
37477
14864
29697
53040
25737
30858
47856
46186
39562
18111
13006
30030
53914
45005
24537
25928
11875
3334
36304
51010
36106
9927
55732
8855
37964
43072
26361
63033
7772
51799
61249
57478
51450
9647
43472
55553
50374
52754
62350
58465
54814
55064
35142
61716
26480
4156
17981
21078
10199
50781
25531
9116
52543
33887
14612
28104
35311
36167
30468
28054
62672
36582
28910
57856
39469
6835
41056
27895
38452
30020
64253
61430
22741
63403
56883
45586
46674
59612
48995
12024
63240
25352
16236
61574
27212
38124
31178
38460
55002
21757
23931
54452
41360
5046
28506
50922
28272
49855
42292
12803
16622
49998
19946
65341
34500
64506
46427
6118
7622
8416
61024
52487
55098
36849
54048
28839
16504
48156
33601
46206
11977
26716
41492
27963
48435
48983
25895
10839
21883
47515
41032
5155
37174
59190
61697
3968
47072
64905
8694
9523
47336
6189
50888
17709
8684
23460
27344
46478
23927
59663
17101
28580
32459
12863
27238
31852
36545
52445
20296
15445
41795
24597
51014
52420
25400
20067
20348
31796
57108
30818
43024
4702
43824
22678
37375
43571
55401
9545
9425
15751
18810
1061
64703
45194
26478
57755
63943
27097
63761
8865
37877
10637
13415
36869
55177
32189
62899
12478
60793
56101
65367
48264
29446
16991
1770
55183
60071
36349
8112
61934
6744
2603
57501
1660
2245
30988
61885
34804
22684
7174
22048
31374
21682
2209
52651
7446
17361
20859
58933
20433
31951
32766
44638
60169
38662
61740
36547
31728
49799
29459
23465
57827
21526
41663
61737
11119
33961
21316
12815
14229
18603
28662
57153
63604
26944
41975
42510
40421
28566
56893
12700
51994
26911
46964
17752
22376
7172
22772
4116
29660
4525
46857
33251
20606
25592
49026
45695
40833
37938
6019
29847
55661
52580
7921
35448
56688
46714
43091
50641
58611
63155
15295
51311
17266
28662
61442
4685
29487
14809
22783
31960
64708
7722
4387
38706
2873
18350
36204
25963
63619
31244
33691
3800
59468
27006
5586
20933
62232
37102
44849
21721
33474
49913
12059
20593
20126
59024
58549
21527
16612
29275
56188
2320
42147
36673
13390
20909
38189
45998
7368
27389
24222
57882
34072
37616
19628
12004
47467
15807
33384
57591
48318
20857
121
53812
5249
57079
43900
41955
22152
17978
18773
35020
15374
47249
43850
10773
20411
60154
35416
6025
43788
64457
36780
37273
55189
3552
41671
57847
20928
47367
65459
53654
63418
61196
54576
15299
42594
63088
58508
56222
39791
24092
1824
55305
29763
13524
24224
46410
46534
51201
9683
46656
38572
45840
17188
16620
32760
57699
9801
32094
43959
39038
23231
40481
54509
35365
19240
41103
51702
65406
52841
61015
17420
27765
28789
28810
40943
47655
32592
11408
38725
1821
44351
10479
62650
3916
37200
5890
15462
7954
24878
45480
29681
16398
39375
18870
14596
41923
20019
55823
33315
51510
37256
3011
44845
32838
10578
25499
450
48450
9655
29252
29542
52348
50183
60166
8570
19134
35979
6232
47443
64648
5905
40328
58066
6788
26681
18687
10624
5604
47540
4306
21522
31738
33292
61456
17793
13288
63881
2856
61912
11172
20479
7857
46176
62081
21396
51038
12807
3313
1699
26543
42689
60269
38014
25929
20763
38878
54175
49726
9157
15507
16528
48301
34333
39631
16516
34375
62387
27138
38760
33379
27136
54664
62099
18517
24334
14524
58735
56677
37643
55592
57967
5840
26110
6252
60533
63389
14261
27682
25835
52319
64574
21486
18742
147
54005
904
20926
26807
37895
18785
29387
28463
7983
24149
14015
25311
50686
48275
49034
33846
16256
46471
7060
18017
42968
8030
1474
22714
50872
34180
24331
59173
27963
2929
45092
19575
32582
30211
60006
33876
32905
50747
36015
50437
39229
7239
58484
15122
15314
63060
13179
10482
12097
36078
17788
214
46072
23574
1947
48339
42355
21548
43294
14917
7935
5424
40822
63981
16779
52532
4616
44971
54295
17405
63616
64482
59873
26167
55838
64573
12385
37373
39817
42083
45420
26673
45427
30930
38915
56705
36322
2616
30258
9358
5013
43837
45599
2594
2145
27460
35947
25970
4951
13550
31669
40807
59358
14857
25883
42025
46337
55486
2279
21086
35584
63987
49213
25902
30169
16357
42315
29613
31362
13648
24446
42790
27369
30095
61318
16411
15500
47371
49991
1712
44731
10146
59596
46966
37666
57031
13354
10512
56290
28918
3973
30638
36039
51143
64384
250
41155
55180
61266
41398
15638
8955
41463
30143
42493
55742
33631
39401
30213
36705
9172
55049
60879
26744
63464
8025
45268
62750
22658
42807
42906
42714
51000
16730
21619
12059
45053
34815
36489
13628
30202
38848
10573
57714
23317
17919
19000
50284
11247
1757
12420
51313
47156
52851
37089
56705
39252
14950
36358
15142
39279
22782
64517
58650
3814
48280
33831
36303
42626
40691
39634
17869
4509
3925
31669
3526
38070
55081
41929
34723
24654
21987
21190
13148
42134
51149
58294
5822
13177
45419
31677
23498
31678
53807
55580
61150
1586
28057
63378
57677
18427
20505
55951
46307
23014
10224
2583
48122
47162
17724
32091
33510
37706
20373
50759
44292
58239
48860
47975
22688
53751
34141
20408
64268
40957
64237
545
43822
15817
64580
16640
9582
40422
9353
44683
23256
3889
21090
56758
13053
43035
63936
63193
4359
47888
35628
20688
45808
32798
42040
1742
16359
25611
3817
1702
49941
53400
29342
18051
31276
8437
63529
1067
30988
37016
63431
22442
48010
49425
2139
34262
54752
52550
14482
15690
30914
41800
9094
34315
32981
36994
36235
18052
22955
20680
64865
43760
18209
40289
43798
14384
19451
28762
45410
6669
19624
39280
53868
26017
31030
56157
12901
14508
21110
45147
1983
27006
57826
16684
2979
63761
53622
56557
52224
64509
33037
11905
32211
1828
60693
18754
42746
33828
46095
30729
28272
19232
65004
63313
63708
37815
53865
19265
40037
15478
63278
12332
50355
52841
34173
8774
63918
47369
28850
7004
11846
16162
60927
1744
52100
51654
35180
8567
40428
61075
23645
18982
49406
25306
18058
59618
31539
32669
55694
5697
33691
62433
3413
51399
61939
40891
45406
48178
13736
7295
51728
44611
469
22275
44782
40618
36323
34616
56006
26026
50996
60805
40242
12460
56538
12198
54321
54506
24790
44372
26031
37159
38776
59330
16506
51402
62289
11914
10419
47002
47265
46677
64604
10544
34407
30242
31950
62124
645
29485
14539
1752
16576
6243
56277
61968
19264
43053
28848
39239
19513
28331
1084
11096
56206
36135
29214
5927
62026
30993
16603
57813
50584
39231
25153
64155
26368
41779
23234
55729
61955
8202
48050
17760
5143
6965
55372
37772
35970
22318
62706
29182
60375
17010
62630
57307
17497
48753
61565
65324
63035
17250
33490
52729
2130
50382
15803
50366
64674
8242
3711
10070
3328
40176
64713
55604
46954
459
24808
34515
34886
24600
56540
10617
33514
17183
64982
9952
56202
64366
43468
58347
24002
53430
11304
38120
60698
21693
14317
35939
51732
3959
25265
63215
59771
45843
12683
7322
35073
64890
20330
46581
64663
9362
39883
61189
25301
34672
59659
7452
61326
50613
43046
13281
43737
4272
25182
31609
40076
31378
16062
31953
59981
15163
57852
41009
5062
50874
14993
62199
35628
50383
35855
16709
64362
22970
43163
51052
9706
59381
59062
246
24616
49731
31423
50982
57570
49368
12236
49937
9262
61699
7065
36629
20423
6572
55447
32902
54147
1295
22788
19298
4215
45492
16202
29442
43753
36141
36269
7867
19014
36871
44907
16983
5492
41214
3791
33816
26921
60788
35679
31767
58153
19376
45660
19013
52816
48408
12161
34090
2233
48119
28752
37226
45208
41825
52252
6434
22493
61985
16452
18932
8677
64514
40656
64632
8265
46420
22535
63996
38779
1762
59583
48172
38246
18682
47985
57094
53863
30934
8548
62630
46464
48163
21650
21432
15085
296
50814
1330
5421
10487
52072
26841
44619
11662
57412
31319
12862
19450
33968
2767
12049
58047
28140
30242
354
22546
9218
23892
8319
43228
1077
37209
5061
64970
22744
18279
34012
33057
6355
24029
50832
42217
26162
49097
47093
17166
26855
251
8107
45054
56507
64319
45228
5822
39610
3187
34301
10988
25343
13050
13214
60972
6605
61929
6213
46703
40517
44995
51040
39214
4177
19100
29217
52487
52293
26466
7441
30747
39949
3016
45508
47765
60173
31440
61967
23949
16176
16304
42403
61654
48964
31622
21890
55187
12556
64353
6409
20902
42343
23797
19998
18890
53112
4467
63745
8397
56757
56989
40920
12446
15638
20046
12450
25183
38007
25176
36299
16723
61573
59450
11155
16810
46956
60934
9931
41650
24482
47009
59354
56277
55986
41239
49475
8970
57866
6763
47336
5408
49202
46614
53888
60583
56383
57792
16321
33069
41869
39396
60192
24365
41857
58157
2449
61309
35505
18702
40130
59351
61038
31340
38715
57563
8681
49412
25157
5454
30041
62689
6982
31489
46634
60148
29907
14085
27793
10704
33332
56696
38323
39003
31878
13874
28554
7192
58409
24547
32810
35958
3843
28820
42719
63293
22160
57523
26406
58525
35740
23192
24951
53119
44453
64606
13288
46503
21128
41735
20320
5240
22996
38328
10520
1319
26478
17212
336
9879
23312
55386
19162
45567
8811
24245
27385
63001
14976
48327
13732
9365
64216
50292
2055
56297
19062
45147
58993
64034
34382
37890
34430
60149
44784
9830
35326
42384
48878
13145
37563
48160
65109
37367
11583
35298
15185
26359
13294
64150
209
9091
47894
9480
4934
46174
3619
28479
41864
53991
60311
22181
22289
56448
64594
18074
57061
36778
57754
24538
17470
2417
44315
22309
45202
37050
47628
63435
19511
34608
61055
31166
19089
24395
23811
63322
61997
39197
3733
54353
24491
20527
33980
51350
20280
35991
47052
56234
13028
34282
62299
5129
49526
41178
25461
54034
9407
49326
28524
56869
28734
29794
32194
40221
34436
17978
18698
35455
7392
23233
62598
50550
18224
13041
644
17947
8866
2182
59337
50108
8987
51524
16055
35387
50831
56602
43074
57169
33912
63854
3603
63697
54817
39904
30892
46301
54442
34806
40600
455
33043
60466
36084
19759
14589
65178
16609
57281
21247
8808
13210
64393
53168
44568
36529
24269
28760
35647
18430
51458
52505
39390
46621
12648
37769
41233
20988
18473
23861
1170
38267
55153
63102
54608
12513
44841
3693
34592
51972
14923
55726
22098
23177
64050
62964
59979
48301
12280
24984
47811
45314
57926
10874
58757
20795
61831
49728
54714
5350
224
10581
2532
6183
3275
22050
33262
45585
56719
9636
9933
21734
21530
58375
11701
36570
48818
3522
11475
5158
49019
6001
56328
24155
24799
11257
38455
26754
30640
49902
36478
56428
9134
64851
36889
30787
49496
27720
57395
12655
35827
58345
52623
51423
56162
61859
25504
46059
46755
39051
41365
34660
10886
63055
32202
17765
14980
2378
2447
45776
49480
31211
10727
22367
14316
46703
28429
43895
10745
8131
36835
64264
64410
19205
1872
12171
6004
20803
55227
15998
48436
11333
23498
2636
29626
11530
30797
49847
25025
5704
33638
9182
36147
49025
1341
16720
42044
4152
9448
54254
39011
23215
64285
21760
51531
52114
37953
13441
61735
48819
61332
58344
58369
10695
29144
27895
31665
51921
10540
22286
46697
26606
51039
43665
58376
16877
36600
27289
19403
12790
63555
5747
1975
44846
41896
24909
54440
4897
11053
44654
37627
58021
40634
48214
28222
7865
60222
42879
29014
57727
2161
57124
65188
8892
59846
3321
5795
46500
48684
50730
53918
1394
8709
30490
39928
49679
29157
46523
2796
57984
10743
42998
27466
49338
5438
53604
16366
58876
63416
54349
59287
19334
48437
13685
36247
19251
9753
36151
52583
20983
46388
38529
41679
17582
53362
25778
33142
61018
41625
47318
27697
27650
42425
5632
60716
47576
10419
31236
31284
29421
13200
35957
23084
3522
2502
45802
57522
23364
35275
51733
21607
4750
2842
61997
16958
60805
32564
25536
46541
25083
12848
4201
7653
23739
40216
15183
15749
7974
39708
49344
28949
63995
55332
29564
18676
4715
14301
33709
52912
12069
43546
38658
24693
44598
58538
10108
18249
52502
12175
10030
39322
5637
39144
10737
18625
2958
4103
29209
44801
2996
40441
21214
52940
62802
24496
24117
20399
9717
36049
28130
46916
30381
32796
59502
21883
36225
62547
54274
42293
6015
12933
44035
38360
22055
62262
31216
56367
34342
13155
645
16733
4611
17705
39168
19146
1844
55793
59154
53412
42305
11867
51028
22176
59736
59464
7299
6831
62271
37489
37811
40918
38709
56990
56861
25377
37135
7175
22920
22786
56855
12780
43201
14420
98
25517
43597
16445
45209
11790
50754
58140
55322
21284
28353
65249
17329
6262
34545
14328
42614
18799
52144
61555
55558
25221
52170
34059
7831
5664
39851
21443
23584
30327
31261
52451
55902
26948
3881
34551
27267
52295
61095
4923
1200
38768
25434
6676
54794
6581
30689
31507
38091
5333
8125
36785
60591
49570
13060
27426
18024
20625
17882
62090
50348
36164
64344
20780
38357
43271
62248
24599
59755
62715
6824
10258
10234
3236
41438
40115
64306
21180
49421
32640
16324
14847
33173
48658
28723
7689
3910
59203
46929
58328
1706
18509
57376
20051
17970
39807
51493
34628
35745
2755
46298
51855
60485
65286
29556
61538
22929
12539
23115
57212
15274
54810
12187
4174
29489
25200
63874
11740
57770
26038
22647
9928
2722
25740
63908
10580
49837
30998
53905
60576
14528
34889
60520
54290
59911
15841
60333
19408
30208
24570
32636
61636
45254
13555
35472
1955
15506
28728
37855
21260
26887
3922
5697
47583
52931
47046
27814
12646
42919
34896
52238
38928
51994
64309
986
38843
14567
6987
48561
51858
62430
25638
47666
424
29196
31640
690
58129
18208
64004
3422
38881
52520
63143
19347
29312
61847
52597
23009
10529
33526
62360
28790
42983
39243
41790
38309
13140
18271
46388
8469
9094
56430
12644
33031
18328
6525
34457
5462
16492
40531
35239
34629
12975
34575
49110
56177
53411
5154
42633
6429
35443
13314
21131
3006
40787
9230
23731
199
41094
14400
47057
361
48622
57209
30516
59187
43612
34760
57124
63018
40702
44899
43151
62738
34357
63632
62421
39077
63474
60865
31414
10956
14069
42219
62152
28526
44674
49293
63096
1651
22931
6785
52471
39670
56197
46330
9409
8697
21976
55005
60829
31683
10630
43627
18215
54047
18654
36060
29036
13565
32220
26889
32184
5631
9987
26223
51974
51893
56561
57638
29414
38847
20480
63935
64664
11815
32271
11876
65331
29203
13076
20809
54871
18224
34182
32211
47820
19046
15674
18759
2550
47155
49204
16674
49021
10130
47771
36193
49365
17829
10946
62459
39898
65369
44275
12282
38340
9033
8827
4475
54691
50716
56225
39824
10023
42981
14188
10678
4761
49473
14425
47107
60457
28638
38307
49526
47777
24821
14890
8076
22913
26430
55476
32070
8906
24334
23499
31773
45301
40080
5429
29183
51418
10138
8688
41211
47709
2256
16442
37723
42329
18956
61630
59974
55333
45651
8135
32756
8779
29362
55145
44608
39363
15486
52746
27617
1149
48434
59621
26654
30352
64273
64216
56536
59176
30791
44526
55453
15096
45204
17268
60070
41487
24168
39716
55430
63633
5350
44482
55570
50007
39283
11324
27106
13477
36639
30023
37705
65152
9362
24759
46579
23242
2085
53973
11585
18494
498
21497
49520
45499
10271
63166
32495
45077
30333
39960
37568
54922
62664
10052
53204
32582
35135
61855
15738
1221
11371
41500
64446
2850
23525
61270
37739
34471
32820
58274
7034
8760
40158
26035
62511
53840
37707
2781
52582
6654
25597
34237
63863
23748
12694
3598
32123
36273
7341
8575
52562
38225
36681
59819
27198
26687
46792
5805
14935
47182
3455
44677
43668
45204
36763
32705
9295
13492
44795
29981
37080
3217
18104
32963
4644
31675
27415
46686
49085
29152
25668
53102
40544
2297
31009
5638
33991
24458
55829
5101
17068
42409
30140
59798
16902
19780
57354
7951
27125
27575
1461
45417
10451
24390
63623
2024
16484
45994
514
39701
47402
21990
45121
43474
54392
4186
5810
39209
64662
54653
23154
52593
36475
34751
21642
41404
61043
65129
16624
55735
1870
19187
52155
34550
5897
5826
27050
2202
55659
52202
12353
24590
2661
17832
52509
32344
45174
9293
19952
8594
58249
6545
63420
62364
5100
35030
60205
34906
61772
46068
49516
17277
24975
28633
52356
29988
26282
838
52002
5768
24978
8536
56640
17452
12011
34395
9351
2059
27492
24496
44928
51728
55138
6121
8960
43216
10378
52151
42945
225
38424
40764
48939
52872
12620
62824
4750
27737
55823
59733
59772
52970
54525
57001
17803
50439
20273
49823
5127
13935
32065
21766
38066
27777
23534
19554
27371
25870
9309
16626
26172
35059
19216
25259
11963
44337
56954
19588
50831
23178
11369
19040
12358
31981
58889
10082
48138
39985
6542
6874
3015
768
53420
55555
30207
25449
23872
6738
14650
24241
6066
3498
36470
33509
7783
49073
44538
50815
51591
45832
25254
50211
25279
48318
6043
21506
33337
35961
63418
32795
24554
55791
34736
21534
10434
41188
653
8163
40469
8100
41599
7444
41452
18113
48511
24190
14274
20373
25198
41066
5451
7084
24553
33267
49376
65341
3424
49239
36811
39417
63473
43985
46449
10889
27207
43751
13461
57041
18014
6967
48701
11378
51164
50205
60845
6772
28474
1113
5207
49408
60172
17934
43963
62536
40399
23543
48803
45208
50131
37262
13747
37986
43810
52890
6638
55904
52039
64001
37203
10884
40567
8676
49710
26378
384
59829
64467
50729
27870
28437
24846
54466
16566
33166
35000
1694
52697
4017
7549
8036
11479
9661
25647
17689
40304
18699
48551
12842
29801
29637
13033
51902
34497
50805
29958
24100
22182
46688
21807
45738
41580
17669
38003
23051
30724
17182
1239
60408
28388
41688
54944
43312
2870
42567
8236
25429
36051
33613
46896
5298
34593
33176
29067
8687
30934
40344
51370
13527
11982
8491
12928
7954
21395
18671
59138
61199
37103
8699
34099
6137
42310
26988
25117
839
21988
55839
21828
18085
974
33899
3868
61360
40173
35528
53390
45264
24412
52726
51737
46056
7149
19935
8210
41107
20892
18179
45150
39217
28815
22321
22196
21819
39417
47517
56240
47299
7717
41222
34484
23639
62729
36241
55101
5373
51075
11599
16868
57693
9155
10793
16939
59780
58167
55128
45989
6194
54974
26887
6535
1958
35898
10777
25415
32068
29273
13850
48908
16654
63108
61839
18282
17293
4657
35465
21384
14847
28030
3452
23787
915
16258
60069
1085
62472
9154
39897
12193
3048
50815
51282
50449
24816
5175
32347
16037
53637
9578
50781
41753
42532
51857
55829
27222
39825
61417
5308
53892
39076
52989
62747
31631
34997
4355
14991
14039
38366
20096
7890
39463
29504
11632
30192
35293
44764
23116
32687
10767
29826
54945
63676
13284
45142
23959
17620
10928
43702
20305
360
29847
49479
20368
16634
56218
55680
11251
14408
12478
25155
15197
9124
47962
54414
40633
49822
3115
20721
22716
24600
44748
23240
32110
41044
16702
59459
37482
24839
35330
26335
64154
41989
6718
32611
42287
2150
11649
51740
30345
29331
21511
58125
15964
29072
42866
28926
24988
527
1626
41283
19214
33034
18838
59897
8742
29132
18925
44954
65176
36427
55036
30769
18918
59792
7014
38918
7033
31948
29490
3314
41720
35774
42583
14684
5904
38752
35788
11390
22657
6256
22154
61434
54312
54826
12021
16568
57396
64997
46541
25696
58461
48329
28829
880
14821
54852
39377
53065
8130
47380
56752
1675
47820
28508
60128
4536
43176
44753
56987
62891
6084
19019
36428
3188
58184
52279
31774
34881
32510
52015
3442
45839
51353
52227
15802
18774
27941
22454
47471
21721
37769
48443
58475
52028
16615
53712
65266
32809
819
36570
64435
16727
15437
28294
54953
48990
61362
52266
7694
9738
64157
26066
8296
42105
11068
54448
44399
39295
50611
32049
33544
51207
42440
60158
41897
36117
52878
40974
55169
16954
48841
44820
44364
11216
6478
95
3383
29834
598
46023
5261
57428
63307
60038
23893
49677
39859
56698
27798
26812
38525
48936
17029
26345
47533
7934
41883
61360
30838
1707
13612
57961
37202
19075
29788
61650
25429
27953
39656
23913
13413
21381
14554
7326
19703
9769
47269
6072
54578
15949
51858
44147
19285
53083
61901
22243
63018
6727
47492
58808
40103
22502
35582
25642
35536
14405
62035
39428
52521
34586
18927
30816
56111
33877
55164
25686
12288
59309
61687
37823
31419
50761
60813
40697
15137
492
3479
43992
42350
5684
19466
38336
20852
32262
646
18941
60102
36942
49549
19300
58820
47368
63828
27384
18206
19757
56066
37196
4398
21625
19751
24842
40942
5540
30364
59185
46662
48830
53828
15368
11249
42246
20166
49469
60865
33188
64641
64593
49233
11823
19924
9622
11464
48358
37371
61622
14239
30808
35780
33762
36049
21544
12578
26293
52354
12249
64416
11808
25744
39719
29086
24221
7633
35443
39294
13256
2531
21728
21647
37025
25562
43047
56669
24823
23672
47003
51128
11386
59112
21214
2459
14871
19123
61799
7957
29630
61133
22048
3344
16749
55735
53959
14792
34342
24111
34211
40330
30720
63992
37335
17836
24224
27364
14231
57118
45142
1933
22731
42632
17319
19735
21249
49261
4349
61544
33865
2207
10448
22307
50315
5064
31176
12687
16157
28939
38232
23288
33096
5565
8244
56571
24319
21555
44157
25674
44067
11784
40981
51979
37551
24263
27968
7256
41861
26555
18115
60271
58403
64492
51629
6605
30805
22278
27691
50571
24834
58003
19987
22425
29902
54925
2871
4988
19562
23317
33912
58697
24780
64766
36745
58100
31323
61798
43578
58344
22673
21447
54196
51289
8504
33365
32019
14056
54657
1477
38051
61858
22140
31528
17115
61422
55100
22142
38734
40074
34056
42780
46574
18937
33250
29394
11665
46058
48421
58685
61569
23561
31536
45913
41680
53597
19233
8672
62167
24883
48030
62677
63544
23952
27701
35788
16329
31380
49287
22588
4227
15800
52531
7401
14170
8698
30426
2220
50624
601
8898
37454
9394
47244
56473
60512
61644
23644
23533
16350
44519
38939
35743
16908
29669
48176
32438
31315
49743
300
21098
19840
48332
10147
50493
47590
24083
48288
29121
20599
25609
55965
35182
24324
562
35290
56584
45587
19021
3055
35760
14746
8003
47163
54216
33247
5029
22128
4142
14387
11086
27565
40294
52559
49435
45656
14338
15480
20943
21683
38850
5714
47774
44308
48999
2730
47813
6548
34964
16557
48812
6247
54327
9537
33639
2093
4031
49385
30288
8691
27726
47819
19494
8182
62454
47212
42186
32597
18952
17850
24862
44617
32539
6162
31944
43767
44438
17682
13987
8322
40977
22554
57197
36104
16891
60386
21850
62515
28197
52600
26221
4039
58260
42030
7203
53928
44308
16282
6225
11569
32214
12967
17304
17279
15070
44855
49954
20869
17895
44923
59205
53414
36639
31903
5486
55356
55812
10452
14180
31012
22912
37496
47671
13300
31717
3936
61688
8510
9423
18759
28145
28545
36799
4249
2649
63214
58202
15086
39930
13194
34661
6643
11846
9950
1897
25598
25432
60217
45543
5290
46509
48943
61506
26357
46887
18658
28244
11849
6918
37225
36664
23202
27012
31510
5397
52974
59589
18011
31990
1467
3008
63596
57479
24891
32583
29772
45419
43253
21039
35633
22675
58689
25426
62175
19343
10587
56816
5817
15791
37203
9107
50859
18773
16325
11268
17345
42095
58235
57363
10327
33565
29473
17581
38402
64353
47880
14750
60118
57106
20624
52918
19374
21675
7262
62627
13970
24632
34600
63684
9089
19770
21911
28041
48799
50566
61247
12187
45133
13257
24698
12447
25129
35997
44084
50416
49383
14298
20235
12060
2359
13886
5880
11788
46916
14010
50071
63177
28396
47107
56557
5036
4869
933
33855
37952
12310
62320
45719
24126
61715
2123
51432
13316
47545
57356
3182
56490
5362
44327
43521
40229
49801
6380
6323
38119
36047
32682
16458
45277
7160
55767
36308
55271
42471
60119
26089
13254
41774
48305
5824
7340
59747
24578
38596
54608
3021
10803
18019
6861
34923
55722
55881
32240
58375
27310
34135
15725
51579
2576
39964
1784
61054
23557
56142
15231
48773
56115
27370
3247
60509
42518
26881
14653
56806
12212
29543
17017
28675
40987
48405
5940
63037
9387
28599
54938
14184
59581
29046
38865
41291
14219
52131
20081
20598
2652
30065
1842
61201
62253
8142
20794
44536
48557
18520
10267
56015
46019
37093
37516
44087
29167
25412
27091
37243
1665
58744
25763
45050
45975
3657
33800
61346
37344
55722
60244
39356
18585
23964
49454
29844
37667
23710
47053
12341
60638
33369
46920
47679
14043
12988
26677
15832
50140
62328
23966
36493
29980
40947
1447
202
11638
202
56639
25507
29707
39910
27574
52789
37663
31104
43631
21364
42851
21067
52640
51977
42972
44306
3522
16690
3211
58727
38480
36013
31818
22721
51609
48867
29328
43653
43398
61109
55157
51217
44474
49434
58029
36120
45555
45751
65207
36116
39238
65383
31562
15257
41877
29005
4408
24955
55273
41337
26222
65494
61957
55934
3804
9998
7268
34645
21341
59774
52743
33763
147
8555
57781
40989
41836
8498
60848
51088
4916
54104
32154
4421
17120
15484
49672
35487
40252
36083
5663
30307
23872
11236
9725
201
47259
5520
16413
4424
14784
8120
5947
32849
60162
57163
31269
12015
18526
53535
39522
19420
59435
28172
2341
12468
18503
10121
30124
2725
25022
8621
31838
5239
24741
17678
9386
12958
27050
57896
4198
54167
19328
52359
45158
27749
29854
53943
28226
45514
19603
52543
23606
28254
62959
17260
161
59087
49347
29242
49708
62279
5496
52436
8267
27298
21209
39186
27024
58448
15616
17968
35172
40
61318
50758
38786
2870
25962
28340
57427
65052
2462
64125
59144
2843
59240
57607
63472
58764
63072
64388
6499
14480
6592
25188
14720
27160
7367
51073
55402
31179
15793
39557
25652
56361
23443
646
64159
12565
11217
51207
8348
12739
49309
46700
29683
60962
64159
41918
63787
55032
8054
64971
61013
4460
6074
15371
658
29987
38560
49563
42733
50015
23864
5655
21743
43017
56958
57385
8107
15293
30620
21753
36793
6721
36642
34703
64929
58459
14244
22795
63243
20
29673
46394
33786
58768
24433
54710
48706
53525
56333
20245
17132
41903
13871
9686
56416
10412
27796
24474
957
38861
6207
27294
35427
64565
33151
23913
5243
52681
60490
32391
54586
2799
43729
35451
58043
43637
21826
51877
22323
42744
45949
25695
36818
11977
38775
31072
30051
1563
3242
34115
43214
38888
58142
48292
3873
21666
39490
3787
3551
21864
21564
45059
39992
50462
15102
49401
12337
56507
215
59389
10899
35215
60437
46855
15742
19403
55487
4847
45249
39690
40154
12010
56185
7729
63392
60770
21460
5793
50427
20732
27929
31611
142
52183
41195
3368
49097
50863
40849
29759
33153
29790
22426
14397
38607
44701
63918
48984
59999
536
51398
61480
26527
30731
55397
42724
56390
18467
36265
24813
14273
53815
58323
51124
2101
12212
29666
32368
18599
62387
34728
55551
44788
54524
26428
22107
2406
25560
32865
28240
39366
55563
47023
23184
57032
52080
11141
64991
1774
34637
27150
26510
39233
37093
29396
1006
46077
47138
3506
64485
57399
59358
52370
48631
62575
32337
33526
6545
44635
51964
58595
20127
21194
65056
18393
38531
56923
34103
60885
4789
28381
115
54286
36977
5847
19244
64802
9315
58310
49996
20426
6580
38524
45191
62800
7984
20734
8070
62679
3881
40566
16559
30147
24767
9053
23762
26142
26286
42179
30292
52545
65213
30759
55553
59641
19561
39170
63201
30038
7240
34965
3731
38654
60318
2000
13925
36797
52608
52512
10111
61914
57911
43563
57697
57093
26837
48789
31312
3800
35767
46813
31261
27324
56130
16506
11000
24844
45973
23747
16813
48900
19022
55119
64706
3589
44490
29522
19557
59506
45777
53544
8299
44610
28635
4139
19411
10292
41222
56975
22207
39741
54630
2696
34254
29936
7052
40174
65213
25145
20783
62226
63042
58317
9632
38282
1051
7512
58656
11671
61655
2414
60321
16826
39386
59589
1904
26876
44904
42139
45433
51373
53022
45527
53180
11340
382
64236
4421
59595
25249
61668
47349
55520
47983
52631
20783
33398
50175
3438
3337
30887
45939
10284
57419
29590
30221
35305
15149
54551
33887
47723
22319
21774
16776
55994
50267
30462
51088
31135
15481
9050
25104
45266
28407
19782
14369
46983
11625
28398
45621
51528
48066
2707
7812
27088
51106
410
47220
39207
41542
63923
45406
62872
17361
38555
15166
60105
46398
48651
17656
42064
41622
31904
63015
47863
25383
50800
62221
45093
7764
16648
22140
11364
18422
1886
9436
60921
64317
18860
11585
52654
7971
3077
63024
43004
7328
29583
60610
12981
25804
11804
52541
54342
39933
5366
16956
3919
49384
20585
31536
23161
11346
19746
23211
41889
59588
54447
54587
13143
65448
53623
12066
11676
46996
44952
55196
28820
31584
18380
29754
41764
8270
14060
20996
34544
39903
46391
48730
54231
32983
49585
50756
37644
3903
2482
48696
15474
47077
19803
27381
13424
53861
23082
3512
36644
57708
57337
34896
22031
6717
20538
4151
34510
19023
42340
63125
65363
4127
1668
48461
23608
6278
26342
45963
52361
43111
33834
24097
42446
16226
51350
16651
55467
35520
27181
52858
28909
30910
42582
41136
42766
20972
40917
20611
62592
50345
24540
50109
58647
26261
61259
51093
16346
39109
58133
1798
59059
45018
21671
43907
8252
17242
64793
23687
46864
17015
16360
1041
57300
6724
61696
32197
21253
18059
20375
24513
26443
34836
42550
58165
53275
2391
2834
10579
23102
3316
30213
58185
54194
21394
51762
18816
11332
46437
33386
48772
15621
25111
26212
5176
10731
5196
20520
22578
32837
20417
11683
53391
692
3206
60095
33620
51662
10743
28299
9320
61089
42261
32327
28100
30297
6813
38549
65469
57792
53628
1056
3466
51470
18513
61705
833
39496
30917
26813
62234
18900
24862
36426
39953
15642
62224
60168
20240
57898
18820
33175
51545
17122
7901
6659
19224
52310
2849
68
4621
53757
34659
5762
36072
6814
25455
21271
5235
41292
44919
3045
36250
51279
6558
50678
1153
33740
60113
9033
41190
52175
23575
57338
53105
42216
8085
62297
14329
26892
4387
16249
53315
5279
34013
25001
20919
59046
44818
10630
41315
24460
27644
33641
2296
46360
5274
24600
13000
47129
35771
28147
40181
18805
5402
62517
23625
9891
64479
261
2711
2131
25957
24926
1826
8774
11172
51298
57095
64808
45686
17623
24277
44542
4086
12925
8097
14299
14474
57503
30984
56096
52051
61398
42054
16840
58619
33140
776
63516
22539
35223
17848
64043
52215
52244
48288
30618
22382
26926
57752
21841
57596
55544
30637
14373
16198
56
63025
60512
26680
48152
63761
51559
38707
15136
1412
39091
37426
54152
57275
59254
47653
62623
50386
9999
17014
38391
36057
33325
62074
27565
15359
16735
51042
21307
62115
31953
8553
7603
49499
38917
16400
42668
55704
169
16435
36381
40924
43327
411
41094
25560
53980
58004
27574
44089
46395
57176
15231
2923
54975
51191
41194
39466
11341
55790
40938
2522
35211
25966
19061
18113
35873
55115
48859
26608
27140
52901
19461
36622
1221
27645
38882
31438
6810
60316
38072
62958
13757
27111
39021
31853
30286
63636
8845
54528
47300
58787
1281
31351
58602
51020
37001
31795
33014
2183
53730
50669
15443
51780
11225
53421
8270
31319
25453
49276
43579
350
2964
65208
32112
29887
58647
63701
3719
6731
9249
54390
51077
1986
29347
6164
20195
38988
4430
2053
8367
60798
32145
17684
57819
48941
22933
33897
16359
12454
16671
29836
43805
45957
42353
4215
22789
56781
2399
30547
59098
9362
27933
15415
13925
44251
2727
57920
36683
39909
17426
54409
10233
23609
16052
15506
27350
424
22620
54360
638
26258
10704
9828
10759
21053
34910
26582
1295
40138
1079
40551
53105
31610
11841
55588
50670
3250
51903
1612
23465
22813
19625
9771
13649
3656
22703
41392
45165
592
41872
55760
13164
36106
28784
58592
42648
6921
43430
58938
22134
22708
64578
36608
20408
42484
8827
61100
36854
53889
26383
14997
26260
37946
51692
27226
34863
46131
42077
43475
57848
12019
13662
61573
62544
47521
65449
29630
2246
55588
6682
32035
53859
63167
16955
61903
21231
56422
11775
3568
10610
45485
56428
18526
41985
55352
18052
60469
55244
1540
55966
37550
61112
33216
19482
12589
14292
12419
16914
34829
42795
29212
61724
54301
53698
25712
60818
43002
44223
45683
46326
33751
1331
59985
45255
47012
57309
25668
5915
6401
29971
20796
31504
3588
23561
42997
50508
27354
59353
12392
41484
54814
33585
48274
13358
4369
55003
10699
21605
15813
27418
16059
56392
63194
44923
3698
18775
64939
29405
60413
10065
59126
45157
31395
29089
16820
39940
43910
52616
23511
14197
790
59726
6555
29294
58682
34114
29987
26997
62201
11584
56539
6893
22054
62046
21066
20852
46190
28104
43959
33216
43021
24861
17539
19907
3536
30789
11081
15227
30445
2307
11350
10774
7786
65097
51945
46498
13909
15252
18734
9926
3166
28462
55901
48420
41218
4343
29393
47706
20472
4422
6114
52187
36150
60885
21201
457
63454
48596
24051
20012
55726
23482
9060
19
59937
30852
12043
12935
62556
38839
2074
52250
52353
52190
54340
27844
50173
42749
5895
20792
31931
5616
56269
13562
58476
59547
31364
62462
18701
19667
23547
15263
24150
15804
39897
1905
9732
25609
60342
36306
12779
8769
22643
24164
20633
60118
20530
25197
63213
62905
11192
30580
24046
30054
55477
43885
7051
61021
37023
29985
62977
27983
34243
38448
42248
58910
43201
39717
35087
2864
64002
7973
36547
64625
49170
25530
560
22449
58447
7014
12758
27899
52531
5893
18973
22329
2982
47946
10189
37615
59155
54890
29754
42231
51941
62246
12145
13697
52221
21587
65041
17307
27966
36598
43398
2184
63927
30056
12811
22112
28731
38739
36209
56781
32773
53581
17477
48974
20758
64243
42203
22255
8883
1348
39521
52787
25536
58460
61385
63912
14800
62587
59917
41562
1871
24442
47594
55582
44500
34167
57535
53785
24457
4340
16566
55028
64135
58595
58436
7919
45820
32154
11870
55056
32100
57266
62936
19915
16470
43643
38380
10149
28604
53849
55638
16428
5904
52868
853
48181
29799
58335
7474
44848
31781
17498
9117
43124
63842
45234
14820
32521
7847
37256
21970
24397
49985
45416
28109
9201
56574
18086
35594
31222
62019
14205
1137
43468
12610
38365
35248
53266
65284
59972
43126
65221
20921
12464
11048
16989
59672
12189
53001
48734
42570
28754
45906
62949
18982
23672
65199
65358
41197
10589
48079
17316
1915
3026
15024
18730
10909
57997
46312
1224
7198
8249
14960
33614
22958
24448
4576
52226
15973
56121
14036
33985
62738
58953
34690
44531
14938
49396
52638
44061
7887
28359
9275
47157
512
34693
45872
22839
55728
36102
20496
5510
18147
30873
52948
38157
29652
50259
1833
337
63698
20831
16706
43642
53050
50140
28018
20591
44134
9773
6387
18184
9715
52691
6990
31154
21250
4773
50148
49823
18932
41660
62214
38832
12445
36412
31956
59560
64768
29473
57879
57447
61714
51884
45273
57709
18777
42708
28096
20007
43800
9376
4429
137
44346
60708
17983
25271
10799
36572
65092
5206
3656
32988
25954
4643
29644
39534
21143
59198
11775
47558
45449
40128
37635
30707
60311
41454
4754
22838
42352
14152
54382
60210
41606
35859
12064
55713
47048
54758
38179
24331
7189
57354
14640
24044
58050
39184
12971
15081
15588
18033
1963
8321
52691
39544
46309
35977
41930
33295
33757
23556
42158
33670
37684
51179
28891
5219
49266
63368
47046
40795
57143
61875
32847
26772
35589
45239
12078
10336
63256
33182
21887
44659
24212
15704
55285
11986
15022
53565
40273
1810
52059
46670
32277
30322
58376
18082
10769
35964
62961
24382
26664
55461
50778
7530
53671
4322
26142
39542
50304
39779
34777
8107
47469
41810
6541
44682
52894
2775
47237
31660
42312
9224
22571
5517
17910
60450
4883
6223
19945
12183
30206
39081
30936
36134
44375
16562
47080
32912
480
57221
10162
48201
29969
16304
53302
6844
46646
24863
39546
10452
61098
10711
4125
20430
13023
4953
51838
59805
24215
53006
54799
56068
2629
46260
9595
37557
61631
51180
33734
43913
38610
9515
27337
48530
5743
37905
38421
51874
19010
61162
53999
43014
12813
64169
31144
13833
29231
35648
18263
37881
40819
61589
27727
49778
26424
63892
35600
46811
42887
36587
4521
40801
3131
39971
4235
41651
64285
26701
27152
39913
55562
56440
27921
58444
63678
64886
35812
10244
35359
16209
48072
52939
16914
32773
8595
38544
45480
43521
2326
26605
331
48102
3087
60434
4826
61258
62610
5099
33492
36843
4050
11174
47204
9312
32361
61691
55993
9417
23955
65487
9315
29918
36870
54125
22250
39899
15312
31628
63453
32039
29654
56239
944
10200
13897
42205
10545
2880
32109
28251
47349
43941
40574
6581
11988
12977
22048
54787
43323
58502
60288
29708
53710
10595
45665
30531
38797
6404
21608
37980
58875
32148
19422
25978
27830
3946
801
55038
16833
12992
9831
33995
13342
42315
27271
10986
54867
9432
25651
54327
63592
20121
63441
57046
10601
13533
31466
64670
25231
33920
40083
16715
63332
17279
12182
5083
63799
64004
59446
17372
47869
22400
51326
3907
23528
31126
55433
20355
20332
22530
13866
22495
38849
40363
64846
32483
50780
12728
61646
33976
59075
42517
41613
53989
64975
60876
6862
50235
17105
54791
29228
11682
19614
18394
24011
15700
22997
48426
56088
18101
31921
50886
17310
37022
60367
54777
18901
10147
6503
8040
8116
1872
27096
17240
37623
63818
50100
4715
39209
60946
54819
34440
55432
46426
5492
50751
46395
21258
18558
41600
30610
18780
60541
61779
62622
24873
42346
34793
24129
61284
49252
64392
26170
46721
10607
36623
10272
30610
281
28935
55369
60317
41948
51369
19714
25383
61323
18550
37507
65189
11165
1456
12213
11490
13882
34899
27481
35888
46633
9368
20133
1195
28454
55468
33379
47481
54401
1119
17299
20977
20212
63823
60233
52713
21655
11839
24403
35020
51104
2893
34120
61932
33654
7279
12707
42405
32917
5121
50695
38290
52447
49587
3538
48591
8269
17102
32837
6259
4932
306
57971
4209
41955
25889
37574
13562
22372
40947
16316
59031
6201
10452
15812
30246
20740
65118
63890
31393
4715
4192
7065
16729
55098
36656
39881
59092
61780
33165
11842
12989
4963
52070
56671
14637
37323
30508
13855
24828
52955
46230
15428
5062
61664
9126
24742
5905
12978
16088
52244
29291
58412
54953
57185
40390
58019
49667
57957
60048
6777
50551
13202
34579
65336
26077
47156
45060
36006
6480
18896
35304
40870
40191
795
49254
14442
60719
15338
28284
1221
44215
62503
8046
36453
42709
37050
29820
2582
59844
32995
27720
16996
19972
4858
13954
23429
22214
25633
60685
16336
44963
11326
65222
9144
11019
4681
37904
35034
47711
54206
16606
42089
4094
17266
21396
46285
16874
12074
60871
1936
43578
34920
1872
55208
50881
50189
55639
52480
47647
57004
36088
9361
36960
47916
17086
31147
24644
2735
59082
53398
54212
1093
62830
32115
14211
43176
60334
46873
1529
21879
55013
29272
61387
49425
23154
9882
25539
40270
41173
9350
31540
51510
2828
42216
21027
54564
55325
6153
5366
39789
20919
35874
45969
16638
11588
23491
4071
5414
1891
12753
27164
7578
8400
48839
36682
14604
4658
4916
6382
707
63650
31898
59277
7360
17772
64063
38435
51087
30125
25503
54847
32380
38997
4027
10753
55910
17556
54843
38498
27751
39509
45723
2001
18983
24015
11781
33998
36994
38252
39731
4100
48237
50344
23346
44148
47101
33743
1216
63785
23015
61719
8265
68
8501
22039
27493
47406
32311
4162
54563
40706
51492
22813
3658
19176
39704
5203
63449
1751
14336
64781
6751
63008
59555
60407
53038
51590
10250
62369
32464
37224
33529
64246
41969
57361
3751
28668
21668
46724
43959
9436
45372
4938
64064
27
42610
15674
8670
973
63027
44521
10436
13370
4798
32167
22967
6040
48767
56602
8672
10300
34151
30386
52262
19551
5775
64056
57828
8168
29085
55836
20441
48085
37725
16476
64426
21357
22681
46956
37843
32333
51695
16331
60720
26995
44744
11028
46542
26830
41500
22997
52129
31924
10586
53075
51366
15795
11607
4065
3894
11555
24839
25307
54786
10272
63383
59883
62953
56518
20132
59839
47756
28281
40081
8635
24677
1222
11771
19755
19518
29698
64524
45219
1564
56637
52698
12103
27787
53199
64894
17641
22879
2349
5096
41835
2603
63824
48212
4911
5949
5002
53136
50554
57928
2473
8605
18037
40488
58439
44507
54554
10797
26363
37357
45696
45905
26790
39898
17090
47052
59859
32774
30043
65390
55090
50910
6727
55227
8637
55212
64317
43343
36197
46716
31894
24239
43753
47830
23367
16347
50146
53989
14776
30276
4367
6727
34927
15414
37469
23477
62645
6329
64810
55487
62215
65384
56304
29980
65217
38678
42730
38022
11563
5603
35566
28023
47681
56310
47142
6491
46887
47340
35866
45860
20708
56967
2660
51442
27602
27438
8116
28401
14060
55890
24266
21430
14943
48588
27132
29567
7759
28798
44490
6970
35169
33970
11000
30812
7485
55039
32316
4716
13753
38597
17238
16822
38948
49597
64446
52684
544
4753
14312
2151
35495
17681
3925
55527
17240
51339
23795
56596
25670
29399
6548
45286
45023
28264
14823
27284
44947
5363
42588
64078
36342
6891
40657
20426
64817
6790
31704
34635
51264
14336
58674
25284
57995
52753
32161
54993
15798
12210
46993
27826
43572
25840
29874
9991
2551
8337
55527
20925
61743
52018
43928
28628
38594
29110
63491
28315
61803
31705
45612
65374
41556
10336
33215
45967
36021
13898
43092
46342
41349
19466
23897
28427
16143
47412
28469
50541
30718
61335
53754
2251
14781
13315
26157
10065
26107
14384
4991
11771
562
8439
58100
59600
30904
23615
54036
34638
63552
48276
9870
14079
64968
27431
57089
7853
58357
57777
19898
56417
32921
55481
60883
6074
35845
29254
63689
29168
22
13775
34142
37831
40323
992
57416
2246
40286
8845
35330
10924
48571
5344
64755
64916
17631
23676
33854
22388
43004
50468
49876
30636
35214
53030
1038
48789
11970
33023
45194
5492
53199
46659
48141
53345
34240
32286
30572
43645
27222
45204
65081
38753
56418
52832
12058
9910
2573
64091
14732
28579
3803
23450
57634
2831
42983
1577
6786
8035
8085
16786
35900
59259
53
48336
6778
50886
63684
32718
4364
64718
9750
31731
20222
48270
56684
14779
3857
32061
26382
55462
56942
40310
37349
6977
55321
6906
32108
29350
40504
15511
46495
2901
61718
32923
5757
52195
42739
15388
22696
26023
5990
21406
60077
14561
9222
41328
58183
55468
49873
49867
28635
978
35335
49976
29271
23451
64774
54260
18730
22330
30234
59962
34740
18467
54717
36044
1267
7837
25672
50664
24087
5008
61528
38356
45333
47192
35906
56971
30179
55120
39908
44537
64614
22283
55153
51253
18023
1899
61884
36992
9088
24035
13969
23972
16817
23824
45686
52498
35488
15382
49412
9494
26621
32944
27497
56868
15741
59135
55424
54168
65342
59339
21897
25358
47142
58572
4183
31212
19378
6129
35864
64831
40793
63590
33576
56656
3362
51516
8139
53619
43688
59500
39131
11367
9564
20012
63668
62487
19406
15586
36609
50948
22445
9456
48149
21727
40570
46541
30271
57225
57465
30715
3305
14459
7677
10753
14826
55904
58576
41332
41825
40546
44615
28905
15995
47024
23467
42732
49559
55308
9123
52289
37339
43543
36697
57642
62873
63895
31708
35449
15115
48877
6688
44915
46398
54301
18733
3909
61456
16722
37150
33170
13409
27338
46786
63743
12777
55644
10951
54497
8757
13010
27521
22020
32434
2406
52467
20380
19433
42541
10357
3903
40800
32295
3558
2576
42412
56677
52776
55654
30686
5269
32801
11826
3394
8005
21259
31658
47463
33625
3613
44604
44040
3905
28565
24164
26482
13033
11697
48237
4746
26625
8716
35789
24507
15448
28222
10619
15271
18262
49022
25393
59753
18340
62124
10579
22798
33161
42699
51145
14488
7988
32751
2429
440
15884
33215
37982
22022
35471
60608
16491
29542
16028
23427
50488
22654
20996
57240
25815
47530
20296
39018
44676
8398
10687
32429
18424
11700
15072
64206
1877
12399
31387
24573
308
29330
4902
732
42366
6869
18027
7663
1999
10430
62263
26894
20893
45584
45846
26678
42419
52797
50018
34831
13898
55683
2014
45012
18024
29985
17885
4243
35954
57612
46203
10831
22163
51051
43649
61516
4027
49016
59502
36326
20712
17882
59126
22600
9238
14020
40
5237
53276
62961
10318
20627
9343
9351
21441
1961
26481
55686
44704
2237
35127
62201
1989
52753
52461
63398
62831
17907
28288
32214
676
62317
62862
22479
27791
27910
38572
20268
5329
3909
19686
37434
57441
46166
50090
55183
58943
42820
41567
11574
21838
32931
21074
56960
39220
55061
56364
10704
32712
2753
8717
36925
43867
3776
49183
13408
49166
8292
49138
17895
40004
16747
26725
65104
12183
65249
39284
4800
7159
9973
19938
43838
42754
54367
63849
51870
44985
4734
25321
56807
27069
57874
59460
3459
61639
13186
39421
34723
13376
62392
23660
12629
57699
20710
27773
26058
51180
6198
51835
15351
23288
19736
60044
6099
53581
43781
49940
37031
33008
16566
31359
64793
44632
54330
22146
64830
23207
10737
24818
58396
23796
36016
43242
43523
19009
40034
49418
30099
16267
65531
44074
8996
19044
9502
9252
41857
3776
19750
26768
58331
16123
45896
23138
6664
22405
31008
55510
30675
6300
7846
52952
14874
46947
23338
46194
18694
45672
34286
63345
32952
6518
52859
28065
60960
9100
4799
37176
65240
48992
1678
33365
20391
3633
9185
6448
27978
3045
29421
50562
39396
29696
32037
15509
15577
51766
57163
46268
14269
18680
13446
4514
18257
27912
11897
53338
57265
24378
61651
21102
23687
14484
58908
54861
52694
32908
38363
37861
54656
19701
31986
34598
16708
50680
49352
34500
19993
32749
65006
48688
35969
59640
15703
61621
45744
44637
57977
6789
23542
52480
57321
54838
47112
21574
43210
27724
57148
11797
55126
35058
51748
41130
38163
54840
3916
19773
3497
30622
58951
30738
14814
41940
65067
50393
25269
34683
32478
16135
21580
33248
43484
15841
13640
13535
6500
8049
18312
7327
4240
27301
56524
54857
21248
28577
26074
53470
22438
12156
33678
60924
22574
63328
25517
3442
52129
5132
25175
49051
45281
45366
46206
49269
51385
63373
589
34156
773
62176
7012
5326
34
53024
7693
3640
40154
40115
55694
58916
9359
27489
29464
37599
35529
30015
42681
60185
47314
7291
22807
1486
52584
58303
54442
16950
61567
44990
16883
20243
19496
60830
35092
13413
24227
2592
31423
62694
39367
64328
56881
39024
33353
14335
40590
10092
50071
59618
9008
51447
56811
24377
52418
48091
38912
28363
3791
17551
35429
42647
58223
1866
41568
4390
59391
39003
11080
10242
4317
43099
3648
47038
49007
54168
10394
41785
50840
49967
35953
11327
8796
61283
49829
48021
61815
35381
52791
57768
15343
61754
56199
6547
48960
20473
37861
39665
34387
33777
65516
15823
59790
29724
51762
35070
60461
49517
60419
42494
28936
6315
29262
25906
15518
45542
13778
56284
52759
16799
59217
17876
3071
38121
49865
49226
21664
65182
57069
36127
30430
57932
64935
7578
41712
49090
22779
60230
5439
9469
30952
38574
12309
51723
27052
33384
34996
36731
39093
37667
55001
4403
36627
7904
59622
36322
20252
20078
18418
16091
4621
58941
16753
54498
42677
35701
64305
13689
10805
40760
2281
7593
25286
571
26053
14272
969
49958
37077
5331
2147
53657
10533
57874
22002
61136
36195
60020
16288
11930
24016
42573
44472
21505
50140
10812
46141
17277
47782
4178
62506
31398
12990
43694
29913
35364
47803
38849
36082
13482
39015
12695
57199
28090
55070
45361
28246
44253
7990
60099
19900
17026
11692
56116
2594
9865
38287
25622
16
33829
17868
28451
56467
64476
45046
30533
63987
35370
7604
8720
13356
55144
56040
60915
28124
34940
29036
14571
742
28314
16906
22569
14285
14097
23485
53925
50948
3609
17366
47290
62849
27095
15140
60371
7916
54732
42024
50200
49428
9924
15431
36493
24111
14987
6823
32364
52453
20954
61360
13858
61565
52162
50463
33689
24172
62205
42943
23178
42624
10695
23434
61969
10942
43912
9826
14407
31716
46872
24749
34736
62580
21819
28852
55653
1900
41423
13695
321
35527
60982
44243
8933
15
16140
14373
43506
54647
47001
62909
4791
30573
7399
56902
59952
57173
44721
5046
10744
1718
25958
36489
6928
41694
4434
35647
57777
23966
23374
8713
8637
26690
59848
11512
33651
22970
61399
31993
23106
30537
42281
52997
56333
1765
46870
42646
30366
57896
26604
48929
26368
53564
36327
33319
50785
32054
53955
1096
21290
12453
32621
22513
38544
57493
29694
18086
46368
4693
61499
38033
57974
3144
9042
37309
34650
5
9127
48453
34265
17796
52034
49922
14898
51089
32203
13370
20946
41953
50091
40794
50635
17319
17651
10879
13688
15585
64405
12804
37725
64401
44926
17322
11840
3256
63054
52030
60144
40797
55457
18356
51504
31911
9860
6746
16848
60806
60616
26909
64509
6686
46672
33428
25621
14168
21371
38358
28645
878
59762
31002
38940
2925
26841
30954
4453
17800
5140
39239
45068
9821
19111
30809
765
27609
8718
20609
23647
22210
32068
38931
39409
7383
33398
62474
672
63127
32336
31898
326
13888
65013
22241
50612
8168
20298
54317
44733
39560
41061
11763
37064
18063
61986
65057
49477
40392
31874
44522
9935
7957
32750
45780
20335
29198
25658
15546
59556
30438
6912
36116
40214
14783
57826
50006
20574
24182
24271
54390
26310
45431
63647
49349
12176
20484
25577
44402
21908
4445
24311
32377
15890
17280
48950
15298
21462
17549
48006
40275
46330
38982
43897
11514
498
15717
2382
31441
46731
43310
28969
47466
57898
2671
795
4501
36976
37815
15127
5296
57700
26045
57663
26644
41617
26469
53630
61497
33058
30181
41010
48186
14775
28607
48145
34030
1793
37474
29661
31050
56787
52957
26633
25960
31886
53459
18806
34458
15930
20666
44163
31146
28503
4933
63926
18950
45298
61855
63032
14231
43877
27748
2415
12561
32201
21250
65123
18213
45296
64562
3835
9891
38816
5258
36092
62716
40176
24337
16667
63620
23435
49508
24006
31766
12985
5950
32158
39902
41235
36666
64559
42363
29968
54135
11835
15956
48692
45199
54314
42511
14337
21643
3563
36839
10067
361
47153
22882
17887
63375
41331
59305
40474
28234
61461
23141
55377
8854
64950
18916
62329
3361
38054
21401
905
47178
8185
60288
34259
20998
1591
13666
56085
17807
62791
11766
3099
782
9296
25593
15447
29590
13559
6900
7211
58414
57569
432
17161
28272
52458
50443
32665
46914
20711
63544
5467
14115
39361
20464
53898
57699
5726
50707
10699
15762
7076
14274
48794
4717
33910
62884
54790
14448
15622
26265
11533
62450
19511
22604
38237
20599
53168
36140
37360
47586
55194
25114
7982
8923
44516
14599
64220
27080
61812
15461
51309
28312
29267
24221
18452
45674
14801
21586
53060
43892
37176
54504
40331
358
28975
52004
1460
11748
50370
636
61878
55737
42282
38930
344
12704
54799
16826
29182
17805
39619
6496
12306
11675
54800
38288
27836
6456
60014
37238
54877
44930
42830
6436
3339
56648
38950
46480
21276
51406
14876
55371
51812
6693
53904
7571
58276
42517
52007
49362
8369
44231
8564
15877
28905
17342
64510
32039
11341
45033
44936
43113
6911
20943
28688
12379
64927
59168
43251
45971
45338
64326
11677
24722
21543
43581
32758
26629
65232
11864
8527
53412
54463
46677
9638
39166
27954
62381
30121
53103
38994
34077
25456
27921
8396
51673
6704
36087
15151
39797
13158
35371
25070
53768
61704
20070
22047
62144
21960
44884
5153
55098
55342
53255
47177
46280
60652
26215
10553
9073
21443
19479
7663
51032
32143
7107
34767
52906
20225
3678
22572
61025
61334
15742
20507
21186
25051
982
32590
47561
12222
14789
2004
16133
42105
54998
48704
46742
59915
27905
51649
20243
14595
58785
59350
16964
1662
43932
29050
63220
34
8563
12499
21956
48868
38587
7826
20912
45144
36784
7701
44754
22821
42177
22919
44054
46398
43381
48966
19737
52350
31271
18764
50192
21764
14605
33650
20672
34273
35544
18368
59801
25111
59911
63808
43257
46296
25564
54355
62751
4266
64639
17721
36242
15839
19253
25171
60281
23844
1569
58070
61658
22708
43433
34082
59287
4690
6926
3102
30526
62526
20503
55875
22589
24351
10087
34435
54463
43260
33843
30874
30017
29139
38367
39027
48190
14343
53102
24126
61531
46206
4554
1552
16463
32543
15013
14494
50254
32708
13877
5064
22598
7587
10560
20448
13355
1083
1059
25283
53501
4173
8897
61594
61079
62200
49466
41073
5027
54236
33574
55718
55218
6052
27885
8365
40325
20841
3684
42027
40968
13117
64683
61206
30193
37945
49156
1287
29181
25575
5592
22471
5654
4348
2949
60775
3369
53370
31387
39561
40337
35335
25028
53502
34043
62516
2496
2481
48325
35726
26377
55981
60793
26077
16716
32427
39580
6987
23319
6328
34295
23591
37247
5851
3295
46941
46791
17203
60430
29507
37663
45251
23727
56480
33846
43979
17690
23394
24299
44122
30667
38043
53727
23000
20290
2573
27811
12722
10505
64487
6617
4115
50249
14645
48388
2245
37873
26609
9907
221
15190
34684
30836
58910
59392
8933
40222
40950
56701
2636
22466
42003
51638
39279
64758
63495
10891
4460
38091
56527
16630
50666
19352
3108
23660
1768
45287
22540
23279
48688
18202
65500
3227
44019
45049
57793
63257
25284
29372
43735
44798
62233
12016
14009
13765
32081
24108
59226
59710
32724
23174
64137
31579
41252
991
29632
3020
48622
28801
5235
9542
57693
6243
21430
57239
25342
57960
12460
9660
19295
47071
36031
53320
45574
60150
5610
50517
50330
25664
58893
61222
48988
61037
49773
33630
11678
6362
7412
12677
47798
33152
39651
57403
41106
8981
15211
45711
2324
41138
17761
29700
1699
23306
16572
44458
32623
54369
18067
14965
59321
33585
901
52878
47427
19262
33664
39200
3140
25123
22279
8403
14260
48337
16414
10057
49482
48674
60490
1430
38988
27895
20628
17024
24176
14189
11908
4355
46019
56868
3023
1421
11418
21274
39228
21262
19936
23451
15868
23914
22291
47516
61547
46278
24879
58981
43692
5274
38550
19557
31981
26109
2617
61932
46705
43570
836
3982
47534
35821
58426
26654
44811
55442
64110
11334
63183
13927
60582
42123
46754
14827
6888
2547
51479
51342
33973
15203
33830
32839
44464
24806
23298
21645
35788
33922
61241
6438
24765
56707
12115
24797
26751
5921
8415
12452
32572
53728
46484
46274
37374
30769
23395
28064
44360
12454
36606
13737
29218
52905
8072
17642
46105
22285
308
26406
39149
18190
53149
65296
57400
6318
38445
17081
20547
43599
44548
21373
36828
6798
60660
23615
60423
60016
52927
21044
52459
5217
35558
20874
58132
6773
32614
32567
21016
31141
60036
26048
52004
22100
29246
18300
45331
21872
63503
60415
18029
32209
48262
7847
33502
21804
63069
21694
28074
6681
22203
9529
2547
32564
51583
2401
39259
16781
34933
44687
37845
34732
25290
46937
14174
2394
36365
30672
24233
43400
53798
37978
58438
15978
34333
34649
8778
16460
51200
34203
47307
23885
11927
49879
25470
16539
11229
19328
37304
5832
23528
31628
56121
59663
41013
23862
51408
20809
46571
5981
36177
37853
58655
37315
64554
37420
54980
30133
60029
61239
59955
5571
4673
30058
57275
30950
28792
30683
47382
3889
59600
25416
43436
12885
51145
35971
49762
22489
59792
4523
57413
45833
40648
61410
38429
33853
33864
34356
11045
53437
52866
22732
14967
14268
7185
21234
46157
3497
42537
11651
50078
58749
60773
52208
43989
19936
34263
6427
31642
27496
7042
349
60839
8445
48968
51957
62698
47425
30405
29755
28764
22071
41739
33633
44480
7020
61820
18843
40806
33447
16048
34999
14697
26084
37607
63175
27492
14103
9496
48499
38177
63392
8248
8027
9709
59693
29625
13594
25530
39741
53379
64549
61926
33984
29511
18798
59004
26754
42778
16684
35168
43816
33152
14550
26208
27777
8316
43236
31529
56338
40821
49793
548
2170
22403
39240
60588
60321
47532
32961
53102
19566
6228
34721
16139
12169
47913
46760
16612
8322
42513
9045
40085
64550
57229
10507
13780
57084
52463
64912
45379
4736
14423
48325
2093
58305
37695
48116
15724
51932
50596
45383
55718
34376
23397
59595
14117
65445
3254
22438
53918
17829
59809
29659
63891
27787
1330
32487
13222
18923
40701
8050
34731
13432
40989
49278
58772
26007
2650
32129
286
43682
5951
7586
16333
37978
38092
48128
63580
18366
17718
12151
8632
56816
3137
64027
19735
56572
63747
8610
33004
43060
14145
7636
10964
13812
42883
12229
32325
35116
8033
1963
48283
26309
37284
41453
60855
2381
32669
40780
6668
55286
42805
36444
11486
6588
33481
35572
15905
59919
13769
2231
3561
56381
26349
13456
50907
14543
41317
50763
60233
55282
56063
39601
34952
57860
6315
44286
4067
61056
57515
52264
17394
65395
9883
63998
50331
18526
51120
64500
53465
62715
18230
54662
62672
19752
61148
48209
14583
47730
480
57041
37707
44108
60290
14323
53555
58754
38670
14145
1302
34703
47099
14018
65282
10055
35286
3924
25590
27697
43123
25430
15842
52243
33181
33723
43836
18824
50579
35376
45188
18865
3469
10861
40663
23861
22973
12835
35599
45267
24444
41430
52410
562
6596
24122
28837
20667
1152
41440
37196
58457
63779
51693
39422
58599
27482
29552
35216
24708
6768
59560
42909
11195
14300
2228
32026
16144
48865
40960
52468
32542
54161
51073
18639
36666
6267
59152
2168
22314
53790
22496
52190
3560
21531
16945
40117
52479
15852
392
32552
26802
43563
65403
15266
20827
11401
24560
56885
55047
52860
36752
24838
57051
60149
11413
11858
3819
40362
39529
40899
41190
52299
17585
28469
608
33673
56283
50499
41135
61196
18589
32838
34647
40599
57388
27459
50834
44394
63769
57458
775
54344
3719
1245
16082
25129
3733
21849
12390
33211
24407
38152
16691
56140
19503
2461
30359
56091
35649
15951
48789
46156
2415
27891
61192
41837
31656
41814
57109
24965
34648
13136
54533
408
56227
23750
1985
64647
10192
41819
59914
32846
52199
1163
45809
25142
60470
61312
39097
37823
43217
39249
62169
28215
12696
25549
22292
34951
46742
20803
2423
19761
6807
5753
33178
4932
39230
32049
36937
27947
61210
40245
55688
1081
34555
26971
25503
5835
38520
37732
29331
25012
63649
24439
2911
53959
51037
9106
45634
42899
11287
8494
47151
60636
18722
11645
38219
53905
56907
63391
8102
9658
14086
16034
42721
16459
60078
55134
43950
53381
32714
3706
9369
32378
42297
64075
28513
39595
11762
48303
10496
23623
19203
43125
24411
17675
58276
26727
38586
55699
213
33001
1020
1915
2171
37902
32219
1688
23076
65378
37427
56837
51457
53315
62952
804
12368
62595
28578
56260
25357
44446
19443
21311
56615
23271
36859
38390
39700
46764
43458
64472
64197
20245
8619
23772
26837
48945
23580
7066
36853
8962
31059
27367
7485
18255
39672
1981
27443
10525
5716
27147
61494
24969
64070
37435
42755
53879
55023
60507
45377
34224
35241
62807
15705
58195
14593
26881
59258
56196
60758
29699
16730
14918
27038
34201
61162
29867
64701
58903
8790
60713
859
27766
24511
46855
59659
905
27695
18382
24128
41404
41358
5402
64652
35719
51297
47640
25579
4331
16468
35136
51125
12233
21362
41050
52210
21503
275
7738
43261
33336
45461
16651
17776
54286
27122
49603
49918
14925
59046
39145
30916
17779
7655
18679
58630
55072
45823
51944
34193
38856
60901
42834
11712
19337
36625
24665
33888
42029
29799
10062
36758
57337
3952
60985
58098
59406
39190
55008
262
40995
3128
57411
31508
53916
44138
29631
21202
64552
11843
37236
6359
43533
40457
52881
24931
40929
1812
2878
957
6899
4810
51669
52292
39132
12698
634
43997
12370
15804
51535
52547
26880
40953
45422
30668
61837
26330
18920
13477
38528
55630
62168
24669
4669
52275
57598
592
62801
47033
37427
15561
14774
23328
39990
26445
35482
428
58127
19382
5485
33190
56682
51796
46729
65280
43031
45151
17588
32039
4130
55525
8838
60217
22090
61677
64135
46845
49098
55172
60014
45741
35924
28019
3195
9038
1998
16087
44820
5438
23459
34383
49079
58965
14687
5391
53762
19019
2655
40034
34386
7163
54016
21868
60523
5613
35430
62637
2815
9371
13307
22577
60352
34148
56381
44913
4237
17476
57268
58511
59001
33138
44922
41861
42300
32988
38320
6563
43711
40148
63428
53884
27490
13949
21775
50044
32921
6729
52045
42847
50861
27476
38226
15053
33005
4675
8107
1432
38517
10866
14859
47082
26997
30758
20534
58716
36649
17756
28960
6103
9168
25149
12170
47249
27834
1418
58968
53935
9746
8545
37700
29529
54187
36028
16149
42959
17833
55552
7181
30087
27207
47586
28497
171
6004
58858
34403
60154
33414
57451
9217
17862
16699
12421
62317
18037
55341
35734
9374
54603
16463
15787
57785
35441
53924
59216
18540
54499
37011
43196
40246
24903
342
44799
60077
3601
3066
5016
16982
57079
1095
18639
56489
37404
48466
41339
28364
36312
57863
11171
7751
32243
47655
9547
6640
14095
64128
46802
23246
60573
56310
29028
18940
61161
7279
11496
46522
12211
19199
55059
10369
7641
12893
57301
12444
59780
11100
34917
40493
34939
40479
24509
61184
40633
52304
7334
55851
30494
5396
32559
56966
3306
23695
33763
42700
63690
47337
14235
61147
8348
37354
4109
43652
59851
23422
37749
20016
63371
64709
43694
63676
28477
59651
57628
13752
35978
8410
9681
37173
34383
44695
24218
34703
21865
18728
33188
4021
8826
61814
56802
3803
52382
39785
45095
56356
1225
50682
42131
23889
56293
52732
21172
27567
63695
45282
6409
41644
57996
14420
37687
28270
54295
1549
21202
3182
56895
9192
53109
54443
47334
42014
34004
55591
347
5298
7422
12642
351
54932
15362
41565
49757
20260
25373
9929
2644
17936
12065
14166
29598
55269
53827
35826
46025
15795
3945
826
29479
9861
36024
15214
10740
53515
58382
55858
42936
64090
38892
40112
36706
4903
15366
39088
17665
21082
59327
58845
34904
49513
36183
44012
30231
43091
64850
64305
50884
56212
37291
61593
28246
8258
61137
57261
27383
7219
39235
17667
25176
15044
64674
47813
60359
34879
39307
21617
10926
26895
36601
4082
14692
27099
35761
27835
24490
33034
24213
8933
29370
6544
26786
60761
52172
43510
59826
47992
58649
58330
56554
54570
27418
52298
14898
17374
38490
35652
1094
32293
51084
28060
23615
25930
21420
34045
56760
34612
30849
349
64159
6068
50181
60318
12646
40333
37464
32981
7702
46042
57099
6563
26494
12068
17564
53608
45533
31540
19537
37676
56159
52591
30310
63707
55602
28252
34404
40888
44973
57981
28418
22891
24965
5472
61006
8696
48599
29749
5359
35304
49900
21459
53897
58257
29695
12213
40264
52128
21449
16247
13470
50423
25218
21943
27064
40009
30875
18249
4238
13374
18190
17113
35670
28097
37971
50024
6910
56923
1589
41106
1649
48839
47515
14958
2743
32653
30325
28139
18740
19194
25112
26003
22704
31344
32955
54688
30050
5098
5960
27631
59573
33657
63849
43572
3326
61327
15672
55390
39182
61997
60307
16292
54919
7252
45849
7271
29023
26816
43262
35344
25067
3745
451
19434
34721
35020
3252
48484
10231
18134
36784
25057
43214
41574
59789
65273
30989
46777
31179
1825
62518
28380
25708
62032
65105
20984
59324
49848
46504
63142
30851
15848
9384
59517
5368
12118
11140
4464
29560
48316
25701
9197
15895
50378
58161
6495
51866
33081
60841
36551
8833
34920
24482
43633
39909
54348
1135
9690
6051
35896
28695
39050
17277
38085
39398
64987
15732
30149
7647
64046
1937
34838
59154
26844
4280
40645
4500
45727
33085
5948
60013
22922
14708
39837
44538
50396
42064
37498
33915
16169
35068
17016
13298
25415
24462
47901
33119
51903
26265
3030
23072
24386
29576
28098
9521
50132
63074
31792
7527
46507
24220
26500
29913
5133
64170
29943
6555
3743
52437
18132
22062
65240
61487
64466
33490
28411
38913
47063
12505
26188
13363
1742
24465
7906
57972
6771
52748
51084
43624
45100
30105
6614
4345
61573
64425
21253
1171
36532
18390
30017
29739
38246
33307
5220
63420
16111
1074
44652
41911
52229
17087
38380
22648
43354
57045
26971
64627
49994
65240
17947
27059
39856
44516
44041
60521
60344
56079
544
64305
27382
58211
53409
59317
44663
5006
23140
20232
56226
51401
64343
43861
27761
11154
31385
40779
58388
38123
52540
13301
7997
61633
49184
6569
47665
44021
6093
33924
61526
48338
2031
52552
29216
61273
25680
24053
19863
39284
46963
24784
46698
19966
3919
57834
1618
62411
56152
38769
41786
41552
55371
13071
44177
16403
25548
2697
16038
12583
9597
3693
51914
53851
7581
45065
15698
12321
38665
8985
27235
62092
56844
38661
460
37706
32275
2361
22769
954
30507
58379
51275
22300
23163
2886
52211
62494
43421
52797
44735
53032
59247
58842
52532
34973
5939
42956
14882
41320
46233
50121
2924
49472
3443
36466
10717
51414
50357
31000
45610
24927
31742
44733
52259
7171
41585
7815
56349
7330
35682
49891
57017
1671
11503
41968
61646
62201
57405
58941
9057
1529
62422
57043
25523
57671
63607
4626
47395
4080
64084
45230
16915
22024
23301
59633
46695
24637
3043
38703
17944
3904
7478
62759
60834
26289
32544
64452
50640
33808
33949
10845
46119
34374
756
53644
53279
17921
34182
49129
6946
43143
2538
64298
37839
8663
38195
61679
49183
22355
5550
64884
41313
10753
5833
33317
5728
57320
2759
39969
39959
33250
17636
26985
31427
55756
33993
42079
23314
29560
39770
2245
4080
6668
13440
27144
1120
62579
46897
5042
44193
25638
14157
59461
5608
44259
26527
63194
46020
45653
11327
8615
14049
12552
31398
472
57683
59014
52503
36142
31902
58146
55703
59309
61522
19005
48905
7242
63380
37813
29368
55885
8093
35916
54167
46339
36867
8396
42834
28472
22123
61749
54049
15326
507
39920
47169
15952
35161
7762
22196
34681
3518
21408
51739
63241
61665
19179
54008
40701
19011
1886
9414
64792
31134
30608
35556
5742
36399
13089
41756
4680
57357
63404
10012
65433
36103
6189
19644
40523
13992
17386
36650
47426
22123
18538
34799
13628
21214
41686
42956
9318
38407
30281
8719
41066
29296
54698
20656
9704
58768
361
64467
1119
65415
56822
2249
19176
27608
46249
2696
21807
19565
25635
4536
58953
13029
53067
35868
35808
29380
4733
6684
24618
29363
7345
37429
9652
20751
51343
25296
28585
63011
12728
51060
65267
32241
13265
31829
26373
19475
37689
54969
35459
42979
52648
5969
2609
16728
62410
41403
35125
30443
30396
40198
42722
53183
27808
17380
44933
15710
19885
38661
6483
9243
30429
7909
13921
59344
18843
59595
4392
52688
44345
34183
54111
28489
58646
41482
27885
26037
44721
56019
64114
40489
5380
16100
25265
35593
13986
59986
21886
19786
50477
4843
29586
18882
41512
24607
13617
37170
40072
5270
10193
3733
47238
49301
9253
26790
41985
36692
32828
48127
15483
13605
15523
6622
45417
50599
59453
40528
63240
25248
65100
10294
33583
10704
1049
52151
48016
9445
30967
35350
58091
45941
58747
7396
35752
20170
24601
48277
63007
51753
47057
4859
21703
56952
59849
30730
63496
58025
7560
20921
63458
30485
24586
46007
63277
29351
50318
60183
36582
58448
50594
8890
30563
23059
42641
26544
62663
25399
33452
28386
18604
21336
52186
13801
53274
12769
9913
56844
4435
17108
28348
9938
43802
26433
55368
45557
62630
17929
58738
38134
49017
50757
12324
27903
7863
23211
5646
48544
64424
41560
43222
31160
57629
4306
24594
38673
51438
44584
59948
26746
6172
63496
47419
48442
64146
7269
56455
27167
52284
39643
40244
6717
14133
20951
60892
43091
51294
64389
1180
13073
20385
22001
36171
28901
2798
20874
57999
61509
48755
42150
31290
29317
2032
8847
28783
4274
39554
32478
11086
22035
26730
3242
42903
23997
5647
16327
61465
8699
6577
13295
27991
50929
13428
54819
3906
46980
1719
14518
58473
56207
1043
1126
23291
20434
23866
38751
10594
45499
29635
14845
1802
61031
50583
5175
60837
51453
8375
56841
29408
24462
59160
56614
35706
43620
57215
28676
48578
58723
40167
16856
9258
3786
40108
55320
30816
48967
49149
51323
24936
51979
12846
11730
56094
1978
59985
58300
12917
25428
17724
27419
60092
13938
59165
37834
40308
55299
13622
22001
25536
8594
64720
37068
9405
6557
43426
12993
9331
61731
23141
63281
1508
9791
56724
20538
4508
17074
60690
59757
38032
53606
60899
3640
171
65114
53472
7417
9864
24470
17583
5506
33054
37372
39102
59606
13783
53622
44763
31761
34344
57089
46677
55016
229
61652
56067
61766
22078
57857
60482
31638
51508
37174
15444
33654
4634
41065
6092
36967
19089
42955
53643
63108
46773
47911
45426
25950
20363
28381
52941
48938
8145
19382
43612
35050
7817
56780
25382
6629
9925
35017
4494
18775
33137
56977
22467
65150
15679
58889
59194
33338
38976
22550
21917
37927
49777
19837
12171
7605
18339
30932
15002
52420
15413
40630
53217
1504
3636
57331
15644
51322
49785
35976
44104
42418
14281
53647
56335
29133
58477
58072
46529
32172
51405
56975
14543
65313
35305
41222
48485
5751
17197
49746
45423
50464
55738
59749
40025
57512
64927
50327
31463
1955
61435
6922
20016
21819
33950
8163
30367
48134
24554
7170
65513
51543
57440
54040
38393
656
48574
42782
5223
56660
61061
39064
23781
42535
49210
30041
33454
38550
5249
21842
36528
50804
44189
61071
61694
56610
61042
33259
58424
19658
267
40173
47368
62450
23519
17866
56502
1132
46228
1603
13277
15251
38543
38453
43346
32626
53373
49694
24383
10389
61458
47809
31507
21525
12087
16349
3273
3672
63350
36006
9728
44129
5453
14108
30530
27238
55927
27188
32089
30503
1434
52357
893
54035
4899
29223
36390
32884
28318
6372
23599
33546
9986
35717
53691
4130
22880
18378
60013
46307
43287
50285
10419
25665
15614
18873
26257
63607
53846
40116
53178
11172
5118
51210
32657
29858
61866
3188
45512
29368
18583
42048
29107
13189
63729
24108
45350
26261
9573
35037
21729
29231
8995
4221
23229
57957
51640
38538
1073
33604
20711
8601
24376
1218
58528
60776
21117
11782
62587
62732
32427
44353
1976
22691
10128
63382
3875
45802
24161
24873
31161
36848
62655
38969
45203
33538
35749
26960
41747
14390
10250
52563
38306
22423
57526
42600
40270
30398
19399
13591
47307
10175
58351
34667
41388
23750
61099
27478
27115
27426
32208
43181
52465
9880
54588
47227
22646
8344
34103
40009
20994
7420
22182
56267
1474
57130
33060
37740
12830
27326
22021
13079
11036
18251
13496
45822
50653
22249
25065
32833
45933
18775
26845
18233
25752
19607
25106
14724
54988
63464
13676
59894
4437
14558
25041
21007
26603
2396
9122
45757
37790
24445
65339
11955
28974
51152
24671
31522
44901
50078
51425
31931
50893
49327
11079
16174
25786
18059
6458
35640
55538
2826
627
59112
52560
44436
58993
25589
58090
57605
21182
32791
13741
27023
35633
32125
37484
14869
2256
33638
7514
60261
48610
14259
15729
7897
41094
21299
15827
44025
14597
5139
55193
52727
25079
108
37362
60881
37013
47076
60172
37542
45580
21456
49925
38149
98
39731
56779
12658
65524
16820
41253
1147
48778
10461
62303
7490
29970
32239
21168
53711
34982
41963
24079
9350
61861
16517
45470
11423
18343
15684
6566
11498
35802
105
961
17408
25176
37326
10782
40139
39612
9374
2675
39899
28361
46142
44485
55393
56037
13536
11263
55938
25798
39451
50400
11647
1434
18750
26908
44972
1489
64006
32317
57496
28461
24618
53406
64234
24097
488
29368
33511
35208
10026
60913
2305
25792
1601
42037
836
33768
43185
10403
3757
4208
25978
38025
14457
30681
36504
24343
48376
22835
61300
14359
49874
25303
3939
45027
45081
44170
55277
20557
31712
44471
53215
21589
19676
789
40
25204
51133
54647
58277
35590
62409
15630
8483
53447
19706
52538
55569
40505
10363
56651
6741
34785
21359
43922
12561
41536
8322
42122
25953
60278
59309
64162
20064
52502
41044
50548
13520
37089
19825
54201
18581
18154
52538
28225
51630
14943
20037
25296
7696
12540
471
62540
58045
41965
9799
51536
21209
49895
16495
15348
20015
54058
63829
49953
31355
45080
59390
13297
31146
51843
10950
19519
54730
44039
61750
9160
61521
22802
21674
1294
58898
25343
29533
61853
34902
27919
14991
36367
2291
8855
44331
11079
23622
10234
53116
2348
21022
1602
9477
37595
13117
35260
31520
20302
33699
15312
62315
15616
32709
7711
20200
13081
62350
15717
41751
23604
12310
63135
43322
32463
65002
32918
6566
19921
26161
23901
38829
54200
37901
62826
32750
31694
54884
737
21011
13082
56281
29872
34789
1033
29590
28650
3985
17611
18407
4795
65374
13614
14731
58758
25932
30262
60197
18156
13766
27382
30552
27332
1537
39544
26056
41444
34213
17649
21713
48379
44426
55731
18724
56503
20325
41220
6198
47217
11741
39800
21208
43747
30122
57963
13784
31825
46067
11529
1570
17703
1912
19158
55972
44640
63657
56639
27262
4509
26995
30622
45562
52557
48755
547
2206
56484
32161
25543
47772
28447
59663
29795
13731
23522
45803
43332
25727
10282
25081
2337
1588
48105
4109
24726
46751
34061
10709
32288
28972
61221
58193
16956
38833
38013
34683
29753
33797
33072
609
25739
49765
11851
58375
44127
62566
32700
40366
51141
50065
4599
58743
30111
61502
41262
64753
43692
33117
35102
52100
16989
2019
54670
54571
42143
62330
53598
3681
28007
48070
26151
23582
52191
19021
44386
31038
28048
3831
52066
49934
28508
45408
16029
32352
43390
29812
60135
35124
53181
44058
17454
12012
7062
16518
8335
56610
26282
32139
51328
30137
46442
6435
54393
3156
8505
18554
65383
20472
13354
240
32116
60439
31088
59002
32924
61146
15211
10486
55362
49966
15332
41693
13575
53571
54102
39010
33465
26371
2087
20820
45857
23886
55138
27435
19465
12590
64738
47100
62067
45846
26856
11030
26536
37794
29848
44671
47250
21300
58802
35543
45795
13611
44915
20970
65474
46926
50567
22778
12188
52795
54403
63146
64507
12517
49616
49382
54600
5176
32599
14586
34944
32927
22758
56959
7247
7249
23549
7579
26680
5500
27174
46574
49105
10473
51198
44511
46082
61211
59675
57544
18768
53497
32604
58373
15177
54332
55353
49355
63165
46514
29992
37345
60331
46306
60140
36316
2941
44247
24373
8329
62261
11819
37247
48704
31357
33375
60398
51621
39520
39085
2089
26082
23744
36160
44170
23413
6736
23148
46634
12289
3204
12142
21913
36554
238
21453
11131
54528
18056
2535
45774
47142
21100
46827
2910
57885
53320
36389
25981
10105
63569
30400
49602
21883
25110
21254
43158
39759
53523
56132
9215
49086
28122
19677
12030
28302
30214
60682
65075
65069
46982
59281
43939
43793
42072
62266
56351
25722
13739
23298
17141
48834
11086
37290
35076
33942
40740
55906
59369
2863
39600
9905
38705
60169
40589
2369
62376
49443
41256
6030
37733
2354
37338
30436
41092
52498
59051
63286
49247
1067
38065
58173
9979
64363
26490
51610
3325
45726
22217
29187
16998
45528
54472
29407
24375
45063
47125
54556
11042
39631
30021
65058
43968
23074
64805
53025
36658
24359
49034
37079
21549
44012
8946
43247
58188
53534
3466
3756
42912
18478
30532
25795
10232
28617
25954
39185
35443
40513
45416
52075
20298
43508
54200
52896
61380
23872
35198
48088
48894
1735
46149
37507
46843
11913
62861
15362
61004
41592
7345
44976
30847
18576
19318
56683
25013
48347
47755
34386
38202
11636
10622
33845
1358
31646
39107
24827
62539
15056
51044
8735
30359
50198
30530
61905
24620
13897
20549
22025
6700
44731
42476
41469
22855
57676
25289
59064
62536
21675
9389
18792
40889
63067
1785
40408
8180
17287
4041
43198
48844
20594
65399
7281
8028
42831
61276
43276
19883
57297
5705
50768
38001
49862
22661
5765
40607
26887
2679
7435
13226
13540
17394
51417
50037
22572
52443
10047
60771
13850
44606
58388
28808
10375
18924
34726
1128
37431
30854
37117
53830
32948
26617
27331
31004
4177
13002
51045
21985
38127
26877
42676
54566
48508
48387
18982
43553
52257
26562
54413
44908
48212
53472
28252
56970
51436
54798
45800
25776
51838
17340
61799
33536
42293
55529
51544
55874
7498
41322
44336
1270
21976
50435
15223
64529
23315
16989
28200
22986
27109
10049
30654
56691
34352
46541
46598
57648
17896
65364
40944
23880
49752
49173
52141
20118
27482
31518
11863
18388
46099
48312
39739
18155
10358
26960
23374
30868
386
22800
48238
26344
55957
50488
56954
40153
14375
28592
2671
44283
39170
41818
5165
58699
5487
56743
47117
55061
21677
484
44219
41694
27648
56517
27674
6343
56785
56816
437
62098
8156
37595
50437
51565
40426
10738
25644
17710
31714
50547
26476
14580
59692
28857
23324
9750
54895
25859
22987
17006
34578
43719
53958
5440
8813
25931
44489
33012
48661
64283
13531
847
24409
25427
15629
44977
9033
51213
23620
11003
3780
61976
63686
16033
9457
13803
6522
13015
32867
28847
12233
31500
13323
6503
51599
41953
52921
35398
12002
8650
7152
17160
48753
43039
56036
17500
9757
51427
5670
15698
45760
45431
24161
38004
13219
35910
30503
40577
19919
21816
63170
51234
33079
49987
54314
46614
51167
57488
11777
61838
43215
13828
65502
16171
25673
8876
37534
20084
28471
775
18622
35903
6701
25109
33730
39388
8915
63597
19551
23046
57306
1468
28700
60894
32921
53699
13227
57338
27134
56361
9831
13205
65458
2968
46794
25586
56272
18427
38325
57547
29188
28355
31656
11586
56332
29573
30811
30415
61896
34755
52125
8000
34954
57372
19021
14120
56640
48787
50640
34736
26735
22147
28636
6212
24984
49589
30139
3089
28285
50663
15279
28769
28414
33724
22053
59851
63503
28002
228
11612
7738
63480
61633
18782
33663
41394
2475
32538
8089
17211
44276
39213
8722
39958
33707
45326
40370
2562
46027
38825
12748
38520
19124
26369
37727
1072
15809
56986
22758
53575
1528
24367
53027
36016
60818
32441
40216
7509
41072
36520
35853
49206
43029
36697
62049
63881
28835
56681
64769
43049
51726
18862
20614
6060
48832
54156
42254
56693
53453
40801
22335
50155
56163
22279
38258
10988
25219
995
13168
65534
11097
34750
45796
44829
32140
2995
48817
26036
8294
17091
26978
32140
1588
41357
23096
43722
42395
4864
11112
7294
51736
18840
13616
40822
25578
6114
7227
44374
46459
56920
38630
40811
26255
44842
62470
36226
58569
18582
1548
616
40959
31657
10152
34144
3577
39876
42151
57079
28161
35454
63178
46964
4965
14730
38075
27548
44613
47503
5974
22463
21060
42057
18058
64301
61744
11618
60213
2656
33428
2078
51129
7382
26162
9982
2251
33384
39608
59588
26975
26774
3184
9201
38890
25026
29055
11508
8569
37874
9788
28546
29656
33629
33414
48429
41374
9588
18968
3150
17137
38978
32589
47260
56392
25077
29370
58207
289
52364
63880
25629
41659
55423
15958
15045
60693
7415
39754
35790
48364
53142
64559
43386
19785
4964
29392
9522
292
62134
35471
21859
36209
64231
50609
6883
43310
39271
40946
3416
38682
1401
23266
942
147
56381
17843
40661
57422
54970
58784
56792
30088
55988
14812
50283
61624
53313
1411
17368
5173
62497
57027
25975
10049
62111
12628
53887
53118
40117
21795
42771
60843
7370
33974
23562
8435
24284
16606
39465
30703
7850
2818
36203
31757
62823
6892
12407
43543
43856
39989
3042
36906
48864
7843
44321
56609
42718
17941
19978
52533
34196
20270
56842
16186
13176
62632
27255
46986
52188
57514
17475
46744
47664
34371
18632
5308
21369
41356
11042
41283
17757
4285
17680
32515
26279
53877
11172
44113
16982
29924
22138
62627
58730
42157
34202
44615
12933
48790
49154
17460
53928
5930
32176
61560
54357
47945
53622
5402
9755
48287
27595
45585
36573
51747
37572
53081
24656
24038
32036
11510
28786
6702
47578
34001
47167
35063
38383
5069
39973
46113
12773
12777
25932
16391
16894
32182
43422
45132
63715
42950
42401
46496
44845
48656
29690
61520
13573
38635
42843
42852
63069
54068
36845
36890
12538
63830
4828
57267
19617
8200
17368
55929
56719
11143
61351
50415
4487
53648
39858
13237
58711
41794
62421
45125
16128
41497
15240
50003
3716
47591
37699
44799
45776
20097
15616
55893
55131
21564
36003
58747
21552
62478
45064
45488
41101
874
26270
2958
35701
28387
4314
7403
53450
55418
64126
21984
40360
56794
37353
9725
6794
38665
33159
15305
55426
32425
13442
8457
46008
58221
54861
23763
31730
24198
28880
63119
25302
20960
44527
9764
58567
39447
18862
19042
52236
23385
29317
61360
8866
13743
55925
50181
46941
20794
24559
39682
53088
61901
20352
29529
10907
49433
43130
31102
17104
3536
51886
58677
45422
29050
15075
56354
39977
58699
13292
42619
16941
64460
52734
12777
40033
9101
34043
61314
29381
6591
9484
49634
1774
2644
2948
28907
21841
15417
4251
1443
37438
21392
39268
51285
27317
387
28779
32381
43050
7283
6893
59181
45292
7624
62146
35385
10248
12613
55996
46912
48281
15091
24846
54182
19128
904
55675
64193
42810
25356
51945
63209
25870
10066
59310
24196
24222
45341
774
46488
7911
60016
7284
63492
25501
45372
24439
30458
55256
8303
9894
26590
27561
8496
63805
13489
54058
15347
30536
37341
36612
50527
42137
56649
25896
38639
52831
46151
2308
33794
32771
27253
2019
57466
1659
65531
22631
19392
25397
54091
898
4294
46088
63640
32295
4057
19072
39995
8071
54231
22830
28689
18394
31507
50561
18627
45525
23633
13973
10702
15926
53387
49831
58804
51390
33006
48372
23551
9212
51012
15958
53857
23798
64048
35124
21265
55369
63144
21129
41757
23213
28697
19301
40773
15734
37568
57959
35495
28217
9075
5976
6343
20247
46736
1096
5828
148
16682
4608
46539
51811
14865
40982
10407
22206
55342
51215
35294
39610
20048
51555
14108
6977
36155
48474
48553
11450
6743
18226
53079
43606
2182
1393
53463
49660
1095
50904
52265
12596
29297
4567
61686
41753
8342
55236
44488
19679
28798
20602
30675
36368
61851
8902
1793
32588
60889
7304
17717
51061
20922
16935
15283
61351
20769
61160
61784
14481
6333
13206
57540
25002
50078
19852
59887
8680
18535
1293
35636
32469
56438
19789
53756
22414
32183
44868
22133
620
4003
19559
3634
10223
52241
2659
50910
60405
28659
1388
55810
26108
33537
10297
15000
5920
64873
16490
7191
49160
6003
24999
17281
15865
15804
61123
53995
364
21384
56292
21614
64490
46670
25412
62574
14324
13114
55643
31226
51089
63072
36905
29685
45762
53109
58763
63363
44146
23724
5460
37639
36159
21920
44193
31930
9581
34798
23710
17536
36360
18465
43386
29556
23155
40900
45673
4400
17807
2094
53492
51365
40450
28693
55843
30792
52481
41903
4365
32758
16306
47609
6304
32435
33211
64786
33326
50749
50206
48568
40206
17361
59965
64588
3401
62951
36497
56523
60551
21959
44873
54507
23441
54658
32233
25056
19427
59407
57102
50827
2444
27625
1785
27098
51013
39875
65350
30358
4853
56168
9776
63318
3405
2493
3747
271
27267
21073
23321
59168
45240
62223
13117
53252
24838
3230
2174
38843
30879
13335
8670
44523
46322
52238
28381
30770
57558
47135
38876
5593
54611
55359
28494
64281
48672
34432
32575
15470
20366
65329
38813
14543
38851
28252
5767
14067
42688
24213
21963
63066
55216
16473
27545
45314
36073
26682
35174
12711
51397
30711
4733
10691
64840
46816
61111
62127
28107
23972
51570
14034
61546
31205
14509
25957
45038
10998
64970
63164
24928
65135
33639
23560
57659
65476
58919
24788
4013
34336
38273
64921
63301
13380
13623
42798
20563
58186
40500
48705
59195
51295
13094
22031
61895
36691
17334
24711
5111
24944
40099
49011
7849
3220
22753
54380
48446
1590
23983
54449
22240
22273
22144
9514
60666
45872
46933
45256
60316
64808
20659
39024
33405
2344
3300
9184
34308
13840
6409
62958
33842
37996
44914
41610
4123
41739
31567
28592
55878
18948
58880
42912
22514
31656
44167
37613
29772
41568
43835
24421
17558
12786
14562
28028
25183
19033
55263
21117
16072
31887
28692
33928
5013
23353
5108
48846
22839
20950
56318
41239
45502
61130
53427
35931
65026
20818
3974
46219
44120
20934
9188
45373
2444
7512
30264
43524
9949
46624
26740
47614
1593
30949
41390
26616
27101
59630
33885
23985
12592
53140
24826
62668
16060
17748
6242
64650
17224
32778
29706
40097
44554
10806
37312
25534
3420
46403
18795
9373
57152
59779
17709
29571
9897
55914
20095
47323
27998
45525
43167
33786
44771
23589
12844
47284
866
3657
35156
47483
29417
49451
35597
31465
57447
32276
13925
54389
8709
64446
10809
46370
5457
14995
62541
20454
2509
36310
40370
60944
53973
57899
20798
1059
4877
52047
39480
46885
54329
15153
23063
37555
10403
36522
1230
37656
9652
39150
49844
52606
43357
17908
60779
47698
4667
18060
64361
52995
27599
61501
54598
46046
37912
2771
5269
37289
42701
63578
5692
15265
20573
35536
51069
31265
23890
20251
21182
48367
38290
437
56226
61407
20688
11502
26630
50548
23913
39041
41457
2898
63068
60885
10464
56114
25882
28589
24697
20145
12727
16787
20301
59044
63943
5291
39256
24940
49029
44634
6770
39425
12268
21616
26956
24399
60978
20466
4245
49405
35712
57386
38655
61044
9383
7373
7271
55914
65508
19089
65140
39542
38779
22136
53667
35029
65199
61985
5920
57166
29872
57540
23769
316
13615
24779
61149
56460
58820
11463
39054
37842
41198
23351
20692
62298
29
64433
6985
21868
26312
28043
19141
1687
4328
39406
39670
51769
23982
10630
61094
45713
8180
61662
9638
60521
18538
62542
8080
61230
50819
21584
36436
11400
35490
23107
41846
7316
29515
56496
28231
5716
7072
14302
46144
55872
62704
53055
1099
33847
297
19486
17530
16938
27771
62741
63462
43591
58496
63562
49729
32447
33506
52221
22091
43276
45687
63184
65143
47218
47765
10638
30550
19297
4473
63896
16552
40695
31836
28345
29242
49747
23780
19255
61661
60165
21387
59760
1876
4542
4139
50999
2307
43596
22845
43441
63814
35611
38084
43607
27571
60354
17966
24432
17346
38521
36011
54988
48127
36162
24912
9382
4746
32841
61137
10201
32331
55399
37997
26504
28179
23832
35714
44176
33426
46228
22653
35505
30985
46500
14522
190
11804
58220
3417
61008
32132
38131
3837
53717
53044
65148
19559
7591
4953
54499
27832
34265
65007
56934
38682
28733
3485
64212
32120
10688
157
57599
27848
54718
64379
26240
55861
48208
63246
12741
7728
16698
29267
1268
33773
7105
41971
51128
3564
35581
27019
60898
16172
59247
58696
37204
53199
61460
27521
9780
34054
6899
56973
48392
55612
4012
58725
4523
54689
29762
45996
4864
2768
43538
44830
4322
13537
54621
53126
44094
59906
59991
62223
59528
61348
23649
20035
8285
47511
3904
2798
7985
45833
10547
48810
20614
28939
32983
11995
59247
51364
54852
26772
57210
41742
15102
47403
27849
7445
55735
18120
59520
53464
37527
11041
13468
24304
17618
4847
2707
27245
39728
49316
17025
8300
53770
22247
28265
15234
61912
25623
15478
10399
60425
60035
14390
9274
13195
20957
41778
13042
64168
21813
50939
9754
37275
47524
48627
64941
5195
51782
64077
36893
1744
62763
39717
61782
22273
20075
15263
40473
31255
5694
41458
10694
12318
29024
54472
43637
41845
45003
60671
40169
59185
12361
51432
64288
24655
29783
16483
40199
24863
51448
33480
65060
38835
50488
31491
7429
21134
53261
15684
14552
39601
50275
46279
2227
29262
4496
15535
18036
39857
36305
54747
7066
50789
16488
58416
5697
9993
7355
30148
14735
8911
18477
43998
3558
51654
54510
23752
58700
36491
23836
43316
10392
22033
45006
27524
54987
59531
59570
33320
52658
29000
23007
16892
7794
57540
19376
41303
17890
25992
11801
12099
43473
12415
2981
41054
50726
49851
57838
35247
16402
15258
5827
39311
23982
502
61398
14920
28966
58921
46019
51025
13001
55420
54517
35507
8582
26402
28787
34089
11072
4438
64192
10226
30029
5181
3131
52267
10375
49217
44437
59098
27721
60797
59166
37533
37012
18795
33178
64451
35682
7531
36258
485
7616
23942
35213
36273
39749
35814
61682
31632
48068
16097
38883
13753
31719
31249
61990
5941
43842
56428
32509
2846
13448
45462
32242
13328
13725
30086
51384
27853
32679
47698
46008
7728
23648
12224
41462
4196
29709
60550
44918
8707
4479
13045
59792
20285
161
2303
48674
13026
20178
48817
44452
48859
50433
25038
41236
43337
8248
10968
45894
55098
30708
19548
55424
51618
40164
39206
44992
51170
2618
15728
21184
63431
9483
13497
3074
35708
43143
56435
61676
5496
45001
27390
45532
11747
14556
26041
53252
40654
59484
34722
52337
65463
53828
26326
37890
58779
59815
30067
30718
46085
12410
4516
28240
47208
6256
34173
25360
64896
12274
62409
50960
41476
17293
42870
32132
12224
4047
29901
18884
2901
5681
64563
33847
7735
64094
57409
23243
31166
45046
64760
30223
52836
22847
60920
56111
10320
52632
8044
48214
61722
31563
47142
29158
1582
27798
26970
9256
14352
21795
14314
23587
54984
11963
61029
45939
50419
29326
10438
46589
60964
47994
37413
32547
43126
49516
45087
699
58447
12861
14874
20638
28469
63427
48924
40296
26487
42933
29951
34942
45860
46794
10523
19214
14554
6051
37967
37925
2642
27018
43948
30350
2318
3156
10473
50934
6925
31252
47041
60661
60132
42928
7429
42557
52819
61106
7229
12967
52048
14680
9239
46491
54037
52302
16950
62564
53066
18511
1480
48769
9301
17470
14681
29119
12298
7856
29107
12265
38423
27584
21995
48419
16180
53734
11185
49369
25077
31898
40684
44189
16656
52262
11265
8854
56179
9885
3279
16487
14879
50432
31266
32694
15987
16655
46785
18694
52103
22584
2171
31570
35147
26994
26758
37611
62631
4853
41066
19131
7335
52203
58714
10359
31644
4195
168
13444
32187
42109
64211
25822
35000
43971
38884
33244
36469
63120
48888
23584
38814
39587
17957
9368
58592
56824
13740
32515
64121
38242
23928
43948
23084
30636
8567
61609
43612
23601
43520
59421
17240
42326
38738
28976
46026
60432
12996
29155
12353
41470
7632
27463
57892
54082
60760
20284
11938
18189
46130
65522
40042
58539
51497
53008
42823
21237
18592
63807
30744
22056
39051
1522
56000
50729
51294
22899
52227
41820
1198
41731
28933
6577
60313
59766
26634
64415
59471
51930
31415
60962
39671
9983
12090
37634
20628
65213
47292
64960
60608
34149
690
40266
22491
6804
17170
36748
47305
48493
26091
28877
22754
22161
24986
58922
1095
61952
57386
24679
19012
23377
42641
34284
22408
821
705
52418
64185
39836
22737
12074
24600
64862
3721
60243
41417
54652
4742
60088
23871
40488
41873
40251
46256
57974
10976
1349
61778
8265
64564
39347
5348
43021
5397
20088
8187
29435
49758
26348
34166
35818
10709
61758
54161
18202
63925
40219
62594
47178
19321
38478
37845
57491
18334
56269
19226
28550
36500
27474
19663
41842
44175
49027
27092
3387
25757
1314
8700
63983
24645
31890
2782
32559
28198
2326
56019
36166
54019
21603
25093
11410
269
637
15349
37828
23936
34014
255
42006
60577
61892
35884
47590
41266
42182
23488
53390
30002
63574
16189
53484
423
49013
58334
57631
37101
60661
15084
37462
54292
58206
46910
34733
15878
59944
62412
11831
20791
19528
17080
32981
59091
18737
45067
55162
19756
62270
36601
55141
14223
63730
12140
11062
26199
2917
27152
44645
19527
8154
25634
39237
44442
47897
42613
52366
43429
36522
12226
48347
19717
28829
54840
46665
28319
4819
24449
59299
12985
2641
28381
14625
29072
59886
30316
18732
31339
44164
9823
17858
48372
12005
40822
1224
61360
39645
11303
63160
8050
21718
28435
65096
46468
5764
3393
56127
62654
57003
40329
5334
28898
17075
50671
64021
15320
8692
6416
24690
22835
15585
57124
48075
22438
65042
34301
42801
62123
62113
40577
13672
27018
55880
63614
45806
42488
49972
35104
41327
47160
38063
22190
25263
42565
3497
34432
41274
26883
49948
64651
8264
49543
8110
3981
1420
48305
427
58860
14872
31594
58531
6458
24379
37981
5133
48293
51023
4955
31042
39693
41401
16205
19859
51103
391
5251
18513
64014
5327
37650
843
59018
32080
40338
51194
33669
20496
21184
45591
61561
12866
64136
434
10562
38457
61470
44193
12550
14575
22736
51146
56118
49947
46293
58946
25938
39079
52655
64621
1008
64387
39413
52894
26192
31410
8602
8434
4474
19295
50179
28440
1800
24816
22931
39802
36726
45711
535
7455
5813
551
11006
55771
46238
43304
28814
40887
32392
36670
54853
9855
16281
27150
50161
47869
51299
54187
53175
49123
3864
61268
29966
12779
53745
32287
46158
30349
16630
45961
19495
61397
53513
20967
29675
26212
43205
60417
41936
15188
50436
1235
11152
19201
16873
51615
2312
60346
5281
63494
33540
56717
8688
1988
12880
46188
57474
3816
38518
27252
54383
49018
56596
41412
22187
51700
56862
35815
9863
35669
7327
17843
58592
32734
36792
45889
20020
45793
20145
12768
27693
8299
53125
28211
13112
24963
8667
47108
4934
55449
35195
5421
50260
50000
44072
25741
41135
37262
55478
1535
29740
35801
65140
54092
16742
15652
10242
2185
55332
43307
17365
11489
24901
30154
61680
36143
4343
7819
15798
20487
37404
29484
12934
16671
33884
14554
32197
38362
59370
52226
30336
51643
64196
30734
55456
18819
49622
43638
44327
24305
44647
12440
43535
8967
26085
27333
64847
50478
38130
25605
19131
51670
3372
30446
44870
39165
48423
42279
55738
31404
21932
21718
50674
14639
39105
61805
57492
48453
61346
34459
11016
4360
63489
13100
13128
47117
52181
43249
36917
64779
6742
62480
10078
61133
53455
40418
15082
53775
50635
31418
19386
30998
981
54729
52106
2536
4838
62046
35895
34845
39924
24729
41900
12468
39956
62584
58969
59195
29975
31862
23756
57069
49802
20445
44847
33873
53632
18905
62927
20446
23310
45994
52881
30172
62168
6463
28155
54741
58896
4154
36964
47308
30952
23049
51802
42991
59951
1658
56160
30587
62245
1838
27847
45831
5881
64065
27529
12111
39713
62043
9568
36931
62057
47537
56638
16269
43732
13773
1910
42417
46753
4335
34465
45113
62018
5686
12102
2731
59897
12317
18707
31452
49328
47480
30506
10587
26830
52204
37383
42554
29567
2487
23073
62724
54306
21753
56282
9334
35860
27716
44516
42712
14383
35702
60040
2914
11915
31457
18619
33719
58189
37265
64715
65485
54211
61912
43124
25511
5205
25603
35674
16796
33050
9418
36531
18112
46647
51085
16211
17632
8165
9709
64444
22717
51387
63194
4269
22846
37884
32882
35267
60382
20506
6012
199
65206
44240
50942
13262
226
35604
43428
11075
34761
38527
2450
58612
8257
2928
26243
40253
61988
64166
3057
42604
50191
58019
46839
3770
1992
61389
29688
62399
59314
43781
43650
43176
60637
29125
38312
28303
60603
33162
5061
58179
6698
21654
22054
11631
6290
40417
2654
50532
24417
59464
16357
50200
60547
45602
12179
15419
47158
39886
13720
42397
64143
9531
62092
8316
65289
35908
15628
63078
10926
54984
15097
21033
34309
27805
19940
8773
20025
28202
37222
13409
60732
33588
25950
55937
17590
57660
28416
5654
41316
39046
3907
19207
34856
25515
45696
19106
39302
44557
10978
6835
37889
29416
27361
48706
22273
13475
49435
9134
32999
17768
57087
61481
5872
52337
63873
44727
35726
50921
4267
28
61645
37303
44744
51217
9862
20174
20901
53586
30255
32862
63125
40571
56141
20060
47140
59581
58522
14200
32378
56156
51133
54213
21130
46375
33205
27396
52726
20484
64820
31860
38509
37938
1512
35129
17987
26848
47208
27938
50039
44593
25774
28220
55452
46306
57970
6622
20058
43124
47816
58268
7065
41512
15472
56291
14356
23939
33778
38800
64978
2332
38179
29065
45014
9517
7359
48264
30074
9868
1462
3238
8936
7699
50292
24770
22389
10161
40006
39104
1655
38640
63071
34341
436
21612
33649
58832
62308
63503
26671
59678
12628
1139
55540
64683
54675
3631
37491
49595
39100
43192
56160
42387
46970
30065
54787
38556
38442
24922
63088
3502
27490
34642
58910
59233
54136
1098
49883
49098
35135
59319
59276
54882
54424
51597
62333
44216
40923
60527
43855
2880
31653
25392
33986
54650
15075
27117
18095
22289
58448
33165
13592
58362
64698
52389
3092
4047
2732
4700
41547
32184
48920
59157
16928
59738
57667
50507
57066
25348
1611
29248
16614
57819
24472
34601
64908
39913
13097
30104
8426
10211
60912
54156
7190
29158
49202
29686
35967
54080
29439
19879
24078
26478
13690
3760
8849
15530
37472
341
22425
56612
34031
44292
54138
12522
12653
14761
37917
35450
55454
37664
34374
61193
18076
43332
61338
11591
24759
49654
2743
11336
24324
33615
30130
37915
23601
32789
41560
38218
32535
4212
37149
49243
21668
40000
43122
60086
64018
63790
43213
13997
10768
5673
53898
35847
54880
3119
57685
15784
22767
44151
3644
42821
19794
65443
3614
22828
42880
42956
47403
44713
20316
32139
54286
23624
7370
20974
22341
49660
16
28826
65154
19883
55356
44114
40096
63099
57903
11198
57327
27504
19257
21096
32328
40181
3731
43354
39324
36875
29372
35811
41990
32867
61941
38664
13725
27820
5794
30223
42734
9205
23300
9719
34232
47763
45926
56045
31125
8598
29443
57418
35751
6751
27489
27069
61094
20238
34948
38144
9336
11876
32648
43234
51
10658
35438
11739
64752
53738
47914
11613
27312
63497
53083
11931
730
61157
28433
29895
7749
45952
54029
25112
13759
25052
47173
50741
14820
23621
7548
61770
44556
21877
42028
1924
28360
22459
21657
2313
49265
15428
12683
41893
46324
7444
18703
24266
62650
34790
24123
10906
63847
38527
60522
47062
33052
13244
62914
8421
17159
48898
9462
35039
22997
6215
9427
41648
19782
18753
39459
44912
21840
63387
31256
166
47695
1915
56462
27394
60785
37848
12472
13853
57076
60086
34774
10800
56371
15007
52083
34954
13984
17316
55480
12343
23949
62788
3509
7500
38406
38557
20892
52716
40995
14432
35370
25802
59558
49994
46146
12335
409
21557
33010
42968
26531
44558
64066
3911
40835
63982
51682
8326
36373
39732
60973
52720
11899
31240
19840
14896
41671
24918
59008
38207
43185
25700
63253
61967
35651
21954
21616
21279
39544
28269
41479
8474
14929
61460
47540
9554
7719
12651
34949
51878
54167
20004
49689
58279
47707
27366
1579
39308
30489
18804
22592
57072
24907
34214
39458
35562
39499
63222
34526
11308
1618
28373
32264
40364
49325
46397
49928
42329
10180
52121
14483
5265
35213
48507
24319
46235
23202
54036
27885
31911
15417
58576
48156
31452
25702
35550
31026
11816
28347
44825
62600
2363
34242
36291
6177
3834
22699
39357
51815
20509
46756
48346
46620
64501
59610
23917
46540
48218
59371
8478
34676
23880
31441
59617
40240
4314
17668
61717
8766
2850
58172
47527
36555
2326
33411
58326
56199
45583
16618
33800
7380
9215
35812
61667
28901
21798
31255
338
1342
2013
49119
39784
14157
3594
35456
20167
45508
50846
31726
22438
59079
20427
49263
17851
44658
12543
5370
47983
21915
15941
11145
25214
15501
3908
29289
37289
18168
43856
2456
48254
63455
38454
6030
6043
616
778
18432
5302
37196
43245
57748
275
48025
58486
48404
11503
20382
19202
42832
40122
29358
8868
19300
25034
24262
42145
13856
37165
46675
46786
48630
23377
54295
52385
14759
62515
41157
44919
17412
44849
18633
62596
31744
32668
47416
40511
1934
24258
37715
36582
52853
38027
16688
58561
30820
55615
32267
59168
12697
60155
35768
7484
53303
3659
16975
22488
49214
22006
64363
32348
51726
20856
53356
56894
61793
41459
35656
29135
48169
8440
57407
13022
1944
42330
62034
47183
65392
59549
41872
17351
37003
18262
49556
19697
64585
42772
22027
27087
27600
47085
29616
38160
16650
41518
41749
12818
56464
54384
32872
63503
60634
27598
22750
47595
28393
8221
20811
30479
14029
44292
32902
33430
24122
10659
50151
60051
44659
62896
62717
48027
12828
4055
38901
22000
14352
59723
33205
52528
64382
31513
46260
13825
51643
43067
7155
36672
57243
37491
25318
54606
48078
54899
22568
40846
37360
1323
14046
5230
3893
20983
63080
33241
30843
42661
34872
9556
1373
48904
60220
56562
50912
51561
44907
28847
9830
34801
62713
225
231
60719
46989
44354
61916
502
12600
35042
28962
41413
12510
42312
27337
19610
15505
19887
19782
24891
12179
65066
45820
42822
21638
33468
7512
39429
31416
49313
50690
55782
53113
5829
51942
57960
59394
34258
33244
31206
35603
16320
50537
62715
10999
30505
39069
5793
24829
21150
61344
13964
64951
60145
51672
14722
48651
33342
36747
10791
7160
52346
39554
59321
11228
7066
12523
46780
32293
26892
56341
21839
12052
40278
51394
44307
41139
50269
27162
47812
30339
56240
46081
38046
34842
62636
5073
33001
3893
28042
572
18938
39776
53415
36429
19367
18480
57531
12175
44835
39541
19672
59364
63631
52887
64595
52870
48946
29362
20948
61246
15748
33724
23254
49301
6180
61294
56396
26326
51171
5936
16983
4258
57140
35063
51746
30544
21305
59278
10735
11619
64970
27113
14708
26865
19320
33470
4500
48426
27771
51891
17767
42784
22807
10790
46951
15194
14264
64632
20602
63275
53482
7603
19020
3290
17415
52700
12572
53558
7384
52192
65154
44700
32548
34812
49476
46300
20385
26906
50904
33490
14215
26354
33520
6947
4856
21858
50861
9191
4515
41595
2473
25672
63928
2357
12783
17652
42907
28088
50639
17797
33401
48629
13521
62088
26133
34720
49153
6123
21027
29110
6626
39684
11264
5179
39919
64085
8329
33548
17999
17351
8985
25968
57409
4026
8188
10129
34515
21437
12353
63418
61657
36008
7272
49920
30142
36276
62947
65359
4192
63573
65443
17479
64764
51790
6319
32422
18526
59614
13624
60430
16598
482
22934
47121
28615
45703
15508
7933
29522
40641
11608
6545
59623
20624
11263
28086
7099
55247
28787
49644
24827
11805
34863
39751
32589
9958
23293
13863
59497
3286
19767
41728
56080
20070
53043
60578
45706
12967
37992
34269
45560
45128
18608
24463
19339
25153
15454
52650
28995
27994
64042
26594
6547
25261
51730
25633
12567
34649
7929
39708
15948
33847
34587
63103
1481
34570
2677
62455
4163
54926
40476
26576
34422
14098
21535
31499
1872
59397
55592
518
6181
8108
579
31212
27053
14682
24231
44566
33893
54888
18715
54709
33085
61862
6378
53581
5245
43185
39300
39214
37057
42180
6558
63408
57874
9221
30371
30737
59136
24004
3415
38984
26745
50391
56357
55514
22009
43959
24754
50035
60179
29400
41179
13209
29264
34543
17741
19906
28268
43902
15036
17582
35381
5886
35209
24990
53302
63913
48472
12553
30949
621
3528
5560
2962
29590
30371
47279
59203
45023
14557
16877
50835
33404
49951
18290
49029
27545
53697
32247
11304
53863
24699
51289
6737
37563
2522
35918
20247
40379
31198
28505
4469
62955
28268
55855
34524
13399
1552
28919
31521
64994
17665
56565
44911
39759
60481
2433
32377
9603
61130
25748
21019
11174
49229
23685
18451
46810
64912
40205
45813
13133
708
34382
64137
9610
36803
45008
32201
17844
14456
37819
18295
28910
30897
53204
30099
57039
7707
63406
55922
39395
40815
3277
55517
44710
52048
44408
38209
5015
33052
49619
8329
45003
53875
52787
62710
51348
20724
47183
57376
2464
15465
34829
31837
17885
11934
24999
8682
9323
10230
49741
29778
35559
13053
38099
1211
58542
41443
6968
19229
35235
5470
42365
45054
6027
29073
65041
35438
40670
45907
15700
23395
50891
51216
3787
58777
8916
58417
4723
40334
52898
526
43606
21804
18837
11223
33344
48584
37228
10418
38789
41470
14476
37776
57208
5575
41133
37452
63494
30054
57201
20057
6592
37265
13832
4430
64962
54295
58860
5749
45291
30973
3735
30839
37582
20269
9020
21837
40874
15211
47609
3577
54062
40659
56157
29484
49039
32640
40234
21145
60791
64545
19798
44932
20121
6880
65472
24456
21641
9500
34684
47683
4170
64312
12256
32218
16476
17568
32067
23067
31667
21583
44169
1137
13005
18406
58864
62622
47615
41228
61641
41320
47818
23494
26286
13441
37413
10109
32236
33777
35165
43867
39180
57523
31177
19097
25497
61333
63726
23862
64786
14083
49556
34441
65249
4800
7101
5397
58285
49237
37476
46941
243
34857
43134
42308
60203
51557
39242
31102
48274
34811
51659
42332
28973
37292
12271
5965
45422
35821
42616
22887
24621
21593
62917
5708
48988
18786
63722
54419
45902
27139
34123
51758
19439
58788
17628
17614
42005
19805
26531
2995
23527
1227
61301
64843
19472
39689
50361
7470
3392
27624
64657
12694
12145
14911
1227
49370
51838
24400
11243
28931
17829
25087
65398
22167
29052
39892
9387
64838
9764
11200
25742
55165
51352
55720
7524
8808
3664
37175
7106
42499
22651
64369
57721
33125
27743
59894
29598
11204
17052
39369
34216
10843
2982
22941
2324
22155
1347
52344
51904
52669
21839
53863
34423
23864
19708
39735
31365
515
6324
40947
29861
2354
15252
13083
64591
5478
43896
47182
2104
20896
64941
57680
50783
34051
50726
7628
7398
40376
38954
14626
16732
58084
11355
17109
17975
48581
17337
17399
41749
28591
61611
17426
44975
45355
47447
2798
50042
1468
53442
50068
31797
46366
24454
52532
63072
47474
25441
59626
37129
39875
15702
30477
40174
56491
55415
52003
22025
10115
6743
20082
17766
11252
41117
48655
16658
2475
10767
363
54202
57550
64266
64081
1002
60386
62683
38707
12176
42404
35859
17959
63004
16796
58329
40852
61461
55802
60568
17985
27334
55291
15720
37815
51235
48751
62487
15433
16357
40690
13369
24594
9684
59861
62893
58067
52654
10221
4655
57367
39520
4988
38737
30140
376
6272
26469
20584
50875
52367
31707
11477
22092
42675
53681
22129
62627
51596
46462
32129
61906
14209
9223
21675
7378
36377
62189
16671
4519
2125
23414
31778
38847
9534
35446
57892
48834
18302
16038
27274
28583
36380
17409
64889
18018
13918
15118
56262
5494
56065
56289
23286
21003
9818
47151
42671
35734
20394
33468
44422
25691
22955
9577
47843
44642
46159
25250
37979
5708
51586
26231
19089
39556
32416
60594
50593
55905
7902
60191
32311
51329
22611
40356
43201
38524
65279
44679
33457
60327
3385
2060
53997
42291
32758
32870
27858
33222
40930
36493
33290
54269
46971
4066
56619
23661
37052
48024
51015
48489
56152
53664
59722
64080
46082
33386
22261
32084
64295
29191
45019
32306
1737
42284
62057
18458
2952
38043
9228
47493
64034
17555
32171
39467
1605
42761
14240
10082
39007
45493
13208
56012
55597
53794
47663
2071
12571
29109
24799
23095
26650
31098
32907
1139
24727
20979
7776
51351
41389
5097
26123
55447
61169
6223
19124
3291
16064
21279
10902
57967
5791
18775
19119
15807
35951
25392
2566
47532
37754
24998
6932
3490
61580
36628
63079
30016
18714
38839
41551
14385
49508
49056
11899
46373
21192
9815
55273
58935
19548
46567
45774
41998
10690
28615
31969
64446
59525
56088
64051
27213
23759
24376
18796
32284
8580
28275
35352
9968
24782
52587
14551
596
53254
17320
25195
7838
30019
60685
17836
40642
11050
22136
23168
15217
16770
38637
46191
36096
45666
59025
25136
21951
8604
63826
6465
22335
22527
48889
1292
53149
36049
17127
64332
54006
34481
44787
60735
42403
12613
53485
21754
25178
41930
11166
29797
64120
2913
41632
15133
44673
32233
41136
43395
3430
28434
61420
46928
7890
27779
39349
58655
16527
43966
36618
62499
18579
9686
42005
15105
2847
28284
41254
23174
11234
53000
53711
11441
10081
41850
499
19458
60579
11686
30441
13270
34470
51003
30676
5911
32503
23389
33870
17781
9117
12641
9726
36840
13200
42912
34939
62291
55534
62177
16454
24633
25756
52038
20521
11563
16157
17249
57369
4738
48485
46059
9834
38329
2086
21891
21661
64618
56280
5612
56906
2531
29286
35420
54324
31420
38034
62383
54327
47742
46832
65006
29761
16761
17060
486
47796
22812
24348
56806
12670
7583
56089
37513
30017
15251
50140
19305
1522
38999
18908
6287
50020
15527
57053
9096
53834
18286
11218
38567
4305
8318
57681
11043
36801
16328
50930
28914
5149
48741
60686
27076
11341
49229
5156
62182
31731
45453
2650
49700
52528
46734
41464
35118
22649
5294
2494
11962
8106
43982
27869
39699
21091
39671
62050
37205
49632
46106
5011
27919
21956
53755
39314
64964
5845
12754
60075
45909
22015
38026
25449
59995
13215
39056
44876
47693
40087
36691
1748
27431
12366
27862
14313
6234
947
42472
15260
6897
1525
49832
46167
63135
32505
63219
17411
48873
50626
22120
44479
46644
8366
48077
32235
46215
36510
20492
35672
41838
54937
17126
13441
28889
20326
30839
6150
33905
25938
7015
43970
20565
59648
49567
54529
20508
55750
65114
55759
18546
3663
6611
16399
11822
55037
1003
27493
6794
16148
63275
60427
17871
32631
22590
20382
31276
28928
43093
59377
45021
10866
26991
26804
28362
58419
36360
10722
16024
7969
25796
13114
26051
56456
12343
15032
13874
11839
1998
41152
36279
32545
4627
49745
19186
35777
21487
55499
17615
6134
34235
38340
49544
64834
8307
44854
55873
20193
54920
29974
19662
17462
13047
45115
32070
7651
60384
11615
2068
5291
51861
58284
7290
17829
49350
62339
12410
45332
28660
40730
22596
61987
11141
9191
36560
16299
40001
45268
38093
29632
7354
27615
54243
65527
43158
22161
50599
44634
30081
41779
54738
1247
26438
19267
18034
59160
41614
10204
17761
2346
24282
47516
14827
50191
53105
1205
18197
50052
50029
2900
3885
45924
15377
53001
31406
22362
13957
7780
44031
27811
22519
7042
33390
18916
22031
6719
43557
19226
38687
59402
1906
45372
61211
52773
16739
51198
9649
13977
30182
7606
32316
32592
28157
4082
59305
18173
31799
38525
2285
34238
26107
48991
36722
10334
2926
46056
43254
28509
19504
29557
22371
41415
1270
23147
35921
2164
55510
24241
9936
58271
5409
10177
60689
16567
51414
29001
61945
6149
14482
1127
65065
46067
60092
19094
57301
7679
54952
14779
8382
63445
16631
22450
24540
45690
11254
8037
33289
40267
63220
43340
47297
58925
1605
4781
44232
7166
17118
58246
36367
62406
32424
16745
48406
36231
26691
24598
35863
29837
33854
1747
28027
59906
14882
51091
20813
20751
50238
63977
33570
6029
56388
5138
12511
55562
46875
1085
46485
3182
6473
16364
13954
23723
18496
26653
45127
24935
16336
54201
50592
64092
48388
29715
8685
51584
47609
30486
29152
28504
65062
20350
52069
14251
4097
53481
6188
2090
23315
35571
38028
16411
25650
63266
61358
11819
6291
12476
27321
62247
62753
43379
30846
59550
12098
57704
38613
14671
15205
42469
54567
38211
58108
2903
15812
5855
22835
26889
11296
57680
21120
30870
52214
50154
50008
9790
27420
25403
15733
58120
64749
35867
30293
31923
29715
16288
5659
29358
63484
43208
60861
16019
4518
44117
11762
37244
5410
58354
60581
65194
23184
53915
44066
64894
57653
5140
36829
32884
26614
18156
38358
14079
40666
60385
30770
64303
20088
27288
52960
56586
62540
32997
31367
21758
24059
4161
53689
43936
25002
16854
51062
6318
21850
28115
23376
46667
44663
62479
18195
35930
44566
52085
65036
41372
31102
25629
37949
51819
30793
224
59931
9299
10443
24077
36393
59581
14682
63192
45249
49767
1619
59708
58285
53226
33051
11497
11489
1461
31913
32139
64759
11791
11320
6760
64073
59834
51811
21296
41270
8536
47918
16154
43454
9203
7540
50228
36447
57551
49904
15755
46813
55430
6298
5802
21875
57391
32540
61710
21785
20287
8335
36255
36169
6082
22087
25668
37720
10607
61050
1848
34085
29210
36973
15314
28605
35637
54618
16767
41178
40216
26631
6512
43800
41409
60588
62031
41387
50081
48597
5780
50833
9548
64539
42493
44274
44079
56616
43941
10705
44594
16758
46119
53547
31030
11903
3226
530
53759
12612
25012
47848
5728
25461
51274
14798
56151
11382
54889
9022
33450
7249
28322
48517
62702
57772
5152
58128
20608
33563
25098
2013
7004
12667
27772
11672
30867
60075
20253
33122
42592
24388
23719
62386
23328
63946
602
1207
21671
434
19347
8889
27798
35200
30369
47395
52319
30089
40737
50001
5477
51291
55308
56045
65240
20213
61254
40549
54690
48174
13147
43462
40990
2006
34314
17622
16808
1734
1128
40012
65508
47002
19023
50975
50258
12905
54723
36284
7679
61446
38395
23729
63394
47233
11208
16494
46646
64089
30512
24702
1780
51585
36310
50266
14559
61788
53173
61786
7418
46620
12090
57074
16057
48734
12860
34544
65147
22534
36809
48263
54365
56188
52941
65236
52045
63489
37414
34820
8172
1575
22297
46763
2421
59550
55794
64505
50634
16356
55579
6213
64032
27017
57197
59017
42286
8537
16928
19493
38157
63902
1069
5572
35517
54779
15329
8099
3780
19589
21694
59581
988
8162
44578
34087
65199
57669
51912
43326
52543
585
25871
14057
64578
11246
22131
51860
21585
10645
9306
16736
45302
56322
21410
25367
46944
59933
17417
47754
36827
19741
2006
61949
56965
43136
13699
12277
11340
37310
24924
4521
46701
20584
882
39666
55806
955
39721
38640
26827
35113
23266
34633
38209
59188
27569
24144
21522
29994
17886
39278
1178
51665
493
13107
19198
15793
64535
62725
51201
25826
54917
28425
22836
15983
59329
4961
24396
39926
48891
30354
759
11587
60575
36379
49671
51803
51669
62517
35164
10656
1633
30103
26524
21229
14297
63958
54639
2003
18152
59022
18619
4825
11168
42057
52164
48761
8392
33548
57576
8829
36228
33722
12369
17425
31851
289
27859
49991
41210
22574
27705
35957
39505
13890
15211
26359
20191
7652
20623
8417
1109
1314
11672
46903
19885
14427
24056
32790
21805
18146
15729
35155
14922
54654
15828
15791
37043
33666
3674
56861
9799
53469
53103
25849
21559
60480
35087
21266
49960
64077
37332
46940
46256
18456
58803
10042
64288
12182
34505
7829
6450
27644
22290
16775
53470
38373
42628
661
63450
56711
19667
53087
34269
22278
16777
56379
45487
6569
34093
34148
18708
18544
3692
36732
53152
26195
43017
17377
53597
34868
21791
6508
27101
19103
29993
18539
39487
9896
63911
24912
30723
51103
51787
28411
22438
55240
41976
15938
1002
54344
17550
28173
7620
31693
3083
15738
57895
53141
32040
16433
35270
4726
55636
16077
45288
3513
38766
30137
47177
19602
38060
57703
4248
63591
23803
45111
63925
3254
20612
48303
53956
6830
6292
9993
3980
26951
10226
15587
39641
3836
38730
28470
10906
11531
23204
42475
61011
51458
45888
7587
55630
31010
24927
17081
35241
41324
60487
64788
18012
50448
38194
22829
21460
51979
38127
32433
8321
58685
50831
7999
759
34254
29882
10307
54263
63559
2246
25419
17983
20286
16254
13203
17385
64853
47759
6038
6574
800
34897
34406
30578
51059
27487
47066
3744
14726
39742
32776
65028
38844
21244
61273
60409
64298
53849
42655
6072
857
41536
22002
28031
1237
50215
10729
11959
55908
19090
26571
28889
15467
61627
16387
26922
5636
24880
57815
1603
40660
41148
26669
8077
32414
49355
62947
36095
61454
43728
61204
56339
40894
25658
13914
22850
60828
4282
26467
55399
48167
16276
13218
22670
55302
65470
46677
47767
9958
31316
21863
60602
35858
62923
52731
41432
18581
32793
47383
56118
21599
46632
26625
41644
43098
31063
17766
58884
22280
60470
4940
48351
47392
36605
29133
16831
5605
32746
18225
33956
19212
51998
59394
13612
36107
1410
52884
29749
21530
57645
50649
62861
47633
14911
3038
27796
54741
27870
40812
40281
43628
18138
51081
57319
56201
48001
43723
51791
63379
62770
12434
4017
24244
45760
55904
44692
1413
15193
26944
60379
49084
10763
34868
54660
22307
57650
30635
38923
56523
56317
58654
26783
29983
19101
29425
28191
37068
43249
54916
398
45464
59594
39732
15505
64564
5779
92
56471
20991
39058
48081
61994
15050
63662
27939
25925
42753
52892
10554
53455
18930
8668
56159
35083
60250
60453
12291
28113
43411
43685
3723
58529
11941
39865
16389
37209
23571
6568
33001
32015
29084
38104
8126
52117
2102
4660
49782
5485
62662
24986
7055
6614
31917
40732
64214
37830
15499
6529
40199
8504
51903
31365
11168
25251
34023
48952
35300
53002
23603
56180
42383
15759
4271
60993
43427
17068
1653
7069
3150
19101
58844
19881
37442
32571
6326
60498
23139
65509
5741
16606
63277
63837
15676
3028
51148
64923
18833
17926
15453
12854
21331
7715
14451
27086
11351
45858
38347
15024
10529
42467
58343
7163
62356
25722
2392
38296
36223
2767
13860
64967
46820
30462
38355
30220
29848
22760
11356
46030
24454
27847
21571
6922
802
61888
36510
38037
44166
41830
46693
1745
54046
31256
31545
5901
20076
48260
42755
64629
17961
64518
56864
13857
19535
58240
47418
65212
49078
37101
10959
53973
26190
47415
57527
12953
15593
40977
9638
46329
31255
43894
8739
31948
39409
16270
42209
60519
5619
9618
35708
12063
738
2552
45115
42504
37979
19151
12768
4232
10378
15185
45439
51790
31735
56703
9181
45405
10828
38298
3230
53780
22222
18490
20562
29748
30471
54190
39410
17257
35002
11041
1508
12022
46105
30947
6429
15952
57085
33402
5486
55396
50369
25641
58064
39996
36239
46339
31669
52377
50201
38435
24040
58770
35571
9532
1628
38767
36531
5193
50954
60222
25792
56396
12046
37303
55481
548
42524
41122
48284
47002
6079
48319
8576
38230
26295
1351
34319
10501
51885
49844
8613
55595
13404
44035
7666
14735
65190
44225
53566
48643
30128
58221
11309
53838
47057
35955
8149
28514
43311
33817
8566
31341
9683
14963
19622
16682
38991
52407
20673
21286
15880
63581
11192
62501
24669
16861
49781
42415
43549
28335
46237
62135
20128
31031
7742
40813
48259
35680
19109
56902
20901
48442
56746
54958
634
56343
58883
58587
32372
56387
48694
36480
16914
16713
64776
16309
34894
58043
61721
19990
9724
47619
16075
57097
43343
62762
37155
28366
48146
32305
26734
931
43613
24076
4121
57043
51225
8292
28644
33575
12700
55982
64766
51662
39120
50769
61818
15658
58501
62535
38198
46137
49702
56305
34461
62845
31680
5421
19831
13972
63460
39733
18216
64369
2214
32205
13809
24602
37595
54575
33451
16558
64847
43049
15028
24439
26643
19485
52811
3656
25033
45712
59683
19175
42471
5349
59541
6196
47805
18426
32371
52919
36844
54450
25626
48913
47166
7146
49274
39340
12914
58930
23764
25636
33618
3926
24207
43639
45306
49475
65287
21547
11140
2971
10002
18739
5747
60919
20994
13204
11806
13684
31891
59799
30865
58635
60616
1122
35227
47796
47979
15555
59186
31710
31598
15546
12916
21334
54701
58265
29824
64426
65184
60689
65397
19762
16052
18304
64753
46689
63850
39594
46106
49374
57012
24248
22109
40061
48541
771
30474
61104
47184
6314
7366
19313
8942
39268
5451
62176
20692
10769
43135
31887
48076
59581
54577
41470
25842
11844
35322
48411
2901
25068
64019
35031
8211
16366
22520
41944
42434
63997
23190
12404
32018
35027
24471
35127
6315
10722
16904
10039
31375
55284
42174
4987
40936
33133
19805
53642
3993
64614
34406
21930
9455
17811
58374
15138
42035
60732
38241
129
53857
51819
10751
54965
30648
1016
26907
836
65487
5621
57763
11289
38511
60949
37111
13958
3160
24517
3296
37725
50263
24570
48946
63396
46503
7916
30790
20668
49010
1463
27701
56250
33766
26549
41844
27867
47588
36428
10838
23685
9468
32050
47552
6879
60570
64040
28368
29379
21955
32344
15739
50019
1382
48457
57992
36569
38335
40849
41997
36926
213
16891
32657
19006
25796
18701
1582
38568
8494
15805
1740
24866
57971
21853
40410
61794
60508
60249
28839
10637
43635
19028
5729
37644
52266
55398
16933
61135
30385
32144
30821
1771
42693
23756
11927
18334
27527
24058
32004
57903
64065
44859
8486
2345
1085
41659
58680
39798
5080
36096
5431
6925
27702
64665
61193
34825
64265
60045
20898
61814
39150
32076
59297
65150
10222
31663
21948
56668
51353
53746
24966
50204
50928
9071
48106
4662
7214
7468
36152
19869
35521
56535
63285
20300
52166
62234
47696
14153
16983
441
18547
30843
1075
63018
28369
11289
9897
18273
32489
41499
22771
61996
47043
5561
6218
3303
7748
39347
36717
59956
52647
15051
60193
7436
24546
4387
41602
28850
43553
12030
9226
53310
53139
681
17771
47429
17079
48687
27247
41863
37393
56972
55370
60986
60789
42300
59036
44499
39121
50390
15956
31304
20596
65356
41319
38525
65520
56726
39300
17740
22269
1085
63318
47047
33334
27080
64896
24229
12607
3594
51918
15165
58385
4932
38142
21169
21705
60658
36889
60122
3086
65509
42930
44
30914
50371
64575
62174
14427
54464
33283
17560
12183
31660
54201
32044
49395
54948
52617
20618
65527
4392
15370
60274
3326
51995
21462
22539
19620
26546
33251
63336
644
65073
32407
26451
52679
51915
8404
47959
48921
26807
34764
5754
4582
38172
59298
60038
44839
432
9141
12849
13311
29353
10560
886
36378
8225
52199
12712
62507
4433
24876
36238
51875
2305
57080
43946
46686
14652
11594
10731
61805
27310
9820
502
16515
3738
3834
27798
60088
53264
44714
33442
33328
45700
14778
62732
43115
9669
39317
45976
19019
22800
47040
2922
41265
31476
39996
54590
48480
38691
14294
12239
29455
36872
33889
45556
3051
49682
24798
47186
5855
52217
32368
54299
61623
20546
7999
10828
2400
33091
28560
3110
34848
19855
49011
7388
62854
16366
56272
32454
30992
18369
48499
3396
57815
21223
10527
2507
5631
38104
57074
44437
19909
43027
14036
50675
753
16368
4822
56974
21631
36074
22054
41363
18433
49077
26288
57268
42719
43302
33446
40086
32045
45838
40903
52351
4916
26610
27691
38499
41569
10918
20130
13124
33838
52090
24757
4162
29567
37104
5218
28343
22568
64078
13988
16409
34726
1166
23155
16014
36520
10178
18964
23803
55340
51246
32890
56391
11490
29140
7378
27163
1393
27327
9377
5829
53220
33137
15677
54002
62203
44712
64674
2611
47456
44794
62440
43276
44681
32388
39212
40271
59139
62833
14518
17215
2197
24977
35793
31810
36035
32451
23560
52481
7660
22286
11384
15756
15695
60631
62433
1470
6384
60766
47377
46749
15989
35742
47903
36951
62784
32090
29780
44044
20341
22228
19015
64962
48823
23382
54163
20676
48529
22794
37809
3625
2115
22615
60916
47863
38692
3894
57268
35857
19771
47156
16192
56611
10062
49908
25823
14593
38535
63325
32141
34236
24050
62683
54002
18368
46700
12514
52157
51598
51127
2089
39343
243
13529
14364
62865
61823
38811
55514
33963
49676
3514
20445
26481
33217
50602
36258
11195
2855
1206
53558
61889
29590
18599
54149
12826
48568
46751
56619
56363
48443
33054
27691
48073
61515
52557
43308
46777
50659
9919
47004
9248
42068
19474
43552
20030
58091
56229
56126
42942
11380
26096
32334
28602
40719
11197
20512
22590
51185
23797
24501
57647
39146
61048
35542
10521
64217
19572
40477
1443
31133
53501
63057
8195
3621
63797
31270
55140
20425
49979
45190
16973
30152
31179
9207
18220
40374
22375
45791
31452
62520
36135
5178
51391
63408
58771
61879
15627
63854
43085
39559
7743
47725
6995
43190
48280
63778
28305
32275
945
16607
20807
42424
5525
45595
23834
36371
24868
43815
47282
33837
41898
16375
43957
18881
32422
19980
50444
12840
53673
147
33919
23995
28145
14532
13663
55773
56024
19656
3243
22026
23271
5287
6617
36992
13735
5136
46042
62535
37445
20162
23995
1378
53060
37493
19524
61092
12611
30404
38820
34515
34183
29441
58511
25063
40937
50465
1657
62254
60836
51466
17723
9616
50568
13109
51912
19639
26783
4883
20004
60580
62249
29858
31936
43171
60110
34155
19235
29605
7284
20630
14560
63843
58779
61131
2365
7821
52667
26819
6928
62461
13464
16610
35424
20689
57828
38266
55340
56597
16361
47593
63537
15177
23592
46414
38293
33236
52698
60737
34790
44639
44761
27451
55658
12086
44065
53938
22925
5479
7736
241
743
49804
19876
5030
49613
54077
4935
63736
2608
57648
9861
57287
48906
36573
39153
48185
57538
47239
50798
17229
26918
60632
46965
43329
55803
7646
32640
17205
38638
33896
12556
16703
61286
11665
41184
35042
1937
6427
46758
30589
41565
41560
32230
59533
1949
7080
41441
17513
13133
13499
35354
48158
50806
7879
48179
57354
9085
41806
64907
52425
32572
57237
50310
52595
63562
44842
35707
50922
40125
31365
9942
26369
42287
25365
52366
58792
49511
11680
11014
33360
64338
58541
25017
57438
4216
65364
34461
35523
55101
46755
54467
61607
57552
44572
5722
11992
31677
18309
40343
53970
48306
14114
26499
4432
51527
10534
23624
47892
10821
7871
103
56125
63306
54217
27306
58346
38895
38673
56375
45315
47188
36909
13066
39977
62516
34121
31482
50126
28607
7955
18326
12964
50090
9652
17838
42941
20778
410
14897
3755
1002
4371
4597
41883
50650
42955
3527
11790
26778
28559
53278
16249
45382
44256
4039
56253
34360
64490
12959
7181
15894
3337
24792
50450
57017
25471
22860
11620
36924
40734
46378
42505
28694
7896
11941
49062
15789
28499
7492
11245
17679
2619
12418
51262
64595
26522
17196
52956
59310
65388
45687
14251
11116
30442
14319
19052
34443
59111
2178
6398
23799
14633
14454
11508
26063
29515
45863
14907
32591
25966
38526
28239
2929
53543
52785
20236
11369
34382
9524
25129
2048
764
33737
54282
21918
40088
18066
19186
35481
48066
59057
15179
6664
31475
5108
7209
43922
60006
54022
47425
60023
11403
61058
11354
2810
17304
61364
60482
4065
33107
18999
55449
29698
30884
35650
62376
64843
32085
10315
12957
39186
62948
26115
21146
39430
50270
32473
16404
6393
42356
18136
63235
55038
23920
13460
11577
20393
42684
23343
39418
19455
30076
1877
45146
22893
61416
22259
58407
62724
46331
10579
64527
12148
16683
56196
23769
9769
63844
36468
47008
52028
1014
13355
50458
19016
2572
29145
29147
49170
16371
46719
7349
8589
21334
61798
28488
33268
49408
7152
8507
40957
47598
47739
358
50898
9449
22667
10855
44947
6877
22103
43068
40513
54785
55832
53146
52736
16145
30366
36029
44502
29068
6081
65337
9515
13858
5159
51750
5683
41047
56435
14704
25575
44279
26038
39866
5345
49854
4713
35453
29582
41280
39202
12997
32232
17209
11600
31712
20812
10981
57951
41838
62746
47550
51318
51429
35673
65395
31781
19339
48108
12
10830
47304
51834
36418
19556
39734
15901
12675
38852
12370
57400
43075
16046
22101
1942
3867
36315
3310
53022
55711
17316
50450
58993
35628
52619
28129
53775
37427
36706
43010
30494
63760
58023
49603
8152
25663
52251
8482
23155
24580
8198
13381
46712
48293
33657
48263
56614
45400
50265
48200
27529
60467
49238
28467
27553
27922
13793
55944
14095
27204
9066
5526
49598
44759
14367
17970
36694
6139
29505
39682
54503
19226
20609
15660
11990
27781
4359
30291
22888
52855
37125
49892
27553
60274
29175
17790
59737
17270
10185
43306
294
24007
37709
9241
30512
24606
61706
64061
12522
32297
43434
34261
2197
24065
11809
20184
42569
39934
59092
217
40539
43489
23930
4061
62857
63826
15169
56428
21778
23319
59887
51487
47060
16759
62614
21662
36609
4120
33316
26197
1475
45009
34409
41331
54402
64938
14973
11457
35339
31603
18279
44425
24769
21210
3239
49463
28516
17664
34778
23094
35727
57977
39157
56412
31865
51349
23695
40659
14601
64990
46878
36706
56626
19797
11687
44430
21917
64082
57195
11125
30225
27512
64107
54526
2864
36302
54435
50258
5618
27310
49653
21319
17706
40907
23971
46755
30810
4338
2303
4376
2612
45295
11080
12094
53968
39183
2977
39361
5981
33623
45985
1926
60231
54571
11917
62557
60975
8344
35399
38586
25720
55431
15874
20932
41465
19359
20853
55757
6490
21093
8527
63363
25812
31442
22866
16240
10548
62188
23297
32899
30548
18571
37054
6694
8469
44320
38591
63663
3355
9321
39287
31230
51494
39276
19343
18907
35957
3784
4742
27472
20114
36079
29939
19871
25155
57680
16930
48523
22498
39654
57615
26596
61903
27559
35862
14344
26508
21792
54331
37706
307
65327
23739
55128
35064
27893
56101
54879
61989
25154
32090
64113
41930
43586
19060
22409
191
7134
21698
31474
12493
9498
9386
22249
57678
53902
40034
17509
4206
10990
26984
52717
21557
6024
42619
30313
23200
44916
47814
49692
20670
64374
44520
16481
21797
7473
64291
61969
28122
23488
28569
1909
12742
12983
32806
5321
61184
63470
28280
34291
6029
1902
11809
46397
30181
13682
39166
53040
36552
26405
4184
7447
3515
12046
55013
22946
7000
24891
65096
1292
15345
62749
48997
14825
1803
64695
46073
64138
45011
2865
57401
20905
10600
51451
25151
35107
60408
42295
53023
26328
44821
35543
42795
36988
61900
59640
24472
49316
15797
30695
14808
24904
6358
890
49974
9798
25457
4981
32603
17372
16057
5463
12867
41513
35945
36127
36353
38674
16219
58839
17712
48969
64780
49426
19058
58454
40809
7610
28088
15492
63412
62170
49182
50191
35404
48807
62159
40218
64385
926
13555
50469
41623
50533
2900
7712
48754
63824
36749
61122
51509
62392
39734
23558
25163
38084
55919
29732
64156
14700
29160
909
27
50977
40279
39851
50480
11096
58804
42921
45166
28508
33607
55378
41279
65285
10260
23443
61995
11358
52440
34624
50218
51049
22458
43948
4458
47827
47659
10622
17474
32349
46485
2877
27685
9908
50840
29076
32008
35541
59086
34569
57263
62818
48774
49060
22711
10668
59693
16451
25872
22100
49105
2667
61643
869
6504
31220
2364
37072
20583
47214
38223
40551
31090
31443
44500
8538
4156
3770
28168
23361
51806
62675
19337
33049
54279
9601
61958
19732
29594
32501
21331
65301
63356
2310
29710
27061
10090
63790
55111
52320
30416
32273
24259
16279
35978
55430
26003
5976
33796
20441
18184
27993
17212
25519
54912
64855
38686
25926
31565
3447
18800
1563
32106
43458
49204
50135
60247
23547
58335
25025
4608
54238
57111
18701
43311
32319
41801
3298
60052
9058
63092
48999
46911
8128
29767
30357
28815
17602
34242
39994
48049
14214
44093
2426
34714
30859
40137
65060
34339
16151
14292
53808
6600
30744
35676
8471
41543
30746
35673
22232
49571
60299
15718
8570
28700
29319
33170
12402
10620
54350
29356
11654
4475
60376
47844
62312
61525
1719
24417
33288
26359
7339
57921
60658
51543
17151
62247
36056
47045
59719
39497
3734
16776
34168
39782
14275
33779
56071
4916
12957
46948
43603
62862
2311
36221
49276
19362
26101
48696
26308
36128
43956
5962
6291
42174
63169
38514
11883
10051
58767
3515
43761
23135
58337
14333
37625
17104
35610
1227
33538
64549
5981
26065
16776
9870
42146
20677
41747
44290
9322
62311
47622
29786
24593
16376
56008
46476
42317
52276
15623
48710
54899
21596
426
7171
265
42856
60296
51304
36349
43284
29572
47514
42021
21830
45671
24813
37930
35743
40075
20398
53351
8077
11496
47004
62816
4069
41033
61764
12464
24247
3003
17885
60954
58336
9668
37507
63493
40333
24103
48403
43109
11003
43496
10088
50625
32706
20618
48013
54033
28540
58161
7179
60679
63957
31694
32506
60384
29976
46166
14116
30063
53051
15837
43914
4073
45078
15252
21738
18610
62153
60901
61729
13131
64073
36641
58972
18630
45825
25587
19141
8740
60783
65387
63524
8253
46161
34891
58101
24706
26732
46979
33953
65030
14182
34155
8744
14863
13814
30112
48252
7697
42204
23503
6480
57271
26760
25666
18552
53183
56502
14522
48285
3555
38982
19300
10061
16467
57833
16440
449
24888
62661
129
19366
55501
11951
48031
21995
44779
4202
10686
21548
39503
54640
29654
47731
644
1795
55761
29803
31574
39080
37130
32147
50709
17824
21192
229
25965
40913
18414
58210
23668
50556
18290
11264
24331
60737
50816
63187
20115
36134
17061
63105
21657
58093
50368
22647
36137
19682
5158
1513
47403
40917
9372
54859
32769
32365
45797
1022
48279
61899
44840
23993
4659
6129
11767
11730
16241
65041
21718
37220
8848
25519
22322
58019
8470
61261
25524
45071
21684
25538
57471
33722
54730
2227
26330
54213
41928
25299
28145
56745
20189
34495
31005
56676
9365
15932
62022
20529
487
276
31908
39181
29326
21852
7191
8775
4748
50537
47574
57435
7643
46346
40387
61365
13511
21592
614
26299
23961
26299
52246
45375
21902
7450
33164
17089
41636
5275
35349
10278
18970
27197
7585
24624
53550
7268
10197
54839
42752
38218
21284
51115
1489
20871
55680
3521
3137
63853
24481
49338
25920
11013
55892
54729
13923
58271
9825
17789
17563
20856
17894
5196
7727
53360
9663
18152
53293
27080
13572
1176
3244
37777
59031
16092
35988
28374
36089
2048
51017
24479
63200
42585
52273
41024
13342
40303
26812
7796
49773
5219
152
46371
46971
38164
26202
7607
11819
57291
15066
56616
23574
4980
44192
29743
16616
53028
33151
1817
13141
52885
11003
29623
35004
1659
36591
35089
32377
10325
25243
31426
12093
23619
46462
20137
9960
27605
48348
16018
8764
15114
25980
37088
3524
48821
61233
43161
4251
24915
58559
2593
42602
42281
35293
24623
9821
30235
29848
62846
17191
23412
54285
31648
14388
56999
38730
64158
33905
56354
44755
26673
18560
51578
50803
10
50866
51662
5184
58727
57908
34883
28842
41989
17216
20180
54279
33007
50138
49043
41356
11868
11227
13890
32309
24930
47389
776
49122
46995
53714
7918
53214
1375
35743
60251
55290
40709
48935
6648
51559
15514
61875
49740
36154
43270
61141
11389
2645
37417
20503
42482
28236
59202
34575
53589
6326
40066
8808
4149
43453
40913
23161
43399
42411
46858
13772
59175
38633
46051
31190
55868
49148
39000
21849
10239
56604
19159
36162
1143
16798
8545
51831
16757
15786
20032
55073
22990
34984
6582
20680
57142
10410
21050
59419
17691
2182
8147
54670
5137
27350
15194
11602
34793
3155
18353
62522
9004
31966
21975
41379
61911
18100
2204
62589
8338
58807
23841
47332
6200
31446
1123
58735
63682
38634
31785
23711
16196
15606
10463
23417
9018
59122
21035
4846
30506
32612
38930
3378
60643
58658
3403
2885
39561
10405
30911
51296
22697
59170
36320
41084
37101
64450
57788
55632
7084
20166
54830
50677
43728
55473
62672
42574
16275
7027
57287
59268
60923
14836
57086
42139
24220
10002
18847
13243
26502
39510
17305
26348
34643
51785
47744
44044
47179
17218
18294
13224
13041
22022
10073
56347
11770
42097
5557
40399
6307
56661
9652
44680
33814
49322
39736
52742
57142
33337
11372
25637
32732
27816
33225
992
19732
59563
14376
12352
11377
39107
55174
3568
65166
11477
65169
48912
50219
27329
11989
2772
48213
21997
52411
4264
38461
28823
13386
34004
23474
13184
30909
23243
25761
63211
53056
61474
2097
10112
56884
34049
43116
23428
55307
63311
58323
43150
63980
40315
22540
65409
35087
3023
60460
51856
56115
14631
30864
34514
6115
13544
25680
2092
42336
43668
48298
26517
33242
44714
54597
34151
9369
42584
52750
18975
24972
18266
34789
45392
62335
58787
14187
9872
46938
9505
41477
53300
5777
41028
50182
4904
10049
58150
43803
42414
17897
8965
44592
23934
19485
4798
29493
49104
46967
50112
29511
48140
22114
31516
53264
39019
26917
831
10486
23031
18598
40782
32472
48023
32836
54913
35959
13630
500
11312
41899
11368
24231
50206
13685
27463
35066
31206
17711
46773
65204
51496
37744
1814
23832
14281
35897
40364
4681
60429
15610
34247
42300
25685
47984
46743
48305
49807
4438
18756
27301
29394
18060
23772
20227
46263
21886
48543
52330
27204
35506
2417
57016
1684
32871
46315
42826
15255
29232
48795
54437
35640
62153
4432
47818
30175
18476
13179
56717
20724
8630
47791
34237
17921
42423
54157
50208
57897
9766
32178
14918
32295
50317
55915
48941
17802
46764
51890
17841
41408
47123
21925
22056
49575
62741
6490
1585
36310
64770
7766
30714
40372
53293
47592
51167
63987
34252
6055
39775
46833
61451
39869
45054
14243
21172
6406
26260
48795
7259
20587
48035
48189
44681
24745
14897
49033
10455
5342
44898
7089
18819
64974
39184
33452
2225
15330
56176
43553
29950
45779
18110
34688
35297
17475
3275
24670
22396
26539
38887
20919
35264
7196
49144
1871
28378
34084
35043
24696
17571
17080
43786
21509
40585
58692
55557
50286
44127
8667
12489
50739
6555
8414
33353
39747
33458
39519
18267
18589
20303
28897
40086
10556
6757
48420
39902
11161
20290
41048
2088
15172
22426
26998
3147
28712
10348
38657
60290
12847
44176
4699
35893
5804
35048
50960
23906
4653
11537
11672
47325
42798
34976
60634
35768
42035
34732
64463
19336
49022
33170
37855
28698
60976
23651
41167
65307
19698
21226
883
57604
50386
33884
58835
24173
42396
51064
8878
4721
22403
50115
37221
14019
13052
2242
38606
56366
61870
30739
60707
14692
34006
56840
13340
24347
52986
17774
55673
12716
2327
63014
58274
23236
52296
12033
24494
12548
36564
43932
52011
36647
16839
16991
9219
47843
34000
11263
41513
55842
44847
264
15795
12082
22786
10523
49118
13247
59158
49407
53044
64390
18564
3240
11542
25726
10111
28580
44474
3930
65475
34112
31858
25408
24218
3845
12805
7472
59977
42686
59813
44076
49302
19853
27866
45402
13564
59929
65281
49077
50053
12819
52251
49117
5898
5820
61785
5894
65209
14862
77
31958
56696
31290
10191
55900
63141
57435
52570
64795
15242
4480
20541
23922
20285
48475
59944
29229
49321
38625
20201
28855
24129
43577
54165
16174
35856
54366
41995
33370
10077
55019
19955
8670
8128
43346
26639
33398
19645
51110
30825
63632
51286
23798
12925
49200
29242
13072
20163
63029
27496
55076
45526
12365
9355
41142
34838
30767
31352
12496
56390
28064
6582
18118
37493
8476
16749
35023
65303
15276
60561
14480
32537
11710
38445
2454
34506
32076
4803
62967
45815
28764
10483
55578
20374
19892
29490
64615
21438
14255
24896
5100
55748
56093
46295
14079
9926
57499
58235
30483
1413
24405
60040
13219
15025
62408
26675
55014
9669
33572
63631
47560
46967
1086
64897
26536
21877
19919
23264
21980
15807
28531
39507
15071
7346
56206
58905
29500
44895
43318
53722
49714
10885
44634
28899
50203
55004
1070
16523
4998
41074
41470
30914
30170
1156
7406
65337
2226
41927
26128
51740
44618
25518
10476
42822
16270
56956
20375
34379
553
7237
33780
60500
23524
42482
31056
46591
41115
11276
44701
53147
11692
33455
35826
46185
29151
15256
9978
7638
62404
40423
50427
63495
44863
48568
48673
15544
5347
17272
14770
35193
6455
925
49045
18543
57429
42833
33330
25771
31914
44713
32466
62829
64762
60217
48470
62786
30075
22238
19150
207
52339
60783
34762
8133
29175
35573
35517
41787
20039
995
3220
8616
63953
57153
53093
34238
3193
19008
39786
55247
65304
56649
39907
42336
3917
17977
13202
62000
20464
10274
40318
53402
1055
48942
19623
47746
28076
639
58360
11593
51416
60693
54615
28235
18055
4878
12636
25984
51866
32969
39668
51734
37964
4464
6064
26616
64500
28499
64436
6120
32151
25122
22649
31024
35586
31665
21366
11476
35268
11984
48153
772
54569
48822
32847
5227
1026
54314
65023
53600
4933
44735
24556
39671
8673
65366
2105
18272
39181
6672
33421
27159
4179
357
28950
3572
15008
47983
27706
3117
10931
2768
56882
2686
13132
5397
40634
23556
37903
58734
58638
9525
28143
34524
52042
44236
21246
7418
28833
30383
23926
63248
15412
52777
17729
20443
51513
37749
15366
25599
41879
5735
65524
6028
6588
53261
20912
28677
43531
61740
23519
43014
13630
54743
16175
529
29107
26294
22975
24442
22848
44647
48187
29924
7293
46500
51256
44420
21345
6216
19773
58354
8793
53403
22515
11279
50361
23834
7623
17286
10833
24152
45710
4724
64573
37208
26283
54133
51888
23974
44136
44250
26757
38186
47704
44553
51355
20886
41196
52623
51941
17329
58877
46730
25140
61645
4192
27044
47892
4809
62064
58734
60995
61453
62067
55129
52804
10755
50804
18044
13221
49165
8671
41848
42989
17420
23694
15067
48915
44025
61139
25933
15902
695
59189
19678
3403
55689
36904
8327
3960
33182
37142
7578
57316
20456
29828
26862
41507
20064
17179
3885
7628
20071
63172
41708
13960
4953
36736
7952
61853
51143
32371
58344
125
29832
38730
57913
18149
20581
52004
47421
15050
36602
21236
9991
39060
15321
9126
13768
57337
44001
33075
48954
61989
23081
51478
56332
45093
64521
51268
41006
60496
30145
9144
7852
51101
41850
20329
52956
16189
53005
39601
43218
62133
4096
32287
23132
43118
28127
10342
20314
42546
21105
4387
23182
23684
54241
5606
57408
62894
6370
17855
57471
19167
34972
41051
55714
38343
25372
53410
45052
47598
57454
44484
28266
57888
54152
59558
20706
36560
52923
5306
96
7193
48406
11572
53004
55868
17675
4829
50891
19534
19810
45633
65506
612
18561
36576
29169
44282
24243
12661
21965
55195
2675
45900
1028
41967
56221
42344
83
22108
62644
40129
26843
19591
60903
49843
42920
23081
73
21904
4001
44920
24487
18741
63672
26736
34973
26594
28963
45864
61118
21276
44338
12160
48520
48103
13670
53936
52861
5686
60598
49206
50370
55796
56736
30689
8410
39374
16792
8556
28901
40323
22278
34328
16657
30122
18854
26580
54251
842
49032
4953
7839
41364
27883
4337
51505
24114
5842
62787
31900
13341
35954
47994
32791
31735
316
23032
22047
29669
11715
20538
22949
19576
6293
61778
37966
30843
33712
42943
43539
7255
7466
41715
29958
10508
50910
25147
20602
29446
39602
7727
7982
55706
26607
34104
41443
55285
49386
38356
8225
54010
35392
1252
45569
5201
46730
54310
15387
25060
21230
19433
54303
31121
26664
42289
3938
26210
38062
20569
44175
8632
38332
11287
23718
49024
57505
51101
12144
29541
34295
12741
63010
28932
32493
36075
64567
64862
16046
7781
1193
37387
28648
15682
2681
15268
49456
20517
14652
14415
33988
60266
16607
5889
44378
9651
16224
20620
21458
61226
20473
35992
47614
53122
26944
55599
62708
58162
60181
16412
29338
55849
34091
54996
28188
54928
15157
50361
19104
27552
6106
38014
41825
54574
9447
59759
17542
50971
24736
21265
42229
31895
59025
53296
44306
48466
55931
50032
4579
10477
25921
13181
40877
15704
28559
1949
19938
56062
48074
530
48299
37962
52505
26716
63553
10925
5040
49649
24401
21449
63556
27794
60798
34782
15039
42793
53790
19799
53694
60704
29190
37570
8474
13187
31098
36525
49652
19530
40512
14097
52797
3599
61147
10178
713
21861
20890
53053
52743
20669
55830
20719
28652
20681
8451
21663
63182
46967
6787
20341
43318
5047
60906
59494
23264
10052
25584
34530
9196
10769
33870
1198
41872
8581
2481
4846
2158
20113
24374
4083
10947
7690
29763
5594
59135
15037
38859
18294
36800
41794
29244
49061
48577
25549
2431
10916
7117
44995
20016
13828
13601
57744
52060
2668
60569
27321
47595
62791
62585
41537
15686
39187
55132
50384
1660
24974
42638
12421
52942
6247
58544
37630
41931
2691
44663
60541
20250
19597
57043
44248
20302
50084
6438
20660
32754
39709
46443
5392
42418
16659
6134
10553
16066
5544
27440
62875
16494
4219
57855
6370
2978
57790
24058
12389
14912
12734
61470
13484
31603
53451
11066
40313
14519
44366
45849
6762
19615
765
64905
55340
63611
51233
37444
20692
22568
20705
24521
53285
17419
63007
62360
19543
7587
35475
30861
4601
8219
57883
39069
4262
43484
51159
55886
37532
9856
21528
64429
40783
18698
32410
42911
34076
8469
61523
23142
18828
8377
54449
53232
60931
23615
8853
47751
12183
61827
64239
31698
35579
21390
39728
23
62000
31870
1490
52839
48430
19003
54418
58433
56106
31486
55777
6778
57386
59077
50468
10627
56615
48782
400
40780
25327
57960
52391
22364
19038
14741
7880
13574
37167
20746
29064
54835
8561
20151
54887
15929
9112
27161
4770
17253
1637
10966
14157
43518
55268
31173
30257
58197
48249
20652
14059
25207
4533
4691
48392
23334
63915
46786
2513
14505
33667
57848
12498
7702
23828
48310
41117
27276
8595
4014
1350
9250
12507
10253
43526
35515
15471
20284
18597
333
22313
5891
31516
35875
31770
62561
48257
7151
38238
9881
63030
28391
40395
50095
17696
10745
29557
20626
43690
9084
37271
30917
62778
14931
54319
8511
2828
9534
10857
48965
47153
14283
58595
18352
58538
45197
15705
50023
33181
45565
2935
44918
3753
11243
48623
24507
2001
58538
53937
1884
10800
6483
12117
34424
38676
3612
34982
59259
17800
17353
49609
55656
37267
64076
50020
4184
40864
56245
24834
48423
46216
19482
18470
15892
12876
63611
59475
24007
51526
26126
48610
50810
1392
9089
48319
35205
64054
20855
8246
38351
53628
33177
14856
23310
54174
3889
4248
11133
47221
53957
37641
49948
59769
25597
60187
41883
55005
12384
35862
63934
42020
51114
15249
39874
4019
44241
12885
27889
51973
15749
62586
44324
9153
40653
2445
8890
59627
52847
34458
57076
62109
30329
49055
39723
51649
177
21026
27402
9347
31466
3088
475
13209
54083
45181
25257
23765
38701
29971
26554
58260
45653
42442
6785
12653
47020
34913
46817
12256
46915
17563
2858
28282
47072
64464
22578
20451
64274
7635
52153
31700
65043
62062
31785
57276
50198
27078
8459
43091
63233
63489
25444
12838
45904
13849
65362
14501
5300
36485
28200
6530
43285
38246
44143
34679
50850
65240
52297
15912
65141
29963
33128
52381
21561
53352
8003
31633
42444
9659
20887
8007
31827
37842
33000
42625
54973
14204
45380
24126
13458
57293
16817
4127
25258
61717
47565
29844
30614
46493
1606
37842
325
28924
50171
54812
52496
3009
51489
56602
30852
32468
62259
11274
18429
41000
43007
30949
60807
57071
56041
42512
5784
53507
23087
20996
1584
25510
12076
64756
29300
21629
30854
43651
3489
63809
39047
12387
32916
25085
46511
34428
23433
34105
59321
44976
34990
22631
14842
2955
4827
62058
5623
18461
9269
40378
60792
44976
50592
51748
15527
41406
16281
58422
38999
18046
18219
18259
10046
48803
50227
19814
46146
44037
55662
46499
5913
39596
1552
33641
49940
65434
32726
44559
22193
29089
13396
14158
37051
44821
5496
54937
56995
24000
52797
43381
21615
26431
18765
48940
19705
18976
23536
26118
16503
30986
63229
49185
11069
9548
60106
22549
13453
28137
55314
1517
6776
34579
12573
20539
7269
38334
57354
64106
56682
64096
32809
25534
44318
29927
51637
26572
57547
31170
2811
40785
31671
57226
59358
25044
37345
29343
43834
58738
47805
24282
30373
28392
37849
28271
37342
20828
20900
43938
39594
1652
21773
13103
2338
51911
57805
49956
21229
19818
43496
17352
21018
33641
46782
34004
56910
59169
17749
49274
9692
63115
2969
61638
15411
11220
32976
2516
34073
21068
12581
23195
23254
42497
61252
43105
31988
51565
47097
34632
6404
10198
5515
20898
42516
3363
45155
20677
65250
1592
32921
30116
35825
38596
53989
7534
64054
14555
45548
41626
59147
49709
42931
22177
10145
18539
36494
7146
45870
3345
17380
26113
60242
26315
15647
30656
29434
27297
10348
62540
4878
48277
7607
46445
46908
39605
56970
51095
14705
4056
16246
45685
40856
43402
45839
62101
37575
40456
26028
925
55018
49626
24664
11312
3135
11548
44448
59737
21899
12498
15601
7718
9348
21711
54818
3862
20123
3917
21666
48970
16674
13648
60741
19153
46766
32844
16821
5535
27525
6199
32053
5517
54365
26653
63628
47322
2049
59881
36909
738
14747
40868
31844
59050
30260
23584
53169
18002
21805
52605
13674
44295
50299
56931
15455
63199
49827
44851
28862
35455
31949
63789
54878
57376
37702
18723
6789
54361
42777
63802
17422
64239
56042
44702
30984
49808
28534
23455
17837
24229
23044
1020
49839
63687
25238
16441
26908
40350
27540
56203
35677
23007
29697
40620
52471
34208
5392
14035
23971
47157
60815
21193
39386
33904
22326
34038
13877
26137
33041
10936
8799
49253
23822
43369
52194
22260
35846
55100
32341
1663
33137
28977
16567
65237
2274
25141
14895
20611
11204
20104
17877
14043
63511
29978
48000
57452
7558
41745
16949
2072
51487
53458
4822
33343
12488
18128
19081
13734
55365
13644
38424
39702
42420
19168
50164
36419
55824
62933
51011
57517
19611
18809
23075
38202
38566
21759
65423
34419
48083
46634
11566
13955
8805
14889
42711
63549
52419
6702
12209
50601
16751
48992
34236
10000
58440
10527
24641
45805
51810
49909
7281
2279
41338
5383
21772
9608
59390
20712
13278
12129
60507
48362
24472
7120
37499
54671
59150
8299
10212
22951
923
41622
46494
11906
3682
19738
63620
33154
37821
36286
47982
29230
11558
49852
45777
58900
24830
12746
14858
22439
4653
57112
17532
30291
40623
455
26742
39121
1245
7830
6381
62413
51932
40904
29117
36308
18362
36418
48325
65080
60382
46843
2814
5839
64571
3771
62165
33910
56580
54010
35228
59980
56621
64891
16735
38575
23617
64884
18413
5545
25020
6116
63434
1463
43502
31922
457
9791
50560
40146
19644
46206
8766
29558
11293
24570
22895
37442
48105
7993
11939
63219
3279
53217
20574
21567
39525
51638
14642
7089
16280
37216
44378
52238
33552
49852
29606
31177
19727
10422
42317
2612
59942
15398
28364
29075
53026
22971
23760
6106
15300
15643
34278
55758
58206
34554
13025
63540
25535
44361
45258
7963
44158
2340
61064
36997
10550
20324
35790
28303
26740
60784
18157
26631
1622
681
21854
21479
11070
52440
41026
43869
61632
59737
49146
16255
22563
26368
47315
3796
31555
8917
32801
60647
57969
56626
7091
46694
58252
43407
61877
19747
23561
55945
40232
5980
33862
61312
54967
25585
29819
63229
17493
36397
49734
57523
2165
37262
32464
60210
56870
38093
47704
33326
36000
19146
20437
16582
42386
62170
16402
36145
6128
13932
16987
11586
6525
63859
54000
63726
30536
40530
16865
27695
47366
1583
53486
34849
46046
44675
20640
17839
29423
55689
54504
32191
53382
15113
62329
22771
47116
12724
29367
34048
57422
27624
20978
44677
45051
12447
20118
47988
30474
32580
11017
25041
1693
20975
37545
867
26006
53284
29034
22947
64921
42646
56910
63344
49165
22070
38386
9814
41616
31994
55049
44852
39998
52350
33665
41306
16270
1732
41882
7110
50657
64392
21290
6097
58111
45188
13624
539
9328
295
31279
12200
42654
55153
16752
30872
1908
24739
43641
26825
58840
53649
7608
14437
41639
63968
25707
708
1813
54012
46608
59672
56404
22026
16641
48253
8783
7212
37420
12832
21461
48740
23734
18566
61526
8332
36765
63727
59579
53870
61188
60828
61806
61277
11567
7198
27107
36100
50059
33067
21418
6954
9678
40279
5229
10621
11746
42435
23773
46499
11572
22995
41278
27787
17101
53320
32050
26520
47363
3042
45658
54113
56399
2936
46005
31573
10852
40051
45878
60260
22132
52024
36061
48018
32170
38595
46520
58256
12562
45020
58755
29407
7851
45172
705
10691
23724
25776
54223
52985
60325
37138
10774
59560
59688
12965
29885
13349
15796
8327
36726
26392
16766
5599
26257
54980
32559
12602
13944
46828
11172
22736
21255
33602
19085
21270
8358
29805
11167
46335
6273
19587
30479
18282
16747
65238
45764
24869
16460
39504
37829
32610
34941
60060
3592
726
58934
59102
26973
58705
31000
15746
9746
26085
61573
33465
64219
6569
15276
30998
41122
28889
328
11209
5185
9363
21285
37312
50678
17994
45372
22598
55958
50965
25775
26842
21029
2135
18171
25411
18778
50320
10582
20442
22623
56686
27365
57035
34679
42928
7884
12714
39755
12839
55281
19790
47612
23465
31601
6032
1481
1731
33083
49213
16939
60905
23205
40297
53910
28701
19872
39966
15047
37866
41069
61443
61118
17054
16807
61121
42496
2120
10511
11045
55485
41874
23164
24299
37036
15124
50297
30115
8838
25267
54541
5838
41647
34834
12203
21652
44666
28275
26371
30603
6209
37716
20947
49813
22229
39523
23862
37024
2907
24442
50128
6987
36740
64021
9442
8961
23697
61967
55298
38133
29837
26620
41869
37379
57523
2264
12666
31
45996
37365
34662
30208
26405
5057
40818
21656
33598
50914
6113
63436
60846
19474
39946
61595
6009
63444
26623
44371
7556
47585
5057
1105
52910
26009
52911
54905
27272
55813
417
19182
15976
1980
61124
56964
62426
56357
6912
39105
56755
28496
28422
7700
56710
50160
50172
61026
39825
37937
46152
5396
40812
30378
2399
46268
42945
64774
44397
14319
32541
37278
8039
58228
14159
42139
47223
12747
56946
63569
24708
15140
34730
63302
59989
3898
11958
60668
8021
55065
37560
52378
9098
35384
21257
24378
29394
57516
33543
28435
59628
1567
21809
49070
9868
51178
58929
29497
16816
1624
8951
17333
37771
52768
21522
665
14670
19387
60419
59842
22848
27459
8962
35838
58634
11222
37455
54769
55988
16819
29249
49678
9706
55201
19671
15226
1319
4156
61121
39809
42484
29183
39441
49692
2887
53181
17644
23308
52932
55517
33005
14416
3106
53955
40136
50297
17319
42328
29722
40731
43351
44791
23434
39404
36722
29457
45286
18567
8505
28624
31290
1807
30541
17569
52472
51175
63927
31528
19042
9363
58801
31176
35599
18590
15673
54508
60084
62840
25690
10267
21699
2438
54407
19802
4157
58555
45650
39651
3321
15365
17635
48366
39074
36930
17068
45317
6107
25638
22591
42547
18162
31539
5721
37906
15229
4737
64758
15415
41293
55291
31102
62
61780
57048
59004
28630
59425
46870
11108
25567
43732
62232
17605
61728
55735
48716
42672
41137
32699
5604
56477
10016
41138
38358
23621
59942
44386
11737
54073
4370
39629
18328
17765
2715
57195
3047
22365
61897
60016
40000
55475
45960
14483
32051
24736
1303
31817
52261
30606
21872
64251
63233
35038
42856
1420
28331
61609
42062
51335
42817
54596
55318
23431
41483
45256
10456
63487
40197
62946
39040
58548
46429
64927
17600
43867
59131
6238
25983
54269
5659
54411
42882
13750
31376
14829
60095
12599
58905
32881
32903
4404
17842
21414
45551
35539
17933
51900
54789
15775
49986
49593
11796
62025
32164
46237
19312
33040
4661
5977
37331
29802
63332
62704
8955
10639
38577
64135
35397
8062
46503
65221
38255
21734
64992
18994
30386
20454
47529
50400
17642
20066
32297
55621
39320
53304
5159
61923
41740
45457
25351
17953
36500
575
45533
49210
36209
31054
31317
31538
32223
65462
6149
34680
47576
51555
5419
13293
64674
23610
34645
11974
10144
16799
18029
44874
29516
32025
40359
49170
11157
17692
54571
32737
12070
19679
59825
26036
44567
13362
50329
26868
25626
62827
33771
14530
57159
12304
8687
37437
41438
23912
15052
1556
22058
834
55660
38954
22710
7826
28854
34058
13988
29933
63500
5888
16630
44446
13759
12424
64214
40510
59573
57052
21594
54957
8637
29826
44386
6873
59026
26829
56104
52202
45807
30129
48736
55814
26274
912
28849
3416
17989
47129
26741
7698
32510
8910
50832
58123
40440
44038
30629
61044
10468
17797
28987
9718
41026
43408
35874
3903
44569
57019
60327
26544
62369
9949
65515
2131
44773
7278
55721
4649
6127
23141
18014
23476
43893
57710
13141
36384
5626
6229
53845
34824
22332
46359
52683
16873
1003
29718
54382
2072
26623
45432
60970
35824
26418
60953
4598
60773
20770
34461
44074
51317
4240
64186
30338
55325
12765
36225
7893
2835
11192
17957
41663
4150
23734
39180
28130
59746
7714
20488
23158
24351
51718
1665
56659
33893
11308
40624
42053
48018
44339
29219
13011
65328
55534
7070
13747
41643
19014
22929
53438
15691
12194
58943
36015
58660
48928
39588
4676
38879
37380
4232
62472
16607
40191
27603
43544
28675
4338
47998
16949
35587
16550
31348
39148
47897
46507
59971
60185
24661
63871
18819
10260
63934
19200
5095
45679
7234
30580
12537
26431
12015
57991
64570
30723
45520
61599
7828
5745
33071
52959
15558
1799
58831
49210
14525
53664
45845
51585
3708
64243
18364
2409
34484
1552
46047
9385
14793
24696
11716
33151
4914
30530
38403
19209
65238
34854
25590
876
22290
31163
23165
5486
11378
7010
45919
19093
40534
52888
62421
46364
12572
57414
13252
9866
54736
1659
44640
709
17407
16113
7057
41949
48841
53164
19402
15171
20088
59280
46166
8541
28758
54481
63387
24564
31238
10981
38304
18477
7771
65074
1659
58619
2104
16938
22334
45974
46103
35205
64415
55571
6677
25784
57167
54096
21377
46055
18324
8694
57147
54139
46194
39372
34046
18226
48486
7208
3876
24009
7708
32763
7108
13944
4583
55803
31619
63292
65036
57337
1207
24884
33200
60846
61052
58257
42239
46925
46110
43415
20388
9747
37364
23243
35053
12055
38300
5824
20061
58107
37853
10931
46587
5056
19932
58650
34684
64982
48584
10390
38636
54416
31397
29415
51919
22873
44150
45940
19040
3408
9475
3939
25541
43514
6623
54148
41392
45229
65511
14307
43924
49736
37356
15457
62839
61827
31635
19356
48604
9887
43820
46301
23784
29331
12674
16782
34457
36771
30853
18771
810
33016
15737
35694
48630
19052
14781
52786
16081
61597
28172
60374
10134
1460
46387
37098
50227
31834
44264
38713
25325
6934
416
49530
33206
49671
47719
54207
5779
26728
31615
38141
9410
1583
33924
48687
57647
6014
63176
17164
45671
50103
3487
62473
54108
45182
38424
15571
28717
59047
692
20686
54506
9456
32732
60044
31589
42064
21307
23925
60685
37319
5702
45
60945
25216
59809
51811
1621
20257
54097
40425
15154
24102
20843
23405
41617
14171
5390
55931
32040
32760
5955
31170
1373
46128
61124
8751
40236
49943
33006
42517
21168
9239
1139
17946
31723
3819
51299
20825
12183
29828
39865
19691
11516
35717
65171
54106
49878
50181
1225
7636
51507
23978
54806
61507
26133
60013
19413
22845
26621
8982
8848
51905
51092
23095
7796
63328
46219
61590
50538
32900
58491
6517
48047
34306
46133
25025
15640
15571
20855
34464
26009
49520
21754
57302
64083
38474
12059
18048
58263
17859
53582
10646
41820
51507
38368
46942
49225
40379
1327
50318
52602
31599
18997
16765
52674
9971
9713
27705
13470
60994
33947
33453
7045
21241
23959
22830
49199
18067
34599
25922
15341
13924
47799
25130
28323
21500
30134
38198
27621
8758
6402
10182
58105
22735
50156
53043
2150
27551
16829
12517
18215
46540
55449
2444
3572
5487
22002
41596
53174
24369
34660
52302
14577
13196
33967
6230
25507
54293
23293
38892
51328
27290
18494
35966
12106
59415
2008
21927
54763
59612
6218
4724
28049
41297
40593
7658
11765
65230
33480
32769
60632
34848
2135
10700
24590
56753
44055
21130
6325
12407
30614
31528
51578
450
48119
30524
50522
561
27800
62833
35710
41801
2729
51263
28840
51893
55078
60387
28017
4006
48012
45300
8754
48251
48210
3312
64372
47956
31809
51832
54422
20277
27239
65172
21623
3788
3431
11467
56482
19442
59186
5119
8579
27490
24607
63994
46449
11109
7655
52577
15118
321
17927
53031
28692
12999
271
59261
6061
5462
28978
65117
20525
4080
62233
1427
1265
61028
60515
15286
25715
49128
36750
60770
27409
29811
10690
11136
28327
61115
55940
43230
32488
54520
2615
24858
64576
15362
13512
36493
46390
45202
38000
35796
51343
53083
35687
43423
3825
38192
63824
62987
27792
53909
20219
16854
15336
44134
35274
60789
48330
22696
50204
55066
63787
7346
10376
61171
59628
32097
15613
11595
48730
31113
27742
20939
60261
7554
21944
1368
8783
23179
43509
57396
3674
7621
1045
45595
51358
25881
64830
61984
42804
2680
64855
36914
12292
10467
23082
65329
48993
49937
20663
15961
43106
38326
62927
26112
40685
48952
61777
4535
54960
16735
24493
25624
23977
29362
41679
12455
20010
3022
51287
61981
33013
20269
45119
35877
43399
29405
27724
29913
59162
30381
16898
33403
58783
54769
52935
53273
62758
64884
7569
49451
32329
42307
9701
12677
19472
36671
7369
37324
12386
57404
2177
39659
43992
63855
39398
45818
19117
28116
2836
62091
50771
64182
797
22871
19486
38216
62791
321
20318
25264
23123
63189
22271
43713
26567
33431
46274
25397
51261
9231
57225
36386
54492
34599
44815
10348
7162
783
28786
61019
14404
8638
45229
10086
8686
35594
41372
33054
32232
31000
35546
3872
27269
42499
18070
4935
17080
60986
20705
41854
14348
40535
11837
8377
20294
5793
44440
21418
55401
57523
64867
37455
52500
11630
59283
23694
46175
1784
61284
63829
33865
5302
48881
6960
50015
11890
4728
62490
47458
56288
6814
30613
62613
10861
8951
57153
23183
56881
53277
2712
51917
40257
26067
12020
55770
3331
11118
18023
41557
9152
64194
64740
47223
17979
45482
8956
27602
9617
43708
40988
5714
62127
41883
13655
43364
60406
48825
49562
40537
58975
22635
61815
31336
25767
47727
24865
992
50662
15547
35530
46450
59509
33780
60226
36367
50881
52385
26001
31758
35324
1115
27476
43512
51671
48905
26514
16482
59625
12135
58160
41993
24907
51554
27766
27947
21631
56363
43837
5219
11837
19737
5142
48828
19893
37936
51113
60053
45152
33459
38983
55736
52344
48634
1616
57246
8313
43981
22678
53286
50058
16052
21389
16666
14444
40621
55397
12027
43658
13889
31088
51044
59960
9546
2895
30461
29098
28437
42805
57591
39495
26621
7269
49772
25012
5261
50094
7400
50498
26237
27098
42788
25837
63298
40963
3895
29884
29108
45277
12237
65516
4903
320
16915
6154
40245
10758
35218
34625
60869
52883
31438
5287
65061
15306
21528
3377
6537
28811
31358
51314
16763
43972
15836
61449
62794
17149
2255
39545
53278
53371
35934
51723
3701
4357
1058
18405
40281
55319
30414
14534
59516
11207
26821
24563
29531
37352
38533
325
51738
51086
33293
28226
19789
38149
5465
47718
39709
17262
7373
24888
26841
16484
8803
40739
29192
33280
52029
26402
27953
23047
13528
61263
58892
1152
45577
58450
7546
59811
65270
4550
29656
25756
42638
56686
27033
6229
28108
60954
16066
29399
3079
16688
19872
58801
11716
56290
37646
48826
45103
15794
56332
49528
261
21906
32212
33275
49921
14581
65017
63420
54463
9310
17148
10970
23702
10968
38392
18095
54283
3813
29444
53836
43580
26087
53538
17763
49687
24578
21259
65050
57307
48337
31767
9879
13292
41655
26333
48463
40817
49144
37604
62568
37903
44245
21648
63921
59394
26796
1715
44307
17262
11871
62186
29536
8857
30287
47823
54270
58390
15262
50380
44708
47310
29363
2944
2796
53390
55592
40175
24716
20533
11863
65171
57487
31493
57594
35359
46791
13897
64161
58564
64113
45954
14036
46647
38178
39362
32485
5549
48888
16063
20883
23484
36555
9910
23575
64851
8991
25200
44362
52916
63554
39501
14937
12736
35583
60483
41504
29493
58565
8253
15737
23033
29532
37624
64952
32354
17988
64885
33923
22006
28425
55730
17782
34969
40664
5806
33439
29627
41853
40841
65399
39843
32071
44229
20948
28326
9323
53395
36983
56445
24745
33126
56757
9710
65454
8882
56492
8962
50339
41960
62587
37613
64940
65146
43230
42619
33343
41830
49965
6475
13038
32401
35723
38111
60127
64031
51183
11601
51322
8328
32820
30710
64736
17344
11920
32317
9864
26554
50891
44806
6540
42163
1542
37004
22632
317
12716
8779
12760
57345
8345
42540
20561
54005
44957
3521
49896
18191
26246
30330
47172
50089
34019
40339
24011
36519
31907
5803
14497
48092
48424
23539
22118
54742
27639
24295
44703
16222
57390
9908
55096
59525
34013
28267
59926
55344
56279
62367
31404
55008
42099
52555
61932
5574
18257
7667
55523
53297
59312
39600
28649
1643
40237
10387
6207
14342
45271
64241
54833
37954
19375
51361
21962
14178
20627
21620
38334
54561
39371
60561
49611
55052
6995
56808
63272
9621
52289
5635
53026
26985
16073
52357
4715
8329
33066
20807
18358
7908
20020
21421
24167
39816
34497
49486
60191
18806
64183
53146
20636
47458
9870
61500
44562
22438
34818
2234
42846
16882
60778
53371
3907
616
43385
65307
31516
63962
30969
33386
31826
33649
59147
55348
56368
44127
38007
42307
59526
14804
14376
9619
12321
4516
48983
23687
3415
43074
47004
31783
41975
42434
12129
2920
52335
53559
26158
33743
8180
45330
25765
43933
61451
1285
27287
35145
42926
11932
49440
10481
31644
47120
11010
20093
49339
51267
15353
10736
3318
35519
18177
58872
16090
45573
11169
2980
59460
15199
2826
59097
32716
52270
31006
33331
53863
31711
12316
26986
13566
44615
22715
64608
38396
60642
27518
46218
33478
15685
42600
21861
14528
49265
51443
47800
27037
35106
9223
18847
14694
28579
39022
43842
39763
61823
45628
446
36557
53920
19139
14121
62986
64353
20263
62881
24426
24978
29835
48855
61131
9499
22484
64437
23050
4920
3907
53314
53553
52307
56983
6254
37092
22061
30890
20548
36550
49507
17536
3863
13654
10862
33012
31594
7084
15061
29682
29398
30050
64941
24562
35331
44920
30700
33267
18668
61833
4736
22929
35585
33872
2030
33737
61930
41046
30761
13779
54108
25821
50700
41579
19511
36463
56959
42722
65240
51385
37105
61872
36350
62482
9374
58801
32245
35003
56355
61518
59504
19125
28175
34275
49018
31877
15605
6695
56523
18632
31390
15742
64124
29196
52549
30276
62219
6877
27582
12753
35160
59548
56761
51766
14667
51350
44325
42888
40687
46728
4067
11004
39188
42899
40133
44858
3354
21292
46366
47188
50158
56064
37197
37609
65263
53277
20219
50131
36491
27540
19329
24964
40888
63488
64935
25523
40057
21531
5436
19488
15786
26386
11330
42722
58243
26779
14421
18447
16075
45625
21312
1328
50074
26881
30101
27742
11926
8850
48174
54939
56991
56102
21607
33304
62003
26593
42424
12274
26656
43447
35850
33985
59713
26427
44041
8384
25801
55567
46203
33823
23719
65047
50526
2250
42714
40908
41404
8694
21842
22605
58568
22104
13916
52209
16190
13328
4253
16828
37935
7790
25691
47986
23684
60519
3905
51209
51477
5394
63010
50298
43304
19816
37345
37012
24547
19585
6594
57095
4744
62604
16882
11687
51131
62375
33173
475
16419
33391
60308
33775
28443
33366
44722
26260
56442
10391
32434
38693
35270
55185
672
5077
1427
21161
7189
57472
23987
24834
36336
31914
28574
59064
35971
8219
39903
24480
10763
46378
29617
48287
50344
24
60885
4942
35350
26094
27298
45801
31623
29358
35769
48752
55280
16877
9910
61520
53358
60560
24424
52995
51157
45022
40903
48359
41351
9318
45148
61648
63807
35021
21537
12654
7020
41049
51475
62127
28043
37019
36086
57650
29295
59733
51288
507
42964
61207
23986
22633
39066
28677
56942
61607
63603
36807
17045
1403
25897
48295
12402
11684
6581
8091
55184
11686
7129
1104
38485
56126
44777
31076
47503
64144
50033
42878
53015
9503
4591
54000
27776
38331
25681
5441
5057
61610
49742
28694
58373
32020
37462
17992
2906
28694
7025
50779
65126
6490
22129
5862
61360
33825
29036
12126
18861
51822
55969
31999
30046
38044
26320
15111
1811
62603
9701
47590
60495
41686
30763
17897
3552
10016
10922
58199
3355
28942
7650
58065
15482
50949
35892
55938
36097
31532
28026
2636
34112
32321
4708
22124
36860
29663
20782
778
15499
43528
15277
4082
53120
1969
31953
37943
47186
44251
51508
57497
31385
17952
11514
61765
54088
9308
5491
64816
42401
42260
13805
1557
53646
29452
31801
27402
39813
10663
16646
7816
59609
57221
16349
50530
16523
10587
19805
25034
1709
21775
32578
41645
8556
59986
53422
25177
50955
17207
58491
33267
35495
15922
36018
17739
38853
7131
24027
44807
22992
45045
41967
13372
34410
31985
25750
37621
65278
6879
14918
20114
21641
16623
64359
63163
54628
53254
45578
49755
35114
20605
5071
52953
55641
42111
45709
14552
62060
42154
6288
62264
26671
47447
54246
12588
47666
53146
55390
12366
41135
22771
54129
12397
7250
22077
15485
63126
62791
30523
54909
4651
28422
322
47929
26111
4383
59648
65331
53514
26752
11414
29369
18848
47797
54205
60936
57946
37701
21975
27548
61796
55338
49237
15741
62568
28529
56366
11705
34512
61142
59273
47852
1348
6589
54685
38764
17057
59643
52209
28773
21281
24221
35594
9551
55306
34690
48825
38684
60829
53349
1296
37246
37790
29978
23612
22775
33267
49093
65491
48331
33339
20635
6306
20761
47011
26963
17214
35099
59490
33600
49238
2202
1258
12125
32703
36353
16824
58960
48793
48000
13989
31270
54530
54626
65049
50865
42409
44914
24391
57412
41633
36565
50751
13444
50296
1573
59878
63799
4716
25997
9569
17346
18137
11351
64822
7587
44980
51831
37571
40617
28794
16071
8825
3243
49210
47575
65370
36554
65484
43544
15237
3377
43052
36107
37118
32814
58169
30077
36851
55023
46525
15546
34145
54203
9487
56642
20888
15752
48426
46456
7282
63196
3015
27519
3232
47946
22749
2411
6310
36270
19203
14773
14756
43697
15256
15032
38313
15451
3215
40213
21154
32422
31778
10711
22396
29306
39729
9175
22192
25084
31294
11262
16536
31493
34630
49226
45104
60536
2419
54101
18236
48200
7447
22856
52928
57761
8972
6742
61997
11888
13507
55234
8424
63944
46654
15652
33577
63086
53254
32015
10607
11271
36737
1495
8263
7193
52883
56908
3143
25617
57554
51858
20706
55570
60332
56704
49975
34682
53494
17965
53579
42613
30460
39006
55152
50500
46266
13001
62924
47460
21306
32801
62555
45389
19024
14513
59707
3537
36558
10521
34310
48598
4442
42320
47417
50806
6774
36711
65189
11017
38860
60208
39847
62070
35556
28774
42594
50513
76
9278
56861
9525
30429
979
40980
24673
48240
37054
2150
16589
64747
48676
25121
656
63876
59293
55018
33576
65300
9820
26054
45806
33371
53205
15430
50349
37618
10137
6290
49752
23832
37859
10364
27560
47510
50176
35543
57539
32743
63986
39123
24508
23884
8581
29153
12687
13595
1415
27510
37769
15002
10620
31547
19703
54737
27791
26828
23151
52062
62348
3217
53757
12275
51750
1426
25577
65330
7468
15536
20525
29138
28031
43055
5858
4226
38626
26431
2990
20395
61190
41455
20233
49537
14704
55044
39969
26593
23948
54365
24721
60735
41187
6318
45190
37603
54465
15630
23779
5766
8556
34996
38598
35219
13889
53500
57196
26862
41393
24282
65285
45774
26100
55711
61957
47087
46574
7863
20984
54978
58971
15818
55598
60720
27578
19525
23005
27059
36172
61106
3698
54046
43795
47623
18027
54045
62748
16540
42585
56084
32384
47954
17858
14000
57144
55940
42871
18407
44347
37788
6105
168
59820
52182
34973
22243
41374
38479
25281
59587
32284
50316
25919
59711
28206
33063
18760
12737
7758
14667
18558
31282
5355
20141
29946
47872
43479
60814
59386
22483
38414
18412
43133
52423
1159
41600
20516
62911
37186
15809
48730
55713
41846
28768
26240
60706
13958
37302
23215
115
58808
37214
29097
50012
31697
20551
55873
15334
35934
57905
34208
9982
37735
59553
54303
42182
28704
11348
46391
44505
40491
53936
52636
15361
1874
41049
59089
52942
53600
64652
47051
48384
1044
61829
24087
36516
16863
3695
42798
5402
19049
41193
16514
49102
51992
20226
4694
5285
44351
34536
223
47267
10438
29197
62410
32364
19256
20096
50099
29607
25702
52410
52021
4345
62732
32104
37137
65121
2216
52803
8421
36166
43271
27981
64443
20317
3869
36054
48005
700
50163
42642
63978
2544
60761
21694
61979
6823
53968
22138
65078
49072
4057
38926
31039
42837
55195
24749
54465
15465
17074
44657
21418
43958
63829
32982
40350
47111
3269
19559
16020
59596
49582
21221
4631
11300
17147
168
6247
31991
46431
20053
63715
19087
43830
4435
51878
52770
49534
23949
32627
45819
23101
39746
42524
64813
44691
13771
21508
59647
44687
13456
54596
24210
30171
54868
30387
60189
35802
28054
44726
27720
3174
48339
53635
2400
22933
27243
6693
38190
6964
4551
36153
10701
22006
8756
29036
14408
53913
17496
81
52286
11992
40118
19004
28190
1715
40784
21334
14713
36458
62062
4305
33439
32852
46019
55160
46908
11331
47976
8008
52573
47617
44193
33396
682
47801
50534
45178
60858
53471
50926
18473
24602
2061
4212
26871
27095
60895
21587
24817
64997
31470
36968
9392
5797
32878
19008
33062
14266
2606
2021
54476
42349
37187
10219
26011
27078
43202
49084
6837
60045
7092
47326
39062
37744
50286
19573
8068
2936
53410
38785
56722
40013
41647
43085
62151
57593
2085
10017
13885
16952
7370
3466
12741
9900
62580
47574
15476
30427
31615
26793
33694
59881
33960
48008
38285
35283
32734
56839
61134
7302
44737
15068
18104
33323
21029
56491
58612
65240
12608
45811
32447
6342
58326
17635
8201
38398
26085
11992
55396
10908
11097
468
56385
1389
28909
23237
4095
6012
54776
26561
40898
24967
1288
48731
46822
16834
50030
39597
50043
44477
52275
63344
41874
4676
35484
18034
62981
58145
42472
42378
59179
38172
36861
42358
20395
59726
48269
28408
31087
5142
12770
59736
1017
49722
2251
9455
45109
62164
43117
32511
43809
61510
36004
13603
22796
58381
64943
64171
45432
34161
34244
30168
64329
16952
45120
23691
28267
12749
16842
18475
31216
47398
42742
30573
7929
27784
31401
50091
41112
37766
47725
57902
25296
57975
31552
32185
13213
61443
7406
11258
63078
12004
24213
61946
33050
29669
43660
19411
54816
28995
15356
6669
5540
50872
49751
18267
17600
27525
34563
40431
40628
45453
55736
15753
45284
29218
17393
50800
30775
57125
4400
60209
61216
38220
59058
24105
4610
65486
50944
47877
43619
868
12273
23750
26922
62493
25049
49657
48333
22142
63598
60611
48002
59317
21480
32551
26504
65363
28317
969
52530
34812
40903
8940
59038
62703
36587
54064
43528
49489
62067
36527
26243
41916
51130
47629
23419
61016
16606
12895
12777
46177
18033
63450
64882
24191
32972
42072
5571
57201
54342
64084
65135
1643
27427
10299
41585
2432
11785
19113
4208
47397
47064
27207
22392
438
41977
51561
35091
14994
12242
6133
18870
49451
11173
32087
25807
54668
16463
33134
20374
6320
51840
64774
2354
3714
62631
46262
6440
24378
22749
63693
34554
30602
49502
62122
40612
5850
318
56880
10254
31116
35873
22062
58166
48584
62669
15729
20518
55776
37634
28313
51588
48679
37108
38622
15984
3543
18292
48278
15037
48240
49404
25800
27610
55086
4474
6017
34171
41344
54323
8203
26373
32850
10962
53143
58373
3027
6858
24437
48691
32629
52223
49602
53154
46039
60840
21272
46058
42870
42096
29286
11133
8028
16112
61214
14693
8524
24938
29358
25588
17817
5002
11553
19958
54957
21589
22609
44020
17776
27755
8971
50055
29850
57293
52206
47564
43451
36845
31175
61987
6416
62799
7590
20016
21411
7797
18674
51927
37854
9777
13232
43050
38343
10305
2656
32812
9666
18456
44844
16483
46683
42807
53277
311
8460
38978
56000
42460
5145
41383
59712
5591
2696
5223
24932
47669
5727
4267
8194
23253
6302
16997
12365
39396
5019
24294
11708
30951
57913
6432
48546
46354
7020
23252
19127
17707
15681
48688
1654
30368
60588
19527
29161
22453
2245
9925
5957
20145
62815
31324
53044
52531
6611
60310
12358
42525
59970
13631
15984
11863
36826
30226
46116
43273
1081
28354
35516
16092
44797
52304
46429
21139
58831
15273
41358
19776
29321
22890
19199
50852
18375
63780
37763
17135
49908
33315
22150
46018
10495
9042
22951
64339
61203
19041
28987
480
25457
33466
36244
13833
1564
50276
4301
2012
5459
56299
45718
47543
18235
42547
11455
38686
50894
11723
35494
14605
46816
62582
54292
40795
1660
51680
34578
11450
769
26679
60011
21042
48386
36545
59831
29316
55213
9330
20400
59948
44540
39880
58177
56320
6349
59746
25123
48343
17723
35092
49136
43683
6178
18691
41965
39615
16240
3343
56730
65393
1726
14021
4455
4850
39400
20928
6199
51713
53306
29878
37999
675
20152
1825
60645
54588
26618
60375
54553
62071
47525
12027
14229
58890
22386
63076
29718
48898
30482
30002
49078
55056
18208
54154
40257
52748
34689
47815
4077
54592
17066
4027
27198
30117
19001
42299
38540
28204
20907
27813
52489
2579
27744
854
29268
18128
55358
21613
12771
52460
64444
21781
38023
36384
25644
48851
27356
53644
64288
39669
11933
25805
28544
46601
42732
3707
52415
7723
58912
964
22921
53285
11574
15603
7355
34121
26078
27693
32723
28083
62449
24443
25225
35620
56537
65337
45569
45928
4708
42845
9379
1190
11092
47561
58007
65008
5155
61870
23645
59617
847
1654
29951
6228
23950
50300
58818
27692
9140
6344
51674
33316
56705
34706
3066
23712
17047
28571
53501
53674
57506
9225
35384
28727
1983
53558
48226
59937
9898
40652
12195
15961
32171
10648
50169
19602
50044
24118
37626
6261
53858
7771
7349
23545
42836
56635
11359
59458
64096
45247
501
59840
31377
31836
44932
9870
45589
545
32426
43062
29137
41620
57897
3688
11570
62175
42428
42129
27166
4693
52672
23514
63302
54577
19356
37461
42370
41493
12309
22877
48966
32128
14624
44974
59556
54397
22318
30554
62325
48202
64836
31393
733
45190
31085
28587
29790
55773
34894
27198
46694
63013
34468
41810
37447
55940
60421
38461
44084
62112
58898
11944
27245
51519
1701
39462
41503
38224
61994
54690
56726
42687
7757
42687
27612
39282
31762
3917
20338
5568
5653
18152
7619
12795
40659
53327
44018
59569
62915
37618
24001
16993
8719
14929
29940
59944
11731
2114
41440
62559
46753
16992
42332
41391
47768
16844
48982
32216
5266
4381
51411
38943
52189
43664
5356
58403
28248
52066
61701
3662
32741
55381
51891
13387
42331
37972
62795
14660
49210
21211
4817
62024
56133
39981
34670
15146
17026
57376
6555
55935
3988
22078
37055
6913
8750
34711
13492
37774
50928
4442
42823
13377
5136
28647
43543
45386
38419
5564
49367
13107
13584
59200
64934
17884
1512
15993
17190
14483
45919
8436
4631
24531
9086
20090
35046
38576
37092
4891
28198
36469
15660
40456
42956
12017
10089
42310
38273
59509
32715
25858
51475
32087
31941
7477
2153
475
21154
22720
38241
65296
248
38828
28363
29734
50563
47610
60238
63148
14216
38836
61728
33771
7823
26286
2314
54354
18346
17173
39739
40232
13457
57671
28936
34557
2958
22969
6971
40380
53859
1545
910
58869
38943
58246
24163
32656
53349
64701
36037
28681
5934
4726
5089
14348
52865
15088
29749
51427
5771
11431
10974
54086
16009
23621
13369
30719
20247
21703
22320
54181
5419
57315
42273
39870
857
21441
6371
47967
13238
23773
59426
12195
48474
4038
55637
47712
64970
21062
18634
15346
57856
9455
61114
48663
36630
15447
62239
37995
5682
54908
30978
27875
46618
24885
6642
4921
23246
21032
34518
62787
39157
37140
47256
63923
53662
5554
60296
4919
45481
46455
64628
51331
44574
22891
19445
41243
45622
19974
484
49503
7280
2609
23355
23362
32805
28283
22754
18932
16669
12303
53316
35781
58960
13551
142
21244
52626
46007
41533
56250
36682
49861
28578
48810
60524
14250
30477
18304
44517
60781
5867
29389
57030
31278
26161
22176
32113
49662
57185
26886
27545
9357
39142
20255
43735
20767
63111
47209
4952
38401
19425
13158
20402
31995
35059
9868
36000
4983
61901
29667
46972
55646
25178
63352
46377
29756
21005
56546
10844
2519
18334
54922
44945
53370
5928
64488
19349
50594
9974
2602
39652
54560
5536
43879
27341
47357
1756
18835
3578
48286
59057
47602
42578
26707
59454
49077
27110
55980
20698
32941
63107
64054
17267
12690
11629
8077
35646
30555
12322
26120
55043
34240
51672
1591
14723
19984
30476
59041
59553
46386
62391
53525
35108
55445
29525
15551
47227
36246
413
30844
38240
24586
37437
35358
51924
15594
33280
38651
59033
24989
24320
7136
37811
53596
57475
49719
16710
10344
10435
44866
44906
59905
37860
19590
37788
36173
52141
12523
39471
11680
5245
63028
18187
38615
10873
42741
11483
14317
62433
39298
40620
40553
9723
54485
20844
9816
57606
32665
1697
19924
6187
49135
37202
26190
54084
4178
793
40518
26435
10746
33187
45013
58606
23769
30590
40983
35515
58376
11695
6977
65205
31882
38339
10803
27583
43221
2357
59185
50711
6146
59884
52754
49893
1744
14083
296
42928
63265
16208
3142
41433
31806
29253
53195
16251
28441
41416
52360
3905
46765
48883
21902
9511
46983
11984
26326
27788
19460
14881
41930
56403
8146
13743
27008
50970
42689
56204
32279
60839
29614
28830
62862
20787
44633
60097
25760
2703
41253
42925
11680
16296
10221
16179
48899
64270
55843
32615
2897
29243
52850
55850
3523
65406
16177
34697
11417
26033
18693
8985
45116
13980
11349
41380
64445
5557
63897
64385
35039
55170
38969
14324
36156
16251
27125
38542
8482
26103
14010
1999
32421
49430
2490
35513
7864
30474
13286
10001
55669
16285
16279
5558
49789
21142
9049
7573
13551
64263
22486
52224
56529
21878
40756
55070
54124
9765
30425
63513
3609
12805
52355
9385
30462
33094
32979
36326
25065
27048
50796
47555
12688
40752
24749
47812
42430
12799
42287
55962
40237
18682
47041
22602
45081
50514
39786
41822
59143
13728
57003
45605
57185
47528
12474
28888
64698
45683
49623
12660
11890
28446
6695
7230
32883
23115
1692
1147
58165
51526
16772
60621
41247
21105
17635
57893
7815
47995
2396
18836
52435
8615
50962
33515
52677
23857
25649
61308
19396
25445
33740
11065
32742
61822
36508
3586
65026
944
59835
3389
43674
13198
31739
19151
32747
13425
61767
5281
59107
28981
31336
14884
39267
49779
7082
56417
40734
57293
6195
26606
18028
5701
19035
7964
54753
54025
18730
42939
54021
50368
13663
64581
36942
61980
38301
50341
60251
52013
22757
55261
45604
1555
4312
37647
28378
4049
2256
815
1984
46335
14690
48599
1443
56666
2851
63775
62848
20540
35295
2459
28761
17006
64705
58834
26595
60551
7782
63392
22215
9468
55896
23777
58855
62585
30543
6513
40860
4742
31954
32465
7529
31125
54962
43476
2952
47456
58854
62398
26162
8389
10153
20658
51827
25741
51317
59412
34671
16415
20989
21424
27058
21449
39344
13557
8272
10199
33063
25046
28685
12494
58470
6727
9465
33780
11100
2225
35112
24047
37552
46514
1571
21141
34929
2661
44245
6598
4077
20671
41486
16552
40501
9696
8025
40495
29215
22883
65083
12431
55270
43279
36490
21068
20039
11480
41645
49366
45972
26060
15475
24128
10268
37245
41432
17523
60449
15328
5526
35946
63300
47550
29591
35064
35132
49197
28812
3646
9839
2904
26985
34067
52129
3163
45035
8445
42552
25623
24200
17655
64114
1219
8241
44538
15144
22901
54230
20479
24399
17204
51815
21934
64203
20864
26526
13199
22823
53217
61531
49571
31064
55082
13237
46559
43054
58652
9734
34879
63522
6584
13922
56736
8438
47240
38212
6091
54493
36234
56210
42127
64244
18546
53067
18442
8421
24018
61168
41235
41410
49907
50005
27558
14332
20506
48661
57760
31571
34449
60392
28921
41987
26485
41892
11329
23870
36525
64447
46229
47657
30031
10580
5212
8454
57207
1414
36191
41965
53256
57881
26434
62668
41486
34356
3929
47949
24931
3481
7334
43996
19188
6000
39429
6721
58816
22641
18462
57905
65139
17345
38994
57499
54338
53562
61680
32920
3835
7826
16919
34647
12326
40943
52584
34616
3713
25841
4354
23250
43716
39782
14219
60277
18637
42630
45857
51272
35830
13154
7793
36238
58918
33362
64643
8008
17462
41564
31538
48507
53301
62075
39643
18461
32576
17167
13634
49810
46515
54851
25026
3518
58578
7636
33902
34920
65095
34997
21503
3050
57644
44665
55071
26182
37207
18608
11675
16524
43486
57902
2594
37193
62024
27045
46334
2473
32227
40176
17958
38342
63387
48854
26813
8183
10273
43966
62932
19784
3120
7569
60935
34335
36683
8973
17018
30697
31502
5800
8619
63236
7904
7546
20216
13098
51250
21119
59215
25031
20271
18327
52072
43763
340
765
9064
43106
56814
1943
35349
38665
65410
57568
58310
33950
44774
15861
46867
57999
32389
37508
8788
24184
37208
59563
34726
30729
45837
61927
65032
17797
1814
23873
14155
19553
19473
28884
22676
37027
26677
29337
60645
31672
2777
1480
37626
41764
54536
55127
63620
14432
28951
46661
29125
55073
17643
58061
11637
4251
24718
41177
55165
27559
19877
59690
54617
32944
5578
13292
60292
5394
8412
48413
29980
29261
1836
46077
62819
14516
44628
19096
5195
60024
29583
57059
24594
3825
44578
34222
11242
10171
8819
17975
24768
33097
32307
11151
47218
50393
60334
11216
2694
21939
40646
11395
23883
14306
51349
65441
46521
56620
27894
30369
24119
29404
19813
32378
14843
65531
27753
21847
45671
26021
52486
27685
2998
48411
6533
18812
31368
17545
19216
62301
33101
15171
58305
19656
18026
39913
55666
3720
11351
15447
36451
19178
55381
38379
65185
38713
7123
14567
37053
22203
62320
51527
32442
24164
5834
42554
13392
55226
14692
58994
7037
49935
61260
26737
37754
14892
24490
54478
40554
33222
46796
21899
37627
49296
58797
35483
4335
35
53577
20564
52767
15230
10141
50547
30074
54002
16404
8345
62808
54093
61218
16305
51758
11355
32174
36657
40489
28578
11956
16373
135
31666
34106
13846
27614
33973
51913
41155
18305
57921
13435
26938
17729
19817
8212
57271
33535
62061
59919
61468
48874
49726
48440
31498
2357
61955
32266
60575
55008
22349
1289
1031
55034
38215
13185
65535
47241
929
7735
7602
30714
54785
42113
47036
25026
14657
30836
36833
28314
28464
30580
51293
14668
29931
33759
38128
57389
60053
17777
39028
6358
51873
38913
40205
36010
58173
10555
34547
61128
59308
59794
4348
58476
37288
7662
59741
9783
58923
17391
17941
57521
48852
10173
45103
3512
33743
42552
57819
56620
54795
2206
53177
26821
38440
11584
25130
22053
61426
55195
40785
4555
26469
65124
58381
1780
53374
59076
45889
60439
34315
32017
47339
12280
19895
8035
56249
63980
15941
3154
65234
78
46114
45906
29926
857
25267
53214
1075
45498
32020
15490
22156
39524
29627
12264
555
30485
32035
37345
13920
16271
9593
64385
23934
46951
56961
63835
2016
53892
511
34599
21381
33956
35073
12438
42254
52788
22441
12915
55717
61953
7649
12966
49875
37926
61543
59047
55742
51832
39031
23758
21772
59478
8659
29645
6488
9800
21950
32515
50006
37955
26467
12346
2492
34361
12815
31299
55287
43270
12935
57565
37211
21177
52911
33635
62885
25251
53921
172
48794
64393
29179
21002
40864
27938
50805
32419
7429
5417
43425
33110
1161
18117
1206
46108
6147
29148
571
57697
9464
3927
31642
51905
15904
2750
64114
16518
46253
17207
54763
28283
22741
46210
52460
40766
47071
22356
64777
11505
24976
60633
24531
26909
6694
40308
39540
3222
61820
3259
63097
5180
13966
13392
53263
37357
47200
38776
6679
18225
10983
6170
3712
21015
14138
21282
14720
32123
50473
49519
37904
23293
58725
42138
17418
4271
62026
57241
34864
16265
10824
24476
31562
17202
40276
56218
61637
41783
2007
30220
3183
1955
633
61137
58022
43835
22593
40496
9545
4475
30835
62647
19861
2870
14379
30119
1373
59307
8395
6007
20023
1617
1462
41788
11913
13585
50984
51601
53719
12268
36356
61769
18356
33039
23282
664
41211
41844
12821
23092
58205
28256
21885
11313
57213
26596
31383
17377
28793
41067
53319
40945
50076
10088
29150
4953
43288
57176
16444
40016
49434
47528
36186
27735
58713
51105
51878
35224
10302
43011
22419
54469
39280
50658
56094
12043
49586
19893
20989
49945
3612
14269
12704
42551
63784
58835
54551
46706
58333
54078
10920
3260
32874
41814
17695
56394
8378
50719
26868
58157
32933
31942
47265
56056
52566
277
30899
48354
14545
25961
46506
53269
19426
7084
49299
64722
48821
23877
9550
60444
11952
35246
45908
32567
44547
45665
21338
64708
28018
65413
15096
690
49525
49400
34250
22186
10934
11892
65504
53927
21170
35085
8168
15806
25743
13142
4014
3132
40091
34233
23303
12717
38201
22705
51010
2574
42392
371
22981
1178
13742
22809
44572
35217
52510
43486
42322
65045
48226
6525
53900
40854
62660
63930
2315
39525
11882
13177
39760
51218
37643
22649
17927
49422
34426
65334
35656
51977
30449
54741
64490
7019
52664
44301
62923
46574
34281
25927
29672
65333
63858
53712
54924
38522
44599
56961
44413
23434
34813
54026
29840
13783
45512
11164
15812
37893
34368
32985
32083
9800
27555
46624
28172
43787
2795
21921
11942
56220
14067
63766
57661
58580
23479
64014
63570
53902
41064
34164
50378
8654
51943
29922
47336
30172
13318
27989
8667
54945
4224
31735
35032
54072
13230
46620
13011
37721
35673
27497
23642
17339
24480
45759
28065
11995
60911
15584
56466
42259
33783
48285
54883
4559
25901
19765
43036
59476
42250
8780
16306
55585
5030
11111
6251
21960
27756
63532
49622
13288
60579
20088
1861
32486
25921
36084
51744
19943
17429
55553
42590
12145
7422
9682
62682
32493
40639
19259
13793
37606
10961
35624
55402
9899
22497
6560
37403
28141
60809
29739
45672
37702
64074
61129
48263
23859
57608
51762
44795
19368
29781
25199
28397
41741
17478
53586
53716
24534
38472
57224
13194
63290
37567
64243
60
3358
55949
5621
30218
24010
20036
59887
7995
21153
41961
62647
19874
53583
29804
54270
53381
15609
34424
36984
28263
60761
18818
51821
31827
9495
45406
54589
21875
31345
1585
58717
10896
52876
38070
12284
33710
2550
7958
12184
50090
23900
43403
19627
48278
40873
30225
23954
14977
42201
52751
56200
38994
26021
23476
42272
45691
6825
23714
63687
52250
17926
44129
55905
52525
46869
24234
44862
15637
25503
6304
26494
42337
47363
4751
13828
12532
64206
14972
11665
39162
27352
49332
39627
63637
482
32873
55382
7398
54483
64469
43296
6754
47118
17216
37939
22788
54194
47563
47314
11019
57802
64012
37000
54038
52792
7791
26738
30212
23522
42104
1327
23575
40047
58845
51534
16474
33824
30324
5725
7343
53344
31499
13510
20530
15949
62398
6360
29768
48458
60324
59408
24271
35911
38716
31434
33805
18793
10140
47723
9242
37435
36595
30551
16089
1400
53834
10847
2488
15428
20814
42688
59991
46092
37681
47690
64573
6039
16618
12398
18193
41715
15163
25304
39618
16527
57246
38382
52821
27796
12930
12374
32181
42629
36751
25308
6607
17104
38211
24093
25847
13692
42884
51571
25506
15071
20940
20405
24113
33867
60656
56864
47625
15431
31266
50328
12804
976
46168
35283
27600
50047
51441
27603
51826
48351
59154
53784
2621
40159
21212
43798
39222
59622
23253
20564
4475
3693
39252
54268
19454
6734
7014
17374
12634
52459
325
33569
46035
45214
27710
38759
22228
64784
28877
57582
25638
32208
17888
46888
57238
13231
9422
28084
45229
8674
47250
29699
39178
48759
28713
13636
26362
12533
23369
7746
14115
15763
54271
16568
63291
1129
23536
40197
3604
59034
27919
9369
54106
50625
20557
7140
33484
22206
53049
49017
5936
51644
13885
14951
5563
9813
11756
44514
53476
18295
56218
20707
39082
6899
37288
40410
30297
59848
55960
45005
38937
25244
26339
4438
10217
57489
60697
43032
3521
9351
14494
29169
10094
25143
25651
14963
58259
61835
22396
12091
13509
39111
19250
62578
24791
30768
29347
394
11076
1190
52519
52964
33499
31400
29362
47419
64543
4612
7342
10935
25091
19266
6212
58031
19308
31380
36234
38930
4070
50594
40963
56295
4478
316
2719
56580
11229
21210
47453
28733
36641
8499
39540
15072
47031
24656
44403
10767
52775
22116
61412
48610
54739
60799
43852
34
2257
9654
41336
48743
63093
39701
58650
20631
1441
10247
49662
21412
8396
38295
36613
51042
3007
63055
22392
60979
58907
29889
24574
33019
56234
39829
36173
50547
12907
58673
10794
55092
59417
44523
36565
39403
63301
21166
32643
53815
23317
53217
53208
20819
48114
6668
33103
55019
63327
47083
34396
21138
11593
7231
52533
14428
19496
9311
44060
27991
54928
30983
59908
5300
3766
25688
16779
57462
17669
30063
32762
32866
46450
63736
19121
42393
52977
21399
7510
53749
30031
14245
52100
2420
15458
6513
13253
58329
28990
45104
28956
37443
53696
63886
43931
23373
7805
59381
27223
13667
15367
20425
9749
29069
60379
9607
44977
21063
7484
29807
42977
40067
9455
48179
62930
44227
25375
44520
5100
52837
53767
49484
11268
35968
39643
9027
43231
62647
6958
31150
3225
22874
2099
8264
22806
60099
5857
23898
42807
61172
7931
12612
15383
43762
49881
25743
34912
8443
20759
45270
64546
59970
38053
31088
33334
62282
13880
46302
59418
11427
20962
17192
5208
23339
19917
64461
53609
21882
49583
20137
9861
55158
14314
60123
4568
65055
23457
8146
52916
17259
10590
30427
7123
25815
62091
28848
724
45631
15195
38472
58322
52691
45120
26935
5757
56090
53460
50729
20674
13529
26986
45821
52433
22369
53125
60155
7171
41133
13827
54643
35364
35014
53172
26320
38000
11218
19363
61284
14409
2392
36226
57555
39004
62190
43197
19123
18192
35320
58089
21646
47401
48903
26467
27644
37696
34149
44767
5193
15865
59975
12683
49287
45073
11356
27981
58276
55999
4958
54340
17114
18085
34194
41237
9887
11521
29888
57125
55646
57433
33509
30932
16704
26168
17797
19981
23224
4869
62369
16897
49518
5567
10766
54116
37535
13984
55037
38075
1328
14582
32041
26643
12128
1267
51752
32369
9990
7182
59841
61714
36803
49550
19837
44873
38880
63449
62420
64149
12784
57515
56957
29900
14814
4819
51371
28360
29472
34642
42996
64366
25901
61768
14993
16094
54418
42373
61149
19627
13475
44469
24695
44169
50200
30911
52260
25722
3539
2848
7358
52239
8330
39244
20881
64217
11182
27473
9517
49546
47196
30460
3936
32695
53186
33776
2715
38262
39424
1468
45639
62230
15804
55724
13437
56174
63347
49461
6686
7173
3987
17369
18842
21074
599
20925
9051
21572
9424
35062
38889
47279
30130
61746
64734
35416
19447
43099
16487
36691
45932
31939
44305
11712
25289
64247
49852
50160
672
65348
30250
18034
27363
18039
39410
38761
24061
5387
55132
973
32562
61816
58139
9092
56494
62045
11383
52968
35567
52782
6349
11294
25559
29208
23455
25092
52764
36602
59495
55870
39691
52339
10364
7587
24881
65488
9333
29230
18256
41935
64413
112
48464
20691
18095
10327
39310
63742
39200
33133
11394
57643
493
45800
11378
63785
52131
53822
42539
23979
47266
6338
26033
7858
33175
10680
6884
37479
60172
29266
31800
9040
49076
25713
52640
35545
29756
4999
51084
65001
7174
45010
6711
33368
20341
33566
2059
53450
31587
31751
26427
575
22102
9630
61619
22284
37114
40315
52497
43621
63217
9534
60076
47391
2700
40431
39536
18683
4283
33074
59347
40889
55334
7204
49817
59423
19269
994
133
33170
50767
5172
41994
33415
38719
21942
15883
53486
56114
22215
29221
19849
45213
60738
39597
43101
31643
21470
36166
64104
29930
23334
6638
7763
15864
23185
43449
3235
47370
43794
9007
36137
61654
53668
65356
52470
37896
61682
53715
55726
57756
51701
18039
48442
8416
51643
2603
48197
4321
845
57716
1199
53894
24009
31110
26357
6375
34987
16366
34518
34605
59152
17290
14018
52531
52886
2163
46186
2251
49607
28122
39760
21905
6138
31232
62065
745
47806
9928
20537
62847
46775
24192
52703
6449
4303
47265
27604
32011
15856
62698
37452
48353
12691
8685
41627
9506
54729
36971
55485
26139
47768
16050
6743
37340
49513
59657
11245
10935
2066
1012
45730
64275
41026
25282
50526
45227
17153
4819
4138
53920
16620
3462
30297
22799
1390
27130
16349
55220
17475
38991
13277
33997
11158
56375
11424
35823
20208
53202
59985
17164
33807
21030
3092
1300
10488
61851
8627
27975
38501
27965
872
43782
52561
58881
34772
38710
22634
59943
7334
17521
15759
7960
46786
34655
17143
6247
30864
57908
65060
53890
24105
33746
34377
11669
14880
44375
29925
23910
57561
33602
24908
38574
6827
29456
52835
5094
19929
40089
40094
45570
37890
7133
9537
61596
23070
38961
23346
5554
40216
6448
26524
38963
54633
57148
6455
10044
37459
2116
54287
4253
18269
33132
27571
8816
15188
31392
18938
9065
62382
24989
34003
25867
24002
19357
34706
39589
48070
53133
54476
58215
44834
50210
11294
47170
44971
50101
2009
6698
20662
64612
4481
8893
50111
32385
38505
27266
42184
48602
9357
41380
63782
31467
20052
35371
32425
53308
25023
30814
23301
25516
39160
14902
31403
12762
48972
23482
24306
2303
35553
49923
2207
16143
20651
31568
8370
50848
31558
35293
7754
40756
14554
47756
29933
1750
59997
38668
34472
5919
28510
21604
20111
14409
37064
58333
35770
8445
5239
26444
33863
44285
34746
22596
45605
32886
17310
21335
58641
28871
47970
36925
18892
47867
9255
50795
26401
43629
58100
25550
9318
55140
926
56172
13664
51771
27395
31076
49274
60219
12227
59646
53872
40482
20589
10107
36456
17922
22769
12402
39741
25539
49505
28098
17845
51781
3137
26728
53825
30403
46586
58974
58222
54298
62549
27007
22878
20286
64898
7199
26946
65317
25656
19298
63301
47058
33138
3345
38591
29356
19424
52499
38410
32060
19029
59157
14095
64877
25981
32892
56377
48494
21206
1624
40819
34297
55037
13338
31801
34499
13059
56995
62325
18867
41435
39408
31763
32537
47257
6988
39569
63590
24057
21432
35835
30244
50215
11071
58460
63493
18891
18985
54378
6160
9934
41624
28727
20936
44089
10986
16878
6070
26157
17106
21016
35186
38260
61647
25453
52284
50772
47186
27476
62021
26838
11016
63707
31994
39462
15830
31475
26310
58179
36676
53032
1400
35391
64160
36174
23654
28858
18048
51125
62242
30118
43635
55334
50175
22047
51246
36204
62944
31066
50222
26851
59025
29121
37919
38815
60032
2907
41133
35631
5198
4429
16633
59855
56033
32023
47965
23244
50112
38490
48188
50894
57155
46014
2781
16905
55458
9529
52264
50045
4851
51235
39761
58940
52972
63316
22835
19699
29571
37075
25858
30725
15742
57796
42927
56569
3064
24703
62844
856
36283
26559
34602
11846
44207
19695
32294
27087
28047
38453
28544
8768
46937
3459
10686
57466
24239
25032
59992
6779
36477
37301
31077
20284
11371
63608
47923
48477
27219
41957
34926
3272
43380
51156
5641
2868
546
54531
3637
58736
11303
8505
16167
43615
44706
32570
44265
36
38042
23395
17115
19122
7351
59771
43221
52553
7649
41069
43550
24554
31847
62311
43941
14708
51402
37685
2976
19044
49260
26083
41358
25978
56731
19584
20121
17465
60025
11693
20611
19412
17671
20111
11811
3959
47306
15395
13526
51809
27497
12631
22507
26886
21164
15405
49136
42797
42107
64197
62455
2471
44093
41192
20137
43004
13320
36514
16246
62508
22132
58013
61662
26602
32974
24671
52579
7420
22847
26758
44333
30827
5994
29801
46029
16477
19823
46607
11880
10722
23972
18427
14353
20238
26601
52089
5509
44834
53718
9336
51402
42666
34477
16644
6879
5440
28302
1825
59283
14090
50495
11560
15656
27031
9865
21305
10948
20850
13919
3454
6632
47835
42513
46536
10563
9923
36671
12049
26563
6178
3860
33073
53223
32703
31925
21042
64647
63407
12440
12785
41072
46200
43741
37460
17846
6401
63270
4775
13811
41974
9627
60784
57128
15229
32909
63785
34568
42471
41759
8758
18701
48024
43521
54555
61701
22888
19374
41791
58271
57557
52731
46119
61360
12929
61843
47816
16289
1893
64964
64570
25229
22032
40544
62967
21249
2641
4797
5803
19690
9260
5564
40221
11560
54017
30038
613
9210
38419
7605
3386
7898
57734
25550
50308
57226
56942
5605
9041
61711
12743
44500
58641
2715
27880
1967
52397
15100
64864
5778
18937
33858
56360
44749
37160
28740
59982
64847
27828
64710
16359
65113
25501
10162
63532
27039
11092
3628
2146
7129
28039
13293
61979
31460
10817
19278
62744
40597
27265
60000
59095
1987
20838
37618
56602
45357
57218
18946
55032
3361
8215
53816
61102
11428
412
23787
38808
40239
24321
11750
23777
59277
37546
11972
29101
63052
15499
7896
17698
4559
33596
53242
46081
56937
55775
58659
20786
9653
17340
1460
54310
30959
33115
40248
54094
36657
62983
11594
41294
41798
25374
5026
41700
64407
51464
45981
4366
60395
58682
9949
24342
54519
64666
60837
59411
16400
51864
15495
57683
14503
19203
32461
45813
26185
4207
36917
20324
21382
16130
55423
24506
35109
8664
2338
41030
6063
43464
1699
10902
57069
38480
16548
4526
2541
45853
30772
61642
26903
41891
55580
5907
53296
3235
40922
15100
26356
6717
9349
42786
21129
45643
1420
7122
36000
9569
16966
239
11734
23903
32663
7181
12982
59798
55259
7543
15161
25461
46358
19367
17352
57506
50274
11510
22230
7270
2326
64153
60725
27893
60271
32062
18133
21002
63187
32819
6164
48565
19782
13612
31858
47290
41578
27704
63984
30000
7965
40760
20310
32871
49472
61506
26011
39978
22380
57078
6783
64998
44275
62288
31623
23598
63545
19797
64889
62824
53718
32657
41726
43085
11718
25423
39382
48709
24060
55535
14802
14087
50858
39003
50723
58793
52408
207
42654
60539
23865
61107
56778
49348
45569
64372
23771
61044
19948
15909
40652
62500
25081
3383
44197
39828
12371
60287
24340
10513
61290
52653
43733
34466
65490
58427
55381
43417
13691
44623
22907
6560
46173
34717
34146
11840
16142
7007
63549
4133
12713
34509
10712
45071
63395
9933
16115
13778
37401
21456
38674
24439
52227
39938
62709
39159
38978
60658
51915
8138
41161
55158
27441
54936
42956
25267
2436
1664
43302
12817
10718
6257
48658
36995
1446
42029
16322
36102
4793
30538
5072
42049
40458
61561
55866
16933
1757
27467
47129
50772
50172
57869
24337
18805
48730
60057
52715
10238
60587
23031
57875
65277
52638
1306
21794
52340
17450
16008
24799
63019
5202
19749
21229
29182
16893
65461
35984
7544
48218
63749
10159
4627
29000
44135
31351
14096
20400
46110
10991
21309
50285
44398
11228
3475
58984
22265
38093
61663
25767
1840
24580
23826
31701
38297
42489
42420
33916
12088
28076
43276
2978
30275
47069
32158
41492
31355
35404
46109
11603
46309
3060
13505
27752
61111
18189
10552
46134
50174
12809
9555
37012
5420
33757
55867
34245
48583
8764
13642
7925
27127
37732
46701
1387
31378
43990
27592
43966
43513
35123
37743
56085
29118
8698
57163
4721
59422
7421
63954
7217
11199
23833
43958
11896
48241
22477
5403
65445
47844
42645
43365
10541
16503
10007
57933
45130
51966
3670
12537
14424
38357
879
22673
31159
44206
52988
51683
51192
58670
63611
45964
55114
12021
9895
47282
26668
10796
4573
38968
3187
50207
25858
48540
6680
51674
54539
18110
125
63493
58295
62006
33195
21107
26267
49955
43658
41124
39451
27349
13724
25965
14418
44428
45856
22046
64285
32772
12924
63814
42144
54937
8983
35295
34803
7670
47032
43199
52684
34306
59450
46040
18513
45692
11057
61269
2783
48381
45683
38671
44024
61765
22066
21604
3782
50456
31498
25549
63252
48349
16102
737
55143
3010
31923
53154
16071
28371
30700
15219
16393
44626
28829
49989
20392
62645
34394
14690
48191
17300
36656
61495
54702
34007
17284
36934
61723
1334
22723
18597
6755
23456
37316
46332
59913
53187
28647
36941
26359
20636
59614
21149
52119
13110
62522
15976
39731
23665
25130
64737
24475
21462
49822
46798
6500
16857
14362
16357
35862
55190
12263
41368
65413
11967
7093
47520
23562
21906
22179
21440
18785
60868
44222
54368
56944
11663
16188
36789
34478
41856
42983
28204
21595
22238
27573
27912
9953
328
39586
2273
16439
40361
57639
5094
64535
53861
19437
43419
54245
10645
33585
47510
39328
16110
37474
63092
33685
7593
52152
2470
23591
15825
17528
4681
13538
26829
63974
44764
30057
29434
19030
17108
65129
65359
6983
31872
19196
33529
58936
31732
47246
65010
2048
62765
53890
41327
39556
36715
54663
17077
54161
51256
54079
22113
2166
47955
47860
19941
14962
17101
31429
14386
55734
32969
7621
44372
57431
4589
21815
64313
43247
62640
45915
43205
52173
4856
23554
16168
40414
10619
16077
58664
51965
3521
63102
2207
8274
11303
2756
52718
53402
17024
9031
56744
51425
35633
42282
58148
60354
42863
19461
63669
53077
14407
22152
22800
39793
63645
15907
12518
31442
37029
10389
42729
38831
52749
6366
58758
38810
30312
25093
23576
42102
8305
51859
45791
62877
14464
6614
4626
59829
61609
1712
24639
48706
18616
35365
41648
45850
5059
14499
20869
27388
63407
23850
5835
8965
21542
22210
60084
31506
59552
29245
52987
9337
64386
24487
3721
50089
44398
1128
48163
29777
37898
12434
58236
7521
32287
3747
42225
15910
43153
40139
35822
11420
56713
53205
14640
16948
15471
52249
17840
40704
57723
39800
240
30817
59289
17743
50129
51150
59380
50543
9264
14005
34333
5272
58061
55804
6441
42970
13349
49853
2144
8758
12871
48562
16095
39491
34537
5266
45924
43332
65038
60858
26868
53057
5725
52502
645
37525
14310
59553
40544
5412
21883
24995
31963
52046
49862
11169
2815
38538
14427
50500
36678
36706
30581
9778
44710
65338
26556
41580
46340
39204
26061
58906
47348
7456
2355
6512
48773
62161
12954
16061
22578
8851
13414
37299
21536
14810
28251
41572
29760
30082
9366
31592
30763
40206
55968
19337
50839
9144
1378
27229
12146
43792
20787
55901
33703
27972
14081
43263
15416
36428
45782
46687
6303
25813
42024
58058
2128
16057
28689
63822
5963
38976
54615
6042
233
1506
36835
1774
8574
39015
40672
19903
3586
6089
4582
53864
906
36538
56380
52867
57140
20406
24041
27241
25159
52934
4951
39800
23205
5268
37866
19751
54191
46579
62990
1094
3253
2144
49593
26066
4546
53754
2194
18126
46405
27985
36196
62682
61627
11693
54668
47346
54303
1166
38024
18449
62640
34080
31347
24549
41325
26454
40718
7394
55824
58713
51782
44024
14160
63724
34717
62304
28565
55533
13793
37324
4846
6591
64800
3790
16765
13132
21186
30875
23675
25992
35467
15615
4469
27192
36442
21492
51599
64029
64031
40453
25960
38067
58730
5717
8847
39400
35336
29560
23375
64157
57257
30577
18863
28312
6844
36854
63263
11533
31908
44758
40650
21747
9560
44456
64559
39939
53780
53628
26339
27166
40916
29405
16889
32438
14480
11158
53250
31572
22243
51481
46491
30696
60312
51826
12873
13074
33781
13739
61630
53762
21751
11787
52502
33011
45932
59762
39315
185
20563
64568
12838
48679
41322
11918
62138
8126
34718
39307
39297
4736
60385
26719
9221
20817
44462
52178
31828
17793
29395
8147
27501
11996
40470
44989
54798
45921
20125
43185
17668
20199
46954
33574
55703
49998
41894
44049
16045
21419
49142
2782
58331
47304
21242
38107
53601
46752
4284
28481
55809
36471
1984
58984
46449
35861
34284
14572
64883
14551
53613
42460
32660
32011
48609
4553
21002
10857
41230
12399
37255
61090
18588
4938
60867
53424
27718
63839
22735
27333
44404
61419
2720
49275
35069
5987
46051
33665
48094
9716
52760
11068
10920
21715
23128
4037
50643
57443
1725
37845
27513
3777
59750
38459
38698
50767
51485
8906
35556
34537
15053
37987
34286
58282
22127
1312
38488
4758
3508
12511
20950
45214
56490
10974
24925
4941
19534
61749
15797
51173
37948
63214
53216
25999
30031
18472
29992
47422
24766
30651
54795
14194
10102
52389
53193
8570
40027
54151
18685
1747
21086
34287
56849
40854
20351
7190
43052
37239
32058
12082
10089
62331
65495
59390
25597
41029
1950
53030
50387
61544
35207
7146
56313
25591
17070
64604
3089
48899
58898
19048
28379
33363
9115
1953
33839
57409
44739
43849
78
19982
38046
38202
30370
28817
44506
63602
38507
36142
17151
20987
39939
1807
8201
35289
20653
50169
62000
37836
63566
59044
1036
53025
24790
33052
54056
50559
58458
57607
21560
4054
38796
49078
28910
27142
28829
11524
38340
49736
19594
58198
11146
1374
44826
27640
60522
30062
28069
47568
46379
45776
27895
52208
28799
11425
38278
7772
42414
19037
14157
16844
5381
45219
59495
20911
65286
57733
51352
57203
46559
58270
29775
55567
48379
18941
23704
40774
60402
26846
35841
59897
8881
37819
31929
5653
39205
46696
14940
30823
678
22795
48747
42613
26244
17473
56977
15019
45752
28333
1880
35660
52806
13205
51037
64007
27506
8778
35143
63
49743
35024
4844
41395
14304
5173
11056
26886
39044
24641
57834
19296
26953
28108
19421
59186
20408
16582
63266
30397
22745
25569
42964
22458
31397
51024
59105
37573
23999
57299
57717
48099
3093
55949
34695
54026
6762
22972
48157
16840
12046
27850
6425
29914
37687
39085
9501
35610
60166
11881
44613
49793
18940
5907
57631
46218
30440
57391
57779
50077
37660
54303
28379
31438
27732
3414
21374
62636
30670
9412
54820
35167
26726
25419
29172
51671
56921
12185
13680
26368
31116
51427
47217
23372
29554
54541
47680
43793
25416
49799
15084
44635
28021
32885
37587
33644
5426
37579
22266
16053
13877
19812
40040
65492
34752
23700
38092
3051
4431
40031
31794
21476
42387
27081
34018
24141
4563
65143
58755
43944
32570
62841
49044
57491
16207
11036
9213
65138
8061
40
50090
48286
2394
48577
51
34171
2227
50507
12366
60155
29329
38782
56651
16521
58936
47120
49363
39825
43795
6877
21597
3081
18931
30758
48529
65314
33458
55025
22171
29999
13881
22929
34378
32328
48087
63824
16010
32038
29057
56571
3819
41737
32682
11652
33785
45000
2619
10330
2082
34241
12113
59188
12299
37766
13042
8204
8634
18521
23634
13441
53770
59399
24852
32711
45608
33805
35361
14740
27565
5071
17559
9039
3332
44060
57679
35976
47113
19834
21540
14851
60323
56754
23895
36061
9469
61317
54607
27776
15038
4814
39375
50370
57804
28685
50468
50026
469
11682
35354
42507
19507
27578
1568
54453
60517
34883
40845
9191
26156
14568
5359
6911
57028
17108
41910
36131
49361
11568
32770
59921
53617
58632
15235
34472
18534
161
65300
8312
41549
29497
20016
51795
43275
32
45138
6491
61429
10871
23908
52368
53879
16074
29761
21936
31610
52015
40073
62656
5861
13126
10017
20092
29730
54658
15311
23271
7339
27567
41399
59048
45079
51278
53060
54502
64192
42985
48574
5490
4371
21814
33061
51407
56941
21540
21138
15968
19326
2046
28220
38366
49567
38152
43005
63366
42858
22480
15746
62304
28041
65074
30810
13169
39365
31613
40138
6157
11363
46554
45661
27886
25092
33838
30039
9644
49593
22360
37429
8466
22792
58932
55491
20890
42144
14221
46231
57966
1176
41187
46498
17122
24293
57923
56992
64160
51125
63521
36532
30106
13560
53859
63676
14720
201
28251
23224
6059
10243
10694
654
7749
25624
40768
12270
53108
64424
8479
8240
63361
52577
44740
18344
31236
7318
61844
26596
4380
3240
3594
61074
2647
31932
50942
2078
4285
20701
2996
27141
15824
63756
57688
30160
11664
45628
42959
19115
16051
61719
34381
39605
9073
37371
37818
11696
48728
29020
17613
37474
19083
29472
26189
6981
38294
55365
55193
7514
38197
46600
30400
2015
24900
33049
32780
55661
13597
33604
7547
44114
63193
6230
28839
39070
363
35174
56857
9205
53411
52715
60065
1254
12887
54838
63649
48678
27664
49393
34379
50933
58536
32784
4688
13781
29248
64516
59393
26566
36040
2796
33230
32649
7254
50094
58230
36962
24552
61212
58717
24697
65086
13311
11578
9656
53039
47853
32470
42764
52145
52976
58064
50344
60338
41089
57519
8013
40677
38620
10736
12332
52805
58800
33478
58426
4724
21
264
11536
34545
22366
31903
11502
2241
19100
26131
12553
41504
44130
35
61660
31101
42081
6531
58265
11456
12503
23237
60840
56670
58969
37286
32904
9652
9951
25834
31859
64304
18260
14860
48241
1599
28080
59281
62914
38823
48348
36364
16707
9156
4054
19644
4633
27160
20278
30603
44279
50713
37041
54407
26199
31347
42731
37897
40521
26459
12686
41603
60763
6753
53475
21206
29095
48065
54501
42250
30076
26628
58368
37771
63248
634
1901
25375
62966
19679
46891
50454
55808
22550
41380
39423
35575
3613
10293
15177
43281
47876
2334
14093
46916
48174
43145
17118
5609
17086
23955
33456
31958
59018
8501
40178
4967
60135
41040
50622
62268
30220
14882
40954
8226
6858
47528
900
15120
32762
25653
29327
2378
56358
16551
40043
17444
48301
19737
35714
38989
18299
19212
48871
21570
28486
20026
18344
9173
8231
14240
27816
21827
50
3541
10469
24387
63309
34132
21313
42222
12056
3224
31368
26870
21459
28780
63639
41486
49356
6752
45333
41360
10738
53504
62362
6455
2053
53958
7687
44948
47541
15890
26090
916
17514
24883
21461
13786
366
55939
62698
44363
40989
18193
8429
2900
20060
20676
226
16808
44144
58752
48677
27269
23120
18280
43810
63452
22218
29424
46217
50652
55022
48176
3737
31851
11935
35338
33784
29887
16299
24293
15016
37043
57107
40153
64367
9340
58693
23735
40362
23243
54160
16620
1917
32726
56066
41736
16741
49033
42991
44489
58163
9608
56802
2146
27602
17797
52321
26062
7069
33968
11619
10475
52561
51720
53308
62657
11822
46106
13801
14991
47587
35207
38736
63547
10101
16818
32103
18388
43895
12390
53527
40430
37797
26998
18450
39275
65467
1583
45991
8022
51325
57198
52841
13206
18539
34594
15462
18393
62949
21849
16683
62234
46923
44940
33023
18994
25596
20166
37341
16271
60205
523
3875
39418
31098
45100
30851
65064
150
28869
2954
4236
23281
53142
57993
24346
34959
34779
64467
2962
13575
15802
31052
34388
50720
43048
4155
12162
17982
7446
44432
48990
24393
58533
33573
32934
3634
25965
17911
1715
53682
61381
22571
48944
29373
9212
36913
42568
51387
11416
26045
50135
7838
13853
25867
64646
33491
12254
48743
29855
1585
32175
6912
30479
25616
40964
26274
13315
64981
2241
60434
34157
39357
55267
54027
19141
58961
3586
13883
32870
40816
7112
51418
37772
30825
16988
45953
45956
13221
50501
34163
46278
22489
1846
41079
8142
35621
21026
56254
41272
55843
23598
8442
43984
34378
32273
50085
55633
9796
54990
30097
758
8921
41444
24818
20858
22145
46808
6340
54778
55977
29447
5163
54373
49619
55538
38368
54528
156
18976
25585
16440
16358
33714
50611
32889
39101
8030
5905
18713
25042
48899
38343
31822
5512
45050
48768
18699
40687
62071
38271
35586
4193
27994
31713
56041
14307
30781
4601
35022
9584
13737
14943
48798
10429
19577
22845
52694
11033
41455
9074
25354
29771
14180
41868
62006
31988
9558
39044
35717
12784
16881
47836
40996
13562
63789
22631
24701
52291
28934
60511
52482
8175
39714
41756
44017
31046
1900
53102
29528
29492
32877
61996
51251
58686
20678
9054
29400
6546
32802
1540
24104
65035
39220
17574
10800
5328
38662
46686
18583
44283
20813
21214
60475
35884
51713
32656
51198
62288
53183
56458
24567
44646
14940
32615
55547
63582
62587
11677
42397
26470
63917
19257
181
19291
43267
32270
40114
863
29220
9125
48129
52978
7604
12377
53340
41083
36921
25893
62917
16463
53342
48569
12805
43868
44161
54109
12265
32698
45256
19950
19006
9900
56235
11826
28454
60140
63679
59673
31239
17798
5502
24073
34711
25864
41730
12615
36753
60008
18758
50447
40283
57977
559
32260
9232
39400
30665
31386
17358
10415
40365
48153
55041
25591
35109
19019
27727
60805
17965
35539
33577
46167
50068
4576
19925
58337
47091
32169
45629
34931
3601
23082
52743
63794
38420
60585
64334
1137
23775
60448
19058
57057
1088
46425
47328
30642
54524
4501
7676
62894
39679
21448
58119
60831
20935
51497
51904
34040
47094
23722
37221
31932
43332
35589
50287
54658
12097
6945
18685
31322
44292
39722
56455
35278
31516
25165
34085
31685
43423
36396
33455
14565
47744
14039
42215
12258
38095
36596
9649
39808
12353
63681
36542
7127
14046
2037
46208
586
58685
12696
55185
5644
6555
29507
61977
43704
45942
19347
22319
20345
58402
30103
40617
50306
45038
34925
57018
43854
4374
44847
58819
55588
36922
60641
32179
46503
42641
23332
36546
34451
15858
64340
60871
60103
21495
61790
21280
18703
53502
60423
9750
65074
27135
15231
46365
31012
584
26314
14477
27950
31543
63481
14194
34699
40355
25253
31043
27055
15845
31306
12379
45946
276
33171
47657
30857
35009
43307
39272
29371
29871
37242
64932
23581
8855
48753
17539
29438
14178
53761
2387
32109
64922
53755
59182
5336
64807
40380
2862
7712
39000
52837
30277
54576
48150
23688
28487
29000
10414
6112
48997
13919
64537
32193
5434
53627
34162
13846
35397
6414
3347
12619
37119
60711
63913
52496
1474
49460
1343
48863
26203
8042
652
62840
22827
35783
31857
65364
64726
2182
13779
16735
24791
30014
28058
59190
50312
29102
63112
30237
32255
16089
30321
631
46294
46012
9392
35699
50557
20946
50728
39345
43427
61497
17939
61000
6486
53955
55349
18360
46476
6268
22658
52261
46153
466
31703
48130
5746
29361
5800
60129
40160
31529
8933
46257
8159
52690
47353
8608
61526
30045
60527
63579
29240
4872
48522
28097
48317
46903
52901
55807
25885
595
29034
57842
45230
52565
8438
18867
43963
41642
5142
17612
25330
47515
29695
59443
61415
33472
17044
42887
2314
22898
52128
7628
11394
10058
25676
62715
10465
15683
58120
38358
12564
37239
16680
6496
37568
55490
31410
49838
2762
55447
30571
26198
33139
63023
54257
42365
64449
30562
6242
35316
25563
26467
35337
24533
49083
2295
50558
43049
48088
53478
7208
14586
54376
35286
60971
59801
24087
58244
52305
61469
51093
20423
18844
37065
64222
45656
25707
41382
24157
13284
32683
22280
54705
3088
45649
28235
25019
22269
11658
34651
39224
50792
42377
55662
24374
55546
49328
24659
44814
35628
45949
20271
28567
2646
51966
63843
10158
5956
50243
43299
11359
62321
45590
54501
3824
60931
55217
50679
19614
50634
18748
19553
51459
35067
40476
44001
1024
29488
34942
15003
48224
57750
21448
60740
19526
49387
25838
32160
64398
14317
46750
59407
8964
32370
36041
61500
33438
53824
64289
49583
36411
11108
33870
59547
33311
56464
40809
41619
40567
34146
55851
36686
25712
23411
49864
24630
24173
29215
1888
45783
61836
51503
5363
15919
65227
1029
14085
54412
26852
27228
41686
42781
4623
8912
49596
6475
21822
35131
58553
44270
618
26384
17362
23922
22928
60092
48874
46568
23477
7346
22824
28736
51747
30951
774
23756
55382
6151
8272
17215
36438
56793
8362
46482
32112
32019
6787
29953
29089
61806
20950
37734
5186
20435
19735
31751
52049
938
26984
21389
43398
17659
17291
18333
27077
35481
30143
12270
27712
23765
33671
41955
42210
43171
22707
27668
13094
50706
35816
47269
3384
25322
16685
33930
8767
26680
18415
55937
52035
795
18640
14612
2899
23777
49872
34863
10943
51811
62795
50459
39542
36011
45871
19891
47819
10520
44189
33263
7127
8338
5903
11050
33034
44222
41778
10714
37030
15772
15936
49060
21881
17881
51637
60489
44706
62183
59397
52452
7271
12516
11941
26930
58478
53421
10408
50063
26683
32658
10457
37909
51648
8654
62921
23794
61518
46468
17453
51174
57268
34364
51412
35647
43727
23121
34338
57988
18390
16905
29418
32738
56286
51559
8129
57045
55275
59516
15434
24202
48930
22942
22192
59084
64251
32095
5379
11911
60792
59511
58381
33375
64566
58005
61166
49571
35213
40161
493
12442
3290
15796
46317
15476
41059
1559
27876
65064
40361
30200
32043
14521
60948
30209
20748
4201
2451
37903
41668
41562
49489
19447
5509
65476
27844
58854
35190
50769
7362
14150
35818
61126
59765
6505
5343
47574
62407
37339
62555
49709
11316
7850
23587
45811
21732
56841
26710
40706
33543
1354
56155
10933
61396
50961
63590
18219
23816
24820
1757
53226
33150
35979
19867
54013
56680
15519
26426
42911
32265
27920
42700
34976
45890
18720
26288
28285
47832
59080
17208
60562
16548
38027
59614
54767
28488
36059
46120
23650
19126
4014
41133
51823
40244
61870
63806
36209
51130
6380
17378
36465
23126
18512
58610
23655
33682
35145
33041
12945
11661
58027
52751
9210
3110
13677
28494
35281
12671
14119
57514
55755
16089
30266
26926
36721
41589
53162
2196
9853
37519
2073
4202
35440
4645
12718
32490
29986
45498
19425
26748
11713
57498
16290
48476
39988
1304
54743
13508
54753
20070
8249
50606
45302
59011
1395
13602
41819
45088
49599
25826
25562
54129
3561
17981
53588
2170
47477
6205
32414
40753
4976
31131
50414
30326
43933
34544
29706
321
49689
64730
1115
9940
37396
49000
10100
43120
26514
58062
38942
897
65055
38373
62270
59756
34145
35498
6853
41234
10414
61911
57370
3726
6922
24355
21010
37450
29200
55408
59656
22294
21320
24879
51950
56909
32782
47572
34810
19157
33923
53767
11324
17987
41215
51281
63167
8954
49501
26480
16097
32281
7345
21704
3191
15184
7711
39451
8781
33859
56474
35338
10385
57603
24432
40621
616
13756
45240
10604
38132
13145
8833
27607
47962
20310
15087
25748
31130
65469
3633
3090
39254
31843
28105
28875
23101
13616
60576
31301
62011
14707
59086
27543
33086
33674
24132
36371
35697
41159
54620
2663
3441
31799
61301
1539
15116
45787
47887
13622
13729
28101
61868
37098
39277
10491
13476
3720
31080
15954
46579
38965
634
56231
19663
846
12359
12246
19912
32593
11063
56172
18902
39048
378
51623
30061
9268
25032
38998
18063
50286
11749
35117
7179
35897
16828
22665
41988
47407
46303
1151
45328
56734
46145
9283
57981
55075
29445
61844
64001
17079
55707
34192
26748
9188
65003
35533
26505
46915
48756
9527
4302
26538
4123
6101
52623
34641
29998
56012
61273
63182
39877
18137
64532
25907
32446
50401
35284
32747
3575
43786
624
37075
38697
59626
60491
12815
52073
59704
51562
59435
9502
55723
13843
24970
27511
45262
58525
7116
44072
32625
8614
27561
48981
18083
44163
24258
43847
45627
52465
1496
38838
9929
33033
12888
59269
52047
31211
45865
6337
63571
16816
23000
28158
38190
48153
61683
26805
30611
32134
50821
45733
15755
42837
6822
3550
33430
17754
62304
36406
3855
9259
22767
7733
22216
8141
24787
31398
19055
34223
48576
36539
3154
60533
9862
31032
22090
16342
40766
2381
12423
33942
26956
27588
49944
23661
46507
46067
54532
18485
27401
52502
12352
18665
29453
10660
50318
31466
32805
9997
50851
47363
5002
44889
33907
17757
29608
64552
11370
13335
17089
563
56756
45121
24244
55512
53661
37314
61834
56485
46562
27181
25375
56582
43160
29808
33925
51925
29340
65233
12223
50128
62420
11136
4239
45387
49570
49060
5299
24154
63413
56669
62993
64018
40812
41939
42664
63677
39950
27441
24807
40885
20431
41553
40540
29353
35427
8207
37254
59106
16428
54854
34250
47
37895
63165
18797
4718
56480
60950
8018
20896
14532
45657
39408
13722
56661
33463
13735
47440
2760
9931
7441
31201
35344
31342
11450
46091
46329
2978
29274
11517
62168
45243
13379
33889
33473
15633
60258
4373
53746
49253
41015
7178
45554
45849
32964
295
24930
20221
62621
41269
39536
57683
1724
41600
16508
35333
44916
14065
40870
12616
5267
3962
54686
39611
6958
31456
37562
31904
17201
60666
37673
39001
14555
48352
10863
20543
26467
48133
60351
57592
64155
4638
18199
15665
22433
52276
14342
4590
22748
11770
15479
22679
42049
36345
43081
52088
428
8583
16670
25296
28179
12837
31018
55744
3219
12559
20809
41938
34175
2077
1041
8721
54180
30470
48915
53741
59053
8085
12066
49877
32327
65424
19366
13980
30569
30353
35357
51621
13072
49829
36290
19231
58840
22713
10408
51081
52879
22430
10788
21127
33400
40719
11138
33686
36100
43484
60238
12628
31977
11255
59237
24840
63949
61849
56566
10073
51654
50681
6750
41629
52694
9339
15154
61515
10017
17692
13874
9307
52081
25737
64914
44233
4732
46822
42988
39594
60155
4991
30069
28071
42687
63530
37249
35600
62319
26982
50097
18292
51052
64421
31054
13405
39822
41895
12221
51281
23633
26588
61838
6265
65061
43319
17286
58123
25566
50081
42025
29024
48774
47905
55861
4512
45826
2022
60006
52445
57240
13257
14511
27109
31546
59883
43715
41728
17076
19845
62328
268
17338
49190
22990
6886
54689
15296
28376
30201
45346
40583
12114
34889
61954
7521
22727
3023
17016
46686
41814
63062
55695
