6014
44270
24405
53426
23386
27118
54839
22717
5893
64907
45446
19316
62721
22801
931
29010
62325
60910
8067
32393
53757
52165
44515
16417
61369
32705
64060
27319
53855
38754
61623
55200
64293
17032
6976
46467
14325
53932
41362
6190
47822
12142
43875
29095
52787
12933
20480
41751
58722
15017
24136
4601
40193
57125
20883
11577
32430
47092
47695
29025
3312
49039
56985
20863
32238
33543
9825
54390
26555
28967
39447
54568
17155
1089
3279
57988
36330
31315
18589
59465
25480
58699
13417
55706
55440
26498
10535
42370
27841
34263
7148
26192
16407
60038
55064
30975
48276
44679
14232
38313
23941
23237
34173
12644
15714
20465
35977
61004
64225
35068
17049
61669
59142
47301
42159
30971
11745
59868
38237
32432
33083
53396
50655
19719
21306
51049
24358
16480
2601
64847
29576
44518
3280
918
50663
51375
62337
56540
60749
16679
2571
7376
24008
55862
5235
56018
29188
26183
32054
39017
43464
58134
8542
23123
6656
15525
10690
39732
61302
1768
24148
48578
10585
35597
10554
40637
2918
34322
37340
53541
13941
54901
53050
42038
11172
30451
19730
35771
5139
28160
1427
51317
33596
9559
16964
41066
3152
19128
10866
48217
57914
1506
37945
46366
28937
12159
46737
25363
5534
48720
49962
23945
63162
60613
35489
44784
46200
52294
6735
40014
64326
36884
3396
8728
29203
15668
57517
1006
40650
58631
17968
26116
1835
8064
3696
46426
16361
3026
44979
56161
40373
6611
32574
50205
47043
61313
50206
64518
2933
51807
8400
50248
55510
34021
64383
42062
26292
7198
56801
22900
51396
53470
31610
63107
19439
63188
63870
12287
52926
51775
17320
7751
15563
50374
36431
38348
11180
62514
1813
33297
47113
32752
32593
5729
19362
24769
63504
49262
11913
18399
45955
34252
53603
20163
20360
37007
36404
49549
51893
3981
54231
12259
1535
8144
21709
20680
12632
45720
30046
40886
64375
14275
20359
40185
26303
53857
63276
9363
3742
56970
14167
44043
43185
15692
58561
6741
12946
39262
9867
63701
25137
55144
63459
21373
50336
31598
62485
65085
3881
15497
46524
2651
27379
47302
100
2952
50836
30076
51972
53193
53178
63057
4817
52054
12918
62180
17445
13281
18414
13120
44840
59027
34528
10305
37821
63861
18068
947
16661
40359
59738
2277
33707
40247
7222
45227
16612
51662
50433
63458
3067
16484
62574
47354
24843
41866
15981
50499
7938
63880
59315
49122
30515
9376
30175
14314
21223
2253
19229
18573
40493
9888
16064
15341
56765
25558
57655
29459
65317
653
25049
13405
9496
4797
46214
6881
60868
32725
45130
48338
18611
33891
46524
60024
46868
56680
21525
4710
58413
40399
37157
18611
20239
6552
26415
6278
55199
19769
2276
38492
7653
52750
6429
42690
27493
28629
32543
64027
37654
56893
16716
54682
60792
11992
4176
33629
22461
32819
16108
1244
10442
2224
16781
12477
13601
35298
31627
58060
20492
57846
35595
48822
952
51891
49801
37862
13624
7371
51761
39063
44514
63234
34023
17563
61856
2905
37112
16041
61999
22350
6142
20056
41348
6917
28199
13814
25012
65141
44625
31486
32741
17926
7692
39709
5567
5527
38841
11854
2944
43651
38090
40514
22739
47613
2108
3016
25885
4816
47224
32748
2064
2983
33119
1410
22844
5815
13388
44807
39948
61036
22738
50343
42464
13796
15689
32472
48384
45778
54247
35297
22096
53551
41891
17758
42408
24211
39024
16047
4668
64902
49420
13092
64311
15955
14972
47282
58946
42906
36766
14926
17578
38216
18467
11925
24009
58607
48903
21845
19176
11597
43404
7451
43893
23949
63971
58842
19351
55764
43858
9878
32311
64207
50574
20460
33378
45455
4472
61518
32292
61662
26889
2100
7402
63941
44785
60204
38545
29590
42651
65105
64052
41236
56461
60572
57749
15011
23962
8089
12833
15549
31180
32101
26916
54122
6482
43596
30784
32397
63056
40585
64623
2270
58774
2614
58020
17563
43225
49676
60152
19886
18738
43287
3436
41766
52584
12825
23212
36073
1004
50670
26523
3251
45886
8603
60280
58758
13975
46967
17633
50355
63597
53845
1337
18489
7020
43202
50806
24620
3324
44475
15092
5145
46739
5371
25964
65023
59926
16577
63907
9195
59533
34701
24842
9388
11393
63368
48501
33456
38543
32156
5969
63673
5028
6842
10081
40777
16647
39085
5960
43878
64726
1851
65190
59456
29432
29929
23041
20596
10696
12196
7996
19930
25635
48927
14978
40029
37894
23860
55560
7386
5933
44566
31877
50559
49981
39633
57224
62326
56002
40472
59958
55686
26189
30117
2354
37864
19009
51110
50797
37923
13074
41687
42872
49202
22882
58185
63266
42232
11561
24708
36447
26965
1786
56024
32419
38401
11101
31381
53906
24458
9516
21845
58316
8334
1417
27972
2655
24136
56399
13824
63401
42002
14166
5148
15020
29519
6574
9657
47985
32629
35357
8673
57846
47365
17472
61780
47005
52935
14727
17980
31618
24955
44573
60598
39919
25118
36262
21408
19296
32089
9389
46402
9412
17454
2784
14081
41893
35486
2727
9265
12741
52231
57160
60328
57441
45725
29156
23541
57607
5286
2606
49086
19728
17054
2056
44658
34715
46352
58014
22439
10170
61226
32148
10902
4336
46750
22342
39733
65274
16479
14187
39044
21087
14792
5383
41046
41909
16186
30389
39729
31152
7700
26942
63038
62604
6273
27644
53136
45127
52811
49268
52451
21300
54865
2289
47675
44713
15160
32890
61254
54040
14424
10140
8983
14864
50989
64956
64
59707
55756
36858
56367
35000
13104
162
12058
99
54182
28085
737
17374
730
56821
8702
33209
45641
9260
30386
4586
30913
28722
8414
44154
3579
45516
26304
44943
4407
32431
41848
32024
24794
16291
35796
23167
11442
6311
36946
54270
8965
13303
44325
62627
1028
52146
42665
7290
14008
64
27581
507
65357
35429
47201
20913
35011
23342
38740
13324
15511
19354
37404
32483
48130
25890
65253
56365
53642
603
669
36539
45075
41231
60672
11487
34109
42962
43807
57523
10674
47326
35513
990
7021
5591
1241
9663
40197
15053
22167
32739
15896
3343
41650
45126
62226
36693
40053
33843
6527
54439
42329
65481
2624
17603
44609
57484
31803
46087
38688
30296
59444
43963
48932
23135
24636
1533
6129
46643
50108
36805
23294
28971
10824
16383
3613
53243
23222
45404
9269
51780
59601
31383
28782
45850
58361
21862
44204
31774
12885
42447
22134
36914
10117
9633
17510
45300
50989
9946
47166
29637
51281
10644
61530
39778
64529
53298
50970
16635
12721
32841
54958
33362
50956
52929
24000
60852
10340
54816
31793
48575
36522
36168
36606
25394
34313
32162
33862
34074
26065
44515
58803
38023
64093
10279
48382
35982
10466
17463
54152
56744
59805
15964
47343
62124
17627
2927
64946
42129
30169
10490
40729
30664
9220
64102
40438
28428
29007
57258
61955
47451
9099
12847
3147
24424
16051
45774
8776
17797
28297
37030
34085
2941
13954
7594
52766
2650
29810
4366
9942
50313
54834
39761
58888
29282
12079
10238
35798
53979
61318
35531
36248
16008
58718
48570
46169
30973
12604
2070
28689
15933
51038
9272
37658
43632
44499
54031
36596
39212
1231
50919
55364
25632
31966
34708
1403
59334
44379
4487
62061
18375
16869
25029
14377
24748
9660
1905
52604
15549
29124
21363
64390
7219
26394
64597
59392
9488
36215
26687
50103
55814
60041
35682
25576
40953
53743
37439
51560
17138
55984
41774
15647
22028
51861
27431
21396
44351
21677
59281
14901
47510
59511
1471
7464
57770
33614
6028
30585
50281
53159
25938
61611
45900
37679
44601
59208
15795
17341
34134
20724
9163
5645
3883
37304
9514
31851
47671
38031
33028
34281
62356
57362
56150
5890
1371
43097
26166
64
32331
243
15715
27387
44917
27895
9592
16535
54281
42720
20981
23211
38608
4737
4328
26343
62296
52035
29412
9963
56551
13827
31575
22835
23008
14864
36752
48830
22430
27403
45249
56608
21541
40988
13818
55928
56568
59063
48876
61903
7970
55493
9924
34570
39305
34575
16765
27194
48435
16214
42888
17487
37593
50186
38855
20003
59424
21326
62377
18484
32879
14620
60566
21195
42807
23458
33399
52852
40013
27865
10884
17491
25359
28033
4875
2396
769
56496
4725
56967
56148
9589
26945
1300
57899
2013
58303
14237
36262
18760
37361
2685
58436
24514
24228
31318
2080
61553
34953
21779
3552
23191
37926
1473
34268
25496
31825
20869
30854
36319
54625
10917
61725
11594
805
49007
40359
21519
5046
26127
5542
49018
21548
21993
22467
29154
20322
50534
38627
39677
44483
36338
22496
58663
64121
43121
46007
14444
14644
32502
3393
12901
57546
59901
41841
22213
21211
10345
25697
64811
30876
63745
20281
12664
4407
51793
32428
20630
38400
22291
46130
675
53434
33306
64016
41894
64078
41246
28948
39271
17025
50867
3352
324
48003
19593
50929
45574
55693
28618
39247
37210
50918
57872
62386
28836
30807
26583
27057
41944
38229
113
36469
20657
15617
41372
11402
36859
51806
33513
507
24494
42733
39587
44009
12627
33432
58990
18328
15798
32147
47368
23813
14665
28669
27104
34746
4752
19759
36159
57829
21072
57780
7572
63159
33730
12090
25098
10404
30818
1170
44140
23873
7292
17236
10083
46931
14301
10992
62620
2346
45796
23915
10962
23312
33507
57845
21155
19104
2774
1407
40697
61803
25929
59212
2007
58893
55769
36973
22793
32786
3956
18498
62448
43382
34140
19940
47477
53632
43432
62874
34926
31803
57819
16628
32721
4873
1925
65084
39416
35223
20522
36666
43258
35416
33765
35286
36956
1737
60335
36900
2153
681
21290
36930
65224
9343
44359
23162
7324
22216
54784
57458
41783
43591
4878
58137
2366
12643
54561
37241
42894
53616
31055
33757
64481
5545
57434
37683
56735
33602
40421
55503
51887
15204
26248
36538
28605
63297
27771
14825
28150
33550
32743
18761
28242
50581
33671
36997
15127
58025
48377
20836
36946
22416
17721
32134
9195
47209
39875
15509
37942
8221
46928
17034
16390
41582
56896
49896
61445
7966
59331
52474
685
49495
58541
20497
46214
30509
53350
12845
7262
30281
30730
45312
901
1028
29571
63801
56636
38158
10210
62134
31714
35280
36224
36941
31433
63746
62764
31670
2224
20957
7748
50058
42490
58934
18075
43138
13645
57956
58535
12133
63034
13610
31458
30880
41796
12868
12959
62901
22888
19545
55919
5226
8602
17306
22790
57186
46707
50416
11197
27812
15979
34615
2272
50378
18429
24541
50008
15500
50573
20594
17401
14425
21271
47957
11592
34328
64005
44708
37011
19926
1687
5810
21303
51323
4633
5429
14132
53715
47895
38912
15434
14798
13346
65015
9073
44929
54390
11918
3609
15296
1670
54322
36067
11336
22540
5816
52630
50699
45887
37757
8938
64453
27572
31219
65431
14490
56489
36250
34540
34336
38549
11645
56058
26359
922
6749
48350
22875
42962
5341
15333
32221
32285
62029
23869
43511
46874
30734
36431
2264
32565
64752
57937
51658
5481
29567
11739
59149
41108
37176
44443
5278
57642
8163
51231
25427
7154
1858
29423
54544
44835
53171
60247
1197
22068
48545
55218
22224
47361
14993
19331
5564
51270
13613
46348
56586
40458
39338
21769
14404
33059
29019
15951
21181
9690
45799
38368
2024
32623
9563
23864
24425
46057
1215
30004
41970
46486
31204
30639
28689
21865
53766
20426
34537
14231
4009
59032
41152
9903
36964
17670
64714
4049
43287
55060
45085
21000
10756
36734
17113
13
38972
15006
30485
4492
47337
38591
61921
50112
19340
54949
38022
64767
12129
56964
48689
64981
30234
22588
7239
22970
36754
7789
48431
48762
13892
63405
16125
42769
55826
59157
36462
33846
49958
39588
41182
32736
47964
41470
42542
40733
56800
41293
29388
46915
24650
50823
38582
16259
42791
54497
25636
13175
50708
51804
39561
14469
6010
15439
54128
53946
57085
61948
13965
15020
31301
6501
48495
3490
18660
31715
40296
2622
17604
24734
48666
19791
3813
31134
35358
22965
55558
14864
13806
64898
2513
20371
43412
50536
24899
478
37767
28540
62436
50922
63313
9922
4988
5882
37433
22694
35461
7087
40744
49031
9311
65161
24473
37828
56995
3347
59355
62627
40555
57438
3705
55214
56617
23796
2206
61251
49132
51429
64229
12192
5659
13603
59075
19334
32869
12265
26722
40514
19241
17988
52905
45393
23316
22131
56477
34358
8494
35595
18411
16543
10672
21461
54022
57712
19419
5548
41204
2198
18831
40053
34989
9572
56313
42896
9269
893
33970
3694
6891
5630
34865
47098
4969
53188
37940
4316
57911
18782
17302
38746
14193
56357
24164
26332
44565
10981
43944
11923
49062
26741
43295
44960
54422
6603
41267
53255
49290
16604
56947
7964
59320
17909
37872
12484
33836
23744
5175
3796
62994
4073
24485
42187
59847
22048
4804
19468
39288
51062
9175
50970
2703
34518
1441
29682
52418
59330
56828
31038
8597
1960
6400
3764
23541
37553
6208
35743
23697
1711
22862
45732
42723
17075
39448
22430
48325
6908
17200
23140
10895
39245
40749
43218
31393
50148
36709
42438
34965
28182
19548
9929
13752
46873
34037
6585
32434
24
60439
61738
32190
56829
7199
33584
19055
40236
49237
59446
47263
51022
35701
1799
29958
21150
32441
59877
55298
50948
10295
52371
38383
58879
57554
52091
16191
39643
24476
54201
10447
40140
49124
291
51649
48414
23723
6450
48964
37380
59908
47179
63728
43916
47976
7100
57173
46172
13242
44208
1117
44317
8122
30215
21108
38437
20864
31538
48891
2730
45790
40042
48563
27314
23076
50950
55227
27959
8220
36153
39131
43264
38724
2006
50093
37742
46917
4710
14684
21070
52526
64622
15182
9123
42760
31547
42998
5073
56883
45570
24117
12955
29933
44352
27780
41649
9116
37970
42142
32259
3852
13352
58220
340
17405
7231
53138
17589
40782
33197
24001
20720
36846
55623
34958
10232
4332
8837
54928
22043
10225
21946
64397
21574
61458
34668
40701
53826
46399
15963
33359
35904
29627
38412
55873
22329
20297
32831
22041
682
9266
50859
56727
44279
6651
14024
33297
38819
13624
49466
29845
58115
42010
39971
14679
41469
59354
64086
5407
22010
2963
57558
32044
9713
1205
58750
62784
31030
18318
29789
45578
43464
43457
63534
52888
60506
33561
11779
22362
22059
57712
12892
25371
38424
37975
7422
24492
45417
5969
34255
59259
27831
23138
36462
27182
8250
29355
11708
23278
55044
12930
22512
2939
47039
8028
4709
49061
8947
1700
49728
681
14576
46159
39501
43208
16303
53590
40771
9747
11654
40498
18252
24697
17993
35927
36355
15689
36243
35933
48186
40081
54548
1565
9430
60842
8348
22561
23946
35670
925
48529
821
50111
59133
53326
35288
16662
34041
17216
17294
36761
1521
29346
10113
40470
32211
27613
55585
14142
39627
39548
48369
33389
45017
48711
52454
51861
29361
23569
62307
9170
2948
51288
30648
17555
31071
2689
56835
39665
49198
12698
23663
28068
58233
52767
22182
38026
42520
32438
45550
28971
14869
41242
19614
46904
16332
56060
30503
34289
62890
6432
26523
17772
2012
13107
50596
2160
5344
27031
55625
39882
18653
34657
51474
30876
2190
58376
2781
3482
34667
5309
45983
54249
57025
35041
50228
53093
63703
62077
8741
52623
49038
5017
35980
53491
11353
50670
5869
15133
49767
65463
46154
10921
35613
26802
65208
18864
63663
64726
25652
8329
39306
14108
36779
52798
13906
964
51239
61200
14386
10622
30932
41803
5781
63904
32351
62561
26147
36072
40829
22864
48538
34598
16865
57
57797
8606
11010
15962
23723
29242
18818
63154
45030
31898
60811
33551
52239
8253
28805
53762
1159
8119
48526
45464
41063
35869
30517
62734
65374
35429
53027
13724
47616
48957
4395
12149
19604
8090
55990
58351
40571
23949
46200
22037
50517
50497
37275
35354
61497
40343
65125
50000
42170
29851
53892
46246
29880
7124
46085
41788
39114
43404
9584
42383
40194
37983
34886
54485
7694
3343
58494
14915
39063
49587
34615
11420
55
13077
15913
44632
48367
41455
64331
10194
46143
28370
48883
15145
4615
5826
845
3907
38661
15689
42807
16499
57037
25082
57109
56545
18384
34828
20533
62941
52462
19333
28133
61149
2761
31542
44185
55456
54885
34339
48178
43689
47032
46639
43876
38977
62407
45640
5141
61236
37819
10330
37393
36615
65509
37347
34224
37348
6892
59339
64892
38171
19042
60140
54765
2613
50199
10088
51323
55373
19067
55076
7427
12264
19258
12773
64111
15779
26649
55898
53041
19868
34932
49492
23364
45494
53536
9023
25957
12005
4230
59203
6364
10868
14857
7910
823
49213
41341
16764
17825
32515
59488
23182
7031
13971
15877
25039
42786
7017
32684
7789
51643
37990
2393
15248
1194
17207
31536
28133
17425
40250
30164
18627
35578
64720
31774
55573
55890
6980
27709
48487
16809
7442
62658
34192
3762
63054
6795
56802
47429
62817
8463
16916
45772
55956
16262
40739
29021
47309
60184
10550
1084
34085
45410
38378
5481
13616
17644
59972
13664
11445
40949
54773
33119
13367
16437
9465
62561
50537
6528
51537
27702
51980
3191
34655
31730
12221
27922
60625
32691
15975
43266
11047
45092
7264
13694
36596
23446
47704
26303
6067
3245
118
53055
15616
35963
44900
29925
49892
2695
29722
48170
41826
24908
62222
2121
44525
54356
49808
27579
457
65315
59778
54144
15486
51864
42658
31765
60786
28139
58034
3808
7972
44073
28208
39830
3470
39261
799
11905
15896
11722
3667
14073
36519
58670
54279
11203
35559
20604
2497
30411
2679
15962
9139
21519
50819
40766
42662
55646
62065
24081
40753
218
63086
15674
38364
9041
33459
24452
49262
27116
12289
34152
13382
34744
30904
31745
585
34834
58777
61943
8374
10850
17548
20841
13918
26309
50937
58870
32340
23185
47797
26303
43539
61868
37882
64633
31731
38909
45502
56418
64280
5443
39687
34893
1293
30391
1269
2793
48019
8791
17292
45494
1994
510
22989
61977
36811
27577
11012
12029
40582
40378
43735
28399
61710
24594
27842
20986
61934
18755
39015
355
17077
53307
12132
63541
2293
34363
12204
47143
36716
36145
2099
12609
52770
14107
44080
7880
14374
3131
11566
4117
62188
22707
9178
21830
58108
54211
17855
60386
47150
40712
43778
49613
16710
22048
46306
62626
18034
43284
61346
31734
46176
43062
35296
59282
32267
32635
4460
61841
51381
22057
28107
10392
39012
11349
17648
24588
26759
13269
32853
2221
55072
456
18447
18019
7679
30616
48796
16559
41813
30137
33436
42881
11308
55724
34003
57942
24506
57729
63050
12911
50838
24873
63970
53395
48075
19921
19446
20555
22667
22594
63682
26098
2873
32525
50066
53282
38804
36969
4174
2371
30204
52142
47846
52666
40148
29367
53974
32774
22333
64340
61353
55612
56738
38844
35513
38908
58735
60666
64346
27485
7442
395
3901
34078
25345
48723
30850
34616
36729
31639
42973
4145
59694
23850
51596
29145
14903
46254
58122
12096
10014
38170
63394
27009
8848
32182
34782
48783
51347
14648
17044
63511
65269
63042
17438
11359
4885
55470
53457
43714
24556
36576
16344
14841
12707
3792
37833
37608
29286
43516
49532
789
18309
13843
12989
1214
38265
25880
43515
15901
20105
2678
10403
45648
64789
41195
4419
55450
51738
31411
43273
12683
32616
47989
31032
3516
51340
37736
16891
62125
64366
42422
37531
56726
19522
12987
32514
4233
14212
63988
50490
17982
35701
47856
8827
61466
59720
27601
41568
52109
5894
29631
40710
28657
3347
24262
63532
47258
5437
16822
25038
24197
14868
5391
48570
8142
29748
61064
30431
51711
20317
28279
12416
30666
8208
28274
28966
39895
63663
58998
29709
64817
39351
6429
53159
25454
58358
19481
7156
42031
52147
63217
56258
53469
41612
32659
49876
29901
895
51579
4641
53355
31088
60116
5861
22478
55788
49257
38516
23899
23798
965
21382
55852
51491
2576
16915
6963
16874
17924
47015
47306
29418
3578
35128
53143
6666
27704
18771
47263
417
10277
5671
26964
8385
42179
56847
23163
38372
26154
64260
47093
31189
42196
45323
39883
25860
17110
1490
18737
51509
14978
379
51277
47502
35613
52242
18901
6844
38340
27704
29507
40929
19652
29780
64619
50124
15412
64096
14298
46789
5824
30887
27901
49641
49698
30118
54646
760
57877
18298
64156
17543
65193
9996
31413
34566
39900
5675
35205
47971
59641
60009
14816
44637
53590
60954
56301
50265
5551
16332
30836
62148
6416
52251
20275
31756
27485
15866
37444
39524
54032
50279
49473
44107
16658
42645
30116
4257
13239
8472
24916
50599
16918
49971
4737
31400
31037
3667
4602
17393
28801
11766
4930
40716
43379
5220
54206
25220
6474
33428
59254
3947
11159
63063
56061
16986
7515
39065
43424
13188
55987
8600
52113
23980
23173
40721
19457
24068
42553
10787
45121
38559
55917
12090
55868
41978
55008
63671
27847
19523
63271
58666
12118
5510
41715
20251
22458
18533
42041
31026
13341
7575
1625
48580
24389
32598
16123
26570
50133
35100
58380
17068
26005
18417
5721
23937
20445
48970
65009
57425
9331
41372
18578
36622
14469
55991
8865
8944
1606
13117
23633
19785
16316
52830
65100
42099
11936
32042
61187
22384
20517
39745
64749
62710
19654
42850
64139
34900
52627
61509
27262
63696
57063
13953
32957
64496
47213
26320
23803
50212
28472
7816
13319
10025
12601
9758
42605
31618
25942
49899
41637
61901
4254
1590
35761
26094
62843
24809
58328
39203
28920
12502
16448
14090
46145
17205
17225
10868
39853
2509
34423
22721
51737
44319
30874
11722
24464
45162
1594
4785
5219
8137
42473
25956
24615
23506
60997
5417
11931
10830
34992
24370
55268
28062
8984
2306
12012
43196
23920
53828
13672
31708
57828
3626
63805
62324
47197
1152
2203
1239
15896
43027
27007
25314
52786
22137
45463
43030
522
47023
52923
36015
27846
7710
8438
59661
37625
40281
14083
60490
3376
14488
46521
55832
14105
11960
32060
774
33534
51730
32282
52579
3462
54821
59067
35474
20943
19421
6313
51049
11870
42196
51880
27294
7626
10691
25787
6614
11506
64124
19806
53808
21880
14844
49329
28368
35240
6748
42488
21035
42807
407
35942
26601
51158
43896
27387
10359
6960
36233
15223
62329
33830
46160
15878
15493
49696
47084
64465
46414
12927
819
41817
54293
63355
16626
42138
2886
60742
40668
38843
62226
56387
45975
23821
54702
64107
37896
62193
22948
64733
22922
21345
44128
65337
49449
17765
20993
25354
63685
57227
43511
6582
20205
47676
41015
26709
12975
28929
1664
15950
58456
8125
53795
5595
4971
33570
7521
44775
14147
13189
33786
32433
57987
22037
9153
1057
61458
10102
65362
45871
55125
63150
33844
43400
46555
10640
60980
988
36102
40063
6853
51587
44805
52723
51033
17805
28714
33614
51909
61187
64940
14452
2804
53039
42565
45344
30274
54329
18297
5160
7393
12892
9075
47240
61300
56641
35633
64046
48362
17842
61621
32581
44606
43659
28815
17622
14979
4101
43994
35402
19417
27371
37939
36102
24178
30310
64327
3017
7371
62269
64496
26619
60282
18730
35891
40375
56156
7161
32550
25331
38522
30130
28386
45754
49240
21565
2567
63785
57745
46055
52918
52543
49326
33569
42855
51504
3584
11540
60820
19782
6687
48659
27419
32331
49736
2405
9873
48157
54873
6003
17742
59523
35102
58239
48587
56694
48448
6007
37363
45243
58836
31136
50381
29404
22314
35620
18622
41867
60535
4159
3932
40445
63165
26205
10134
44931
7681
44067
36300
49456
60507
6565
37716
7477
62803
38685
26302
35239
55445
43608
31904
61578
26913
28572
32898
18789
58134
35588
12763
42008
43297
40506
6647
63186
306
55071
44740
20557
54629
22082
56046
6638
13063
25091
14505
24544
61427
56396
43195
35884
52517
51391
13761
21827
23456
5010
32612
33374
10270
41600
28524
43091
35470
17125
7972
29079
36840
51974
47568
40253
32328
25573
2282
52662
54560
63865
57005
15396
54513
36161
54934
37183
46665
56861
192
2298
62414
22801
18423
36344
49125
18763
7073
27215
58904
18014
23555
60361
43297
54303
64173
43616
6947
58524
36560
29138
22518
11612
52220
12976
22056
52997
44521
12399
56693
4911
8601
11762
23539
6875
11471
4565
19364
46053
14226
19446
64985
47209
41143
8069
26835
43387
39793
53622
48086
33797
24800
62555
18466
3817
31219
53886
16888
38324
58392
22275
12647
2782
52119
53255
10133
39895
35690
9618
7193
7067
50874
18815
63540
57479
28924
648
56527
4489
44859
20704
16174
64467
41927
35476
38831
58401
41257
9918
9993
52462
43494
30268
22814
54138
37824
36890
50484
39693
12402
12936
16303
7978
3428
50268
54931
17490
7956
16979
62953
63842
55894
50543
45867
9636
34831
55864
28704
31104
37628
64218
26677
23617
28863
25864
52011
54796
622
45064
3962
49641
25349
55795
54127
27806
45869
49922
11325
24405
42869
7813
64631
37000
17873
12191
26196
41050
32139
37682
62966
35426
42282
52601
50086
10214
57938
14466
61213
26054
11347
50894
58414
35372
49489
20042
36562
42891
40128
55079
43027
38910
29894
50196
43347
34578
22101
56135
23995
4920
6681
9396
6896
37484
53437
2199
52685
34205
62379
27763
62734
43305
63034
60969
57549
55837
44606
23321
27814
63956
26985
59892
54449
31863
29568
57069
22633
25208
43006
25910
6803
54751
7448
45950
58829
37826
8343
47075
27976
14817
31950
1077
49682
54652
29072
56411
12675
50109
61029
18130
2692
32639
14385
57479
50899
63817
27254
24713
43786
17483
11674
14765
22846
38669
54027
47920
58270
26615
31849
44607
56325
15762
41284
33286
56771
56868
22317
60480
6945
60316
11619
31647
2103
55820
31105
42091
34656
17828
10096
36939
47047
9567
8965
13889
34010
41047
10951
49669
33672
51149
41928
21345
27613
15031
18174
42584
51812
49571
59035
19172
43557
37266
54437
56879
48949
53423
26499
12271
48321
46296
29002
33616
21839
10355
49542
48976
58872
14361
35035
64240
28157
9607
58102
43351
50507
62685
43252
50658
49730
37330
2381
59427
11797
19213
9929
36576
64404
18945
48566
47889
38744
60340
23615
10985
43812
42022
48894
3644
16912
53849
59479
35812
58428
31766
56590
59432
13819
21204
16700
55105
44243
43716
24589
30858
2939
33962
62075
48582
16661
21174
42034
13431
30209
14806
3645
31253
15820
18523
10455
37087
47087
1126
22619
55171
53120
25561
43953
16544
11920
36469
60059
40469
29161
7003
17485
18189
31002
3469
33340
23046
9398
26889
52056
17436
41107
58850
53066
36825
27811
40135
6860
9979
24840
23542
39164
3561
51495
57036
57873
63897
40666
5121
6717
18620
7258
55668
18344
62425
54773
30696
48213
64141
39674
60437
49868
27045
64999
62066
35556
44396
55344
4782
53985
62817
15162
13855
32242
55617
26028
27214
2421
5491
18728
34526
2890
26853
34106
53854
43646
19242
55701
38560
46232
38026
22608
28786
62097
65381
58469
22583
60120
4422
23734
40657
34469
60906
22418
6312
60081
2855
20731
13651
62007
58524
10520
29194
30339
18679
60778
64717
37075
28953
53315
60177
5061
22320
49150
51593
816
44327
2922
62108
15024
39910
6802
34152
16466
4760
92
48925
33960
25657
30499
10656
6435
52925
60116
26471
35445
2648
64380
19808
15711
40006
40916
12574
21623
38263
40747
5847
55937
52153
45009
16111
45503
31827
16465
62641
39089
11323
21238
6189
47255
53759
1115
21889
20339
56126
4821
51237
45197
54393
22706
55595
38351
38664
43640
43186
7797
35266
58348
34680
25669
35294
28727
26702
8917
56765
44468
45873
16498
27777
31167
30514
5259
9989
49120
3147
32599
11094
17641
58758
56587
33836
43817
1618
6894
5946
56512
52674
19819
45878
7088
54925
42475
22302
31376
64945
5686
39746
52498
56378
15389
45886
5474
37565
23589
1336
35337
62251
24522
47561
65365
54602
48622
40681
61116
31047
5750
33336
65123
16453
62672
631
27146
2966
25220
56890
57571
26108
32236
55028
49733
31286
1757
65146
1042
20330
53056
44719
56005
65441
11542
49780
30
42999
59788
8001
3154
29482
53215
64125
41977
36478
24104
52437
10567
32657
45983
8996
37965
34536
65095
51779
20681
22729
27653
28773
25946
13213
6650
35255
11545
46662
38054
21256
51969
15513
16446
5267
27161
36361
14471
27087
56698
33944
26937
9570
33218
15217
3840
30891
58779
57597
30683
9894
30791
61032
3378
56217
16822
20305
42497
33632
28027
39028
49165
30441
8341
35701
5338
52363
53420
49247
63320
36163
1922
15194
29152
44946
11259
56022
58477
21139
18172
25843
43618
42484
63327
17772
43244
58902
45926
40587
30059
3618
3611
60311
38217
44986
20786
52228
15842
62421
15189
15271
19011
40557
30824
13947
34512
17000
11009
29106
42451
53823
49244
24329
16194
4990
37697
789
16705
21724
63670
26659
30792
2461
42230
8676
31639
44624
59354
36248
2917
62071
52781
51893
25627
2904
13286
13783
44523
38117
14745
9620
3788
54026
16902
61520
25349
36942
10468
6391
44178
13478
40208
6938
2170
29709
1710
25792
56455
58981
39633
20562
3031
10345
54341
61932
4111
15357
10677
17299
36162
18032
13958
28763
43509
53161
16330
23067
443
12742
51529
26522
53143
51408
10585
26185
40099
27652
14871
60057
45705
38024
13285
20781
2344
49805
60807
58935
46794
39614
55462
28391
45281
50700
44373
44594
30214
4604
38258
45940
50424
8165
6458
59714
3503
41290
20649
51463
9809
54262
33009
35468
15109
21173
27833
57094
55148
44518
8481
5415
16522
32625
44206
41559
27873
30850
52276
723
41043
42828
7201
42939
8601
29894
778
45951
22098
7688
20631
15237
48038
30031
11052
18730
40326
34695
53035
5778
9586
6060
52065
27471
14334
16211
42301
15150
6443
12539
25681
20737
56049
61046
17861
57883
13426
62863
2408
52558
61954
21808
34737
27606
4142
20973
51347
9165
3289
15131
19912
20459
19441
916
50900
38294
62832
37197
60185
18379
7558
45195
44017
2793
48291
11654
42940
33075
19635
19920
50223
37427
53175
3587
18780
30087
57733
2018
47891
1055
44543
12290
31384
2338
24132
26455
16834
28859
57689
27969
10464
63345
65351
48994
12790
25045
46659
27539
2830
62824
11232
2041
45372
30189
55633
24070
37945
13803
33298
49281
1227
3625
6104
2539
15252
62175
317
17469
10427
58239
57451
64046
48042
61964
25196
58908
11812
65523
14141
28879
20483
51670
6262
64546
43391
4826
62448
1085
62599
11026
39305
49831
62278
27004
9833
53172
814
3347
37166
22731
15963
60438
1003
54663
32254
26422
1886
32465
30352
21126
16810
28861
51544
27730
8805
38834
15753
52612
30867
61809
59542
58925
7772
58883
22838
52796
32526
10582
65023
43273
11923
54271
38951
31076
43927
33460
15945
52294
45785
49165
49431
15827
6156
7363
52668
15153
26694
53664
10058
38953
36752
19315
36941
18504
12031
14233
30639
56079
12033
28737
37321
35762
44844
24497
2010
60895
55118
54287
22768
34332
45006
28503
19426
53763
981
59181
36928
7147
19891
64479
38177
7862
53706
20004
29745
24709
24614
49110
58619
50122
11569
26005
18565
42926
14112
5284
34546
58869
54186
41574
35112
37183
47889
15393
3309
1269
56152
12078
8861
53617
28313
41704
31966
39375
58434
11620
56688
43150
9522
52594
53243
35501
7132
8758
49189
23852
23631
2677
16933
25773
31919
44914
10799
41447
58630
4029
2349
2824
28755
19733
21800
62406
9565
37413
40731
7357
40035
18837
13395
54508
15803
5532
61934
39736
57865
51432
46438
58713
64533
22849
36761
27080
32175
531
17010
26110
33276
10445
11698
46398
10167
58689
17356
39995
41176
33733
32854
36941
52074
13673
31924
7465
40453
37347
52457
12825
5907
43850
60771
53340
55298
30086
31334
44538
16154
27639
13777
41534
7290
9304
3726
4775
47260
10284
49943
4263
11286
34668
50102
22225
42048
9622
62136
49694
28853
33031
5886
63197
52810
21541
33512
64071
60956
11768
53135
6574
62219
29707
6599
31238
9790
52559
53654
61328
11918
51577
11407
57049
28325
15187
39386
28315
52768
56406
36082
27434
22470
23343
23679
48898
48057
3032
4908
4374
5576
3056
62145
45337
56879
8410
56777
26393
20454
2396
60830
55980
54364
49514
23111
40928
8676
23195
20611
35774
20005
44159
65490
48372
11310
54837
59874
28777
64645
12833
37330
33111
39374
16951
53081
18853
480
47176
8656
13625
8275
26580
49221
14612
10674
65125
47853
33891
56228
7591
3142
45871
49602
14383
53976
53699
25975
55617
49633
32488
60019
22676
54610
61103
17966
17155
58515
37204
52627
63515
27916
40568
29711
55939
25875
31216
33830
53356
24117
16417
50705
54216
21343
3864
59485
10585
30106
41433
23316
517
50830
60198
62105
46255
16068
61838
32158
17130
60441
44588
49708
47673
5542
14251
5166
64216
21420
32784
7261
27928
60186
13989
36367
18292
16196
20194
58829
59803
42387
25275
64882
48231
34139
46741
21528
15527
31442
44546
14603
42204
24250
25727
25634
62128
49317
12785
55516
50480
15
45184
54447
8366
21042
53903
61453
35365
43225
15460
32904
7310
10712
56397
34350
31742
46432
45733
40051
10244
53561
26049
37077
24981
23128
16041
13187
6274
34552
31186
8125
1593
48848
34484
62755
51846
32733
55421
2755
61095
17423
51270
31958
20811
8627
26709
14858
22628
34075
27231
19915
47555
49621
61522
51807
59345
52925
28400
51871
1022
62633
18281
27685
58156
23386
5900
636
2836
5688
25806
49291
59931
33652
51930
23444
7845
5510
55084
52662
30130
35261
36203
39731
31668
35331
30775
51930
64333
51581
34933
59803
64548
59571
14009
61809
20432
13071
32690
10080
65421
17965
17069
916
1642
27873
21940
12832
37928
3490
64204
59274
28148
28659
19898
19844
45660
16598
302
32846
39353
64732
24433
17650
939
3692
41489
9538
45497
50681
6684
40373
39778
47480
33626
50316
54578
53939
38768
59529
56979
61478
49695
31004
46455
21379
51029
9252
24191
59432
57598
36567
56336
32347
45509
55872
25384
51318
57062
20825
57976
21629
12773
58518
44139
47045
39231
33578
7590
59669
11519
6995
9419
9554
50679
36157
7939
48121
13796
19684
65061
22451
19197
6564
10538
63315
17045
40099
46001
46140
51554
1156
55642
39015
15954
10906
19730
28592
63768
62154
45881
30712
25198
61406
18106
51670
55260
44933
61039
62182
64253
32782
3552
59710
47884
47474
17401
64308
4285
60909
18787
11097
24400
47270
47382
16740
38458
8595
31783
27646
18159
4848
8258
65221
3980
57050
58750
9002
20716
7424
6736
53432
58312
52834
55692
32777
26213
60376
5660
3241
52452
54192
54801
6158
49303
53737
37933
45412
7390
10845
55939
60589
34602
26454
33531
36291
38259
3893
7078
15095
10883
49766
28875
31076
22961
29842
10890
61634
12906
8189
953
14393
1570
56843
16919
14511
50714
50920
33531
2434
47888
47786
12252
29560
7715
50618
61999
22613
28192
8609
30781
20441
64567
44576
63797
47359
50591
20731
32703
11944
7971
55677
1775
29284
18553
48400
61811
55644
36212
2958
56410
63735
30586
33030
2841
53560
34751
24651
17386
41384
51057
48582
814
3325
6648
55714
26615
42172
4597
59356
65151
63803
65331
21221
42561
13321
28148
9418
59393
36063
28897
52910
25971
33968
64759
47565
24707
43691
32281
30383
64966
49943
8515
46451
61496
17237
14664
22219
35002
22814
24851
60986
24255
21204
65105
30106
61435
17177
28118
41049
10
59647
38427
19609
22236
47438
37683
27899
48620
2917
9160
23716
24701
58640
16342
44921
33939
27027
63532
43174
40273
25070
59692
3513
39348
14950
53323
2765
42284
6172
34431
4972
54933
62218
50625
23213
57240
24381
50538
40115
291
6300
22537
41502
8752
54356
2695
47282
37164
15338
48624
19030
52715
13207
32235
59278
41000
13691
3611
1396
12657
63464
1139
4106
37330
41916
27803
20010
16498
64245
36041
32850
41063
16098
54773
8704
25846
47816
3694
24007
49631
16518
54832
61738
28235
46359
36924
31577
41401
55327
996
44658
654
25918
40343
65263
8122
13050
15370
28469
54394
4378
65307
49836
56305
1784
22763
8697
41513
24660
16422
24564
16047
36162
37595
63554
19198
14489
15298
64330
32286
47968
41949
1445
16536
7312
23070
26048
27468
59759
15398
62418
1996
6810
36239
32850
59151
20060
8596
37390
30246
46255
12912
831
39913
9105
28386
31392
22369
43353
19820
40315
19094
41363
24321
46809
38662
58478
44945
14200
1340
36723
31524
46640
42898
33019
1464
17269
12406
16410
25142
20677
29158
25476
3884
14244
19864
6723
1585
16113
41124
47119
19407
29077
17980
38595
7462
33027
55253
26493
62966
57152
20268
28670
41003
55264
19712
14743
11629
25398
607
40631
23477
4807
27646
59529
13273
43569
54889
1534
52439
6176
36787
64748
27928
27739
18915
57756
32546
61096
8709
28834
8594
19846
30245
10052
541
14755
53665
39543
3589
63186
1787
5374
17570
5538
15173
3546
23555
21586
63330
64876
63143
62893
9597
41762
52768
59127
14314
1940
46638
26163
25641
48951
51228
45032
60381
49335
20164
55768
10203
4038
21043
55132
8733
5753
46380
34770
43256
40615
62497
39210
62635
15259
56017
45983
21260
1342
28323
55519
4817
38771
16419
49586
51173
30196
12689
51035
1508
34692
48986
7811
45652
7857
1100
54695
22031
1387
14036
8194
58648
8490
52571
50569
11231
16884
33863
54953
37429
29560
45413
39647
51295
19831
23179
20337
31052
50937
15119
40793
44864
57754
38481
61882
15498
8752
60496
22796
48611
57824
30378
44056
26498
16513
24346
37374
20061
52896
10398
29171
1613
34992
4120
18338
6054
27361
9107
15198
43742
15342
29808
28940
22471
7853
17932
48254
4177
41215
61701
16795
48659
6293
51233
38582
2433
59422
60035
65061
25187
60568
46106
64786
63322
23694
5414
58273
64379
6853
2431
17787
23398
47139
35560
59517
36351
13539
17922
40113
59861
45947
10945
52132
39305
60457
61776
44805
8568
30400
46791
53585
56391
5113
11621
3186
13248
36715
57261
16461
34122
9699
47163
2960
37621
10915
47617
5188
46875
64779
20477
20627
17020
23192
44452
8002
48371
22247
22081
32724
44213
62040
53829
48919
4714
46550
42419
33958
64390
54831
24624
30385
31105
61047
53242
28285
5090
14742
8467
45249
40081
17115
30201
2002
20918
60814
34521
33057
7969
44629
27698
1167
3533
40692
29940
38619
42208
31185
14877
27882
56635
32622
20563
53809
50058
52885
15311
6453
45651
57007
41736
3495
44716
20807
52628
7598
310
63261
2184
54037
55641
54593
56694
16348
46478
51461
19871
40584
47833
22911
62485
58531
22989
50701
42433
13508
214
33391
31419
45633
33507
14527
7950
62430
47144
48619
20703
39639
64984
6127
8540
15348
12998
64065
31283
35637
30379
32880
65153
37717
2380
10933
54499
21601
6383
52118
50766
48113
14728
27169
30958
62075
7797
62043
20553
48724
20232
56916
3948
27563
7043
46704
22052
52974
14225
51092
9662
22166
63166
47313
54938
45439
2947
48286
28626
5519
59142
14465
27303
10518
2814
13049
57304
62032
4687
8605
14806
37373
60726
42220
47428
17511
49562
24016
43361
27707
36174
62732
19583
56369
48361
38078
63208
31396
45802
58641
50862
47161
42947
3743
48543
46375
42103
24478
43913
61047
62968
21983
43430
1327
18468
59439
1000
15611
36684
12081
18593
36251
57241
31047
14290
11884
16996
39621
42953
43065
837
29464
46413
47966
9216
59158
38605
33432
343
33087
12221
13647
11593
21548
15751
64206
4844
7453
11225
62104
13800
14220
46619
5856
44558
12513
40219
13471
4353
52426
41360
4599
32358
45440
58648
24395
50079
12053
15716
62028
21532
37257
35561
12938
35062
14767
53058
38035
1524
11948
3513
29207
8876
39021
37882
17205
7800
48612
52115
15624
31460
46726
1844
4770
8925
21417
12233
64173
53423
62183
26558
11360
39441
54971
45307
61928
15300
2782
61505
7502
13513
43214
53145
32202
50839
59062
31106
43810
26930
4753
21176
2552
43954
25964
53401
39776
32929
43477
10710
2633
8438
27703
26705
31253
17634
49266
56804
15845
13213
63571
63390
12914
47318
63621
38929
44928
5504
31519
24591
54635
24558
13093
14358
27997
56847
2613
17435
57153
13394
24853
55081
5625
45218
47271
35074
4053
7321
53926
1955
54597
10107
34208
5136
33235
37430
4808
9168
11736
60214
31891
23341
45481
28640
5970
64994
40045
33174
64219
4876
8901
323
24073
37865
32406
5446
7432
5099
53088
34884
9469
43206
11671
11653
50497
15699
4785
28687
15225
36334
61735
41427
7223
51822
33480
24134
38332
41481
19695
30144
62212
32525
65062
63121
14080
59832
46096
58523
27820
54645
59737
55036
61667
4675
61710
8395
9150
48251
13476
40639
11014
3815
21378
17816
61032
46857
14152
45805
53835
55893
50894
12599
39425
22548
60673
6827
21676
30731
55278
20656
26380
50344
42606
33290
14264
35019
30178
10061
42252
11809
48338
43558
50735
22926
63215
22461
57537
1094
15397
45510
24339
36794
46851
27703
47450
24878
8704
43032
34087
27827
59991
58141
13610
54459
8523
20671
47663
63625
15748
16830
46565
54266
64926
34705
28142
27408
37161
16699
52856
33773
54749
58198
10898
25885
65386
48791
6362
20021
18292
28913
28750
64082
24155
39416
54217
53134
42835
58838
60253
45125
61682
41953
31322
15835
33908
35429
15529
5368
18212
21592
12975
26242
13743
16131
37534
35209
543
54149
2835
8649
12425
62612
37252
25513
13404
13214
20869
24184
9623
15844
5318
65139
35850
64371
16105
42852
33877
46049
18258
8877
61931
42893
6065
11434
39742
48487
35141
44134
42925
50039
41971
58298
27475
2255
62149
36698
45518
43941
6129
62589
34467
12630
62507
35268
13358
65444
36161
57354
63002
39821
20933
46470
50926
52743
50092
25134
32959
43438
52507
25261
54046
64811
34703
53213
17203
45593
50524
62812
64884
55338
5542
5024
5228
59987
34348
42696
18403
35538
21109
52001
51865
51709
63954
5667
59303
300
21237
53963
44788
29653
30933
26408
59149
22050
62696
20418
15444
1476
47238
35847
6784
47884
45860
59720
57581
33168
16961
44548
22847
44751
19931
41888
30180
41286
12232
25560
52047
7390
32069
17417
49861
6363
62249
54521
20982
45490
59746
19431
64223
3973
53446
18070
39437
33703
21629
13653
7028
23090
41886
36155
3400
22464
16654
29245
44356
64001
40836
62096
8047
43972
23616
45512
40802
57634
21918
42936
63819
64502
49192
45639
28753
24024
3407
27786
18208
15287
13490
28681
55742
23533
42114
16670
23880
7416
2458
23479
27632
25789
38410
23722
40157
8372
62800
61281
43553
5456
37126
8494
61671
22102
24957
7919
41253
17463
426
32661
15292
42941
40460
23581
35621
44626
57939
4577
62202
48118
34251
61842
57498
41631
4349
21942
58199
35600
61298
39988
56742
30704
23275
46514
22800
56678
10698
48022
15590
55099
50060
7504
26522
26639
4807
51221
20966
52207
18476
41328
8574
62042
64432
48294
63910
155
53208
31633
27996
39481
464
40783
35186
19663
11618
24537
37787
33082
61622
59346
32544
15138
2567
20558
8147
27470
64543
58600
42380
64132
51198
45175
58462
58908
51873
9567
52075
50944
43063
62208
13532
62416
1266
24436
10368
60670
52274
38414
60125
27158
45497
41357
30387
50356
64815
36238
55602
20948
42689
29629
63276
24760
51045
9967
47246
37184
27027
58376
27824
30875
9046
3345
18853
28799
45494
49275
32996
60126
27209
15140
25335
7
11414
46520
44467
10608
54522
5289
28522
35427
13045
41109
11931
10989
51584
52561
14072
40988
46023
1376
48503
56520
48487
41636
18011
1024
43410
19704
56567
59394
62067
14296
15062
5988
52063
42515
57751
20789
9430
57571
941
35019
8306
32485
44364
18323
36322
39832
457
13039
26193
33475
13759
31338
54789
14447
58587
23653
41437
46178
34304
35734
30709
46624
119
13669
25640
12765
35624
27668
11676
45797
39704
11908
12452
22003
9941
48455
12808
11801
5125
18568
26603
10482
18209
49213
7385
53724
11579
25195
27324
18097
47774
43349
55609
17247
26619
13538
34955
61074
52528
38432
29870
51823
33670
61719
28818
23056
37788
3670
41029
31704
51572
30073
65490
34180
37775
37415
37222
41844
48802
35867
34518
40713
41931
8203
24502
34192
53355
2160
26076
53654
39465
352
4863
6428
39252
60800
31878
26255
61273
41422
4808
63743
23635
13675
21502
40961
39820
11328
6349
29857
5687
229
8590
31235
58715
35795
17807
18461
9339
25770
5351
48576
2389
20390
19204
13349
7621
43134
24081
54956
26895
62293
20544
41967
13570
10161
57019
8994
6229
2879
34173
4304
38700
37741
17868
18039
2168
59373
51500
23978
10821
44643
32449
7201
31075
34929
61322
56579
57985
56915
42658
44664
19651
6060
54470
7578
20161
6566
10963
29675
22646
15452
53137
6538
40635
46911
30838
46433
32591
32167
17926
45991
11034
16807
48303
33972
15760
61190
53731
2003
61048
10734
28789
62685
58506
46544
47435
39510
11771
34995
50142
49705
3376
23301
22086
30965
63950
42310
25656
62972
15447
44575
40769
1683
57726
17957
11170
39861
27741
63701
41512
39877
8149
37749
33609
53937
43840
55935
23311
48974
32960
14364
57027
42998
7885
56003
38242
40520
5597
7958
54465
29742
57604
51126
21214
48049
6886
27590
49693
49344
28701
57890
48775
55346
42904
45168
40841
23518
50790
16404
46925
24169
7536
11803
2657
56809
2965
64818
4968
54765
23233
39851
10931
30339
49482
62976
37852
15087
52232
24231
64461
1073
12017
20607
2382
40037
19152
54829
8386
50181
28045
53057
59923
63922
21826
23323
33313
40186
62749
39310
49181
55242
52695
1397
2913
53901
52032
35030
23484
38749
34715
18172
7812
13774
9336
27481
608
11554
65407
3509
38429
28533
28520
57624
55650
42771
5060
30756
31397
50218
27134
58777
22324
55943
47248
57068
55417
30410
56476
57360
32050
12124
17851
57515
54342
14339
54217
57683
2430
44658
53113
18000
46917
19106
32432
62616
9604
21894
30193
50374
17840
10378
10358
2556
17788
7771
38188
14596
62748
2616
14596
60829
11064
38234
56546
27804
56933
59036
58094
52709
47249
48917
35919
12707
43294
56642
10002
40500
22799
29337
35667
42447
9863
41803
12514
47319
30078
48728
25604
31426
41341
46730
13283
20277
1901
27246
2977
57342
20074
10246
13959
63138
51775
51554
2649
54793
494
63983
22927
40135
39192
24043
63822
38411
10824
57926
43062
6646
9651
11600
26177
64599
4486
62453
41837
16520
60988
13462
11522
33579
12751
8323
50775
63220
12479
48847
43375
25623
29248
61469
31944
49207
19512
20450
60915
2918
8116
34305
7673
61395
34703
49403
38759
48941
36408
13705
444
32928
46696
16933
63105
54222
15813
43608
37155
22403
54324
10447
19517
12113
25791
39223
26536
20342
41229
6200
55653
39946
23810
10397
17366
26415
30355
27716
53712
39391
17545
19133
54715
43576
45275
18358
51249
30850
60478
49969
1257
53934
55787
12086
30680
49030
7091
22064
19165
27112
47193
13695
23194
51158
42952
59650
8390
26533
11564
30712
31145
43028
11091
54069
59354
5021
61223
63495
1325
50589
59621
13141
43547
19254
4736
51501
60787
57473
2643
29352
13740
35504
10544
11443
64335
14087
57102
39009
45149
18277
1877
55972
8225
54417
19582
16459
41869
65005
16477
46821
64639
49083
16377
40803
64629
55880
63037
51425
32166
12530
24733
34069
16961
20193
47771
49646
47117
34779
9402
16879
45210
48319
30372
38671
2747
55906
47808
30716
26137
6481
30357
18748
10760
12179
37630
54362
32290
13644
41046
42670
30541
6325
51919
4096
59171
59100
11002
33362
41178
50521
62062
58656
52259
39345
63421
24146
42859
41350
43269
9330
21359
11013
18898
37763
36271
32668
937
44024
61849
51300
64308
47402
16951
17069
40794
33258
49179
21015
29656
58930
58589
409
47367
29624
57846
14432
34269
55178
63861
29352
9089
61458
29162
48883
34538
57756
38065
38985
27678
19750
9204
38568
36215
24008
6958
52690
51379
35736
35151
13567
59530
24033
9817
12508
55773
4322
18559
3848
10678
51706
19661
3678
48080
8389
27780
38800
44223
57279
24898
25993
59790
61779
46126
49263
10046
30784
9592
3681
48593
23945
35472
58728
41351
63025
49097
41586
21109
26943
62985
14595
2339
52057
27000
10199
51529
27431
11684
54437
6189
8558
6199
11102
10664
39148
19648
38257
48264
44507
39469
24677
65479
28790
64761
37645
63736
36278
4471
30494
47427
32361
9553
43725
59627
56040
56126
32049
6611
47658
20020
50483
26998
550
64354
29309
65244
6857
6275
9313
64327
57640
58240
56206
8934
59298
37428
27400
53845
44188
43361
60093
24105
33297
6849
12467
25730
32892
22988
25314
33305
3268
9160
57061
1950
21671
28215
39692
49423
15090
54143
1358
23304
53628
29352
57159
6136
25765
62525
60070
41046
45990
3965
40389
57317
33063
2673
20162
24784
9143
63800
58617
61462
24906
25232
17464
47803
33839
42313
58368
6484
22376
59726
25242
9871
26662
45380
56814
53062
29001
15322
3342
14355
62086
21301
33620
2142
34499
63528
47241
54697
29818
1013
50378
40737
7398
34329
53625
58241
32845
19355
31760
30950
21306
22288
31884
54269
9247
39750
29696
41412
22723
13529
3967
3949
15096
51777
28802
51817
13205
18082
27375
24780
8589
47756
45884
7358
40292
17486
23892
57762
60049
32378
57286
50255
47266
46253
61281
56499
43524
35838
25526
52762
38629
28892
19765
55307
44997
21420
23042
10635
23459
7395
58894
7415
42536
53549
10154
29937
40316
22333
39040
26409
47648
14868
56251
2762
12337
37129
45136
14512
60690
8119
8263
56060
46737
7216
46072
9373
22418
23329
33326
7138
61754
22985
13821
49960
48623
38719
50684
57800
27037
11825
16883
30484
58631
14193
11858
54446
46802
33441
39245
48280
62964
20479
52572
32093
51032
20285
52430
49439
47370
5675
16157
40086
5070
2909
15665
41999
39185
52581
34782
20646
1224
37908
38612
29611
27843
54171
21462
36870
58577
6226
34753
6128
406
47448
53908
14274
44368
40946
24498
43753
11818
15079
43065
17057
25527
15992
16140
36834
15277
8379
32199
20520
40080
47862
18449
38581
31071
35260
50527
59775
3546
1904
31396
1367
33856
32507
10678
45629
58837
48249
59508
14553
3009
53910
45733
16236
53877
46137
6259
4038
15485
38309
62907
30728
16152
65337
15678
48394
54880
4684
9116
20622
62098
49091
35954
2417
28845
50987
59978
37694
9936
54369
14070
6737
60616
10330
24570
38489
14209
10156
34510
23928
4928
31012
65181
46440
17733
47740
20708
48218
61854
16476
44494
50880
17194
35044
55558
37397
28542
53768
8793
9528
44581
27917
15751
12819
48099
43432
40239
65474
39561
44089
26091
62077
28953
20690
58840
17412
39010
28460
57559
30503
57177
28238
5211
17726
12954
32298
47186
41694
42270
24486
49225
23857
12870
37758
61113
11383
21043
51179
15935
61022
28040
21297
15602
55353
50250
54414
39374
14445
28104
44459
2478
40894
60491
44196
52082
17994
44680
46613
25414
55503
55069
23518
18195
50118
42670
13469
4932
63382
21391
41606
6398
10298
47730
64922
52107
16738
38123
51919
24573
1228
5207
374
51508
10546
34943
38331
29632
17682
53408
13564
15117
16653
69
9139
48995
38226
9762
65169
14966
43297
20022
46060
16128
207
62037
50131
26909
54312
26757
19905
1492
28835
64507
25660
34115
59610
50040
4829
18401
62362
24585
51927
20122
35778
52130
52145
43537
23969
2094
1189
57058
61153
37931
16281
18467
59096
38011
38608
58977
29504
36353
55477
63659
3580
19946
11484
36466
46107
5847
9170
19574
5535
42161
3830
6605
10851
18900
46921
57994
9258
10038
57350
49879
22277
22744
40665
26882
29217
56276
34027
4850
38533
46843
60823
32227
17105
28787
22645
25501
6901
571
42157
20616
46075
14486
49347
30479
16931
38622
48427
20683
8930
27560
17552
49516
4992
56860
9576
36638
36119
4402
23540
52758
5268
53468
9381
56095
9425
34489
33389
35588
56311
27496
5924
24123
17932
10512
28392
13755
13513
64149
11664
38
26307
12344
36214
40868
63416
34002
27811
62506
48993
603
11717
24263
9479
14497
43218
19537
42454
47879
51285
7114
41805
58999
82
2975
19171
62107
22285
9245
45896
39910
60987
32193
4334
11451
32507
64543
38502
39261
61847
59348
63868
45162
37413
38333
65256
30048
32222
6363
2886
10989
22873
52654
10481
54651
46491
32409
14780
12428
49235
9849
28808
4875
53393
25513
8226
50354
39964
7506
18159
12949
39955
51872
56
22711
25563
5714
12740
54796
59359
45868
22537
55452
13038
17277
50999
44963
53545
56031
16375
4003
65058
14026
35953
46584
18085
37653
46660
195
51773
61621
64622
8205
26996
25633
3068
33115
20738
37971
25479
47310
11283
41005
5750
37753
63878
28396
6278
36010
2751
57295
28150
2147
35804
6966
11707
37725
52719
29966
19236
28021
19971
25979
15496
9492
60236
52864
93
15622
34313
54732
10171
35152
53918
44717
55799
5446
64738
43370
21043
60015
40693
21363
10277
16013
14656
27902
28197
61467
45478
40078
26919
15811
32484
48902
47511
26759
30689
36105
52913
60030
43409
33
58981
39747
22593
48969
72
40896
22269
21788
32166
23718
41786
36827
17280
15551
24781
35991
18198
42510
23059
26925
13496
37673
29796
17496
1987
48515
54216
23063
36791
18737
57916
29378
10564
29909
2926
11967
32675
55211
36629
7345
11584
62444
64377
170
8755
46393
53218
65479
37906
15864
56984
63464
42898
64356
41088
43597
2506
61611
44494
10224
36214
64060
16740
23193
6152
5913
24433
16413
53035
51869
51049
42727
38692
53477
31621
8704
57492
10732
23519
9761
63627
14663
51043
13914
27994
47495
58734
755
41991
31778
60501
38257
10473
21541
59506
38537
35663
12074
30133
33409
10405
51822
17070
34591
23828
35373
9962
48724
64588
28468
10390
43144
46605
63010
19033
25136
7398
4212
63286
56339
10483
47950
45928
48549
18232
23305
54460
3484
5109
32891
23963
15297
44417
4472
36035
38607
6721
49151
32804
8627
30636
12141
38466
9415
59080
30218
47310
27567
54969
61807
19767
22863
34862
60815
44277
56112
60228
39750
47397
30476
51545
52287
56812
9067
11686
20830
15530
2719
51038
24251
65063
47949
56410
29053
57641
40613
56503
4712
59290
61282
38668
49193
56122
62340
37481
57817
64439
56076
17181
29323
31933
9068
6845
50722
1844
60541
1163
24996
17820
4178
45186
397
47941
7407
46072
57565
54682
9696
61136
19697
43393
9761
39242
55732
30878
24972
33167
60478
48315
48715
51921
57057
53137
1692
22434
27332
23146
55072
26771
26126
53612
59419
1578
40759
7721
16644
9758
28608
3494
24192
14014
65373
10304
19373
39573
5064
34994
62977
2795
12357
55568
40200
42113
25301
50763
8278
45623
45061
6915
596
10935
857
35598
39422
57416
18705
10910
30634
55342
21168
9986
7103
47964
26170
33739
27899
48619
1332
7737
32051
33560
43297
23657
20322
21174
46102
38840
9206
9696
35543
6617
12313
51222
31697
57371
30293
19475
20042
28318
6361
36742
7041
61826
31033
25170
18898
56104
7009
55163
8603
47131
17078
11435
41872
39598
25162
44182
34306
54735
11158
20816
64791
12242
65225
51422
35880
50654
37225
28658
15364
57570
56272
8660
139
59519
27523
24960
36423
3998
41518
19707
65330
49930
47688
17845
37488
2198
46522
398
60523
53606
219
7441
48216
56386
62793
54216
4433
44213
18083
8789
43391
54728
15945
29491
50325
33803
22650
33825
48840
25752
59502
37453
43044
41595
30615
26321
19746
51117
30618
2084
25433
27197
36397
40616
35033
22163
53994
56051
14407
21101
18904
45406
61069
59042
39287
22742
34020
9962
2115
39652
4442
55430
47225
32893
38503
51003
27235
21845
31311
21497
19629
62979
51436
3856
57600
35889
46724
49531
47100
33104
15083
18098
25426
9714
25112
46725
29662
35834
46116
65340
61126
20601
27222
23549
13660
12081
39460
32674
26958
7273
58281
17965
15360
50509
59568
23719
2947
23874
41418
25696
61728
9061
14801
51492
58207
54342
3946
58655
28817
53903
18664
54154
59307
15409
58381
17987
3450
14950
48112
29898
41451
0
6799
59800
48034
23203
10131
190
61215
5076
2803
58216
27590
32853
18696
41662
39296
50147
33693
16637
33032
10643
3316
60934
49480
35065
63107
17532
36804
19336
14205
23643
39664
50135
756
22492
34207
35497
42391
46696
64116
57659
31754
63046
47573
21279
21441
29363
46645
41390
12686
47385
15853
55190
29579
55266
64962
39191
7065
38883
64244
10737
17027
34429
34774
51905
60173
50384
11380
2800
36666
5830
2380
56110
9902
1062
17337
30148
54753
17509
44746
62506
14421
60064
5924
52370
60864
38537
43131
4874
57715
21524
32595
33686
62873
9084
45473
35133
47656
2736
61775
4246
59906
26429
22325
21069
12762
38705
62434
40353
3906
20678
39681
48398
54611
31068
21539
44652
40950
13205
37748
58008
2106
31808
31208
33366
36101
11140
14517
59827
43327
3723
64945
19821
9913
64721
56437
18667
37139
33075
53021
59947
51744
40754
43007
16464
13107
9576
34105
60962
62879
38515
45435
11988
26011
30476
55932
48030
48727
53394
46441
50410
53046
47086
53276
29397
55909
36072
44509
61883
42887
9104
36664
27964
18452
47015
57598
2529
61167
30010
50442
43444
19088
53340
26771
53955
21165
42601
4491
32585
39394
50897
62541
51414
8384
52632
29846
10007
41424
6638
48353
55685
18723
51538
26069
50165
20770
56294
10435
45285
11191
25353
9327
54507
53378
13748
24160
51419
23907
65112
15351
2361
24951
60704
36758
6443
62654
15644
17527
28628
19945
2390
41311
10095
3623
51792
40102
35551
17647
12685
63989
16028
48307
9696
41842
1643
35022
29873
39303
24683
35008
58761
3828
33216
59214
36867
44280
39856
8115
7964
47608
63355
20710
6805
30461
55562
2127
65018
33886
28846
65417
1217
5825
58830
50342
53661
377
62692
33088
25584
64171
27088
28221
515
49478
25502
16593
5884
50966
54292
55920
31497
50584
61457
16855
5362
18767
38161
32030
61687
17750
11581
56976
60253
64544
14538
27277
31751
16086
21551
56255
10964
65044
50010
23139
51165
6530
1825
36921
5740
31294
5163
39524
30325
24003
23736
36074
39900
42831
39897
64158
59857
54899
20069
20979
42176
49767
19140
64487
42054
29166
51225
32360
32708
22554
31448
64599
9459
60958
10747
49200
16029
4373
31951
31054
63263
22004
23801
31418
53404
499
62904
25599
15673
54200
37110
17969
11693
83
13060
14499
2659
773
53037
19270
35856
58409
55424
17109
33623
33691
17366
30296
18813
17161
64782
36197
20013
32943
20829
38076
59187
979
21540
18842
14859
61905
12615
51020
18023
50082
19157
17741
39947
3877
32071
50527
37533
32855
46710
21850
21990
41926
44575
28565
8201
32820
5130
32766
55664
55044
17038
37339
39269
38565
33230
9196
63346
58464
22227
42453
61768
44559
46817
12245
15002
16590
13784
63534
62416
13736
13182
26576
43250
696
36455
51228
33499
43944
38137
6579
8574
7383
39453
35797
49321
6776
54416
35503
29384
61140
30688
12185
38105
1926
62598
32315
49467
12053
20954
16239
1651
49563
64387
38731
23519
63396
60380
4052
3583
1075
57310
57319
787
19224
18672
9813
46666
15394
23498
19413
18556
17716
26282
64356
42618
37409
5275
1665
6087
46900
30290
33916
435
59038
5735
40496
813
14607
15913
30027
60782
258
10376
13424
52203
59234
2447
52382
26198
6892
51500
28667
20151
64540
47709
61358
45546
32463
50217
59073
2204
34997
34917
64114
61048
14894
54646
17432
43769
19193
27757
24889
47146
25829
23514
34062
7570
60419
35994
3457
56090
61774
60508
40445
55403
63585
1410
45281
2277
55862
18978
50808
53575
42163
25004
17343
34760
52304
4905
45692
6090
30876
45821
12636
53362
6114
55921
17681
35600
58615
12235
44379
26009
56159
60246
43207
61206
57700
6152
33878
59274
56239
830
44181
39262
64852
19026
19039
11465
31705
24257
17757
1168
19775
35344
42740
30766
20049
3925
42056
36960
45132
16272
51287
16651
53882
16474
4757
2777
55948
20973
29131
10099
36273
47646
63955
44980
42937
59321
11600
35464
35369
40568
37283
63467
64387
8143
59296
51128
46430
4601
42785
9511
31081
5648
22026
41786
31912
60408
10397
29900
13074
24154
16949
46897
58148
58658
57118
43688
23526
53754
53586
13949
51605
37571
28745
46889
57358
30605
46475
49305
13346
32396
27348
5822
11767
57523
16919
46708
47775
13985
29995
61356
9450
50123
5665
18464
52324
14566
4420
2501
28588
36675
53399
24810
21723
31004
57716
9221
49250
41804
45535
59780
34514
6121
28817
62860
58276
27515
35823
43590
58920
7224
45624
54348
50721
51051
53449
65353
61565
21514
27185
11512
2814
20671
41196
54434
3130
26835
44297
30945
60286
64984
5835
9698
8129
43453
30256
14544
31076
1031
7315
47830
28693
21265
5404
25159
17036
40362
43976
54806
62588
17644
54446
46522
40610
33750
5192
16793
59590
5250
49647
50276
39477
23283
10883
43035
14158
44743
835
53556
62004
51455
11858
16414
29074
62528
16206
7215
62660
20286
48799
26421
45631
34452
20515
31476
7956
18929
7335
14655
18068
48368
34622
64803
12150
22781
12545
185
45562
963
386
6072
2711
51713
36721
4449
4049
11447
35184
55930
50501
4193
522
63386
16055
62179
38966
13495
13920
36403
7720
10612
51968
63868
32934
12686
15420
7178
37533
16034
44566
8257
63947
392
22048
52628
6428
49710
61610
11272
52184
4224
63376
35640
51777
62100
40625
23108
10384
47587
49673
4104
19831
6203
31574
19306
25832
47140
32969
34628
10001
2755
53946
24261
62641
27161
3012
58841
12483
27650
46448
63710
8403
57822
22400
16140
44248
39453
45662
23310
21811
61924
9714
18398
20624
30792
10295
48455
58181
52254
56608
55743
15143
35160
46729
52062
6263
52423
7498
21866
7706
34192
23615
45840
61986
33040
4006
15500
55538
20766
47082
635
62538
30222
33328
7330
58435
59441
52590
31720
58486
40522
18530
62138
62382
34563
47482
47191
61639
56731
61520
42834
23720
36191
4664
22544
62851
46423
13064
30375
30632
17220
21893
26274
21168
25751
59397
37317
59237
45382
26461
46992
23572
2822
16820
34810
42674
31876
20240
19321
17854
484
64343
47719
8963
53079
19204
22719
63445
18683
31089
2369
29627
34872
63035
37454
47954
52574
48364
18510
36960
50780
6596
21424
39094
12172
58824
4437
51811
28017
21699
34684
65198
37569
42566
22158
44063
27235
59297
51307
5592
64206
11461
24630
25215
14320
13567
36772
31465
12573
32962
18556
1619
31096
37948
58647
30720
18614
30188
57896
53657
32493
9102
61779
9146
16000
17874
54806
2142
40970
36719
21368
61384
2636
37952
27923
54446
24641
1380
1932
30552
52233
9209
53588
59236
13475
25177
44087
31140
30499
17378
34767
62463
51140
13457
44641
4273
7986
37449
38805
48286
58697
5553
43576
3742
28511
38390
22779
28621
60420
36519
15595
21729
47845
56128
52097
56557
51339
37439
51258
34035
33619
12088
11318
53643
660
9578
32933
6118
43518
58064
19589
13314
35645
54580
18626
412
49389
57660
35282
58329
31017
16631
32763
44242
21218
57497
13182
23322
31706
8324
54026
62109
50397
52709
57909
1415
46368
40560
10576
53114
24151
12167
16800
47467
39107
44206
50232
39963
53304
41398
41580
57489
63354
21102
31083
36385
58822
41412
19340
28494
16342
2775
62967
23145
22520
60554
11926
47511
45710
5075
56605
3179
41435
55921
44004
62789
50646
37431
43573
22852
29988
14883
49054
1591
12139
10730
33541
42639
2363
52705
23835
18582
51975
63772
58437
39171
46289
983
50396
9594
60260
14017
25176
25671
38193
61020
33988
34830
14448
15679
58237
2757
42672
8603
51430
54306
31740
65005
39663
42995
14545
22666
15430
21952
13841
18647
1693
55153
7884
54793
46854
6388
41619
9677
5900
31527
43157
52605
21197
52940
3228
33350
9086
11863
30050
50589
23214
61487
30258
54246
37627
9383
48934
21115
10623
64098
26738
10115
17995
64964
32014
6384
5633
42076
2770
36446
52223
36674
26792
43347
49495
36145
767
9868
20565
21831
14246
44177
86
5879
51278
3958
48849
59540
23292
33937
57353
16572
12638
33182
63317
65461
10740
39985
28169
39600
11659
46879
44239
45296
21163
39473
34080
34644
10450
45773
2781
11048
52577
10686
32452
25893
46273
18641
11577
22365
9689
60571
53058
30260
47475
62669
27926
19486
50494
64024
32002
37436
60379
23150
30131
41738
31855
6994
22397
12565
32349
45065
8823
47147
19955
56135
31236
49904
31143
53734
2838
15907
13374
16943
54837
11600
34950
43080
39074
21426
30545
47648
5488
22172
42839
34610
29483
5277
42155
54525
34193
25624
33924
53547
20065
26418
11371
7353
13726
2992
13811
54847
18640
5174
19506
19364
7064
2640
26504
61762
65300
8853
5189
48512
49223
53551
47627
6566
64101
60545
37009
27340
2217
9479
31754
12508
44406
41772
28525
42252
41265
36349
23451
26506
18073
43787
64453
6986
52933
50822
58915
37667
11155
54330
32179
23665
59648
31633
51884
13648
25423
4974
48508
18109
9065
2400
13878
2413
12908
39859
63195
47801
43554
61667
5578
10002
41928
64703
43776
13614
47088
20627
13601
7913
14297
49174
51088
56964
29394
37233
28709
55283
13740
44263
9103
50398
62951
30855
2239
23896
54564
12524
15327
24754
35565
15742
1854
19615
31010
27433
36136
64954
47159
45911
56995
35161
54671
61415
64534
56704
17895
51900
65172
3491
54158
34021
46074
40902
19024
61095
33154
46047
3970
48297
61947
30520
13765
26208
17953
58005
17783
44365
32893
35164
62125
20112
1154
44638
11664
50289
42597
53109
50851
43222
48188
35714
64502
29969
38152
11054
49381
12739
49883
27316
54321
2536
42080
29156
32291
20494
62852
29054
61549
62155
43435
21777
3456
39442
53866
34554
7091
48326
49106
54591
24418
17940
2930
39481
18258
51043
497
5511
7269
48593
58758
52025
21703
2709
15900
6907
38050
21334
34593
24925
59621
34579
34838
59090
49489
20583
56224
26627
46395
28085
63508
33132
39008
62419
2256
20412
42058
14002
41189
1866
16811
64299
26454
10005
43190
47523
1179
62332
4292
35912
23153
12267
33864
45484
49730
4089
51725
17388
16798
6993
11085
54880
62322
56307
38071
13047
35554
4658
43466
8763
23620
21175
23647
21201
47662
64367
11519
41122
56053
12535
33365
64829
49516
39477
6947
62259
12412
29043
65170
59845
4358
20370
43434
54116
32526
4400
16337
27930
36485
32737
16874
3278
61280
55917
28953
57383
30679
44055
31794
23393
18917
7435
33136
40056
55952
40937
65071
16246
16024
19293
22885
28531
64407
57046
41518
39140
42881
24005
129
24001
60213
58055
58864
14746
30481
56233
56256
56556
34270
29481
44661
47767
12789
16048
49960
30869
45296
15849
42403
20720
62729
53933
36614
40351
55649
54444
39549
54952
54792
33760
1519
15465
2642
8124
2070
42964
23458
26182
31281
31845
1584
40608
54551
60566
63110
20237
47014
59829
990
13248
25752
21062
62718
59679
4284
42924
40270
43350
46138
36325
3963
37421
7632
24879
28
19897
24921
43161
1722
52914
20697
20893
25861
45156
53022
10156
5419
29996
14732
21589
9935
28822
54574
27331
7116
30097
9648
25448
30578
22105
21590
54599
61265
44142
14925
52755
6950
24922
20688
48296
42395
3676
1438
52165
62729
50755
23861
47798
54309
34967
38143
65058
52118
14006
11904
56765
2022
40284
40886
19393
2939
9847
57648
36166
14273
31841
40621
8573
30072
65381
57022
33061
22065
42454
40964
6984
947
54289
50872
13859
51092
49190
22923
54131
6046
40234
57822
27570
18224
48844
24583
64571
54987
34584
20942
11321
44918
23805
28694
3920
26057
27565
8070
2073
7284
64793
11131
41033
57646
46292
20152
26178
32540
1048
59318
16486
50772
16188
32520
18516
16870
57406
8038
4475
28325
10305
42210
7745
55020
3289
3572
36086
21381
41587
46133
46490
23282
34058
14978
9003
46205
36080
60340
65362
11183
1831
59100
11486
48489
24959
47673
64190
11743
54923
25940
16215
9982
27815
34066
4173
57155
28236
13582
28309
65424
26857
10330
50511
35604
44407
15741
28252
60526
43643
23348
9068
64759
17142
44350
23076
1909
21945
3777
35197
59900
34799
32057
19047
20225
14719
51741
20078
64532
10839
42702
39245
39459
35972
29391
37110
23933
27770
17823
38096
48978
17777
8766
57124
24776
43318
24357
47836
45033
38217
50659
49695
24820
20279
48848
1119
56085
60678
2170
10100
40194
941
11565
42880
5092
24825
4943
57125
31541
57956
35163
65398
62271
25210
28987
10374
46434
45118
23453
7478
19945
30676
39221
46469
21753
18659
38953
441
21769
38654
19983
9586
15237
41932
43812
44454
59661
19037
14147
65391
39052
60284
37719
9185
32884
58785
60783
31647
2545
54126
24005
57560
36108
26871
8253
64734
47654
51488
18311
47495
31785
7313
16833
27419
56720
27691
30087
47207
21915
8714
10112
62369
27949
6103
40788
45359
62761
62424
42160
1302
34734
18510
43221
44698
22541
52281
31622
30773
60054
8271
52362
51448
40218
51166
31053
24375
54659
13299
54227
21554
26302
25997
59847
45794
31932
39716
54544
17054
46737
25653
50504
59158
42769
44667
59767
21954
37328
21267
38203
52656
55310
23077
26539
53343
63761
49495
5737
56414
48622
12551
43996
43538
54009
29433
28201
31014
32016
4340
10266
41222
57821
25617
26678
32307
65328
27245
53303
35899
22362
18372
29103
21337
49217
37780
17419
56095
62398
18352
6292
56193
40192
65527
60304
46110
7293
50404
3673
30141
56875
6242
6712
12870
18611
5927
12527
27510
4774
27578
5099
58826
47215
62696
27732
11083
25254
41933
37428
27510
20015
15616
25406
41452
158
39052
20754
19239
42276
18003
13091
2783
13865
7705
28125
46863
3424
14508
13615
26795
25202
45919
28924
11550
56619
8071
14855
58155
61582
4298
24846
60746
29963
13799
51735
16190
50756
18673
20974
10355
56511
11571
19352
57409
13522
6009
60182
17311
8655
51637
6316
27975
52935
39798
840
43274
54555
19416
11014
39254
58557
16019
31050
30492
16010
48381
24075
17770
24051
3791
50070
33297
4894
64004
7359
31301
39987
19380
59644
45519
2352
1742
56380
431
55155
54466
43126
11656
7967
23866
1002
54112
54456
17453
54818
37403
58297
37187
26859
21881
32963
32505
4922
48729
39360
737
19440
38695
56836
44242
17853
5087
41356
35722
58966
38912
59636
7865
63181
23947
55286
15571
6686
34611
30712
59435
32782
46277
57335
49242
55496
57072
20882
35513
54239
37842
23321
5988
14074
41714
1337
14019
34732
33063
18372
34204
47857
46013
14459
30950
42752
24727
28660
8586
61269
54552
16876
20868
27379
28240
7575
4092
30904
31993
58099
30958
23571
59365
26872
2536
10225
9497
17369
39664
25910
8933
43799
60934
24634
50010
3799
49699
40053
6841
30890
59217
62848
1574
54656
20225
42532
41147
11531
36937
9328
57840
57942
53932
9976
3907
41194
14909
51880
22596
52557
15331
41718
18269
38562
43713
5711
807
5074
50498
21980
14741
32597
54012
38111
33786
50712
59677
59096
36129
61406
49230
51491
37671
33471
29294
58079
4997
39819
50753
9984
23057
64510
57058
19073
996
37261
15378
10579
32230
54883
30895
63828
53158
869
23094
21407
14398
17850
37834
62611
53154
18906
56389
392
48172
59638
34338
27439
42366
21795
2358
36907
59176
57456
43023
39441
20450
41721
15693
38305
58491
59930
62102
32208
58043
42659
14013
1231
8721
22641
63848
12875
9974
16303
27860
990
35294
20917
30179
33500
11431
6196
15841
63303
63919
45766
33893
31525
30261
64682
34265
65267
59294
3151
8520
51638
43792
20913
58405
40248
44978
23655
11094
45475
46831
44816
33625
22857
19647
53523
40072
31218
58527
36468
19675
35886
55536
1954
38015
1792
661
40372
28805
64503
34518
36659
21779
1455
39291
44111
32554
8781
52332
53629
35810
44237
19897
3130
43169
17990
34179
35063
38290
28394
55412
58425
29078
4651
42948
52090
24029
2652
48940
6318
57427
40746
61175
54098
65499
4117
51785
13385
8237
20093
10895
57095
38183
35563
52764
65394
21612
23477
46181
29096
10412
40442
36446
13209
990
47266
16488
45451
60832
4471
15564
25016
5495
28840
60628
25159
34433
30175
64032
27345
3094
20213
26444
27794
6719
58289
16062
9126
57182
55210
56505
41190
53471
52641
23041
48402
5622
24159
60939
51392
52233
51396
29697
40582
10629
4447
52912
12778
46742
34009
62865
41061
12741
28367
38080
65279
2855
21955
65283
2378
58698
49953
56299
50916
17326
19346
58862
62082
15576
56344
17137
3751
37047
39352
14454
3307
34776
24022
38612
35345
25620
39329
19447
65142
4044
24465
12883
23761
10512
33051
31921
1171
27014
26841
10891
10844
59733
14584
52904
53803
34635
32857
24366
43152
17141
57774
4146
22860
43191
16869
4950
50200
34229
10817
38272
43900
14545
34205
57527
53739
45827
57975
17598
50859
30347
58422
8359
44561
19570
43094
61031
46712
51698
49623
17143
24279
45727
24437
13382
39420
9756
60082
23395
60591
63440
12478
49312
20924
53486
31734
57463
26826
2633
2500
54447
37348
26474
48607
63571
11568
52840
6330
3371
46334
13913
62630
49541
10441
53045
54709
21503
24209
14760
27391
6784
3534
40762
29335
54645
61868
44027
7309
43503
33708
10487
36134
11116
43177
58168
10153
4317
27305
1358
18413
32532
11614
37495
13521
56461
43110
56473
6012
31099
57845
29089
11104
7877
60646
20101
26165
12021
34545
14909
41536
10210
64532
2752
65458
2793
16966
35773
56877
15557
3619
52597
57952
64366
55800
12343
5978
19616
9918
20919
13663
62242
12724
28505
53222
37111
55251
7579
41788
37835
21585
23720
49957
24115
13842
61499
36736
15152
51453
14631
1792
31640
64062
46231
12061
37370
29538
11482
37421
46596
17708
48159
11523
43071
11223
64829
7310
37988
62982
60654
47067
62639
21071
12885
2488
22309
63157
16687
38829
41879
46958
22546
44371
5248
39250
56194
12338
54687
3275
61892
50070
56697
16512
30071
11978
45680
51679
57391
6116
45549
1166
12746
16192
10584
23085
8447
37275
27685
55617
9090
22832
20399
57066
11644
24174
32165
60095
57650
65263
61504
62259
46841
33060
55979
33731
39310
50416
2865
35077
64462
21380
43666
44122
34725
14041
15720
533
4744
23586
47177
12586
58991
59128
1896
15744
8870
40623
47993
19467
46002
17458
51851
43304
23918
43134
61867
32122
53685
52997
65199
51565
62384
42038
47874
37414
30244
44076
2660
28579
12216
25068
21919
55372
49647
11159
59344
24494
1836
15696
3078
23782
8509
52615
48454
3568
7517
61601
12575
33440
53456
65158
7534
18954
26772
50369
12870
7083
12290
31627
63368
6599
35653
22981
58749
34599
53603
36235
16977
8499
60393
56670
7075
3583
17180
57055
34802
28394
28513
50082
33943
62627
56918
39919
42314
46351
21771
63612
30435
63071
61719
49004
21597
40186
38104
24290
36975
8277
45701
16611
6991
54417
26542
31037
41415
48610
9032
461
25705
24784
19663
38966
42091
6119
31705
54547
60850
61549
43123
28265
39878
3840
26428
38895
19115
63019
19987
18262
61577
42924
30305
25973
42342
27765
39119
17117
27779
25626
42452
21325
27445
61
43885
20969
1108
46554
36371
24953
2746
39600
10437
64564
20768
9327
37967
1228
61595
45572
43329
25316
26417
52714
52194
5235
21498
3174
59088
32537
54142
19498
41413
23381
65218
3291
14458
8818
22434
21991
21355
13304
52063
22885
48718
20798
46046
54195
40930
14269
22105
10164
64099
58167
36289
23466
11866
22888
63952
18580
43473
20288
59215
4844
48801
18432
53447
35689
57763
38057
7202
35390
38820
59978
36513
64121
53112
59145
7049
31028
56911
57483
34856
5513
18794
14098
29993
8631
65346
43241
41350
53542
287
28402
9864
33262
5747
36529
63658
49182
39696
38492
47446
14846
31169
32
61719
33537
53954
20483
36429
52828
49800
7225
20590
8702
11827
45081
51275
10149
23568
48338
12164
37607
26444
31507
57046
54505
11473
7139
61803
57563
15917
27432
45214
4862
43564
9111
62750
6496
22982
24982
19813
14451
34171
65352
46190
43037
25963
24488
3304
5082
9086
42713
2252
4438
58845
14409
38862
6783
33526
22438
41099
4302
12011
20383
54610
56209
9400
49548
18678
3816
7841
6120
57852
16312
16485
27256
2324
64708
51251
37107
24833
30732
45098
26962
20382
27994
31698
21111
42050
14328
50674
32538
17009
35077
49959
1782
27632
36162
40741
47048
49448
58894
31705
62495
25457
13299
56590
60530
17133
44408
482
4162
380
47240
61409
7679
51829
43530
19031
14135
19912
55592
17043
49566
43393
20390
6727
26019
51411
19293
14995
20399
33902
44270
64145
47514
8580
18793
28402
11484
1271
51106
16945
50078
14744
51394
61174
36171
20238
25427
40283
24202
30758
42015
54164
28277
33020
4982
13088
33626
54200
22838
27292
34703
58472
16136
47811
18503
39445
18725
34396
2066
32690
3651
58024
17932
62170
42405
58802
60460
12483
45670
6419
44773
22045
504
15072
15713
56074
26805
22576
6381
64901
64615
30434
52235
62727
34571
30354
33065
17357
52962
8
24967
39029
65197
56602
36246
1763
33459
61094
17926
21283
57128
48709
20299
44241
29567
57616
46460
44276
41113
26644
63706
50804
42373
49011
13347
20488
36110
27427
29934
27730
35574
11986
31900
4767
63038
17129
756
22931
52145
61109
64913
46695
48725
21009
3408
15390
63722
27815
3019
28730
16135
11464
8847
51867
23462
18004
34965
39222
14656
47516
1915
3721
7144
53818
108
32583
18909
23601
11181
38859
7120
21562
7785
45083
36353
1878
16118
32314
35217
32707
31256
50070
35893
19155
30998
41827
64310
40544
60334
34664
42873
38874
20810
61673
26034
45928
42562
44746
5678
2013
34403
24633
63870
52862
45397
37639
27668
36976
50417
6235
13563
29052
44276
52216
46744
13894
15536
50129
59029
8374
61210
60052
18368
60100
48168
20837
10623
4213
773
13674
31581
24811
42854
41421
21911
55107
44973
7747
31184
21899
41910
13066
27968
64822
46124
15691
12189
21638
54609
11727
49554
59629
56393
34995
18604
57914
10054
48611
21428
48122
54811
20299
61874
47939
58890
44239
38814
17645
47014
23140
50337
38649
357
57775
57857
24475
7
53634
23656
49336
48242
50738
55523
34700
62788
49016
51624
49875
39685
36162
37142
13362
15658
28468
29466
20558
14896
50496
53525
48236
15912
20537
8587
57957
33333
38293
36142
51357
16692
3854
48083
44270
63486
64214
54771
21125
47012
48580
65452
51863
41585
50568
12392
12472
47745
59061
8023
9735
58365
44594
13285
19782
6987
58662
8551
10449
11959
18496
6245
60238
50336
17600
46516
8775
31556
34755
64776
38658
13528
56215
34125
14862
24638
62718
60136
54550
46563
33438
6000
17634
6463
43293
65405
15239
55807
60040
23552
58056
36293
38117
55667
4590
27031
36946
2569
25698
23013
56637
34616
9693
64496
35620
19943
52618
15345
45981
18886
46052
27799
23435
55978
10751
56677
62483
15600
22434
4637
8148
57167
5637
27033
55087
34761
48339
27732
17136
64273
15536
48078
9982
28297
34393
22787
5588
60349
30463
2310
45925
8674
6307
3462
37383
19417
8806
39948
40732
28142
20485
26373
28955
29345
24047
42740
28972
2773
2843
60533
3300
22912
20319
922
60424
15046
50692
38024
43472
5642
44058
63093
53496
52254
33656
62536
50720
14037
24910
5257
19047
34195
12505
26195
55759
12956
42251
65483
9561
18376
50625
43000
37020
5973
33714
18082
1944
38286
12045
9033
50539
44769
58776
28889
13898
13739
17161
19342
5920
54325
63088
65272
17714
52248
41459
10024
39974
5100
35614
6320
5381
37206
52835
44477
63807
40830
47958
53961
46099
23599
7152
51468
568
29693
60066
56562
20537
51657
4106
30250
20617
56697
59832
6478
63427
1448
13996
28114
26762
23061
24571
36203
64943
4283
19409
23024
14654
33722
38713
52978
59613
59793
8267
58198
3325
55879
47917
31392
42508
55444
45836
24566
852
15823
52964
18107
42084
45173
52064
62629
65210
32542
26467
23262
3508
6011
49241
976
13377
11073
50683
12252
59071
24783
216
20493
10482
21873
31972
10779
32581
52382
49110
39804
24421
4964
20900
24327
3282
23168
45239
22012
2504
2802
21278
56632
41889
32736
59140
34867
39961
45887
8620
45768
49660
62604
23432
21011
26300
52350
19081
18851
63260
38187
36683
37924
43420
34317
9023
36202
45875
56468
49327
22261
58875
26248
43611
46026
37006
37820
64352
12432
44155
5950
34908
60268
39910
65199
5142
4903
34437
40229
57655
46033
19786
59756
41158
14061
34523
12198
6825
50405
58503
54356
24117
53950
46870
29701
20225
56664
26091
965
44341
27747
25028
6722
62311
48271
15486
45132
40380
9217
30186
29738
35817
9677
27102
46184
45599
37875
11073
3053
50034
44073
3983
12554
12214
49018
3256
22358
42386
1091
53774
11906
340
26669
50395
54943
62414
20251
56112
57820
45192
4405
46305
13578
42452
14933
41857
23466
8802
26208
43147
55170
7988
31848
18587
19635
52270
26896
11347
8849
2158
14554
31183
46752
25646
53577
29065
54629
43607
51534
61965
38015
26419
57987
38970
62711
30982
14286
10871
7680
16345
47550
51025
43240
48913
59167
60610
51868
4037
1302
21479
59485
19070
8232
40598
13503
64849
7173
48441
59731
21406
28513
27624
49874
26382
5852
10529
40968
34513
33947
41694
47611
35957
7097
60657
47284
36964
13657
49605
22582
22745
2059
22724
4444
24506
18454
44621
6512
56417
34235
43140
33285
65489
19729
55223
57560
42493
52483
19005
60847
51759
43782
834
47181
6678
37168
39553
1289
5112
61541
61588
59730
963
59537
2801
33610
25248
52753
4874
61904
65515
26835
49003
3024
32186
13455
5155
51041
22515
41332
22799
23506
17520
45968
55286
23129
32034
47310
16506
61307
31529
55217
59259
65310
46904
48649
6902
54912
22234
28461
22332
15427
13678
7079
14479
13039
38156
44637
44721
27582
56252
16604
23901
19557
42811
16139
20405
45292
64715
1863
52633
35568
1013
53514
28471
50363
47650
25918
29553
19276
63009
8624
17779
16981
7192
41823
28651
57865
19498
25717
46354
35489
64399
44805
12421
57774
41672
46548
37365
14640
28023
44777
41632
9353
8561
26813
31456
11755
17758
27513
3536
27309
24648
47309
9320
4591
29688
57983
45511
38737
20921
13567
14469
15042
37168
53028
39337
32644
8152
5927
28493
50228
38442
14193
50235
64636
38730
27129
56863
8431
22921
32545
57477
8150
64646
15068
43867
6689
13307
28542
36734
31649
56720
21337
49820
22170
50394
55504
29236
34912
45276
24774
16673
3469
3613
11789
44391
65026
16438
60289
55298
14119
25946
43933
43533
10942
33700
42844
21286
49074
55035
21064
13730
27247
30505
52775
12052
47981
40238
41010
20093
20726
42794
52961
33437
24874
42675
33763
48764
33061
42185
59697
62534
40487
13706
13162
33667
56364
19235
7223
40501
10981
57090
47430
42513
52588
11260
42703
16882
41603
65238
7641
58949
14579
5979
37768
64822
8028
16773
40737
7692
49584
22787
7838
23430
37413
27940
26982
41400
55702
10564
32400
233
1434
6292
21341
46507
2724
58703
50884
59724
34675
35212
5250
11398
36551
36877
56997
22382
59166
59304
4788
6966
57850
1012
31148
10348
36295
52556
37573
37869
39733
33092
60505
1544
22957
50896
13578
39159
31321
47461
44462
2531
30252
23797
59034
27463
7017
7921
20496
40041
18088
14281
16384
1946
65121
40770
18034
52777
27402
30899
19549
14254
20652
1541
19332
50993
47513
1288
16989
60689
23922
18183
29711
37249
36088
1895
525
55961
20770
5601
62435
61992
21270
51095
61767
45841
55462
6053
16457
58979
11420
43734
41030
6576
18639
38419
29280
36808
42235
61617
6279
44140
53460
42467
3371
18405
59979
43869
7141
39633
34095
27409
46403
19513
27543
45246
41359
15878
38984
33332
14716
222
11530
12543
27229
7928
46709
54953
25474
2215
19319
36518
9133
13745
11741
5661
48817
2931
5199
19225
49666
26749
53598
25705
33422
24197
42476
13040
29358
47289
39555
38711
38872
57917
45805
32202
41495
24475
23189
47779
33788
19791
37913
59885
40642
25805
50477
48659
14524
52262
6254
34462
55990
31477
33141
34526
17437
19375
26279
42481
9459
5762
56756
30205
24093
11944
26908
44125
13026
53337
16386
22477
53254
35365
24548
48464
42007
56043
52852
12973
46033
5312
33013
45287
19286
8521
47726
9779
16458
50993
50014
37193
28466
29474
45790
25369
42678
57470
57791
330
25131
21463
62537
34713
28167
63207
4465
15826
45252
53174
14250
12972
56401
17178
43521
56952
27579
47062
9262
25764
15151
54305
63387
12448
41382
61851
48491
22938
53423
51674
65297
18991
65441
17625
37359
57713
13346
36477
12968
36362
13788
2401
64172
60733
14883
21962
20939
3687
38874
54709
31119
64349
48155
10722
37923
15524
39609
62743
43326
36238
43571
63132
53048
62406
28098
31059
7611
41230
46047
40662
21378
16826
64682
46178
55679
18575
8983
60652
51663
16476
28061
30239
45910
24257
33946
3884
64881
29960
34114
31988
64215
26532
23761
63539
47511
38787
50321
55708
26624
14298
37690
346
30183
46463
18690
59838
10159
41889
46072
47464
28811
52602
36499
48719
48823
46864
5319
60315
24803
49593
5389
65222
17857
848
44952
42982
18598
44627
6674
47850
55599
36100
49864
33768
6540
54617
51187
41696
7626
63142
51998
18097
31331
15859
28074
62464
59963
29649
21196
31514
19261
49033
8159
47504
10759
52399
41643
5705
33149
46559
32427
65120
21458
15070
11049
3822
27366
62227
7450
42535
33153
12270
58186
15766
27920
45393
40797
48038
11565
30884
14971
15795
65021
48115
31185
49222
47233
12056
29344
57885
3244
12336
61206
46241
28396
18263
1740
30209
28355
31141
60842
61965
64001
34142
27431
23493
53591
58302
30397
8710
39027
17362
62213
11999
52403
56958
16504
55379
46262
59866
51311
53977
30502
53918
24022
30371
21373
49582
12417
19859
20231
64344
44273
10931
27311
62882
40458
53534
14569
58153
100
5877
30006
65254
22556
37690
21992
62509
19911
6259
11491
54942
62838
3115
38737
33711
22771
0
32444
41900
20456
20011
28689
25412
35775
40361
4065
14252
16606
61093
65433
39759
53451
35350
19733
52613
6501
38734
2704
4903
51567
49505
5690
43747
2982
15015
13541
20791
30407
35776
44364
26245
62612
11249
15653
13731
13725
6184
52892
342
10365
59940
3222
28211
22664
53467
32171
42882
51600
27714
8619
32935
37004
25895
61985
56876
12171
20763
165
32168
9514
17269
51262
63152
23094
3292
34914
60511
64072
57296
11749
3086
22561
46424
42003
24416
18383
57878
56210
8564
44638
43765
17215
29130
6626
12662
1208
57168
62971
21779
43634
47729
55180
2593
47491
60556
44450
60839
10357
49774
3923
30470
37188
5409
11712
8414
3738
48589
9605
65369
37936
63553
27117
17563
42287
8288
7005
44032
58815
42751
928
2184
56220
55452
11861
9387
28302
36930
27665
17570
39156
57671
43103
26595
18477
41552
9440
24895
16447
31693
43402
52296
21745
13977
593
51068
38524
49154
7280
13962
16263
28950
28665
16314
11866
52188
16421
17644
51182
10548
4100
45557
50715
8601
34051
55860
64655
52363
37077
50548
3490
15395
32397
19872
7144
56463
14226
18459
17019
32607
61963
19387
51102
20914
8716
35212
19412
765
46411
22124
10183
5268
32582
10064
23787
55505
50770
13198
18692
12462
53784
21408
964
4419
3236
27546
23697
58154
50985
59499
64076
61216
21817
27577
31914
54626
30304
20116
12744
31156
1821
15285
15453
35725
19235
10748
39106
34117
17616
53246
20581
3392
7301
46839
9086
36431
53739
55636
22835
65304
6685
17280
3552
39866
6116
12396
48896
44103
52696
26538
64484
8284
41732
59640
46560
61808
24641
51279
64620
49748
24221
4989
25571
47533
32678
37511
52967
15672
58549
36506
54751
62928
48119
16952
20431
36007
2263
65029
6219
4745
39222
44502
59023
22645
26629
3562
40843
62717
28946
45465
677
30952
55394
53770
52549
13731
33503
21433
45180
10521
3970
31010
45234
63629
58443
41016
9830
45638
10257
31916
3128
63949
2559
4019
57538
12611
6722
3204
789
30942
16754
63129
35243
15833
15511
35773
48969
14392
35106
37259
65190
54429
14306
59131
44122
20559
21290
53397
17037
26335
22878
44995
55338
62927
43725
52813
12600
1306
35518
8558
8023
61575
45040
21156
10872
28717
61485
59024
31742
28038
7759
39290
50369
21176
34712
10482
43827
24563
52313
24096
8061
42751
7164
33631
43825
59920
21455
35061
6059
41264
42145
21444
60329
38469
13581
21166
58122
53139
21327
30664
11579
30134
65151
43218
17191
11129
6279
19052
55071
31726
2955
21524
4900
10052
61250
17590
21450
31909
15261
35915
12499
7256
25929
31478
7267
41353
35781
53128
13858
11648
58790
42907
16594
3667
60882
21694
10509
57674
48254
16248
15236
55841
24475
14586
11111
38457
40039
46559
51828
5515
17301
28939
26712
30058
49944
39807
7645
33242
774
884
10523
63563
37541
16374
59615
30679
28197
37601
27662
15020
43842
14728
40234
27580
43749
51456
40137
24497
40988
38415
32428
45685
8373
3255
9702
38853
48109
42238
48414
34226
46597
45577
59166
3160
8602
17742
42570
22040
48783
30970
20245
25767
19800
13211
6597
17369
47604
31106
34302
51832
62274
13023
15477
34377
7436
43220
46169
38782
47163
2905
57313
7052
27308
52761
36071
45981
22513
53881
44919
64708
10224
10633
43010
18715
26055
54148
22722
28765
55532
3768
50508
5984
33182
28686
55509
14696
31599
33145
58513
27730
34574
8173
52477
45990
17071
13236
63426
12357
14622
50830
39314
11745
53992
29308
44086
214
61356
45163
41441
51871
54222
45540
1341
24554
38684
26878
21896
25521
6303
30941
26506
19719
42845
64306
52001
22472
51645
2792
46479
25239
62647
47029
32073
619
31548
51244
64971
6062
18658
29443
22045
22687
36558
25446
15944
17879
25428
55488
18997
52173
32508
12664
7554
16637
50683
32174
39353
10007
14208
59555
39030
14727
12234
51129
49349
6995
28749
53986
58616
2363
15186
43429
25514
11978
17337
59779
25459
65451
36154
58268
61631
19508
26950
179
52746
42873
44533
42159
42260
2630
55115
57805
51961
32736
32105
60714
4272
784
3335
49264
65088
20434
12257
851
39040
57434
43663
8821
53216
41577
4908
4185
25052
27894
41805
46455
12445
48153
58227
56699
50102
59206
61516
45367
37053
40061
47424
29973
9673
49454
48208
30813
54963
58309
14468
16313
10091
56628
58475
29980
30599
18373
21709
52005
51795
9449
43132
33253
50135
7097
12252
23945
47394
7787
38850
3713
45832
60473
18702
11554
73
32649
878
25619
23758
34504
25036
24589
31445
14575
3049
32194
7469
64610
37617
30748
35145
53234
18714
14295
44220
99
29512
61303
45501
32605
22950
13482
15848
16637
58256
17644
30861
22850
44336
61220
33382
61983
47573
39095
7010
61692
17531
52144
38240
19243
31169
45257
23865
26218
45350
37120
51543
65507
41620
34476
40689
1340
3815
25945
18882
58207
17542
37488
58873
24693
18814
31172
606
26451
40733
7679
22382
63247
52033
53661
11613
4349
47612
62534
50310
29543
11553
58415
60064
7601
61484
15864
60304
32584
52502
34190
53561
49191
35867
53294
20330
2850
41159
43370
42951
36092
37741
14448
689
13593
24417
52693
49621
37895
36352
9463
34568
54269
41986
38242
54725
37276
3696
4780
61609
869
40022
45277
12335
4354
18477
56421
38460
46168
49463
12734
63999
52409
51703
42712
36133
54472
5569
24210
12512
64103
39970
4989
2386
50560
5968
60858
59368
16047
62461
31274
10112
62336
23894
53086
58217
43956
10286
33662
38491
55780
41291
23908
32197
8904
19260
2863
18711
37600
29562
45122
61509
17335
2482
56346
64839
56678
57485
1571
41891
17932
2948
8835
33516
793
6173
1239
37832
50416
2551
35943
52985
18774
46645
16989
23864
1380
56606
58478
40039
56468
22537
6925
55960
49904
29101
8800
13683
47206
34625
45208
10152
44227
45810
44353
12139
24134
20101
52135
51392
45436
27815
37527
43947
44004
19806
8575
8727
27399
39710
18063
21845
28498
17351
20024
4167
61535
55117
18563
60085
5065
5537
57309
2539
25473
14701
35256
26032
59959
55731
42550
36028
2852
36744
29074
19941
48239
35375
4858
18618
22496
44066
63856
50202
16740
15547
6188
61266
64592
52172
38414
40121
28280
6993
55006
52190
20862
3219
64948
44923
29757
38654
56816
50206
57536
27413
6442
50659
46261
58457
11331
50705
25829
13483
8265
57417
29748
17608
5693
42113
25612
56489
58921
64512
8281
49204
53709
16103
44652
63065
45476
7106
59059
51822
58745
65500
12860
17238
36877
15025
56946
16662
61715
65095
50053
59653
4203
12803
55192
7321
20286
33487
33386
9028
4488
18662
24469
53613
8627
63832
2224
61224
55537
58436
30190
4231
50874
60628
58929
39707
12361
5294
8629
62711
61791
4284
37973
24011
34741
43444
11594
8161
2218
52491
11305
28112
33726
34252
62768
24256
61082
42942
1433
40851
27681
19702
35566
46442
60898
11726
10158
45934
20411
27693
61049
52571
46221
38229
57071
47744
41103
19507
12199
20143
27606
46999
17698
36983
55310
25856
44167
38687
33000
17872
51839
42655
34043
2816
9516
14946
45068
45385
62904
25844
60349
47956
23198
49280
12010
35010
41452
54718
39341
23419
43687
36410
14864
65528
58399
49575
63778
47526
40828
54010
60078
18986
8449
47509
5675
25478
9482
10725
57744
4832
64120
19955
27760
17427
48611
36801
26268
12025
64929
20436
34614
59487
11986
19674
9401
25506
1793
3596
41840
30437
48410
52135
10880
11998
7000
307
6754
26439
20900
39465
19294
49168
55006
34362
50740
50035
16910
75
1144
30900
2470
4236
1871
56016
629
39790
934
41613
7346
62115
21809
63476
62067
58198
27168
62918
23429
15566
33458
62523
57246
31658
41836
52908
48255
10565
19008
12124
5503
2058
14961
1201
47831
64791
20461
20137
36042
47562
42406
560
32472
36623
38551
22169
33746
58609
10312
12272
4233
31547
19887
47923
3884
41808
29428
49962
59927
43298
21520
19435
200
16114
54360
53302
28724
44406
25722
28865
25940
2903
38953
45746
226
26572
16269
61565
37543
26864
52694
9503
48996
18011
60513
15159
8239
7685
31402
30897
36283
48657
38300
47054
23571
33401
35152
46993
42933
14288
27635
27376
16150
1638
53859
44331
13710
31205
28920
53390
31384
58297
4914
53023
38698
5287
4778
42792
3156
35713
44124
58712
9930
54752
56403
51264
12462
27111
50442
14439
8894
8056
65131
61970
51311
62510
9979
62443
8019
53303
3973
29050
30421
52796
530
49260
11021
62739
28153
32397
43191
20299
54536
37758
36137
34922
56298
13495
38152
56783
6076
19178
55420
14637
28863
47494
1216
61346
27694
37369
5844
23894
46710
53513
32020
31651
6845
55407
2159
26347
5933
42786
22650
30995
29894
26349
28424
48563
41282
45971
8761
10790
45613
37500
24288
38002
30979
22812
29891
59090
8775
60933
62111
36449
7388
5574
63617
33192
876
27918
55801
49564
31735
55107
38010
57658
9773
9478
2944
1752
61483
1566
61776
40004
18471
9212
64280
14042
5350
27335
3303
4281
47978
30
18146
4321
59833
60228
62036
6059
16335
63873
650
44755
3025
65455
50507
544
3672
17775
25258
30627
61511
37863
49654
64908
23076
15026
57117
18488
42426
37521
10863
65449
38196
20226
54974
61837
24665
37546
35334
8167
24705
53831
63284
24872
50816
39471
62807
7343
32146
10857
44241
27284
20600
54005
11016
57340
64583
17048
22605
55659
28740
56226
28262
20910
58039
119
42176
18253
54966
29632
39196
31828
50692
9073
49120
24028
48521
52897
30660
10198
62083
56800
59854
37690
63932
49582
14110
32655
10177
35002
878
39817
17219
65441
4402
51919
53456
64441
62030
23388
10420
1970
169
27935
13806
9987
61592
17099
24786
23842
31389
35583
26503
43747
2016
4738
4480
14766
1531
61133
2163
37500
62877
35256
12240
6274
59658
39939
34078
7253
46722
11647
1948
56136
49284
7702
28082
15482
52127
19927
26193
53181
19066
13197
29832
6363
6228
49528
50038
36280
37289
52221
63140
292
45329
39913
49899
5761
10882
52866
22239
4695
35512
21941
53557
28274
10580
32779
3689
58265
29947
13520
53121
33875
12217
6995
1586
60323
45451
46241
1733
29123
16853
34468
33422
43509
56663
61983
11790
65230
4221
60437
3962
60716
6078
2217
38315
7681
63454
33388
36290
24278
19628
29677
47302
20549
35340
45660
57532
18415
2328
10950
19923
31098
21542
17201
58198
3319
12870
50997
60026
6719
31273
41660
5715
51449
64554
44603
15015
54618
7837
5004
64960
8009
46367
21308
20345
44241
20079
39184
13891
43703
47894
39930
55086
1508
56342
52182
64735
42951
4044
13572
2073
20100
40444
6364
52740
62126
18250
30477
50420
25696
9636
20985
52516
30611
15300
54003
61598
22458
32339
26098
26050
29884
38434
64500
51703
29676
41434
14407
25261
14212
52382
60442
56835
18913
46834
49377
49218
48459
49244
64736
26139
8259
15497
59484
23524
62943
44073
50630
48392
7076
25446
33432
30605
47752
7759
43699
12945
5656
6987
40676
20830
12352
27148
1549
27324
64412
19028
17175
13318
45525
63314
63894
50107
64630
52086
23732
1688
9023
29356
8860
60529
23466
20483
52158
33574
63539
37824
35043
24798
38818
58506
1103
51076
51663
34727
64049
45409
218
4399
18700
12475
25298
59832
585
58222
36762
44192
50685
30297
52304
64089
25776
17515
37547
52615
53931
34744
13377
40227
28401
10279
3136
50241
14652
26865
47138
52043
44339
62411
60772
52113
43905
25990
9839
7160
14187
30970
23827
57445
14389
65342
47434
51795
17902
14658
27925
52102
60761
19044
33702
57644
15199
60946
15535
6427
17375
6607
2024
45352
217
64990
24245
49822
13777
37347
56430
33009
24198
60027
38457
64836
22904
50870
42373
32279
63778
59835
29073
64781
7010
24077
24898
61634
6991
58084
23426
21783
47099
39010
27787
44710
46191
22016
22997
64260
34426
8631
60122
20501
9371
38618
17352
63632
52940
9189
7365
1897
56867
25915
39288
9858
9801
13532
52032
45701
43178
58488
19760
49373
8053
56085
20112
63859
6123
18890
43818
27765
34055
62
41634
27357
6049
14027
12333
1876
24482
28129
30533
4018
41973
29071
26063
63482
21346
56905
29039
489
53537
60716
53991
62356
16841
31898
60993
48552
57411
42383
8695
47458
46038
24969
1526
31146
1406
14479
9356
24816
21102
32080
1692
8329
11656
9937
9589
65102
3191
45256
2898
4208
5257
47730
59239
4561
3726
53392
48488
17344
7586
61026
19812
10179
21665
5323
16343
15896
43377
22085
5960
63560
17907
18757
25508
25374
61464
60628
62740
2588
6863
62086
34427
55897
50138
51805
3675
23345
44768
46143
23750
2057
22612
23988
8329
56697
48225
55619
26016
25193
8570
47799
33440
14647
6103
12084
29722
49022
24135
36647
20004
46767
49964
2733
11581
40759
17917
43592
55718
38687
45836
27513
59889
48354
63484
63227
53585
52055
32029
29785
18923
1896
45506
33485
38436
34415
31962
64237
53681
47010
63851
51974
40512
58086
26042
19360
36760
37220
9148
43371
54363
59231
61408
61303
48767
29921
43070
19920
38684
3020
21757
10920
45038
52320
19549
27260
41206
26448
9580
55604
63771
52741
23527
31838
38911
31651
60796
63135
48484
25894
24633
47478
18060
28747
7023
48206
24793
47844
31483
9159
39130
59795
57559
57124
8436
25625
6090
31778
12910
13873
36478
14409
24928
29592
23289
55791
22537
40032
31556
63101
58736
39557
1753
29196
4419
1983
29563
39975
62466
16590
42020
63087
26197
37368
13399
10313
26812
59799
25345
29911
852
57236
31681
58908
20399
10235
47626
3946
64224
57245
35428
11149
25586
35142
42280
40158
49087
40738
1312
34190
61126
19799
33443
35149
21663
4793
58107
19466
16734
33100
22336
15494
59024
11413
35614
55108
60473
932
6916
17631
47079
28561
23278
3749
44268
49021
38240
63160
306
29818
988
21365
56952
57195
26270
52347
45904
38167
21951
44489
59646
15028
38515
55269
4387
37980
62667
44836
61693
20663
21323
41848
9539
50550
19360
3565
57560
33887
15130
30346
46752
55403
51990
58675
48905
7900
8301
1932
30676
45004
53378
14029
51868
31786
35881
25937
62002
1397
5578
26783
10509
3490
46253
52510
39854
15056
20534
54921
55005
1847
41526
45033
32038
3553
7262
7832
193
18389
44668
63528
19350
8363
28858
41065
5788
17925
55680
38473
12448
4669
39020
187
53730
42888
21930
54794
36384
11446
28157
8400
42476
2463
20881
45838
10805
6173
19011
2670
24303
45795
52159
26372
60483
52397
28554
30507
41561
1144
23625
60483
21291
21184
6266
51893
48581
40630
63091
39175
16352
20703
52772
8687
51310
9418
47267
38499
6730
46611
12088
8346
45276
58922
48556
933
54598
64056
10135
32356
34899
11783
32270
48173
2870
55861
58664
18755
29966
38912
51762
38304
12312
23326
26080
46622
48755
17471
3193
8377
57035
63404
31201
11055
18246
35205
33747
27744
26359
26044
43153
16520
24523
44280
18590
2340
38411
58294
60672
36064
1956
33772
46119
3588
49207
11405
60480
65445
7233
29041
15073
57794
21572
17288
19297
38185
49994
64424
50872
29333
40702
20833
6718
6628
14545
59310
11341
34606
40725
51246
25545
11503
9504
6835
32829
20823
25568
54437
41290
37748
33420
931
51511
27561
46925
50213
20416
15963
45615
1265
17459
55184
30154
33359
51378
18765
10269
46304
50974
59617
11998
10883
14448
10730
53575
1763
35048
24426
50398
22077
20051
44200
10635
11444
50145
118
21633
39178
29305
6274
54899
62484
58816
28787
29555
53818
58736
42314
56383
24851
31834
63705
57936
33862
5867
36062
34029
12567
34694
12107
28901
65399
61069
61109
18575
58704
41473
63405
60526
59251
62994
64705
58583
8876
38060
38125
33495
47070
4384
23834
53360
57911
56195
3046
8784
43776
32877
13643
815
26704
61823
33879
61191
7700
6809
59878
1950
56327
40969
60353
48094
11498
29529
29389
44862
23887
32875
42725
2066
20804
45055
25460
18154
48061
51294
27275
25329
54813
9696
49445
26506
50482
53067
38417
47777
34127
20122
41572
35960
19298
57133
22865
63917
11247
30699
64496
63434
16783
52239
62672
44777
24226
31053
33507
26200
9690
3194
62036
46764
62252
26616
21178
64816
9371
25450
29089
22525
20966
13416
64254
45654
6564
13330
52297
28060
59999
15937
57900
31198
18472
53687
47652
28671
2266
64481
55503
48593
29861
20584
32018
32560
27983
3212
49919
23972
44215
22348
20434
21873
63190
33668
7852
60285
43921
58073
61409
56117
60170
58033
45062
24185
31110
21987
17550
28896
5764
45074
22411
19624
65415
23210
55819
32598
22645
3524
30898
11222
20616
33945
42148
54623
14477
11685
65384
64680
52351
53173
3367
20393
65183
12653
13103
52917
16576
56234
39301
51444
33506
48245
26311
284
39852
12010
53787
1814
2730
16557
237
37528
49109
47341
4699
52935
38212
38618
25173
20743
32234
2148
29144
28925
44413
49701
16592
27896
40043
30840
60960
27002
53839
21515
51178
9654
36017
61076
7554
47925
30482
34609
50588
14227
50713
2534
37529
6038
58949
57598
34266
2611
31186
53601
37601
60819
1069
6985
57558
15186
55573
51277
17136
43290
34215
16658
42914
63024
52307
51967
37877
48299
51049
20967
50870
33366
43011
63623
64871
18762
58919
22161
12544
35708
28220
65289
13527
60614
29911
3564
27944
24804
17747
3569
52227
34239
2879
7907
13867
6359
17916
36271
11350
18309
3689
25385
43500
32352
52035
28912
30262
52589
57535
26826
26945
11066
37530
49143
57073
18735
62130
48543
19307
64555
12743
29421
40734
22239
59141
41289
37953
15515
51214
21233
28045
57331
22595
50476
61390
61466
55439
34630
51537
10592
49351
5825
10943
50517
8116
9392
44998
12503
50670
48770
56252
20198
3324
9908
43813
35559
39297
52286
56615
51488
59572
33825
24786
37357
51060
45802
55008
1137
43824
63677
54752
28251
36309
49940
9537
3252
32784
9854
32215
43676
63957
47585
29669
37296
52149
56898
30416
63522
62262
49744
20374
16495
13910
41495
19225
341
6467
13701
27382
12455
54148
53357
55877
24230
64831
35770
59929
32908
32546
56373
2784
3880
46973
44594
44917
42138
40501
44579
53702
32243
52867
20221
38960
63449
61409
33211
37118
60814
39968
7866
36438
33382
8657
7201
11945
46445
33736
17726
51709
8524
36452
44346
13405
65142
58343
51804
29756
56686
38893
38739
50701
40475
10386
60847
36259
52836
42824
9476
50715
61244
12818
59835
61337
515
51153
42462
23881
34283
16994
51491
12701
12511
57690
22699
13598
18931
26689
56574
7298
32441
1998
9393
38323
22486
1284
22693
970
42009
29489
19708
29646
19653
54608
8561
6905
60407
25526
9104
20999
57767
28142
40677
52689
36681
64572
5514
55371
2187
17147
39366
37889
60795
46775
54526
31631
59206
60739
56654
38544
59732
44548
49033
11344
26003
42167
26602
11079
36750
28931
60203
50742
41417
46276
54451
5372
56742
59029
20443
1197
1783
53943
39177
8556
53597
46240
22587
16150
13315
3984
22238
54821
50426
18402
33812
25391
5562
55501
2304
9773
54223
41579
17059
18049
21384
1319
19304
16278
54718
63371
58923
13542
9636
59218
15246
55722
3697
46010
28970
27491
17641
33603
38405
20724
19997
16742
57784
33777
4138
25927
17085
54398
38726
7345
35692
7326
46928
30820
81
40110
60276
59865
18374
21612
39656
15587
19039
5166
27460
38418
37324
12736
57617
52524
9443
1646
14768
37892
29968
49273
6406
33270
42898
58250
46054
25505
36112
52345
53836
25490
24993
16845
50244
14209
25572
29590
54671
17155
27007
51488
43884
19591
44270
63617
52584
11855
32928
8022
57960
12865
55327
63918
28431
46323
47427
42877
15486
27365
11226
56183
6081
11232
24231
10863
34476
58276
21202
26084
46007
28246
26578
1594
21560
33490
28570
14294
39833
53276
43086
31457
16376
13746
46191
22252
23668
45591
19066
21759
42341
19722
59176
10868
16692
32558
9033
20681
21459
19123
8511
47885
36134
2641
38033
26035
7824
54463
11854
51577
40774
9182
46795
39168
23966
1914
768
7203
4002
28924
62677
58467
23433
14819
11054
32329
53541
31048
7133
45166
53573
20989
62664
38648
31781
63060
641
30116
53411
4065
55707
15410
28013
36082
55518
34701
9632
35067
56479
39463
36467
54889
60210
40027
44863
63120
18278
49935
11115
51630
9169
33204
60910
43003
21142
58456
15195
48741
28017
20241
54822
36415
37960
23257
9444
1460
53833
32121
34408
20742
3567
29035
17171
34050
3930
62934
46410
910
63283
7404
3375
48186
9506
13373
1847
47198
2388
22857
35902
10386
29144
15842
36142
28308
3072
49292
43102
17859
18331
25416
10457
61243
2063
60020
8334
26903
15179
24408
8436
31610
64329
7733
22046
3024
3729
29363
45505
56279
54731
57077
56121
331
58201
30125
63770
21514
43359
59924
59159
1380
34459
6383
26901
60320
54926
59989
30308
2967
7393
8908
57531
63927
13356
29377
61700
60073
55325
4835
16820
15
56119
36168
61220
11670
8263
26631
41932
28386
14776
25669
37877
40640
42869
61275
32619
38580
44233
27355
8671
17818
43621
38811
25035
54105
49554
8981
22774
18374
31912
53287
16698
51618
38528
38027
15234
46391
1114
19883
39064
10685
39309
1444
6967
46803
23947
53198
18385
39539
35371
17582
63763
36995
54097
49616
23960
22678
49552
43105
13877
38509
908
52870
37826
20411
32319
59874
34644
59854
43007
17696
40534
44421
64541
45512
28607
32329
40211
13665
57540
9464
22041
57568
19799
8553
35061
14324
12502
29397
63456
35392
59319
1617
2921
12736
53322
60107
37984
20741
54316
1280
37769
28377
58302
40108
47627
13117
44008
36758
24465
57454
27899
33305
47971
27000
18020
10004
30264
40589
59856
49779
10749
8837
28895
32193
10720
8143
36124
11492
11858
36731
10963
35635
50616
25227
44813
3936
1331
48192
21730
58048
5834
55588
24396
17241
9939
58277
41865
21191
34493
35796
46476
27537
65522
50577
55556
4968
43514
51489
24404
40286
23884
2022
24120
38533
21374
48037
6348
22870
14474
23627
46211
57265
20381
20239
14343
3752
51721
57935
54771
29207
10574
24435
36392
15019
29648
6499
51987
26892
58261
54465
21461
17640
3618
26298
1197
18775
2186
11236
29481
64610
46681
50446
49655
3000
32187
50877
54020
4263
794
58294
55524
7023
48950
64702
26660
21517
37590
40540
20029
42614
43161
37680
11492
982
14311
2187
43058
28790
16027
15920
60871
1998
53600
45757
17971
53649
3733
35922
3096
31300
63024
59267
44149
13626
44443
44275
50671
9197
34359
21417
60336
29573
46861
57493
44564
56216
44470
50656
64027
4890
60463
774
7608
57795
44719
926
60447
62166
2701
38414
25017
62071
30287
11678
37536
65036
33256
2375
36761
53072
53437
31929
20412
11282
47166
53942
51139
42681
59331
64714
42411
36779
33687
34674
61454
65098
9911
40575
18542
5588
20894
26119
23043
47650
18445
34503
20112
578
43754
31154
48358
52412
48167
33837
55335
63399
42258
18070
5918
38767
40228
7821
60261
45876
16950
53029
30842
24543
24006
27362
55484
33008
33311
14798
41629
62080
27817
63547
7414
2245
64215
58337
13837
53058
4926
47080
40236
3429
15078
52923
45476
52992
45158
19404
60279
37497
45340
4015
26033
31938
63547
38327
35484
29503
19141
45325
63898
31032
2692
44823
42978
11409
3623
48244
9453
35704
18288
50021
4482
36721
8287
4319
35867
42998
4421
560
47164
60734
28240
49239
12133
18536
32729
34709
23096
43559
23986
34911
946
37866
4720
38209
5573
45970
17102
5184
46177
15385
54403
57251
52910
60686
64922
5324
56318
39039
36696
19459
46118
4149
7094
32547
47175
12829
35065
32977
8726
51557
12418
6820
19463
35139
54200
56424
48327
3408
11371
35313
15767
47018
27397
38313
51682
24264
48681
21658
57948
47571
50060
1279
33195
63006
3623
7429
13264
19174
56768
63119
46164
53706
27476
10881
2628
41428
42886
2601
2422
38350
7108
18927
61072
3110
37296
10141
25520
37561
33323
55645
60296
4885
27613
20623
18164
58953
36415
28819
61969
12372
45795
31376
29402
23139
64791
33253
26038
28000
25205
34617
52672
22876
19064
43718
48526
34817
32743
19177
53661
3239
1732
65093
47591
44685
27158
2218
22812
4857
63277
60609
51499
13171
31968
7206
23942
62594
43772
33648
62058
48726
19001
25012
26444
59800
56102
56546
11659
28861
105
48965
5536
31648
12205
31316
32814
17531
7336
40222
19940
53882
49515
63139
41368
23268
21286
26693
41045
40335
55278
59976
5762
9731
47926
31032
17119
42137
17448
15572
44134
8360
57553
59133
50822
9679
54285
33185
39320
24371
10350
25846
11106
42999
48062
40141
56540
42937
34303
39236
46233
41546
16694
9662
36046
9183
13649
23031
12559
1361
60477
64536
14822
28952
59521
20896
34058
3159
1245
15270
19198
40352
60897
19991
32441
51598
15932
17299
8409
64221
18231
34809
22114
62802
35440
31805
45697
15896
26517
58553
32894
1035
28024
31721
15265
21387
7845
22239
63183
58641
26110
33637
39345
1150
4382
61552
22903
10562
29472
50960
21012
12369
13066
16852
55376
65067
28623
59756
29291
28148
38689
34578
65491
18031
24372
12470
21941
49877
57152
56704
43218
29583
36033
34007
53656
9746
54320
45781
1959
58336
32816
63169
38173
21203
38149
19973
8699
14391
62755
6339
2603
40524
8457
57109
45020
41435
9079
52162
24502
65386
60003
5282
9744
37256
26875
33102
61196
62772
20365
50548
7719
3173
2610
3307
26712
49637
41023
8403
6407
26916
27387
5703
45116
8789
58998
35998
7057
56193
25102
60888
59145
13993
51957
60133
23189
16506
44433
53142
6083
28671
55291
65194
56059
1465
54967
15713
8328
9434
20136
25245
13227
4843
2497
40554
17500
5528
40132
65408
37080
18285
39023
25256
11971
4054
53826
58884
54064
22021
5232
26627
30300
56120
27116
49223
35095
50171
49128
49337
8533
59460
64186
55222
24710
46376
13603
37424
23965
63104
49339
61036
21592
37713
54747
11113
53639
34149
57073
19740
64033
53320
13219
50975
30933
14399
46663
4158
5837
64292
30270
32815
21467
19394
26122
19370
63491
6030
41771
3963
48027
24624
5512
43086
49938
56630
32988
9145
53581
55821
10081
12401
28476
24377
34343
54158
41704
33528
57308
42016
60267
36579
11962
28627
55157
42744
3691
52465
9084
18156
4316
33864
58288
16323
57635
37518
1499
45935
12059
986
17520
65350
33944
56782
45574
60305
25348
13320
24178
41554
4672
50106
34341
26911
12963
1802
11848
27557
5421
37611
26368
40884
48692
63058
31735
10968
59626
881
6819
60027
55286
28403
18158
65444
8431
45807
57439
5991
21719
65132
18547
15683
11187
21382
55158
42056
36157
48232
938
29348
37767
50456
2721
25084
2386
50455
43975
57122
2126
20641
49689
60161
2003
8616
40260
24027
57783
55634
26832
13652
32632
59047
33885
58849
24505
41764
13792
36776
59848
45897
33723
46396
2376
4720
22444
18471
60170
14288
59720
44495
7923
20481
38256
61835
12306
20820
46926
44005
20758
588
44751
60696
8713
31573
50468
56054
24662
1620
21355
27611
25967
37032
51919
23596
38834
51876
25920
58845
1312
3344
59133
730
44702
50814
52086
63949
60456
547
14787
11744
966
19224
16736
6374
21287
26873
27642
44003
35136
51607
35070
52836
48590
22755
15053
4191
53946
56026
1183
34313
63961
21945
57275
15713
30262
63347
46956
42387
45735
5685
50949
11460
16023
3432
24105
50660
40216
36896
24851
23175
10095
3046
18851
14763
34520
61264
34316
25229
55829
4528
18557
61155
36
62060
34249
28421
31417
49309
44959
32034
8737
56973
19421
24331
14250
19848
50629
15216
26695
40195
47378
2308
6755
60334
28121
30289
8337
23486
1016
22421
20204
1305
50732
57367
2316
60674
53107
50046
6726
44308
32404
14627
4471
17591
40833
35957
4466
22455
57506
50837
56018
14756
57560
19244
40420
44096
21923
40411
64770
35140
14115
25744
28664
6546
47980
41833
21256
30861
39597
25723
25410
61751
51575
20897
55736
49084
26671
62320
11416
16424
50295
13719
45872
32780
61822
26579
8264
64115
43605
24397
7607
34233
7187
3120
27752
10030
10645
41488
43770
42526
28893
22500
45065
9299
63192
8767
44792
46150
28123
38371
33945
19613
24906
16593
24432
35226
45651
53020
26543
63971
836
22801
8834
33503
27187
51385
62938
25812
41480
2269
9133
37864
58961
5696
55763
19916
8585
65294
40810
53580
25438
346
17460
13647
61334
6965
47606
28112
52890
12038
14144
64086
59391
22790
34448
33654
5423
39846
31443
59963
42768
37964
7608
35965
5676
57972
19359
21349
19897
10848
8938
57909
26802
31469
27765
19446
10703
4518
27688
53967
32552
23665
10140
57989
28852
35646
18213
32239
57903
65294
19520
29302
9641
14042
60599
42427
19285
42904
24407
61449
33836
58935
3068
7568
44410
27689
45320
1471
12113
21727
20200
48620
53530
55719
8148
20320
17037
19408
4144
52438
40447
53881
32417
47724
33847
46286
35108
58789
11775
12171
43403
59595
58905
18903
53526
26710
63715
4087
44636
28207
14235
57594
65493
44457
52116
20927
26730
34014
5515
65479
63795
40319
56704
11401
22204
31228
33891
63629
62580
31319
50533
59581
34979
46974
44857
10873
20537
36284
65199
31883
56214
54052
15699
529
61480
15301
47743
43281
27568
52217
45316
17453
26966
34542
16532
52495
6552
25665
13451
37367
11001
49076
42039
28679
52391
19517
1033
15573
47391
17182
25227
18389
56353
59309
1579
51851
1420
54539
59499
34799
10286
52175
36769
54931
54342
45822
61609
49946
11213
17208
4998
46114
25066
38921
57393
12546
12934
28840
7774
33653
57102
177
59649
56697
25916
61819
54294
45356
33757
63182
61725
23153
15489
48190
3701
35102
22085
30783
12225
20779
16348
48214
29482
5601
5463
24320
2663
29921
61423
46997
21481
8263
55151
14668
48036
31430
26314
16648
57082
29262
891
18765
60981
55659
60704
63705
7830
50428
6008
15292
9710
52274
4150
25282
17087
19731
59682
64895
53369
3433
2775
53651
17964
31015
49504
51616
56202
42953
28004
24246
2753
3485
58098
59
12026
63318
37136
33380
44480
62635
16
60704
32644
57488
32727
53855
30860
31835
54018
12925
53703
21851
45499
7903
8494
40373
9965
61487
49667
8652
16929
21746
25639
12550
42891
29841
41480
16510
60405
33674
14010
12859
32837
3309
57218
7192
45128
45748
32876
46815
56558
23192
31285
27976
23138
22873
3554
35087
9216
13868
63627
32233
120
2948
3746
48252
31549
63052
47745
47360
2922
42506
19835
46872
46265
42534
21531
61434
3496
11171
23946
28536
13973
57186
32528
330
62356
41919
45503
41137
64644
30351
16208
30585
64582
24387
38869
10066
25260
37583
51562
40795
45280
64029
10748
11521
2802
25777
64601
48768
8287
51458
10985
43633
45902
65335
32193
22125
42466
36467
46635
65419
35043
47674
16728
8086
25040
34988
11117
7812
58972
43812
31475
61247
55718
1510
59202
26478
60791
38089
26981
45771
30525
28323
31859
17570
52374
8572
64929
61583
55301
57033
8967
53092
21784
64699
8642
15584
19689
2147
7528
24780
8316
16520
18564
20572
56891
18217
64936
34163
36264
10686
47907
35427
46887
47614
50510
29436
9700
60983
12054
26806
44363
3049
64833
44868
23609
30742
5200
56033
4134
35635
3986
17729
57642
26591
22694
11782
18026
7522
45291
32733
26225
63046
15837
43216
12173
13407
64922
48318
32171
55948
1626
36776
64975
62859
55382
17502
60379
65347
11121
49589
45172
14394
6107
33175
27678
52511
42513
46594
46827
45837
53701
22469
39685
49052
60283
45560
17042
20110
18172
20475
6888
56929
16610
15541
65508
960
39008
26864
59394
20979
56097
2221
2542
1486
30671
25697
48252
3093
50944
34037
64442
9769
52169
50573
43542
42501
34769
39655
22358
36081
65253
64806
59438
22110
1800
22290
4718
63012
15798
63601
23602
58275
65062
38961
28194
51735
45119
10003
41299
62815
13135
37370
2713
2315
23080
48688
36358
36876
4422
59434
42975
18786
45500
4077
20314
44021
45825
7005
8710
27329
15427
9757
30204
57337
16781
7005
2179
3094
64151
28326
22740
62884
63719
32443
5353
32352
15278
55817
46615
19642
9449
51736
7511
57361
57542
11548
38650
57102
49524
38557
10377
20449
678
26444
39107
59078
15684
22527
40385
59194
56222
47897
14707
26283
25191
59937
63695
33674
940
63070
49932
20142
32359
37697
38980
29712
25076
22325
7626
59390
45104
61046
33658
13807
1792
46004
74
42391
27767
20252
47963
48681
40468
34926
53482
4013
10579
29629
34546
27551
47392
12326
47425
49525
24118
10797
56443
24498
62252
31820
50348
54998
41099
47089
46918
15299
59786
61533
14723
48242
44728
39060
33707
38824
19686
2292
54185
34698
37603
39483
49944
46217
59497
46215
10746
2804
16642
24520
1589
65079
13380
34349
39974
19801
23312
39374
30265
8397
42699
22591
43657
56888
4401
31784
41397
35783
29878
61441
30983
9429
38551
1733
12731
50483
6893
14711
40052
40968
55408
3190
6600
54110
12114
60998
10869
43250
34046
30748
20099
47092
50171
5919
65032
14310
54981
23778
14997
10688
9320
64635
50024
64681
46895
18067
60764
48593
85
57622
17522
47711
29782
31017
16554
51709
34675
32280
29015
54737
18640
3426
42680
5982
29666
57475
38278
63438
59230
7786
27970
19151
57318
58127
54368
37438
749
4986
2258
60710
59304
31497
23334
57563
42429
16736
48378
55659
46219
33578
52359
47801
45448
38765
5915
5686
15043
30515
35820
32885
65284
17285
5675
48306
61501
57013
27445
7049
51645
7362
58555
2104
41032
62289
59613
53277
8312
53980
64379
38434
48648
12186
33070
7772
231
45477
57132
15686
63708
5560
50638
41655
24344
8585
12944
46172
18397
47737
34227
9013
25434
27342
42959
5167
17188
14005
15151
25741
56686
22963
24612
63304
13523
1738
1349
8535
17022
35729
43941
42197
3656
41267
16623
7089
58043
15409
42022
7282
26684
43863
60653
50860
26402
22819
48386
19725
10980
18568
2536
62399
9147
46391
7222
9852
23712
8947
2896
31352
58581
16215
35854
55325
39765
9570
25460
59398
45863
46718
58068
12028
8263
30923
20356
50045
62977
62248
38027
42199
2023
15093
23782
8104
14511
4803
60399
3577
49380
51123
49164
9770
5524
52730
38971
55542
5303
2187
23458
36677
17494
10252
57832
38439
24231
42841
36160
45884
29534
53991
42624
50229
18346
27204
46100
769
63383
50940
47067
5497
25118
53997
43337
31437
6823
34187
14909
10001
53863
41183
47802
42632
21282
40939
62591
22483
10663
48559
13659
52353
3774
2334
1382
35767
40522
28313
28715
5189
42296
64320
3753
55234
27614
43620
37859
29384
43909
44494
63955
41327
19437
51737
24438
46371
41967
2963
38400
10478
28720
35710
37425
25979
61649
60160
139
58570
20756
58886
37487
8215
31841
8132
12971
55796
14080
43587
7621
6021
49307
20510
63600
28814
4139
11424
7
65462
43581
50157
16103
59856
25278
5128
39638
32110
22230
22975
30048
7351
51411
19172
37141
32922
11730
25007
16054
58007
7734
62252
17829
2590
20643
55948
52247
61704
58818
4787
40768
38900
48410
44304
43588
29214
28104
50047
60675
56275
59673
63050
35769
1918
26392
28207
40293
47511
24960
2124
57302
44453
6793
32215
45499
7268
64694
4520
2623
12820
52074
13888
10948
38146
58300
3848
38602
18572
31005
61713
21783
33394
64410
23277
54601
42332
35174
44810
18548
54829
48765
5190
8669
12955
9393
53422
30735
6172
6789
56827
63310
27820
58050
55224
8020
6694
38594
16379
52433
13685
22994
37680
9857
45917
11762
64197
992
17165
64125
7998
29153
25592
32653
30585
18139
40347
6830
49258
33818
23323
20441
53902
41109
61770
12806
6127
49480
63881
9691
27239
25580
2263
18321
46809
30832
13354
19356
22650
30043
52392
43343
57906
56350
12244
20365
47332
48060
61590
16794
46941
52440
57270
52793
4736
35309
25854
16980
52254
5456
37452
61617
17312
64148
16573
37608
61875
8021
60027
25026
47157
46946
23127
61535
53733
23343
5372
14293
58287
47079
57657
59884
47245
53617
33040
57083
65280
50286
45447
62326
63446
7787
32695
5584
37761
984
13413
36089
44423
31894
62276
31934
36834
20052
31233
40156
18905
37987
1417
18972
56812
22564
16054
52121
28242
23597
32134
62197
20555
27604
64212
17255
46482
54588
60082
61327
42396
32309
7958
26845
19169
9516
17110
34134
30917
47653
41168
15808
41706
61102
25951
22186
48354
19359
30178
61737
11904
62255
3885
51886
41466
46803
31926
14622
1156
27125
33243
62467
38410
5701
64398
19818
19606
44331
43095
5013
35392
38110
65512
13717
6014
48034
62596
16393
47309
22512
13695
7082
9498
503
8386
61735
60679
39687
4734
60564
12457
21398
63214
50101
11539
44946
31624
31351
16164
49804
42201
14154
42405
50183
39593
55052
57289
41333
43343
28769
43567
16975
51363
12106
13592
32275
53134
45474
60184
21855
12174
25519
56865
9202
19982
1166
16567
36164
17097
64651
59349
40977
23513
149
36687
6202
16472
25365
35955
26175
57348
50665
1526
53623
33135
55899
64951
59135
41726
18669
751
6953
29970
54661
18126
3093
59263
43228
28387
10786
16584
25257
10651
60111
56221
44544
13145
50485
35146
972
3267
17782
9137
47061
59458
16000
35801
42957
30928
23548
63234
33607
43238
55384
34421
17522
12420
42970
18105
47506
23406
13261
4577
32883
13812
1444
26034
20664
62717
33975
30891
62972
60523
53275
2966
18415
17872
20792
12638
33792
35200
7267
53046
24220
13193
15969
34696
63276
42090
56158
46606
10562
48085
8984
47136
6818
37941
55897
13231
8857
19352
15880
9105
26127
12446
28092
45574
55767
36000
55531
43757
37528
63877
19825
36594
7165
49536
1615
29412
59049
62070
26169
38382
49243
20297
31329
44465
6463
23169
27845
9950
15054
30349
52348
43944
40034
18743
53861
1379
29
37820
50254
17593
55289
51064
2912
19891
1816
46501
34914
8082
12745
11449
65361
42940
20125
37587
49891
46319
9004
64830
37028
20958
44677
33747
59059
39115
5011
6920
28950
24250
3791
43
30220
64648
971
15792
55401
24711
11564
45107
52896
36043
52830
46405
3571
63836
23630
44544
5886
9470
27139
40823
28458
40417
8175
47804
7712
20212
187
8007
24287
26064
47208
8000
30345
33166
24830
23574
15445
12939
6267
4898
39358
33552
10057
3125
28526
58843
33129
55501
42168
35894
63521
27014
40931
7578
46480
29384
9869
5139
30493
48441
39119
53705
21024
26014
12278
37559
9842
33699
34382
59042
17398
48392
33761
1194
9274
47493
12750
56123
14087
59697
48055
63519
18076
60424
18619
29189
48333
9406
1483
50750
847
54863
58085
6689
832
52315
17907
56277
7080
18575
25318
12455
58682
4620
26766
7424
2535
468
31015
39602
15686
57047
23412
13535
39237
64553
4412
25170
49873
54001
30565
22616
34556
44169
37814
59053
3387
40720
18886
6397
15295
56159
31613
46146
63469
52303
37675
53488
13185
25647
39580
19465
15441
28733
26884
18835
33125
49953
59676
5157
21771
55846
58899
4521
39078
12549
26751
28104
64572
16389
6300
54601
47572
64874
46351
61045
15834
51219
12428
5722
65459
21147
55962
63419
47478
32582
15254
32968
16312
52490
30070
20225
43231
31699
45410
42551
56169
48441
16889
14268
3633
40872
1403
64659
33809
51299
56316
21758
28337
25086
38684
20692
33791
41699
1043
57931
18535
21951
4291
1884
64522
44934
45068
43969
45908
43720
29799
62379
32824
12660
33279
63535
12448
45746
35124
20843
56964
55647
58362
27347
60793
26088
61272
49052
5682
30229
47713
2524
11433
4531
58926
14134
6037
45278
50214
60985
56918
59558
1174
17799
27792
27152
14582
8612
496
17711
40943
19088
54280
51771
18610
27168
40118
11504
38361
3225
49443
26382
48601
51801
39181
61003
26348
7246
41007
19005
37164
43074
42206
57247
36321
16719
42510
3273
24622
30568
49199
49621
1205
29797
19859
63714
40340
56842
43942
46812
58080
42192
30806
14297
49609
22779
34871
35887
2688
22735
30552
24434
45872
15112
18062
55793
14835
36529
40336
5738
14890
5247
7396
50929
27476
2745
63332
20514
16169
16733
43557
30837
6140
32269
24270
62002
30010
10333
14541
4286
10806
48327
53324
61041
54193
34523
50125
11139
15913
53716
49357
46375
52915
49521
29273
33852
36592
8115
53113
23765
55307
21999
6294
49583
40328
30980
31393
13521
19906
39802
19266
6947
8657
51423
7619
31038
32913
47662
53691
2439
25436
13271
26433
15041
15111
49162
31750
2866
48514
51589
26146
31403
30445
55658
5525
6238
21213
48621
32205
44353
62633
1193
63692
24377
22688
52608
17442
62756
10570
16899
5639
57748
11720
61128
52600
39728
15828
64080
1580
43820
48677
54784
48449
51693
50875
46881
58735
43992
57337
34419
32599
41672
35729
26156
14368
14602
6602
21638
3884
51687
12859
58687
56144
21229
64139
35207
28021
53490
61226
30307
37359
53777
29170
39923
23079
34797
9082
8397
25447
37914
61851
55554
5644
9465
44808
17203
16933
42398
32326
49214
6807
55979
45166
35148
47779
62106
57390
4964
16362
61445
43214
45514
57424
12210
18555
50122
53027
53439
19974
3298
31636
55392
43156
60183
34732
46802
53486
21315
19426
40940
33203
41162
3495
2129
30756
10443
13387
52986
17664
20704
12849
45452
35184
9789
19270
36885
3145
32997
16660
32172
52986
23412
25356
57663
23322
4127
27980
5190
53038
18509
13353
49735
44732
35123
17789
55912
38065
47348
50544
16204
29958
1787
20789
13409
21896
19822
51711
52841
64815
1679
11706
11263
51616
51390
33534
53576
43974
41370
10900
38898
40195
31374
10151
27258
26972
50414
10311
52356
6808
31053
4199
50867
52085
56417
49477
29587
59882
278
17764
29840
19655
43594
42992
25245
28277
65177
11994
34907
37690
31711
4950
21595
24130
38820
9770
4353
28162
56540
27342
2194
25790
45445
58050
34619
14209
15849
56686
15750
15788
8020
58913
40665
18770
30863
33001
63413
11863
12790
55900
52986
46283
24355
19324
21883
11896
12005
46293
46525
41903
7361
18443
50325
5696
50710
18240
44487
45097
11712
38219
9109
59275
30018
16812
21837
59921
10178
53242
15917
19251
22258
15953
5706
10375
14991
48777
60174
44043
12686
25838
29925
38411
49822
24536
60418
28967
20388
1412
24699
14248
60309
26615
36979
972
13823
274
17899
38541
59988
51789
29749
12407
30066
65198
6061
47642
20662
24201
8813
51539
30574
63145
48218
9911
44310
33580
12322
55753
64814
37809
16686
18569
43588
32718
33117
6814
989
14895
38429
11862
146
61205
56411
24221
27130
38176
40298
29114
54214
38093
17176
24982
9218
35390
28757
18669
36916
25681
65454
53365
16557
41890
64089
14688
60621
57733
31371
41176
23497
63980
29215
20171
46666
43923
37331
12773
45514
32345
54992
25042
2151
17631
32059
52798
8009
18245
40360
1652
8253
42487
52960
22380
30534
25528
41669
20875
31644
27697
53468
52905
21548
30560
2374
19791
40870
61925
8235
21595
8809
60211
14000
1216
42435
10466
45645
31262
34697
14687
62307
6575
64503
48286
60165
59444
32081
41250
47867
51
3656
47835
25994
30503
53237
50690
28769
20429
27718
62126
40946
42139
20897
61401
15671
59764
60021
22804
2629
51668
63502
64790
60967
12221
22279
45602
61170
17230
32739
62629
42152
63012
63069
6453
54533
5247
16968
4770
15381
50426
18146
5779
21325
22513
26112
47689
6041
16422
3191
64602
60051
33126
15592
26893
22029
24365
54124
23990
56354
3136
28062
50702
61525
11972
1322
37700
20056
11834
56629
32012
55503
15185
60188
47920
55851
50498
58040
21160
55321
53796
45325
36962
17174
34840
50079
13067
33971
10905
18671
47682
65505
10496
24765
49758
60691
31080
25830
63749
4489
24954
44601
44604
17511
49543
29410
54120
44069
49231
29676
42794
41935
43613
23984
30585
32728
15476
5190
5306
60629
45391
14585
18993
16101
27469
10269
23108
26596
15503
23247
40009
52555
26856
37593
47433
3802
49833
49014
42232
38927
11924
45481
17562
24175
5648
9329
32586
63053
7618
4927
53772
16619
7425
37325
33766
50446
14573
40301
47316
43146
48324
2198
54617
36882
50564
63769
34901
44272
4524
49834
33794
7099
22073
16723
4569
55108
19856
34166
57242
6317
46669
6268
47825
489
35834
27241
55763
65257
47314
61734
12668
35934
60038
5497
55125
63938
23254
17895
48799
52287
15688
30102
56462
5791
61512
21993
60226
22894
9277
61124
23898
58238
18048
56989
54413
56543
45302
21879
44250
6381
28950
15446
15680
32267
55423
54937
37881
25402
26984
59313
54786
2259
25761
50543
35299
37405
15717
42493
60176
22015
41096
32657
62837
58519
24681
34741
61285
4402
15290
12492
42586
63695
46333
11109
30977
10652
17380
18575
8803
58886
59934
27542
64899
1739
21536
54525
56132
18544
63901
9867
22935
3044
2823
63286
22960
13714
40927
41803
16403
27308
4623
58389
61703
65337
24444
50065
45175
60549
4983
32597
39993
3260
18547
43890
11736
47650
52386
50643
4085
44088
26686
38284
15765
33756
20615
47959
51842
26807
56033
27871
15604
42111
63934
26407
61408
8432
53299
2639
35315
18157
24940
14761
27696
4137
28912
28302
39545
55429
16869
52342
5780
48511
45208
60940
47720
10729
1794
56465
756
20005
2954
8415
64397
38012
54177
52611
27740
6425
20491
64620
10800
62927
6661
4681
1059
39393
64091
60542
7519
20398
45061
62837
57385
22569
62500
18146
60166
21837
27611
38310
46882
32747
49656
37029
51620
43572
21081
31836
56361
24131
34707
49506
58954
27694
21198
33910
36487
38317
43364
33951
44773
32712
4210
41420
53518
3355
15054
42125
60952
64038
19297
19398
21852
50941
24586
21687
13240
12822
37178
61530
63636
34420
33070
25747
60617
38999
32104
21046
9802
19070
52787
57520
2462
15029
324
19770
6068
31499
5034
28479
31893
18147
26944
24362
24161
49133
45526
26599
39518
49516
1877
1240
17362
40710
52900
58718
43882
38122
47328
51063
22703
57725
52732
39227
22080
53448
58696
45269
43048
45887
23607
2258
56845
22237
39172
13986
33823
13444
8892
57819
23594
55664
12946
46086
14563
44185
34772
51074
21790
32570
46849
64133
14320
23744
48806
53090
39169
46891
51488
3686
62783
62405
6543
16511
62446
44057
14947
58157
49198
55762
8080
63193
25085
34963
55275
5341
20891
39056
10420
5077
49687
62017
6649
8820
11882
43021
26427
24433
7512
21930
57389
60657
22268
55564
29097
23218
9096
4511
49199
1175
7695
1789
22023
16911
37211
20515
30342
41854
55907
54305
44413
61348
57636
34857
33703
35700
332
2676
36782
30521
37789
61023
47057
41152
14344
9147
58198
63274
5488
45541
16901
64554
50027
19208
13289
57143
19946
30383
45454
9528
49993
44423
52052
49235
64569
24346
47101
49927
21499
58034
27174
6951
38592
29445
58778
39714
12195
11630
28951
19697
4146
34600
49472
44830
1147
60144
48041
25294
52190
51150
59133
29481
16652
62439
29996
15563
52535
61227
64686
47739
46291
56887
61747
3562
41057
55331
596
5763
7527
2096
20275
29039
52173
47100
15003
51615
52463
8289
29362
5245
13617
32661
5515
17491
1394
39811
31498
64391
16048
62916
65174
59692
42755
28384
62620
13538
39813
22558
13490
35010
14039
52053
55658
18722
28450
63157
21356
3957
59862
18316
30248
677
19152
62688
14625
63311
55608
56297
26086
31884
47908
42212
18133
53128
1027
1488
43758
9553
4212
30684
15632
17172
59938
55778
42161
42683
34382
23313
25999
43250
47865
29974
43928
36283
37963
24850
46860
20698
6275
8471
16002
7732
41656
10311
22792
13402
63623
29376
6924
47856
20943
9473
9443
39579
53005
18878
35940
24554
41700
37954
57612
51730
37689
24976
53599
42059
4810
28658
54148
42727
36543
55835
46584
42445
14745
58582
102
9351
40522
280
16767
61186
30248
38423
28410
27732
41
44592
6796
62278
17014
37717
13506
18403
59263
50869
37740
9274
32480
58489
3541
56148
41815
22185
38766
58867
14728
17571
5486
26319
27499
57800
55159
21340
2653
23049
39000
14743
49973
28843
35447
46669
27697
50282
18209
53829
53836
63363
30790
15262
14164
57119
27310
65145
29652
28166
64043
28292
49009
19851
18674
5171
412
12279
35513
33137
10491
27293
6198
58698
28261
59724
19116
49824
58100
50614
7348
17622
43330
60501
11925
63713
50456
40284
28211
50849
40540
5876
31892
10321
28179
54998
57081
23510
57449
19672
31434
32567
62329
64984
5732
22902
36327
62151
6407
24958
14181
53493
55945
4301
50630
16547
25117
35445
42147
39631
63559
35261
51319
60200
24223
55712
55655
37764
13697
28380
65181
45987
43289
21737
4808
47699
11436
21324
41164
28146
63275
3392
8871
30110
57266
63796
4313
22802
39201
62729
16759
15282
28469
46638
19735
52358
37235
53184
9548
9412
17619
21365
1031
9793
23941
64566
45576
46061
37668
37872
38649
26543
55576
61635
63730
44130
60441
30166
8856
56258
7407
15284
12343
20896
60494
64836
31102
32441
9913
5356
45623
11035
44398
25951
27008
8360
35887
6705
38036
43237
56769
65381
25334
40871
7060
15286
21155
20626
44842
48309
27515
32483
16466
20344
26752
16258
62617
16152
8007
56410
7696
6158
62064
751
15112
627
2576
898
31489
41290
1401
49086
18422
13978
30592
1538
60672
3952
34204
52595
47325
10441
56084
31241
55784
8647
52872
9019
2476
29173
43549
12811
695
35908
47757
53107
34837
43913
16956
39052
1056
45334
63115
41162
20584
22385
5432
53783
32092
51409
36301
15160
61859
60312
9052
15150
46068
22557
12815
56669
45258
36258
26241
28204
44227
60491
38704
40304
13769
37351
3104
29567
18812
4313
14378
29985
61944
53353
34716
4338
15927
45261
56431
34224
32953
64916
41708
59774
55035
33834
11452
42550
20441
24211
62995
43849
18355
49106
28561
12892
51523
19279
4337
2774
19301
27452
12036
62298
44575
38632
8647
225
64607
63846
32870
16209
53142
23510
57075
43688
31449
62541
9609
43954
34870
53462
31978
15682
33787
43540
51901
23055
47557
28813
8104
21872
34441
58275
23782
33559
64658
37175
30217
4838
2507
14103
10276
4334
63828
27075
62601
36576
9263
3563
32751
37026
35011
65421
60825
59193
17692
46690
925
10515
26302
61447
55442
45023
12935
59128
52183
45696
40666
450
12891
59642
30494
17790
13615
41346
38623
22937
52175
33649
9185
49234
16248
15478
12352
61524
29376
28094
54166
7448
35410
9822
18990
6120
37215
39494
33329
39194
12553
6883
45040
8647
39116
5670
14928
6020
7981
63529
34569
3636
40066
6145
59272
38297
60675
43489
33726
44945
60814
48617
52528
57118
46916
41332
38023
16602
21596
8138
39866
6745
53236
58518
8091
36479
14776
24815
9996
1729
45688
47245
20638
27716
46676
55793
21172
7721
48520
30949
14695
25431
54380
38333
5909
26232
48366
38654
9330
20997
7772
21749
9169
62832
61919
19642
7340
42677
50691
30571
54815
27693
38128
62400
3116
6549
36960
50141
2222
33061
49031
59835
37105
28628
60865
38169
40006
5911
25218
37927
37159
28969
62573
40052
47920
24415
26348
49121
10291
53274
31899
59849
64288
287
19282
40698
55562
57030
56975
15611
965
34451
15501
22468
22300
62931
20350
39561
22266
49747
20926
23493
56342
25691
16415
12601
7304
11303
31762
52636
58462
1447
50560
22300
22282
25160
18449
42358
44213
46577
42960
8022
37116
28980
41267
14431
53962
46740
28120
64763
49887
58027
16081
4492
55539
12816
26345
54006
4987
33068
29708
37711
28127
27758
31134
22418
54924
23860
28480
47619
34509
2688
6561
10510
61313
41627
41931
62946
19193
18987
18602
64848
25030
5457
4003
6577
1257
59925
61239
11369
40807
40613
54843
7741
27691
9510
23642
63006
60027
47982
2474
20358
14669
29985
29728
28251
51537
10295
36330
55343
55579
50792
10461
52937
17810
28741
41703
291
25309
1108
49878
26510
19801
61454
17322
62248
34798
46090
4453
58001
4242
56503
57422
40999
16228
551
11485
22514
49365
42515
52300
27168
58996
13831
9543
1508
53655
2538
25059
30548
45131
45740
54550
6455
57111
58452
27204
54348
5016
36914
49018
42757
12858
29757
65216
17873
857
34304
2904
22886
58137
60054
56966
62035
18068
8377
58633
46688
12722
1590
64242
4991
41286
28295
2548
2984
43438
64709
16330
28268
42126
3726
48831
61598
58323
32179
35214
34925
27337
44443
49966
38649
5884
44229
34137
7384
50445
52271
14160
60229
63717
54837
22687
52856
519
8007
18011
35202
51602
9745
21530
32924
46510
12965
62901
11435
7676
50354
53726
60339
41054
20221
907
49204
30493
3945
59969
64031
26295
59697
27335
59610
38246
12396
33170
8630
16193
21854
27803
40858
18161
60836
61123
61496
9197
36461
53900
9574
64692
6792
21761
63550
34053
17305
26108
60777
49704
42721
8676
60282
18384
41454
22443
32280
24164
8358
33240
48115
60203
17149
10331
3841
25006
48669
22210
57504
58599
59627
39651
22281
42930
63424
22313
49690
35171
22231
23081
41927
61562
10305
32952
34699
1880
18326
62146
52004
49142
22501
51833
7480
21931
34912
5060
46779
37381
58284
13065
25209
54994
8527
12795
11977
60473
40940
2792
30393
3827
49493
63494
47621
44408
45360
4634
4323
5221
55473
63422
60520
28102
5600
3014
52985
41079
55765
14382
30729
60182
6758
18090
40109
6727
5256
50361
13191
55789
45814
55435
65040
10722
11001
42704
22196
59802
60862
34759
540
56600
50345
55158
14598
56784
53886
45083
56826
6314
53977
31385
18270
9993
56616
38
8924
40664
61966
2320
24248
38886
10557
21054
59964
30556
8054
21980
31430
20498
21397
64263
10642
9479
40177
63545
50093
40343
11908
2364
64219
25154
15944
63729
23337
13613
54513
20802
24187
14901
5595
26023
34533
43565
24393
24117
50192
51366
51361
6059
6342
14170
22169
17995
55165
25909
54689
49092
18867
46344
1354
63061
5414
10809
33770
59877
61367
53990
19684
25028
4850
42471
45659
46038
46156
19649
50932
9302
9617
1944
7778
37833
13336
29758
33958
29540
55081
27116
52364
9006
26643
26873
24539
31828
59292
43981
52204
56319
22475
7346
284
8879
40860
48891
38997
30810
16634
58368
16751
20880
65477
22362
39595
59197
16065
29713
26573
43055
48786
57114
1081
65392
55969
15648
150
17674
59587
62370
45166
64760
50654
22360
1665
45575
33425
53631
4901
47885
36545
56034
26053
29312
19344
42742
24518
26187
25504
46577
35700
62522
18012
12744
17622
15979
3698
24262
15049
706
61002
32961
6005
44461
15337
60965
30003
55533
4344
27685
48565
54140
33550
5504
18495
33128
1771
38598
53700
4648
26612
58040
59759
31985
22308
59100
146
65204
25431
30432
21169
27017
62977
65502
14555
56357
5874
43088
62267
5123
37229
33413
45767
46954
57434
35499
61531
58666
21505
18192
63944
44136
33030
32169
13953
58555
5889
25971
19202
62124
7171
60399
64536
58599
18719
9883
25320
41339
61828
29290
29301
61219
59886
13049
31362
61721
41237
62185
7686
42967
8906
55058
52298
22814
17123
26365
6637
2362
88
47582
11339
31473
54097
5437
60963
44474
40979
13347
52450
56480
40544
34768
35530
48350
34173
16299
55290
32892
42388
38492
25530
39544
39421
16491
44521
11067
16008
57173
28252
30624
19541
30521
47279
43352
34966
63340
4817
32646
40326
43239
13598
27518
7428
53021
3161
36741
23026
46868
58168
7281
49417
10858
30214
65179
55272
27841
24916
107
29686
58893
62253
10542
57099
36640
44789
42964
44674
22601
13042
4767
34476
26274
2145
7700
65149
266
46183
63517
15958
12412
62163
17397
37621
55180
21451
50790
11928
60352
23370
57707
33258
44298
4733
54253
58889
65215
52868
53133
37214
27409
56945
54228
25698
24597
63566
21598
42544
48226
3459
57042
39961
9872
6132
11107
36237
40691
29661
1850
62346
33698
38982
1979
29570
7074
9908
35331
36351
976
10231
41248
10218
27929
52123
8902
61118
58157
59279
44142
28888
24543
7239
15626
50554
36565
8447
5721
34099
16495
56753
45230
29806
24548
64105
4195
22070
50851
2726
12679
17337
10030
39359
93
26671
30257
11899
46553
24021
62803
1491
45548
11001
6632
60747
12552
4175
48363
47126
13713
54
10345
30613
54996
47193
39388
9714
58698
59289
461
61279
21080
29013
48935
60736
10654
13192
45177
23665
52372
32776
21744
62156
35264
54556
65184
26838
41622
18851
16414
6720
52090
48690
38360
32007
3587
32429
23230
64919
34629
22905
48767
40623
32234
45696
54462
64778
51096
18809
59007
22844
34428
3565
29376
27069
12771
62557
8366
22284
18652
43366
37905
47526
49693
59809
24107
24472
48470
58069
20572
3625
9524
54272
32147
9526
11566
19321
23016
5138
12280
25329
60316
54993
40986
49731
35645
16706
4331
22931
46457
14093
46407
15772
22759
30212
64701
30222
31199
51842
51965
1132
56497
12780
39423
50371
26892
1094
20550
29798
32092
3608
19670
3860
42939
55476
42995
33345
4328
52213
63602
49410
56630
50689
30145
31299
22717
32886
65008
52558
4204
11076
45691
2879
37178
5267
1365
42029
42615
48285
24705
24589
5601
60737
9641
24906
34150
53177
57133
17016
46310
37144
29292
7251
11505
57290
31458
35203
7725
65086
39513
22290
21473
23783
10803
7034
60646
24772
46368
62518
13772
50689
42089
39260
62089
22196
53873
62724
23655
35695
36853
51896
56526
29173
13335
26911
10237
36314
60940
36769
6189
44915
43146
11736
40375
24942
60670
28068
39671
25299
63354
16337
44933
22095
41408
3421
6886
25229
61984
44256
60877
58819
450
15226
16706
35203
27862
23487
27983
29778
12010
20831
38716
621
41259
19590
30013
2180
26716
19004
52800
29783
16118
26182
36125
6253
56981
40370
49458
60295
47553
23419
59270
27000
62544
56209
52815
9868
33859
58037
25932
45186
49937
32722
1509
26135
25319
45728
12601
38146
55900
10767
58909
31359
10601
49163
1853
7577
45088
63254
22407
52965
2397
18221
32463
33512
54550
53122
61185
24358
5652
65457
54161
53616
46222
47642
32088
17276
31370
16653
41530
571
36254
11980
15952
61453
28831
39380
24798
41447
58932
42406
18998
43020
1227
11131
17876
24362
20020
12156
12301
6605
49597
61628
42165
11064
1555
9814
39601
15931
8410
6237
58002
1670
30832
1299
4924
58344
51777
8864
13631
62246
31956
12992
8926
42249
43383
32081
6466
14450
60769
33690
14609
17636
55931
8709
41088
6344
52831
8454
25431
668
39144
23031
23605
47341
33761
19267
21154
5358
56054
28786
48660
32156
32258
55907
44848
63717
23672
57381
54391
23157
32016
2732
6505
4882
10053
1680
2222
2006
32505
60684
58229
18916
16542
25251
34076
2723
4589
8038
62423
11247
13372
16561
22445
14059
30430
9061
7280
39192
60579
77
30680
55008
37810
10245
41572
18466
37007
18396
17285
32628
64766
12781
34287
8897
1913
56933
37237
56353
46835
29943
1900
34453
22361
3012
48097
46464
47252
292
53149
16276
43493
1517
58619
52361
11891
54456
36938
52434
63349
60076
6971
28514
13135
12747
64600
59192
49915
8352
63614
9187
36461
16986
49044
3089
12956
2601
3666
17120
14923
17025
39702
40902
28106
57121
27350
62136
11653
56305
2198
1378
45473
19093
37170
54320
16610
19045
6344
59864
33993
49672
48296
29432
64070
60572
49160
25710
2559
32806
46341
33695
41202
40531
5291
55035
15432
64164
53285
37412
5075
5982
51580
47267
26153
34957
32742
31926
59765
30965
9355
31642
14540
49463
24913
49110
59738
2876
2255
49891
19053
17305
29637
25152
64558
50395
49518
15349
7164
4562
4924
23007
29727
33916
47769
48230
59620
7717
8271
29430
11705
16610
56229
47751
15146
48519
13594
63103
26398
65195
6033
9024
34594
39477
23633
14588
21845
63148
37809
2196
36385
41823
3930
52913
31396
37668
65431
31228
1001
14145
48937
37379
53455
334
16195
10046
53456
40346
59898
50090
26034
46213
30676
5437
31991
31225
33468
56244
36179
46222
31535
2479
35474
36089
9188
28466
44987
44924
46459
62542
29250
50513
19317
53359
10845
39836
1641
32646
20255
58281
18458
64487
21156
57360
20659
62648
41398
10552
46978
36516
1139
44471
26475
35468
59056
25116
57911
54234
18662
61346
50169
51444
27482
49082
54204
6171
57150
12295
26450
35697
40791
45852
10299
24744
64760
36841
12163
29007
31521
59376
13656
15705
4429
23398
22959
40913
65356
53897
22240
59634
23737
18331
8272
63805
45743
9091
57240
22864
39766
63557
48264
56392
35580
34365
31372
41151
10856
40176
4198
21526
13549
8360
53571
53792
31698
47039
59534
20079
52018
14404
1836
46191
9582
19909
53730
58161
26163
29862
26074
46142
20273
63901
8466
51264
21033
34556
51567
36290
29638
37952
42066
9850
64209
39199
43713
27357
54063
31944
31367
15893
15202
6951
46188
20172
58161
44603
42100
39776
51178
6698
49824
61928
9062
50690
25670
59126
28613
11361
53723
30367
20773
49743
53168
60032
12259
13872
18369
45121
59338
14058
41136
5723
5927
20138
30922
34312
10746
22119
43438
13109
50294
1923
42397
23457
17461
57585
59560
1768
59004
31223
24457
29769
10806
30712
40707
25037
63833
63791
20425
13419
45797
11547
23367
45265
59314
41579
6501
49889
14702
34653
47380
54986
60696
50380
6390
25423
35154
22182
42072
54024
23397
22995
57667
31887
26121
56853
4415
53982
2798
57933
31134
35036
43335
44246
28314
53726
22177
9655
31317
38421
52992
11245
40040
29044
50000
41853
50141
5449
5571
40288
37786
24549
22068
48962
7576
46819
32456
46895
7208
40224
10347
31395
43052
60266
65089
26323
30201
15286
55264
23674
16310
3023
21156
16426
29394
64631
32344
51375
23161
59402
38304
31882
59978
42595
12113
29995
20923
1664
39685
9341
37383
50073
16269
24895
23505
23459
23167
37388
19165
57392
50853
30576
28556
13307
2114
51975
12869
14263
65378
1092
38384
37986
62329
8712
14584
17683
15832
46968
54693
7228
43168
47730
11010
49649
12241
21875
40342
37790
28126
4504
38109
23122
6049
9596
5643
16366
13788
22806
7844
23579
42235
57619
3864
25756
52532
62408
47732
49503
43967
62799
62721
14614
3220
37097
31293
681
260
57668
1705
12280
29414
23327
56182
21012
28150
61749
9349
48817
49318
36621
41088
64917
64584
8063
19459
43171
43407
23898
37057
46272
15552
46526
19749
47852
10037
10767
52963
42966
33346
61653
47970
16163
62783
46
39247
16194
62049
51414
21226
51329
41262
14426
39814
23564
46735
60241
47570
36019
52033
60422
45727
19832
54626
59570
42303
10239
22510
50233
51450
63719
47869
10845
39339
57677
2480
17463
42771
39988
5296
46588
65004
24367
57759
17743
11042
1274
48640
37775
62351
27240
9150
16709
65403
16812
38452
52543
64127
49741
39438
61826
59521
12238
30513
33657
29586
62445
24769
1683
53281
61195
24671
25773
59063
44745
19933
54286
44661
6322
62789
18758
47894
35361
43194
34782
25907
28350
469
41847
38714
20237
41999
58490
14016
41783
61691
34059
45420
61369
8389
65363
43104
20738
33152
48957
27572
60880
17574
36493
60680
61399
1480
14695
8090
33837
41956
927
21923
57524
64273
10753
14157
8685
10714
15249
16239
19777
56165
60994
3393
48029
55894
2481
4979
62827
11787
39243
803
39866
47766
31460
47902
33340
16447
33520
65384
5072
25180
6653
34620
54901
2939
59899
4139
52773
15623
56954
28705
25045
33380
43633
48750
40620
34144
44534
57696
36465
25925
23746
64568
24954
46406
9701
49236
7062
8824
35858
59222
59087
41736
23656
12605
64690
17907
61672
59374
40255
47194
65483
25624
46821
1395
41046
26236
45736
64862
25934
60845
36466
21818
57963
28111
39344
62563
55322
42934
61600
24122
55319
11895
62798
31863
59073
43392
9730
52828
43156
17350
29073
51975
55623
26745
31791
43477
12039
25997
50747
37936
61437
22987
26025
54706
49591
25595
23491
33260
30224
50148
33695
36226
47382
45691
21197
4800
59071
12264
42114
64836
41023
33072
25198
54500
45093
35250
52279
5438
54885
33408
54389
50307
26183
15263
17307
46652
51216
36973
10130
59269
7795
38884
15044
54623
45717
64025
43432
60381
58450
61721
56966
158
6378
54002
44273
26527
2261
37971
52570
8821
25230
33822
64267
61737
19740
44560
33736
49377
43992
5129
54848
13465
37215
65129
35693
16062
40254
11248
34855
27549
61796
14192
61660
24193
30972
63085
48570
51780
61688
34097
56723
56941
43451
44117
29956
21706
10566
58425
48452
34777
7175
5456
54513
13886
33215
14175
47000
53307
48382
56884
64537
58411
65457
27870
29538
63358
64136
17434
62074
21320
46169
20354
23760
14987
59726
6058
33691
44824
32916
2217
9490
32136
61355
27880
18094
60732
42951
54421
32198
5919
42036
29575
38329
63553
27372
32358
3553
52013
27699
10037
62231
42627
42393
5942
23864
2308
22361
50455
20168
43542
10431
45332
2402
59542
20125
53470
57075
35898
40150
25571
30123
51323
26986
23304
2993
56639
33123
40221
57961
47952
44768
12946
400
61532
37352
25609
27066
37659
26105
42044
41147
32605
12629
37304
61839
63541
32916
38171
5865
36865
38690
54183
1660
57126
39942
1895
29364
20205
57105
54297
18720
2055
9750
1331
27285
708
61456
35450
39236
28262
55340
12610
31518
1461
55773
4699
51665
53525
2697
24895
57991
3117
64597
55354
29761
64877
61714
25194
2056
61251
30762
58329
55586
27550
59735
44587
932
24674
47999
29123
33301
41062
59918
55930
48425
1474
62029
41263
44978
43337
34926
43092
39743
32747
42764
55365
4633
46472
30191
25190
32112
61725
18724
51074
63851
6070
40952
39926
37405
42209
43139
37469
51179
52103
7859
45873
7509
2978
41500
11356
43630
58690
56540
59272
4910
6754
25110
47664
57409
24843
6606
61766
28826
1019
54179
57702
48779
46138
57203
26463
50361
65439
43948
13137
24713
50444
50114
53318
54548
18774
16575
8867
32282
17824
34124
47693
21307
26848
54132
47
35306
44285
19186
35776
49025
23216
54324
27924
27460
44831
9060
54071
1259
52997
58782
26662
12052
42200
47451
7473
38801
41234
19214
54330
7930
8648
36160
36899
40357
15588
9098
9962
13033
18376
41246
15927
17252
62524
5286
38696
59474
42158
49547
65162
31240
11855
9911
30831
49345
6422
4521
8484
53650
60327
653
9731
49381
58596
46730
19957
19917
17853
2177
16137
54112
41689
40057
16235
18447
26219
47857
64455
50574
46167
12159
18544
53537
32824
63455
57636
37180
14718
29635
30296
9815
18153
53631
58655
3008
53929
29157
51117
20994
14640
37599
27048
13055
51096
64167
59055
53032
19561
27166
36834
46915
51434
37555
17970
30156
9706
60905
8787
23354
48712
55797
16789
24432
37139
24797
48972
41273
24465
59046
50049
154
61590
43272
64078
62588
46018
60364
11611
45784
62506
59212
15864
43222
55079
43815
16236
15974
6094
16437
12760
30186
64143
30029
16137
34281
7807
18169
27120
33747
52874
6300
32346
39442
51802
60195
65013
46535
54991
25278
2943
26393
23345
64650
17621
6206
63228
45075
42742
12022
53867
40407
15797
65315
12647
61758
2213
33296
2744
1539
33973
53760
58823
1021
51130
11444
13625
6505
61893
51382
5931
43126
51356
16654
32897
45556
50313
39550
45362
22811
30170
14684
169
46367
11698
17184
18132
24770
14490
30971
44505
57004
21455
17971
716
58529
20867
64393
38912
7999
16186
37489
20168
41127
54682
46368
10102
42039
64722
29325
35053
34135
35799
49515
4670
14292
50341
5316
20021
53536
29971
26295
48263
56254
47047
9604
55682
53445
49926
59420
63315
6343
64301
54102
30980
31006
16610
5668
43734
44611
19948
30561
61780
34057
16724
27996
21042
63514
51266
56719
18410
1167
45984
47333
54440
23101
56969
53457
50696
24151
65100
47064
8039
11586
50255
35094
629
3476
562
4378
49688
28790
42461
3532
47819
1937
37991
6124
62774
20242
45706
10516
53758
59938
49539
49313
17637
38897
55536
40471
26723
54287
18805
42893
16259
61584
8629
39401
11645
13660
20102
21138
20746
8827
11091
24962
38084
8548
3089
44155
34750
45129
59385
57127
6058
32953
5517
50493
4380
62651
37551
37480
40191
13316
40363
32552
16374
41712
26962
44588
27916
20737
60344
6177
12305
64786
30141
48304
36207
25852
47206
31406
24809
55687
51769
34396
56381
56652
50133
38294
63940
53134
52157
24594
55022
33647
45390
35965
10721
1877
3793
5756
60980
27493
29179
46935
61574
54244
52813
29713
36557
39106
29493
37636
18782
39177
49121
3355
55414
36932
39063
627
9674
41114
42960
47811
484
60538
8526
12566
24591
38978
57019
45555
41797
6232
17522
50308
3123
1766
6232
14422
7051
62975
14442
24869
42381
45173
3434
48940
58722
49975
9471
35944
4403
58969
33934
21028
36430
51661
51413
43955
16366
51944
26302
35431
25549
52425
49139
16006
20916
38372
61528
39650
42078
28608
57674
56023
29191
4596
27778
5562
24281
19946
25748
64830
39161
47917
57398
2980
20437
9709
7866
7431
54031
58966
34111
59403
36523
3159
25127
10899
58583
10391
60851
25299
9366
33306
39065
65287
43641
59634
5379
3278
14793
26085
13413
35818
42938
47590
55070
46578
19244
28436
16968
24594
46756
51538
19179
14004
29369
16973
49699
49230
45592
39281
63420
19374
176
7389
12312
3256
40802
53716
50779
24428
28989
41296
14101
42343
47222
22811
10166
30081
17373
5801
2102
43283
22086
57476
48948
31840
32866
2938
12622
29460
28146
58359
35290
46492
7922
17644
13319
41266
43523
40776
367
6572
889
1363
64234
7514
13939
20460
39500
15024
42386
9294
12142
65254
39271
63373
36784
43493
11914
42791
5315
3800
4308
18178
39138
21724
1608
64375
3461
43759
19880
27587
51701
54717
15191
62553
56405
8222
26637
1711
15039
28813
58867
35715
16465
38
24158
27270
58065
29477
22294
40898
1458
63215
41743
12967
48108
29726
34465
3806
59041
33216
35070
16175
25409
58700
54739
59546
53613
17359
37080
20659
60930
65503
13787
33021
22677
39024
37497
40410
36250
45154
46876
47040
58005
28400
1397
64846
59630
32719
18429
52993
27037
25046
58928
1033
23953
32623
4293
53273
25483
39288
8306
26680
53121
16623
38379
31076
50959
57617
51513
37591
30066
23914
49360
49793
29583
46224
62291
4303
43918
32361
56091
45346
19643
40085
23114
55708
64715
46437
60471
59457
53609
5184
2086
43032
53463
26733
14686
10506
50086
49966
29920
19699
44824
58624
36097
20086
56337
46737
32689
30846
55873
44515
40665
8632
40818
43494
60938
32296
1126
8777
23798
57588
39621
5864
22484
41431
57606
24781
38400
46293
44326
15444
10158
47862
41969
30076
38353
6976
36554
49465
37539
57849
22354
3008
56699
13947
36781
64476
58704
21711
11830
58418
122
32477
8220
20684
47410
61367
49607
39657
20095
54883
49469
16962
24807
38798
52423
50013
14126
51532
27097
32617
43296
27091
12923
33414
39939
11081
52584
7212
58788
8771
40729
20981
18021
1610
41981
46617
25436
26554
62614
56472
22087
37332
44452
45529
33816
20527
64155
31282
3293
19252
4370
3127
64258
35125
59773
49938
31071
51078
21357
11129
13093
60388
24390
9368
9225
12494
61615
28146
58803
35753
16657
20458
65521
22164
21214
56835
20175
24387
30003
41253
10114
25810
4444
52599
10272
49427
28472
42926
3431
20249
26805
20413
25421
48235
10014
44077
10859
10309
7320
20971
47964
40874
40363
32156
22705
39115
28923
33858
24189
7541
33404
56205
24253
31185
6710
61743
33935
42234
47181
64561
977
63481
2587
49761
29901
56408
63836
23834
8964
6044
3116
61687
37660
63629
60208
26899
43904
19327
51405
52830
21362
37428
56007
33886
13808
56637
23475
17066
12103
40930
62665
14704
38101
30871
7398
20046
17096
62060
14814
2638
58330
63280
61056
62394
22284
54339
26956
23170
55832
8146
63021
18874
21368
51879
4745
6848
44684
17758
64147
22412
3326
12834
40354
22390
61960
56200
53367
30825
42346
16213
39402
45025
21895
2553
7769
19557
55580
59332
23550
13664
56950
16145
55777
29023
3405
36729
49126
27048
9435
19427
8141
60384
27240
14607
8359
20492
2112
43375
58854
18481
6133
4322
43873
42722
50657
55418
31709
56312
6996
7159
56750
59789
60038
21357
22433
63198
51132
7993
32570
21531
12977
51997
5701
39702
583
1606
61188
19019
58778
25850
65044
47678
63331
64118
59344
38255
15890
60715
42023
10844
45181
28235
28119
8690
34473
51348
6992
30747
31507
53608
46015
59154
22095
56581
46699
8318
1934
16310
21685
14633
57063
1025
50558
42129
22295
7494
28215
45917
6248
3460
62894
12071
14727
39440
18899
21511
29665
40679
26510
51275
36733
50491
18088
288
53876
45455
55505
20702
43587
59193
23331
17462
50490
27017
63432
4827
25324
2631
27985
51327
29704
47396
44900
2591
24093
3475
1864
38844
14906
18376
53450
19688
27869
24011
60911
22410
25724
57670
36980
43843
36943
49345
30072
33807
30408
9323
64470
33278
1735
63607
57604
6421
60224
35860
39739
10616
41091
42012
12179
47006
45363
30715
2379
27438
52725
48804
6330
48195
19095
41741
15967
43720
38413
41260
27397
35051
48848
60307
42986
39964
47579
6756
11228
24033
7395
41019
49850
5018
13232
20492
24879
41875
24943
47051
12294
62993
51199
43115
37557
24469
18837
28780
65160
44519
4767
23084
39383
21743
36891
11572
59948
61077
10115
25296
61358
433
15108
25438
14730
5641
62795
47726
3267
11422
28689
19709
48929
23185
44552
22407
62387
41306
28458
55185
58500
41665
45053
14809
63521
34343
12167
14147
55397
423
8488
49693
35027
36363
30096
21758
974
18121
48873
23291
38219
15606
30447
52216
37980
35251
6424
449
55214
26721
16764
29109
2649
40582
64157
30604
10195
13434
43396
63860
21670
21280
16194
12651
48816
13561
32942
3665
54702
34068
19001
26765
19404
17418
3971
53590
54758
57309
39631
13868
20642
37127
7338
5887
32068
56610
51832
63186
26636
42144
44019
24706
64625
65014
39679
14997
9031
39908
58463
48429
22118
4062
19110
60265
42144
4322
19250
1263
8272
63134
57762
37028
31934
23640
23654
34545
61140
24332
13421
43831
41544
14995
40262
30901
54359
40925
8084
23570
60855
35704
44622
62782
6592
51332
59937
38595
38658
27300
6371
28216
64996
110
12313
23397
33869
52485
57110
52554
57597
44862
31807
37868
19381
13560
28623
2359
60713
13483
23612
43835
12571
13889
21946
46414
24164
22117
19317
65107
49748
60965
15238
6442
30595
61842
25609
25577
13761
8674
57801
58858
52802
34043
1035
35142
21457
61407
55620
36987
38134
54717
46654
6547
15871
17750
38051
41446
6350
38946
23627
19505
40009
55087
9826
17807
51520
41011
37792
25867
44650
40936
51739
25475
14917
62160
55122
14087
17916
24421
14147
55776
54713
40737
6965
32832
32223
20226
23202
55714
20514
64614
55708
2375
48123
2928
62582
51269
18788
12098
7262
35821
50536
31239
47030
64328
15922
62359
57172
18584
48887
4332
25753
28931
35179
5856
16619
38648
37715
15161
55142
49383
23624
8047
49853
29006
28871
38309
59394
55666
50734
61478
40018
62644
9144
53668
40341
62197
63646
13957
50228
4961
11889
30004
18465
59319
48505
32527
24314
9191
15440
10567
39186
56632
36100
9143
44589
10951
57837
32864
2626
54215
36774
58512
51701
41900
15210
7473
32482
18897
54383
46359
6062
41242
38053
27044
22855
41789
55948
34196
10942
31791
26822
18004
5985
45168
9342
2712
62554
48974
15067
24375
42248
61965
44680
52594
21733
52547
52538
45895
51212
24397
55711
50322
1239
57650
30176
12734
54055
19021
38270
43531
22533
44655
30548
10401
19
11932
14103
63223
28192
23270
59813
55916
54993
22058
64081
41291
62150
8743
36445
42806
41713
14656
51084
60496
48371
50214
28576
36165
26414
4143
17334
12773
47766
14130
5414
55034
21305
56330
8176
33165
43561
30202
15290
30341
44770
40368
53029
9727
44541
60489
61713
20308
31105
27269
59598
23529
16444
62645
10961
37906
64241
6739
11609
61689
30681
1125
2847
5595
12710
42007
50767
17009
26727
51950
33761
8338
30218
28146
38138
24592
23725
40984
52617
55440
7611
23972
55467
54931
51382
2224
63622
18112
21307
52585
19669
32184
59984
2344
20094
26538
35710
35327
4332
601
34872
3868
13042
40267
60892
32353
53668
26870
1402
9847
32545
24901
26998
37186
65458
8549
22556
64900
35857
51681
32468
17180
13417
50883
52729
19685
33821
9708
24927
16698
46847
4365
19285
56113
42198
5382
14578
28187
51816
16308
23822
37835
43438
39910
8470
25717
616
52721
31601
54439
52181
57598
38882
45182
15621
52686
11966
11359
50441
7369
5586
35319
18248
12377
23562
57486
41096
19454
9176
703
36452
59747
39426
52061
9637
34766
25868
32486
63434
8798
14061
49527
28971
12077
62002
8304
51953
55494
50786
28744
36508
32067
32335
26962
56606
59823
31800
43495
8335
30135
33242
2313
17931
47699
8260
26470
14413
2445
64539
30348
41454
1045
65347
60426
10575
38377
3981
56594
27455
10296
47606
59225
43313
17823
25023
42967
10018
35943
20310
61348
5646
27989
62213
47601
44069
29690
45857
43495
59326
23739
18466
25934
32217
14019
64015
51470
11089
22987
3019
5841
45430
26579
55467
52886
13652
31447
29901
15240
60165
23450
25206
30264
59472
12171
64992
14045
63256
2352
46950
1155
22494
39877
63451
59479
46857
14795
53791
22476
49981
36919
50314
42854
52327
2002
37180
62700
12411
29284
44039
52674
54111
63204
51450
53962
32538
2980
50283
28304
10844
50792
59086
56771
1892
8201
45566
65366
33636
54526
17456
45191
53078
12680
5614
1402
49682
4043
56202
8531
2854
22914
29535
31598
12643
46157
27132
33278
34001
13157
3890
18706
49909
11646
61135
49741
47051
18405
22622
45832
49684
26374
61298
10438
49721
20101
22676
39439
40169
57627
42049
13187
60422
21667
2860
27951
45107
30236
20282
28666
38269
25162
43522
19596
53216
5
37196
53701
20317
16336
47036
62121
22434
28192
1306
59423
622
21693
3970
31617
18242
44252
40354
8910
3214
41646
37636
13517
35963
63831
55374
64747
10227
64156
23991
186
64884
25305
59606
8708
24885
35173
39509
49261
43724
58243
48705
40495
17791
44761
51868
50696
34161
64868
36061
14057
17760
364
3525
61209
55468
52598
59892
59887
52309
32827
41477
32311
40488
47829
10780
43320
20420
50334
53551
28309
19281
64047
50321
53447
47214
24044
30886
60604
51569
1139
6981
2207
526
44238
57985
21753
41709
17943
13208
4830
8165
23075
44398
59382
2652
64372
1861
55871
47923
23576
19622
24987
22833
22483
56184
25607
58457
36160
31470
10401
58754
35364
486
9891
36382
40676
37665
2431
7714
28132
44301
65188
28680
733
31201
48477
36964
39063
36458
61298
47352
28079
22535
5423
11023
44339
10523
23514
62265
46103
39844
41766
30519
57635
31321
33865
7987
1308
33231
35985
15083
65052
33342
6907
52589
65367
51575
56475
29525
3666
4467
9854
12070
5877
45648
63899
58950
5981
8322
8956
46877
5573
43765
16879
46042
19962
59094
31865
9382
48807
14192
3962
2966
57080
49079
8643
33940
26461
4493
30855
6896
42079
29738
6097
12938
31461
63884
19294
50244
31680
63969
42287
50231
23390
1096
40610
62786
28455
24222
22353
37885
55531
19731
38581
51950
10608
27706
7544
9923
42192
43502
23971
346
40193
3778
49974
51228
54962
23165
42293
21637
12570
58437
63610
49409
54289
43702
4694
58543
44542
10633
60651
11503
2271
26504
25273
4371
35354
41109
6135
48491
61473
54319
1036
30848
37257
44293
16166
6255
47391
3218
33673
20093
43251
64023
31305
13935
23557
28617
10107
18562
27317
44624
6463
30544
33866
28095
18883
63027
64522
37290
6221
39944
55741
2304
61526
22452
39503
40392
49140
33630
41567
34062
62895
63113
36429
55846
46289
53561
41563
9742
58916
41169
57633
1902
38047
53444
61319
56909
6967
409
13974
48484
33159
41551
11858
21240
10351
24672
8620
7485
33260
15671
65234
7316
24323
36599
39143
63922
5974
17501
33442
6557
59211
56218
5696
21860
38672
15796
25324
24665
39723
51193
11024
7767
42332
12350
42918
3854
9034
54249
24046
65340
60652
35726
65070
50398
57568
64602
7500
58226
33682
49218
59238
7288
18590
25066
50739
62051
41919
8020
56630
40289
35301
21361
1866
11491
26889
664
39113
52826
26638
37470
19005
12500
15047
34796
64232
22415
16010
60830
46232
24244
49542
53599
22485
54902
14948
2644
45287
12452
2770
45154
8634
27400
55731
56703
50536
25866
20202
14144
3917
8905
13686
29370
17112
27483
63866
24162
36819
20461
20704
60002
19137
33369
25442
42916
26859
64241
32135
33212
32274
9543
32322
14306
43808
33514
32987
29384
55917
19061
39526
9
35529
40027
52534
26027
24552
13586
58586
46090
19379
37359
1555
5913
50537
18881
26464
47562
19280
12235
40089
40972
25710
65534
38434
33307
36098
45266
22721
31637
17064
29430
44320
29686
54707
64109
20701
30817
58478
20956
21269
34887
62458
15426
11133
11571
54179
17324
41386
65135
28269
7638
7100
61711
12149
177
41742
41389
21687
59899
54731
45605
56046
64762
59725
57620
37938
11621
24595
46989
55546
30089
58283
31856
45010
18275
35279
64672
259
12245
64887
55880
3008
60253
40670
4301
56553
34610
29501
34293
49099
8879
3345
42798
19697
4527
13383
32274
62339
58505
40117
60576
47356
65337
38335
22884
19240
41631
41134
58725
51051
25707
22169
62857
59987
54764
23548
23648
5901
47639
41750
8671
51595
62102
3345
56624
56831
57228
21496
22948
39628
1093
20164
41262
3248
47164
65136
59747
23426
47381
36618
3130
29641
38984
34801
30528
23929
36477
31006
1268
19402
13268
52961
42750
50462
38690
12964
45242
1315
10354
29899
16905
12679
20045
7545
562
27804
32270
65048
31062
25314
42695
7991
12972
53439
61209
28996
6938
2515
55610
44201
26341
32411
12346
59385
49293
26932
8465
48451
30817
19055
9257
48920
22245
53932
2607
34377
61555
64937
25708
6308
58191
42797
37832
51280
3810
2021
25874
48696
44924
46101
37001
20202
6726
32844
49154
56209
20521
52409
20810
41336
17486
23290
6771
34225
12572
15053
8165
23529
2633
28954
24486
27858
41871
39580
62946
52653
40268
32129
51993
25960
55683
54009
27576
59086
61554
179
40443
19312
44241
52238
53709
64298
27728
12221
64503
42965
19465
35768
6833
47483
37073
49302
55077
55507
62636
44175
39535
44031
14229
37953
22210
55248
4268
49812
26956
19868
4503
18617
31264
41905
29697
31098
20472
21586
10081
43255
50198
44862
44856
5569
7664
28605
43918
16768
24003
39780
30140
57853
25563
2770
39982
44977
38770
60661
56631
28077
23889
64204
24880
12704
31237
27595
27157
48739
23262
36252
2780
40940
28703
45849
9512
36122
12780
48842
50300
54764
57502
60225
35305
55587
44910
52055
42857
61863
43495
34073
55488
21594
16923
7835
18490
43969
6116
28801
43018
15351
37266
13673
35030
27920
18495
61157
28325
11488
7385
60557
15541
34879
26520
55625
46349
58059
32932
36395
9883
2708
27854
63170
1884
61942
40779
54156
60256
11250
27261
23372
47675
53164
6665
58628
42403
34316
57250
56824
10515
55084
41864
5156
55929
61040
13503
40773
27322
48242
6020
8728
59642
15076
52470
12910
40719
13479
5569
771
31278
51424
29665
15673
35903
11728
57148
63793
19217
59688
54395
45395
2106
35917
16874
9500
25298
23172
55784
2498
23892
50640
57775
16369
38248
23292
18717
20171
14143
36537
16538
56585
45805
47346
30348
51020
7355
22640
1646
46451
36825
5425
14784
40874
51844
13304
845
37193
36175
983
18616
19587
58372
31779
43570
63198
40578
27234
36833
62866
8629
51471
1888
29034
24885
1405
19207
27344
1905
8775
16521
63880
11518
53969
35333
16138
41318
44713
37090
8904
57848
27280
22155
19574
27376
15445
12832
15313
29359
25483
14144
19425
10144
50143
6087
51291
31098
2385
17634
14520
24046
14654
27809
12070
55962
16419
1218
52948
11392
46352
7909
23584
60271
44636
4861
36439
26379
20984
64533
12172
15258
63050
54827
22204
63173
28736
11728
43285
25142
39782
57617
52164
25127
63790
44225
9184
12100
17303
8696
37155
15082
33400
24582
4529
25591
49526
30271
32525
32590
15273
59538
62249
52232
33093
54791
47881
62476
61717
57582
11562
5766
4402
48168
26352
47590
10988
47221
58077
64812
24722
61512
24332
10328
39033
43570
46274
60394
41888
52281
31967
23307
58357
3748
18097
22720
25177
21785
63621
1525
45804
9540
29556
50764
14474
658
25073
64976
53951
15809
29956
31896
28176
27610
54964
25085
13915
33256
10189
63719
44013
56122
5027
45223
58098
19660
15915
25670
30670
8410
25025
5407
780
13503
47512
7505
34023
8963
9688
37438
45000
28859
58466
40094
58176
57139
59911
31564
20508
39563
46650
65360
3921
10462
49288
41851
9739
18026
53232
37652
37048
43676
33424
24180
38917
9002
65479
46944
4605
50244
17053
32521
40522
57696
53834
38685
23990
24629
9076
35037
50915
11390
64961
41610
39933
37612
39430
4800
43348
8185
11591
49201
49143
63863
42099
59065
31876
62843
11536
18915
28956
30447
44092
64176
34870
38495
41882
1279
6883
63404
60581
50712
38962
1349
52412
45135
39792
57223
4107
9796
25874
18635
57510
2885
39917
42130
10469
28794
52651
43260
25891
64536
10851
32519
6105
46353
34629
53028
25583
32451
56505
25826
32802
51922
47836
1685
48273
19898
7760
19075
6596
48796
31596
14461
54191
45852
20881
46524
4153
60913
36568
49835
15683
4816
40207
24106
6077
43947
42921
32225
59714
1512
4752
39262
27674
55670
49546
60128
39001
63987
7838
47861
47509
62257
24016
22337
15950
46830
55836
37520
1032
27659
13793
21943
60928
19648
27344
28594
53372
29354
30578
51925
6517
42406
48428
53683
13756
4807
55028
15566
53613
20093
36874
2593
60835
26394
34359
8282
42114
65277
36633
43619
43584
56114
14949
13568
10467
40303
15960
28887
2976
22460
45299
26992
51089
59414
31846
26484
2728
54133
25633
40126
24257
23975
7382
44668
61331
62576
17979
51567
13709
20812
45992
34267
53712
44455
47624
31742
21656
60021
11772
18687
56333
55108
26005
28997
58580
20343
60821
39325
23971
31194
61391
38247
18409
29297
3973
46787
38451
8748
34882
40981
8508
25578
55530
2408
21628
62437
26774
26701
54258
18227
8219
15367
38304
12983
38140
21962
44253
23855
63767
64142
46985
49319
18581
49490
7833
12560
34420
29354
21344
15229
39388
31730
6645
10379
22742
4440
53960
57325
61912
29169
50070
63085
64734
30896
22653
41161
8765
47379
61491
39980
44021
4318
6891
37286
31100
23271
9783
37166
20919
24382
13202
26736
21341
55940
35563
53099
35999
14927
33156
61748
26145
13908
47796
51377
25389
36556
29570
17558
59258
35274
60612
15811
42015
52092
11175
20389
55433
46107
64056
1574
37870
44933
52354
53891
39041
23577
38284
18707
19112
65139
45029
21259
7179
9595
62224
48261
60645
52269
49119
13092
6180
14087
65470
62084
47595
61068
9594
26321
61717
16836
2920
11341
9954
49097
24107
59464
1818
59375
54448
12742
51259
8829
24181
13366
49857
734
61019
65224
21555
57931
30105
63675
4744
30536
7646
47624
25423
51488
40057
34792
26433
47274
9951
16189
35141
64263
2698
4815
36456
39269
25403
56579
38227
30697
21136
56862
40871
1083
34489
57551
7781
35530
32358
54454
54704
28675
19094
28408
47176
33921
62292
56992
59061
8022
13261
60211
57362
30518
40488
25070
11688
16294
56440
57560
12237
18300
27727
9731
12055
24751
60268
57093
16857
5247
62295
18380
13916
30726
34947
4604
20987
19191
27018
5049
49520
62051
6369
15408
57586
35297
51059
21056
1090
7449
22372
15763
4272
62967
55189
11849
39250
45313
4691
10064
4310
59894
20405
897
56069
28668
16055
6698
56388
39613
26689
8952
25234
38102
17607
18278
5810
60330
58805
35679
43138
57982
4029
7615
644
37584
683
33824
47901
21111
10359
56876
10908
1946
1091
27267
40655
12959
11914
46439
11173
2129
50881
62718
43867
37054
39834
42071
8498
19992
6033
206
23499
41212
5658
54214
51153
10384
1202
6799
39842
5812
4221
58559
40235
32584
6661
5768
48876
22573
53263
36045
22120
16912
45164
14882
5343
1655
60930
6649
18177
61180
8236
63290
36613
41379
58919
13293
64426
6397
55765
43004
51752
14732
40515
48696
44200
37014
32959
18180
41755
6705
14832
4867
55655
41037
47049
46878
56281
35048
47764
62951
36374
14974
16419
37884
35486
25904
52440
55536
30840
42410
31217
10840
59003
55930
25452
3190
16602
31718
60535
4029
5061
42064
43319
15270
45765
32906
41749
52749
27651
54773
11919
15012
65215
15357
11516
13451
63356
47657
43776
29265
19044
30749
37021
27958
46554
27892
5940
7697
17959
9128
59915
8291
33406
35594
3947
28124
44082
61587
29915
50224
10710
60488
83
47350
50997
57521
55154
6052
37613
25589
30539
16513
33554
25623
54920
7574
55261
17021
61683
62018
52328
27468
39134
24748
19709
13244
34076
2125
11627
63723
62576
40402
28320
7095
51949
15348
23780
35657
14810
35234
18673
56861
12740
5670
38610
37653
34520
18551
37713
33367
12753
22536
25642
39422
38534
63595
61810
9544
11033
52044
28059
28638
1641
5888
25082
57905
46011
19864
42000
32395
9711
12360
23791
254
6656
33766
15639
45779
17485
2107
23652
35223
39811
40299
50452
23929
5374
51741
31190
17770
44563
61352
8283
13865
31742
43136
37264
28656
55969
54924
9908
41099
9689
827
12067
48525
39584
21671
64821
1213
18442
9462
36737
57783
50550
37669
54545
33341
38943
28223
12024
50091
49474
7790
28315
12922
9388
11696
63948
58565
36336
10710
34498
27988
53829
7962
65190
28074
44062
50538
58865
17034
41479
56795
50757
59453
55943
58972
5217
26818
5381
1214
61585
28843
52931
62626
10151
33346
12996
45696
7268
2966
3268
2003
14674
51907
8057
64259
26908
29198
20471
15549
61923
58562
39399
51650
26691
6827
36220
60355
34231
32025
1107
270
57862
36468
45496
7583
5115
40882
6695
63015
1728
5757
20691
14152
55932
43538
44121
261
2513
1346
23061
27227
21895
44011
59970
1081
14149
16899
3
62206
40443
29735
44160
22885
51856
27403
6075
26269
35913
49377
52603
19399
22732
19446
15355
160
58434
17901
44561
61464
44794
36125
50018
2721
48668
26253
6473
23301
26533
31390
51116
55306
5173
32729
51067
55402
50302
8876
52361
2988
63248
45298
26686
33540
10818
28312
50684
56150
33600
4344
15858
21753
32190
46133
39385
44426
20070
7537
1362
32108
46063
46269
4646
40741
7545
3865
47272
15211
19776
32762
63629
43472
362
3187
59107
48385
60798
59463
5297
1334
61149
60200
26649
38018
38928
52629
52441
31661
43630
57283
20371
53808
63032
15345
11922
9317
1659
5890
59974
37153
64272
21015
27491
3760
50375
27201
57341
25418
50122
28033
38232
38521
13096
64782
26996
50431
31761
3022
21592
43171
17684
46474
58198
12973
2450
60839
4243
61869
22311
22818
8133
60179
6931
2833
34088
65186
61547
28281
26572
55305
3556
43102
44524
35774
41175
7369
26235
26256
29522
48884
54935
10160
2037
37303
57854
42749
58679
31903
11105
27267
47061
37175
4784
40997
41190
6977
15279
35698
23600
53419
35889
43064
46602
25960
24359
20133
40129
23176
60997
63826
4850
43539
19101
62283
33537
1479
17445
61955
54047
51484
30144
37912
56882
53526
41035
24527
7129
37354
44301
43277
8031
63134
2072
41072
49716
11645
6190
12018
48380
59520
8296
64110
57441
56107
33827
63450
23799
63299
59311
1223
32468
59914
4476
54534
18222
65434
29391
35546
2603
49853
57041
64497
20130
3306
1229
65252
27311
51911
27930
53162
7315
1000
39767
59688
6908
11423
27952
62536
17294
36476
21239
6947
49430
42420
38459
44042
14445
10969
20625
44510
3283
24682
37094
1195
18830
22869
37607
18560
39904
52194
20147
35892
18414
48492
41882
28901
24602
39927
55380
62447
13305
6208
57448
1491
17953
4833
51872
29004
58827
35190
62718
38605
45522
19862
28326
9760
58716
26671
1677
44751
45359
33475
18000
18909
31400
58534
30164
41184
9689
55745
57448
38948
21453
15345
58943
27774
34002
32785
55354
39139
32629
2102
15614
45493
40376
3161
47787
61975
44986
20283
57041
63322
32398
3419
53605
23972
43312
53132
46949
53193
13667
63653
37014
17898
2238
37105
39500
5747
32972
55195
7913
2069
50300
60801
26828
43559
26543
13529
27441
22544
41133
2545
38375
21636
28462
59637
61509
43619
63285
63327
46876
37568
38568
64960
56967
65162
57434
54514
21478
59941
6782
24777
9252
38325
39984
27746
37152
34694
41592
11760
53544
61496
45309
35720
13592
11145
63394
32042
34200
16518
20345
57311
62148
14495
3802
2637
12083
19163
22228
38698
3724
18134
53780
1214
12860
30975
55196
29796
25464
17486
36622
26961
12411
51150
36519
22217
8431
20419
29303
16744
19264
36946
8038
18917
9142
43317
5077
37395
10276
27019
16690
16448
62155
55593
26108
14926
19548
30072
42952
5416
9066
62818
10279
28940
54326
62
44883
64866
58739
46551
12976
56733
52246
7006
60643
29961
10354
47111
14335
57646
55153
35500
13218
14926
63554
48474
56496
44306
31293
62663
16381
40386
14220
13516
19937
61915
35120
7720
58546
25742
18384
31297
54797
64936
27749
24287
31714
9119
38786
24597
21623
61819
42229
56828
23625
48890
46588
18710
57490
58946
36999
11302
53306
18895
3491
19439
33911
35231
15350
7425
5208
4359
43443
59831
7060
34542
44588
51999
57701
18192
29612
282
50599
50754
32073
55883
2738
37724
54138
48575
55817
46678
27073
11803
56414
59833
37099
6543
59481
63547
26708
27741
15025
48891
45863
13868
52606
37707
59532
12109
64308
21577
24704
29627
3157
18795
12831
35717
3641
62693
33028
58856
46852
48139
18246
16682
29742
27240
37531
21092
45003
52989
26089
49979
43264
9881
62728
37798
63159
29663
60370
49533
34443
50533
54185
59698
59670
2163
37067
39224
60099
14636
40496
45578
52860
7843
34893
60543
30680
60973
44557
41455
58635
33190
9882
31570
56455
7241
13404
64193
43681
2271
47788
23140
38807
1101
48299
16785
58247
18397
43795
4102
48010
43282
23070
6276
19691
30609
58707
54238
62035
674
2527
24180
63789
42994
35831
4068
60707
30616
25137
63123
28628
6157
3035
36278
11036
55996
64754
24005
29216
64600
42518
5420
27100
12458
9327
25356
51008
9604
59775
38312
2878
53580
39206
39187
36475
21438
37353
32821
1892
33571
13511
17594
49770
60344
14894
2195
17273
28903
15797
4654
21584
17976
20455
31933
15297
51332
64121
2904
44885
63077
25032
7883
45603
22020
15880
29744
47716
52805
5323
42276
45820
28193
28873
37860
64805
62879
47424
6014
40765
49848
61458
8298
24030
18505
55485
50951
8655
21405
54547
11453
24094
19943
29336
19652
41330
51815
4322
45358
6447
61560
14524
24461
6313
42841
21452
11236
61512
44692
33896
43263
3777
46514
54004
44853
62996
31904
20518
40535
23921
49209
27784
20890
2364
9613
53524
41458
23900
64147
31272
58405
16055
41791
15417
37722
57530
17588
9685
28169
25969
3602
9874
41890
43782
20793
18192
43648
25990
50824
47522
52634
43860
13356
7319
58974
62084
3104
55548
57350
48968
29586
57556
28739
49394
40141
16891
41377
52433
33206
59361
47565
973
62491
35749
26628
38919
1727
1220
8638
35190
3764
50915
20909
23498
6957
28373
17113
18752
34632
28213
39500
14537
27251
59634
33204
60704
20767
9748
41215
10182
49872
45088
38185
19941
51609
20607
41939
33344
30215
27018
1607
50878
19192
65535
43115
20807
52871
47876
64258
25804
63635
1255
40364
48639
14683
33636
45788
9967
28214
59693
22630
51809
17597
28991
34637
62589
42590
46667
7967
7384
43544
30898
5355
27776
32690
49623
1671
20685
50776
5420
53465
46737
51178
60695
55899
4832
9411
35948
50475
29462
12714
3031
20732
14392
57923
18900
17866
28734
44609
53959
9282
43260
12239
11223
56294
43958
4664
6618
84
63030
48428
18478
3653
11307
42440
6378
63082
50354
40216
1669
19414
46520
15045
45805
58408
5495
56448
6052
9176
52858
27131
17710
60235
12516
62599
37002
3045
36650
55985
40398
46568
58723
57997
29373
40995
4203
59883
3381
39880
40121
47938
3413
54492
43431
39419
9762
21090
2860
60138
33812
49026
26998
1208
26183
57124
28642
17063
31083
53243
39208
36723
65213
11797
30263
33042
48251
27117
49768
58665
32028
39161
29351
56884
29325
54604
47711
12502
41416
29198
4843
5040
57323
60994
1046
39758
36416
50772
21013
64583
3613
60632
6130
45771
17387
39029
33563
35260
59802
18724
35359
10417
40425
3111
48402
23334
42267
17049
25217
20429
1453
49693
5033
31873
9658
2717
42047
30538
18146
48140
49420
59854
10811
35569
57194
63844
52989
56447
47517
49565
23250
29163
54443
4418
5125
29573
42098
47926
46983
27571
50256
17576
48540
60784
1105
8984
35321
64851
23421
11742
47093
37711
59191
24178
55971
18113
20701
2383
15735
56535
49527
64581
1084
22558
59812
26717
25905
41405
3702
34240
5047
51225
46023
12381
26209
62743
49983
29491
27636
58690
3343
44294
37216
24226
58355
5165
15697
64351
35341
65252
19525
46014
30896
64304
53690
44004
51471
31606
23336
49257
796
33839
33962
14726
27447
24
27297
62242
54992
33107
52104
14483
2031
60826
43955
11493
39358
47123
38287
20148
18406
64145
11535
51752
3665
9946
64670
49800
42042
31999
32703
45674
26716
45369
48421
12520
53669
51821
34627
26340
21448
28272
7904
24899
37707
11885
35316
47134
34393
38409
15088
52894
866
56653
52216
41964
53007
19889
54631
62976
40838
41835
31577
47209
13476
63368
38055
50093
64914
58909
1846
60849
41294
46344
61121
38640
59110
800
57565
4584
58636
60503
11826
48052
48160
58053
35378
45282
48754
38800
44786
45085
4902
4861
56851
22072
55551
5777
8759
32004
45063
7374
29368
3814
57989
7986
35719
52354
31962
47723
27480
8036
47738
38686
54182
50529
12834
14708
28163
12661
18388
15253
43425
36598
48521
29848
6
11890
55358
19205
29742
52163
46975
48213
63790
41060
41357
54031
49156
31106
2387
61302
10837
33113
48883
10749
10935
55115
46505
49558
7857
53042
12402
53672
49367
54302
32995
17587
43662
27890
11286
32524
65236
45956
57072
32364
42091
20499
3976
2820
19653
29862
14778
17453
3537
25536
57522
51967
58090
22284
61766
42172
23344
60066
44463
47485
50652
28216
38600
52189
28858
37821
40382
15656
32073
32424
61025
8444
62598
1585
54783
51389
35187
11488
53436
45943
40030
1141
6534
35445
34056
55483
20403
12246
30897
61407
32853
22868
9943
12403
10253
22840
24243
24918
24640
31369
49926
12246
34313
30123
16817
39800
65354
19796
46878
54871
17735
32770
39545
51476
30851
29758
26390
51815
43498
11684
39653
55196
64806
26261
4499
19337
47560
63061
21974
11011
46755
52679
22783
38103
26494
43438
22475
11791
36417
29367
1141
37042
30676
23166
45828
48607
4791
58211
15751
60979
25738
37356
59395
22858
19583
15135
1028
1479
28290
58303
13286
60589
6921
56835
51762
46951
2154
10182
51841
26343
58847
1864
9736
21148
56083
38810
12535
47080
4184
36388
38104
17626
26055
36519
37615
33374
11807
61723
45392
12662
16167
33493
39531
19629
29713
2056
58113
23216
14972
583
35830
41217
7353
39806
11983
10109
22711
15176
26404
50943
20448
20159
62017
26268
21717
12513
19327
42038
57043
25814
29202
33746
13077
21165
30121
30563
61695
10328
14466
55281
29558
36036
5881
14465
14704
53555
24671
3566
37002
7061
22797
45440
44273
5842
22450
45031
32142
27368
41568
13946
60091
44069
13568
59394
14216
3739
63832
13349
54614
36054
62148
60973
451
759
38411
13050
32637
1892
7272
591
5623
39901
38142
54227
23278
12639
23343
36472
19544
39199
59150
14429
45911
18542
20726
47758
13338
35669
30853
7344
20153
28909
39866
45385
54850
53384
28667
59248
31934
32558
35640
15759
11771
20078
28406
61656
15905
37055
48549
42466
618
2943
12349
15643
29713
55287
18635
38701
2314
49982
5711
41129
56593
47064
34169
32836
48891
52643
16803
36391
41544
9953
46488
59577
55049
7412
62945
3876
53079
64116
30358
37966
15773
40978
64190
26714
62416
36441
41527
41430
38034
39080
32672
29321
24381
39632
60730
53803
5518
8751
36280
62275
59369
50769
64917
46192
16796
18483
30403
762
24641
32755
65352
47379
12919
8973
11167
11130
17263
43873
56992
11969
24816
49686
32618
52622
22274
39767
29238
39991
51178
20249
10102
5473
30530
49065
28844
62555
62259
55650
16696
42413
41618
41603
2357
18681
29390
23200
34038
13942
37348
5413
4111
25850
38134
33505
30706
59228
25948
57941
3427
55026
50387
26770
58767
37113
30767
30758
34500
1555
48113
62769
60016
20037
8682
50298
110
61516
36691
45011
43879
34324
32127
19162
23611
23016
58604
27970
52578
51203
32577
20087
61757
43330
41161
19495
43988
12702
8090
14899
19265
31176
47563
30948
13753
61013
52422
51763
2834
10309
18423
52989
64080
35699
19943
26010
4827
17710
33870
11137
50520
12425
22954
29066
48882
51410
32844
53304
13754
47250
13625
55270
25414
36386
32671
41604
18578
26625
541
62745
3040
31978
23847
48769
55802
10464
15967
4694
61205
27216
64709
31853
6447
338
1969
16128
51853
45954
43308
28166
7614
10578
28889
25388
22445
39873
40857
43964
41486
30226
55481
34057
10372
36705
34299
29001
54150
17169
41364
19652
10511
33389
61483
2379
53079
28255
39371
7465
44881
61670
59749
6322
32615
19692
63832
27973
24503
57846
16036
16227
11368
52528
57962
62122
63416
41619
54690
23304
58937
5514
52646
37948
867
43679
16557
43652
35043
47098
4573
58343
18766
11312
48516
47878
58166
19003
29355
31415
65031
23725
18155
27405
17531
23070
12265
39090
61312
14097
57658
12572
50711
43931
29228
41003
37167
36974
50397
63365
42415
63169
43197
50143
58619
50202
56112
35242
25742
11751
41729
23043
37859
4170
31897
64554
59908
36262
13483
46391
36019
4879
37153
62265
33991
58144
46367
49385
27110
26608
29020
59591
10204
43651
48147
26699
44591
10681
21927
40871
57533
34544
11104
42211
28492
42585
51908
58106
1782
34318
19620
27556
2373
13524
976
54912
31326
13277
53786
14760
15307
29123
46289
17373
18574
32496
9169
21808
466
22342
3780
23530
64375
44728
31646
11845
43889
15827
49667
44778
37841
55228
1192
26946
6480
23915
35280
45691
56580
3318
21854
53578
23690
49263
42404
6576
41013
19963
8700
25285
59582
50419
61940
30448
50092
20666
18930
48630
12698
13474
52676
14695
15884
62768
44819
51353
20554
17675
81
28529
18386
4687
11772
20088
7503
64856
44810
64115
19318
22298
9901
45293
34544
38553
41886
14804
45166
964
4203
44525
41070
2985
46266
18700
44372
18297
6569
9021
60285
31118
9836
25710
9679
31265
31951
29813
31244
50800
11112
62192
54270
34104
7010
13750
43243
26840
24646
20246
9198
8377
63950
29295
41247
25930
47562
39207
9999
24978
34458
6638
63019
28689
37283
20493
58806
54369
61923
38115
38726
35178
12851
62327
44317
294
33807
2128
5447
48898
63843
63123
19290
19185
10004
59708
34925
30368
26897
54393
11470
52408
36876
22495
10309
6090
28981
54536
11215
8256
55416
51395
47595
9532
28985
11471
41487
46407
45990
56320
38562
26515
43510
31490
15647
61236
18118
49670
305
43460
5129
55798
13079
45724
36958
24285
8744
33276
42435
46475
56190
43623
7304
30289
55935
29287
55606
50584
29359
22976
34491
56561
56680
19479
10431
30966
55627
13418
12749
35296
55440
47626
38539
8524
53180
41101
6493
64673
23329
49064
21951
48634
22964
40125
11162
53794
1554
63008
23607
15688
1928
43531
33186
20259
32966
56027
31911
34022
13363
25130
35504
11981
11730
55366
61803
25488
44805
11333
54065
52920
46028
48129
55313
27108
3191
64163
1224
46670
58028
52056
51742
6608
50222
23801
65401
20832
49651
55306
55806
19640
39955
550
29347
20559
31320
50355
31839
64645
40824
40997
50178
64753
57951
46806
17109
37795
53157
30679
45676
35482
25157
11116
48518
10327
16399
54281
43606
3080
12514
46427
19056
47778
56792
43493
64825
34195
19301
20016
45552
34967
27039
34156
39664
17840
33618
31898
20026
13516
37139
22775
34572
18282
39519
27601
49436
63445
61519
21376
7387
2763
52107
50876
65523
27006
62975
57326
8208
44363
62567
24775
16710
31114
30416
63486
54723
54575
25732
31234
54944
12622
48854
56986
46453
27026
28952
48439
58173
54990
14965
4301
9262
17105
51099
57220
17790
3042
11582
1100
35208
10141
53902
59313
28129
28854
59336
50241
58521
433
43570
58915
6514
24733
46394
45137
19931
54553
21168
31885
28113
8262
49271
13542
38030
21907
46829
28042
6620
3187
11339
25398
56704
27504
44019
514
57405
26277
40420
34385
16266
24554
2689
40807
39623
49888
12831
41762
47149
18263
18867
7362
23839
56816
42431
40007
19872
64215
20604
8049
49710
37457
3371
44367
59031
36129
23892
26977
41252
23591
59881
35938
15336
58566
20004
59023
50747
54196
64960
59072
31321
51621
5682
578
38177
37083
42431
3106
57149
37776
5674
14190
46078
29588
15591
13975
64686
11869
27780
53143
45501
61484
52186
21978
56526
53518
50565
25817
60711
116
33652
40306
12518
27673
33425
19117
35971
63093
43630
18812
57093
8422
16077
4206
30889
51607
15750
18352
24206
52072
34737
36621
36368
43480
44537
36574
20893
32965
1789
21544
45878
9489
20367
52685
672
53897
61256
38525
31444
21115
38227
58896
51976
14155
19586
60048
63027
17634
32610
8065
42191
8183
20643
41239
57074
13037
63442
60528
34246
45766
3000
7433
26527
53859
13064
41307
12486
52584
30442
5525
21515
23595
29259
46082
48298
2605
9795
20273
11541
61029
9507
50859
27537
64608
32070
59188
62903
40946
61316
62724
4265
11284
63602
18572
6511
55721
44638
59110
33705
12363
20089
30718
59948
64075
18038
37477
57683
46690
1572
59438
36460
60048
61045
16630
745
58720
37804
17225
64970
59043
53776
47474
24788
56885
44545
24489
54506
37510
33408
48977
60813
57111
13119
38580
30421
16842
1690
27175
33171
16764
6932
30016
38696
34830
18078
45651
4055
27457
10421
51577
44445
45675
58584
24544
4960
20058
10795
10846
33319
27641
10896
23909
56431
18809
58058
47606
25342
47158
13315
24827
16411
17353
16805
24972
5833
12745
61939
54574
57043
17045
25863
19847
58063
19553
45610
61932
59415
28317
21337
25822
34249
42264
7827
33903
16263
42873
11310
62176
46905
12946
49119
36499
15241
24139
39394
49911
50548
15907
3670
52830
17228
28669
53966
27417
1631
50926
3492
24648
377
7630
26722
1386
12959
31694
25563
355
24290
33515
56148
52570
23715
37735
8180
60267
29620
50654
59407
33458
5543
4787
10094
46979
13249
25132
33615
52081
32006
3543
42012
10439
36118
38833
52105
54368
28179
42619
17877
23314
32846
20813
47685
13781
57907
53958
11796
59137
3873
61141
32261
2254
20149
62107
56439
11745
44490
7792
1714
49792
19583
12948
43266
44755
42101
34551
45848
65127
33692
46050
41990
14173
60423
6232
49269
9429
9978
37267
41101
14805
51175
21556
64983
5669
47167
19842
30699
24162
10700
17254
26000
18209
16295
1722
21447
15006
50563
58611
46254
30085
43799
55460
50046
29392
43400
40903
56981
1677
44998
45922
63648
57403
5168
28857
16604
6017
22810
38134
62752
26399
33536
27505
54401
24295
50000
5974
49754
21940
54771
11534
61126
25275
48697
12568
16756
62228
21366
47466
65009
27201
25776
27638
4598
14888
55187
28887
46875
3972
19042
48513
20059
48087
17993
34282
64624
46087
10273
41996
44094
57770
59522
108
48657
35294
15893
499
52419
33181
1502
36120
32931
10957
23234
16222
65071
58013
42867
36836
64394
18851
7682
46206
25328
21676
13917
32706
49682
20413
60987
34152
28749
17427
43084
64500
12247
33259
64916
56595
23537
53094
24146
61699
51815
31581
19597
34383
40878
31109
13166
46034
24528
9116
51412
22933
13409
17105
40275
65165
39043
2293
47923
62554
46718
42018
10921
26391
25815
26955
17489
30829
5092
17407
53734
57956
31664
24997
8790
2825
19792
10659
26105
53385
5335
30686
11939
45255
29463
56126
41698
1525
20902
7339
13330
32323
30210
26343
38751
19762
33851
5842
44450
45062
20490
17483
11144
55110
22364
43483
22152
25738
55306
62246
56222
43292
3419
38268
23322
40455
40073
17453
64449
33417
31206
1106
39123
17938
56138
64763
33604
31494
59297
37815
10558
47397
1465
52620
54279
58619
12723
58608
17991
50634
52672
60920
65078
11536
36233
23447
32279
28001
23106
9584
36325
42122
23862
31859
12326
34672
65145
16968
39681
48155
55185
22028
48694
63995
18094
24234
47991
27504
34115
62260
25057
43515
16768
45975
12640
51696
56119
28945
15598
63609
2381
44599
24901
59698
51712
29778
19025
19947
22453
3500
57885
13493
65290
19390
44656
3557
53758
33839
42621
26532
40986
51216
25502
631
21296
2705
33608
46752
44422
35487
29546
32984
17374
44173
47763
28143
28796
37482
5621
36231
36738
8062
46113
44177
34950
19549
31191
61382
29995
39158
29767
55845
13238
65025
29744
30047
162
20272
60928
9035
54718
15335
39635
42395
18441
13175
29335
39238
49860
7367
55222
28799
43615
48197
57800
40977
28706
48263
39446
7909
31821
39432
58110
56569
27699
39103
31879
56867
31027
24265
36294
9650
54529
37759
34307
18621
44053
58902
60466
17770
19643
3660
1465
56445
23799
21739
18461
33568
12879
19202
39326
12873
63383
18075
26919
21982
7999
31276
6553
8896
35832
65400
31059
59200
37028
30323
38957
18354
5269
59901
34889
18866
27323
25173
26851
1713
52951
15574
40433
61371
30463
23133
50949
3954
61162
34501
38877
2435
45625
35338
20835
3405
52231
34324
13547
12906
39543
5684
6241
8445
1006
12093
24364
23133
20912
62655
32407
64838
57587
33933
22039
49905
55526
42967
35717
49578
37793
50752
16622
14975
27099
64788
57281
53914
16976
50644
59181
3507
21086
48403
47872
11644
52815
40351
22517
17470
23629
42724
53546
60753
56609
5196
28373
40497
20586
48471
26636
14766
22661
2994
58603
8815
56525
43050
46243
28582
46292
51614
58531
11293
62988
27601
40019
28511
23897
32336
38808
27290
29080
22486
57106
45276
4975
16194
51543
34325
17574
24872
39573
58379
16965
36785
9194
61156
58811
54982
20004
50143
49307
117
9192
13230
50475
19675
10366
21653
42089
38275
41768
40429
46219
18317
44054
22149
57242
15489
28695
60133
34689
29487
61111
61131
35907
48876
36644
53989
23139
36056
10275
32129
29616
60140
29749
46516
48270
2335
34581
15910
51977
2605
49741
51532
36909
29077
28209
51993
15566
50393
61471
3379
51874
36546
54163
64756
20335
26048
1727
3538
49595
15572
11988
57738
47866
10248
34680
48264
29785
48912
24126
46554
14806
35948
22100
41180
14247
54312
44613
10617
4235
29290
28389
46491
41319
65051
23098
45902
53185
698
1970
1328
27659
61839
3585
36443
22015
8240
23652
23867
17489
26579
23978
14815
4466
53940
55502
33065
30679
13177
56057
51162
6846
63285
13524
60857
60850
59653
40395
53194
4790
50476
37541
53277
34886
35634
1730
48339
8439
29720
19387
38981
34685
1682
44659
9912
28766
62683
31661
54392
36769
62029
28166
57538
44080
9367
10948
28543
55635
36102
40146
35151
9393
55093
46781
61862
21961
17253
13601
61448
34748
54367
42531
12126
16008
52157
25796
58962
25687
63187
22228
65119
44932
39657
22559
44471
12509
34348
8809
9566
13182
33859
25254
48413
24168
7027
25800
64607
14010
29739
33512
40310
49040
52661
11197
48420
10407
65259
36418
22241
20529
46197
21841
43759
7343
42155
49401
19042
56619
44758
45605
45888
12063
18934
1110
20794
59758
62261
14055
12570
62913
45797
19147
23548
51946
51269
50290
40076
29452
48490
45645
51190
12145
2393
30840
26181
3969
50362
46459
22895
44682
64928
11952
32464
41308
48028
12721
54827
64093
15378
43867
51582
55183
34386
54684
30617
31222
49334
31103
11872
28855
1491
9193
43717
38880
56410
51966
34441
37031
28973
6852
65003
11286
28396
18483
55452
33882
65337
45260
62578
52016
62045
7703
41349
41700
12306
37074
52539
59290
21335
41117
42587
35823
39313
40208
12300
26661
25589
44598
20045
24821
60346
3341
57689
6009
28775
48067
42996
29196
63730
44888
39134
21449
37616
26047
11380
35569
45979
19258
26803
53468
47833
17446
22118
5223
57917
57215
58598
55045
8452
45428
25913
16843
41096
1242
40824
31119
5624
24610
6085
37665
20768
38106
48801
38074
5284
5426
32966
27846
41991
21217
57660
11378
26209
24003
8539
29832
26841
59255
44077
10773
9825
17635
63551
34168
20442
55282
11340
44968
39868
59546
49321
341
64288
16857
21407
54265
21477
26228
24561
42491
13580
36466
53028
46198
46597
45885
2679
55356
51867
4340
4279
35795
47218
4455
56385
47038
63863
7176
18616
3726
47929
18991
59795
35392
20564
26140
65307
23483
47041
19441
9907
29686
30248
52373
31403
17939
37020
52492
23250
6550
14901
7988
48900
45859
27254
30153
24407
17179
23450
8856
60471
12494
22384
741
13845
10675
55860
54289
37111
191
11697
10024
42131
34867
33786
44878
20532
20073
65092
21252
2681
15904
46601
42211
15226
42
55738
16579
13051
652
38213
43511
54867
39065
13208
16143
51520
44787
57068
53984
44287
17111
18854
26526
15874
17877
57291
61492
55450
16542
44461
12816
47451
3167
18020
47010
41333
32302
39464
24858
4099
8375
22505
22004
29636
7571
16433
32191
47057
45673
15582
31165
47864
9192
50524
28364
15549
22446
20953
4240
39677
5724
34422
33261
59881
32772
9988
18712
56247
30000
16838
44062
28774
17453
22479
57978
12425
47856
60190
37994
19880
33273
13379
54693
7363
9216
25452
13783
38830
18458
19068
55141
41784
40784
4035
22113
34123
51669
24830
58694
59342
40691
42469
22834
23885
32705
63928
47853
39069
35762
61199
56277
24235
24953
57671
45585
12377
56524
11619
25024
50303
37654
47982
61766
50774
45687
26257
58576
49930
17722
61016
30154
45276
62200
54236
3842
6360
30701
15971
16274
49191
62713
26951
22304
20373
56925
29767
25884
11908
51466
25040
51359
10161
28000
58289
33540
29824
40947
33715
58306
16073
65240
17342
32634
7312
21619
14208
22909
25457
38428
31056
2449
19571
1431
39878
7376
65057
43753
57646
47617
45249
38421
64560
55358
12209
36580
18819
61373
14632
16367
24913
7216
3695
36152
53619
56521
13680
34536
26437
2769
52500
10110
46413
11238
36613
62088
46859
55254
45532
39166
56424
9073
23682
6167
13032
12036
61003
39281
53486
31433
56290
33811
57565
42462
43138
49286
33034
47391
21176
46304
6491
58574
43240
12378
26245
30440
29357
14798
28978
10391
50474
43236
45172
29887
30956
38775
58771
53782
42627
39386
27500
55176
10638
20562
4384
24121
13872
25450
61664
31329
27223
3627
13363
55206
32187
16344
57387
33613
56660
12569
55204
6921
24578
21261
35630
19444
56704
53553
53622
27799
27289
20124
40666
40738
25317
4825
57499
43552
1269
55045
53165
42444
24166
39543
62238
13060
49878
13281
54821
17955
6222
29147
33001
3185
49924
21396
32208
11442
40414
48441
25942
11666
50402
16706
48675
33737
3515
20348
8212
17382
14877
17255
35612
47259
15767
54941
21437
29568
24776
28998
12042
22613
30527
54175
33337
51257
8525
17714
49752
10818
55091
7542
22282
45591
7333
23853
41243
61121
23265
16588
19341
11548
8627
16039
50680
9164
30373
48321
13023
24504
36313
30242
31236
4102
60797
45104
75
45979
55093
2164
10411
13567
41938
31161
58486
4249
41438
9365
51035
28136
8363
59988
26499
47825
61782
53234
27182
13242
12417
42325
39701
9762
10689
24311
56689
20181
13824
41292
41478
47289
30430
5323
42008
19009
53648
23396
58811
48781
38908
32556
1904
21197
25648
15381
17681
51750
38653
61258
12288
43093
61535
26521
35767
20148
42135
53786
36324
41343
44116
8546
49966
2864
43585
11250
28988
54917
28214
58530
54124
61291
47751
48999
47776
13909
33202
31363
55774
36046
13868
57936
5273
39346
29890
31631
38717
39799
43584
30969
56266
56068
29702
12970
29975
16019
455
12517
31504
53161
20032
42232
37764
25702
41841
19566
46942
35321
43735
4922
33127
30293
5309
52968
32290
49042
16994
43821
17016
16966
31305
51071
38010
26482
45467
12850
53093
54954
29643
55301
7581
19937
48725
38608
17092
12066
24133
52141
48711
867
22223
13992
57948
19422
9549
5524
61159
46117
15459
25442
36082
8408
33875
14469
18371
23150
25467
53667
18021
19820
3652
65157
39395
59613
36115
40246
38477
16023
14606
7575
53605
38392
14278
35640
35478
48477
53187
12388
46885
27950
59200
16325
11989
61378
12937
40050
7508
9455
27470
37105
63082
10856
41924
15385
18338
22337
51226
31292
45951
20812
62526
11748
42862
60085
10824
29514
57746
62676
10825
43645
53749
26549
44524
4186
43578
36173
6618
29937
15193
63431
39856
10455
797
59689
28456
12017
64166
19914
37065
13694
5515
57276
25063
47878
52570
45196
61540
34716
16440
15571
32828
1315
15496
19160
9982
16374
4696
14749
55603
9864
34080
60272
24477
47095
32590
47752
9804
4440
37669
61643
12757
29872
13102
3114
45861
16604
17247
61095
23543
655
8281
60224
1472
62674
52797
4661
35279
17236
47725
528
25089
65295
30949
36564
12081
16210
52160
19489
6573
18132
43044
10818
21084
41613
40338
37474
39976
1695
16953
38698
43845
1731
43924
55931
13941
7455
2158
23074
63427
32357
12370
43230
31707
15912
43386
46538
18021
16395
62896
24825
44019
11318
55113
26076
3251
62766
3508
55872
6082
4299
63615
46772
19559
9100
21747
21573
28366
39133
39945
5893
33040
15469
64365
7660
57344
47734
60124
46792
42071
61464
53924
17837
24024
15999
22246
60217
51953
7175
6873
14017
19372
42246
3995
40067
44697
53649
1466
24967
40117
44077
11092
12627
3109
19465
8940
3470
59513
55857
43246
808
48802
51799
26548
55924
45368
60331
19901
27627
32620
49679
46206
3912
36418
53563
46494
50877
12234
47092
61077
12499
63381
4496
44259
15465
8411
17041
23752
43340
19589
52056
47407
59927
39570
41596
1131
9124
39200
64567
10123
46223
14585
34083
16839
18636
20033
5101
43441
41350
14039
17623
29749
47975
21662
2186
986
34715
59849
55524
51825
14222
59289
9024
21679
2440
34244
62626
25829
47402
53197
5139
54699
55573
58564
4935
35851
46456
65308
46030
60319
27329
23546
11993
53412
7887
2642
32306
54489
64373
8758
6639
12608
1172
63432
56836
30867
41431
55655
42699
43369
21093
30284
47631
36067
64093
18815
44586
6115
2262
20384
9034
43747
62194
65003
49429
49536
36703
60746
22238
49391
18965
16587
51674
12113
29467
46019
25139
17696
24233
35022
44557
6148
45304
51417
13994
38700
12966
3225
29860
24447
15193
39024
52997
27377
29391
7377
62656
32515
56650
58872
29910
8692
6782
8091
46750
29197
56378
53466
8615
60728
8900
32705
20602
62997
36831
59156
7604
21275
5892
6137
15199
54295
40101
3452
27172
15622
9788
22532
58719
52275
8930
34337
55429
29762
50846
17078
31514
63482
64164
59410
9393
37748
49599
21984
28929
62442
32415
31703
63487
25050
49643
2152
14506
23497
17917
39911
57403
4385
16788
18025
8800
43676
60085
1843
57238
16292
65031
5574
13019
24504
63120
55032
54870
22439
37602
28900
52478
43708
38836
49502
19865
8102
53241
59520
36522
40404
24461
50874
139
57525
3533
41118
19277
51808
23591
45136
30816
24994
6197
8126
42170
34873
54351
24884
23472
47448
57111
59802
22728
36680
14055
4378
53415
46911
20275
7421
61748
58985
4312
44006
43320
51684
46548
18046
29024
40736
9612
50227
1454
17529
27716
33377
64640
21493
63473
15060
15718
40857
16205
42862
40669
54579
40586
6385
746
23840
38739
63246
48161
13918
2709
6515
19301
6818
11825
25296
64573
43752
41110
49551
27277
30850
26081
64705
37803
10531
35607
11709
20356
28963
50846
56539
25191
14504
58501
45172
20687
58723
28490
20118
30996
21132
35016
44609
53409
50821
35044
36151
47478
57800
16577
1659
32141
1844
52407
27454
25620
5287
56053
33382
60739
3370
23783
7750
55329
55213
22828
18522
14103
6009
23840
60378
9313
17108
52382
28218
43003
54929
28433
49603
64513
7273
45442
63391
39039
11093
10258
4954
3522
19012
41602
24553
16624
37640
2642
1118
47372
39412
6263
60553
26831
18342
59333
37967
61381
19622
35846
57329
54778
51456
26358
65178
36162
22350
2949
28638
55718
26148
44580
12558
23542
40538
22859
55966
40502
21237
60
60004
24501
30940
63506
16523
7167
34642
30022
32263
28802
15319
50145
19300
27831
28880
834
15754
7349
27007
55007
50244
25948
21499
5608
17492
28841
15741
53372
56331
41777
31436
12054
13126
43710
38250
46177
48645
20304
43209
1596
59384
45989
6962
52906
59527
23213
29318
7553
49138
48739
14838
14272
61837
33239
55456
49559
65079
14759
6799
37041
62912
12364
46638
28030
53304
8755
36151
56623
33122
48106
24742
29050
51661
61268
38035
45163
14269
12598
30999
6812
57456
10139
3212
6504
27079
16203
31699
56025
34586
65169
35407
32386
62948
45685
64539
6367
65417
1949
23590
12784
21282
36552
39159
1552
48022
64600
42906
4681
10284
29070
35553
32603
19787
19596
51183
21106
13065
51953
37899
52673
64377
60641
47316
28426
48850
18207
34049
33768
6983
4899
51075
32847
11065
7797
54450
58665
16495
42253
29448
15901
1135
64330
57073
50852
28448
1225
8772
9312
48836
45432
8795
21393
60713
25576
1202
7922
56285
34611
60882
56185
8906
58909
8559
59219
213
30803
9162
50235
45407
47715
1502
38382
62384
32138
42118
52486
29080
20650
13344
30254
15819
7129
61119
5037
11802
15121
32606
33567
55908
21580
33841
38435
30627
45055
4150
57603
41485
33387
36833
40721
11630
22389
31360
13139
33854
2579
33349
64809
49448
37927
36501
26368
7632
58524
58855
47065
41531
41181
45689
33115
22705
41851
47675
4836
21352
61190
35830
62073
48626
27520
64075
54337
54219
25283
36948
17479
6029
36164
32783
59997
32091
48051
29354
43928
47392
34312
9548
9874
5120
54189
34021
2753
34110
50860
57841
34303
34677
48321
23515
30755
8270
1557
8499
24738
32641
17912
34678
880
63383
724
17184
32824
58830
24629
16550
27425
12739
24612
3226
50517
24579
43104
47097
10934
62329
43731
14149
10780
50198
53196
9159
14015
11501
63455
13125
5443
45741
34177
55820
16301
8736
49974
32880
59123
2577
38432
59082
47213
60623
39961
51414
8570
13081
39455
5051
42792
12322
7422
3059
12079
26641
60965
31315
9077
28901
13854
22356
14639
10643
34641
23205
58780
53939
14542
57589
4785
64195
48238
37528
14999
52115
1575
37081
15862
43483
39743
64364
53254
34506
36466
13812
39299
54070
12303
24578
13227
35519
40687
36676
24041
5536
56533
43549
65002
21822
29511
3673
5260
47532
3035
41559
38775
12397
53549
13893
10612
17002
24342
61420
2896
2033
22964
62515
57883
29868
18725
108
27648
11164
51275
8290
21713
17655
19146
20005
53672
16760
4008
1564
42361
61228
41817
62727
39998
11486
2245
18285
30795
17787
18916
26906
21627
49793
1853
46522
357
21338
15990
26305
65099
37842
8805
41257
21769
62789
27775
48913
27338
2298
54389
64559
19074
48544
21659
15493
30803
40211
49420
6150
32009
30518
65402
49637
52836
59607
29143
55181
1666
51218
27566
48263
9214
49739
6351
13471
32132
49070
16386
24752
34668
48372
43611
52807
50966
10858
27417
16245
47861
45170
58464
56790
35057
2989
34094
26225
52471
54808
14802
21381
27208
56968
21927
26241
11102
48237
46853
49309
33636
27673
34414
33362
24978
22591
50475
54463
64330
3897
13181
51550
37829
30728
36886
14052
5011
44033
47169
7219
57529
37238
31610
18332
27236
12903
26277
36251
52980
3802
25194
18428
16985
61616
41508
24879
32437
21703
51081
54238
64917
47545
12578
30388
43547
26773
55013
46514
30716
61401
54470
34443
26397
17361
4420
38107
39597
2404
44624
17098
24256
19137
55036
6641
36483
46342
25617
13800
29180
60826
29888
8101
53483
13896
43864
64661
7571
49304
385
42919
51994
13289
34360
62165
57222
22580
22990
52555
47749
46645
5900
6462
4582
13252
31848
24280
39576
53366
23678
7743
64897
33664
7290
41183
4586
45632
29498
33421
56653
27832
1640
6254
6709
54610
54240
14512
28814
63154
54128
64510
60557
16509
24183
27914
46866
23077
64727
9638
39539
34712
43381
64828
52017
510
35927
31772
42769
41297
56248
50195
34152
619
54380
51608
40398
19158
35296
13071
57159
13041
37547
26726
15845
63238
51928
644
47438
26907
40184
23561
13085
50179
36986
38447
12843
36167
53973
894
38927
25941
15024
39404
51616
14136
16230
20147
39407
40760
57800
18907
30240
989
58255
24559
7571
43800
44162
46654
45967
25721
5073
35702
39940
43406
59209
16979
56558
35755
28554
8365
18802
18898
60403
30660
19194
1559
11530
15057
9445
38984
27315
26816
41843
37082
38995
34563
2966
13484
3252
39566
8335
47974
62898
44147
34162
56769
36719
29012
10863
23064
31040
58334
62198
39879
11130
28621
15759
63377
55564
11461
62218
16388
51446
53295
9533
46589
63491
5013
57128
48100
39806
56868
22921
1431
63392
46898
26208
49826
45508
61520
53753
20817
8948
30914
45384
11091
3914
57917
37512
32373
9538
59572
48511
18804
53118
25578
26158
43818
3680
39781
46315
55975
32475
40054
49489
61830
1080
29174
22812
37583
20859
45401
48655
35678
36967
30094
29388
41833
54421
47634
20617
9438
4401
37817
10204
47845
40263
59996
18247
15970
39907
609
13427
33137
65260
484
29636
14093
12529
36277
62864
63444
13564
6160
61699
13935
31702
13678
57125
37556
41132
49405
19813
14895
57731
428
9314
51452
65324
46940
8378
45547
37378
1930
51507
51658
349
4718
4454
8533
2079
64869
41215
32201
62765
43060
25920
58030
2625
65293
29895
7642
9329
18356
21638
42353
45889
37608
59104
40025
17619
11030
44155
33246
34448
38001
51866
15161
43840
29300
766
7222
49097
10350
62587
4044
29940
57356
61080
49637
43281
31163
49351
28457
46911
31264
17540
29126
1011
4286
50054
3577
18894
62557
4118
42390
19461
8464
6045
49031
2056
13420
5368
5882
33126
47540
5848
43543
22345
15319
3000
5671
12942
36676
59949
776
52784
49298
57855
44256
7827
41656
50977
19594
61854
26548
8997
63460
53014
28994
26600
27304
59958
53440
63557
35691
1865
10918
8108
33382
13730
37830
38443
3451
55973
38086
29962
54095
64244
44931
5319
11053
47995
48010
14187
54672
46079
10336
56860
36883
2518
60888
44730
12172
52927
63895
51587
29534
36570
43131
13734
39569
23590
48777
22551
43892
26977
47052
60636
57517
9612
45730
64358
3696
2888
24902
12285
36289
60993
63140
10616
59906
26714
43553
18930
10344
12121
60659
43143
31690
945
50108
7516
20371
29679
3586
12648
5389
5250
5376
43355
53799
294
14883
23834
11106
24534
58807
61093
6520
31952
48118
20208
34270
8660
43127
61566
10451
55141
60479
897
30094
60
17521
20076
23171
7257
29528
61536
17698
15319
22689
29372
5949
14195
12954
11670
25400
38064
40277
12492
27080
44313
63051
20476
15800
12669
27537
29891
384
10099
55262
24986
44019
35501
33413
28972
20041
39719
29355
48937
58500
22730
24657
16579
63058
24879
27731
43292
21679
63747
53848
48802
45906
49130
545
49612
57258
56790
60033
21748
20116
11736
43126
11320
55418
56232
22858
24785
23050
1822
3215
27456
8673
56784
28336
10980
14126
26058
11495
28704
934
12090
47314
54123
18836
7847
11378
6508
15109
4011
15879
9420
59967
6323
38890
15207
51004
4858
13933
14341
48043
64831
16377
45607
46116
36395
22814
36397
59818
25782
19793
54799
42550
34635
4690
51513
26869
39580
62819
5657
54595
10018
39679
38103
6170
24263
17676
64928
44824
21228
28747
33889
11090
12227
56797
47467
5272
42913
20007
792
39394
17466
1478
7876
16002
23858
50742
5054
35431
18982
36118
55731
55413
38839
35793
38304
12636
25620
8121
22281
8309
33833
45301
41242
12559
2735
31620
22755
61768
34334
8991
15591
64927
45352
14586
40547
22934
32647
31862
7967
16247
37841
55748
45091
28319
12773
57335
1646
2028
37131
24087
35280
46767
49784
41046
45595
43260
17378
54121
27738
27662
54061
56104
6881
35898
1737
21640
4003
48733
38502
49357
53561
42196
56672
27098
6076
13931
62661
51164
40789
45308
56002
64450
30078
9398
50112
27512
55550
60943
26482
22806
47246
23330
20218
39660
19923
13037
57243
35742
45662
18777
31331
16418
10572
24600
12689
43881
60403
45703
3852
57201
18486
60872
11077
33965
30625
51262
55899
44084
43870
10014
29340
12313
25478
5273
63631
687
9867
3419
61805
31795
27030
37051
35988
31018
19802
19174
6043
63753
16137
39145
34589
18728
54448
57000
29039
711
19068
27636
64417
57115
57826
30932
43460
28205
62903
59230
3845
43352
18407
43919
26893
59184
7141
3533
20952
8880
57058
41644
22482
12595
18956
44927
9533
60144
29021
38112
28857
26843
3865
10978
17452
47135
25280
34524
61844
26422
26980
24068
20507
52771
30098
62133
38601
27408
9638
59697
8017
19363
23068
65174
10235
38600
33735
25615
40974
45187
22936
21154
21835
28677
53764
46753
64364
28933
37404
35470
20312
59756
29528
49076
11220
3722
32866
36336
45577
1719
60781
52284
14844
34967
35714
46738
3712
30220
5671
12699
24472
43835
28683
47484
15579
50385
3407
44465
54737
58173
4509
31331
9781
12193
18353
25309
16980
57720
65253
23868
3
44087
40418
6901
48004
10108
5736
2802
49249
54538
49559
45313
13241
51542
26861
31150
25836
29768
58165
1707
4669
17867
26318
43029
2599
7455
27140
3083
36884
1614
50019
62111
46953
27219
56775
64177
34666
38723
15063
45870
8570
25641
64875
16700
61616
18193
54264
377
37369
13113
63023
37328
41477
37696
57968
50503
10882
7139
12909
7467
25282
6761
42946
37718
27598
60085
56566
15379
4225
22101
3477
26356
24705
8343
61078
19410
47318
40188
59135
29715
49942
12677
46484
53553
26742
4285
62324
60149
60813
56702
33572
22470
21473
48036
27868
3522
59516
18775
5503
65421
55264
6786
13768
36545
6135
35307
45798
33969
32745
64466
65402
56711
61744
65476
14240
44061
59754
43803
64806
21201
36861
45148
52517
47149
26124
58353
48523
5528
34915
24928
8106
54402
32933
31738
46077
48320
49236
34463
10681
57494
16513
40094
61813
22975
46119
50895
37222
21878
64557
39294
42678
51040
53688
41738
45274
12957
35941
55772
36960
4682
17139
7133
41008
31743
62920
13632
50759
16285
60757
15378
16053
36055
4816
3980
35324
50289
33887
43124
34761
5499
54354
75
32461
60144
15098
49169
6218
58645
33744
32190
34448
37888
47336
6836
7805
47006
3791
30124
56224
11019
40625
38564
42289
37541
61258
40602
31640
34984
53747
24131
53842
15226
42245
29960
54999
2199
10478
50165
27106
21717
22799
2263
37467
50896
607
28279
31754
54728
47198
63615
58497
30920
11256
44076
60412
50537
36201
42131
3519
23891
30618
46492
40265
46955
12339
12541
17223
50244
62687
65167
30085
38170
53151
24846
33438
41168
42698
64258
17226
9652
40282
55867
1957
60477
43372
36674
9
62035
25247
61549
40078
32077
35486
20360
62830
3007
54430
63269
45685
3466
10825
43081
40085
27870
42622
22417
27119
43903
32551
27230
37216
11483
6375
61391
50139
50343
46478
3134
54127
35207
18553
12229
53611
7687
12755
35080
25476
62999
30985
33047
64479
63858
4037
30003
3458
35476
57264
20757
59426
13734
13878
29576
58562
18868
12656
19548
38439
55285
51760
60981
53533
40922
23602
24918
63842
30348
28745
33808
10952
16812
52971
11553
64106
9776
6497
45169
10897
52989
23818
48135
42067
2798
29583
49515
63290
9705
33860
41091
35684
55872
20555
56528
47905
61055
60385
18376
19848
52831
41121
48186
54361
44959
63920
47848
18440
33918
62506
21046
40505
38939
39264
11094
37010
10923
13602
4974
42801
41956
27102
53105
30428
24857
17949
12776
53728
55062
38289
41229
57019
62312
55913
37145
50324
41027
11786
12789
32753
46892
23373
47169
14351
39999
39345
61422
28579
44691
8172
52199
14526
62842
38687
52958
12052
8754
52329
23779
45449
12030
60576
60042
44942
34402
21454
24434
53009
48390
40967
50194
21914
54847
19165
39542
5435
39359
16787
40666
19570
61815
50920
11113
9211
316
50889
2555
38230
58122
15342
30066
32775
41267
62635
50291
21751
57109
25673
45842
38770
13665
31270
49863
46007
26089
4251
8808
63816
29261
57674
65258
49380
1183
24401
58891
29290
3242
63624
54762
42215
45166
51592
32117
14115
18543
61835
37600
39498
22032
6843
46887
37327
14123
37864
13064
17442
2389
60703
54262
53350
13226
9844
39137
18075
5216
4777
9363
34555
15603
16135
3292
36285
41552
59516
8233
20740
20035
65459
37693
38678
3970
52008
26744
55909
13103
45807
16700
15818
4120
61646
53252
21485
2428
37979
11647
8224
4276
55348
34792
27594
17018
35042
57877
51614
33596
42615
17805
43301
26027
15435
35493
57118
60908
46216
42847
18509
5490
22969
50992
47451
43614
65299
5558
53148
62645
39142
47389
44158
57194
15522
22442
28896
25155
24283
10271
49436
47907
27520
55653
5203
13063
47620
40123
15122
48911
791
30817
4087
51485
15510
17088
23491
51919
43979
24783
56445
8360
22575
24093
20080
54825
36075
40418
50342
14493
17843
20508
15415
18335
47103
10613
21265
6694
44431
54446
35416
65217
64487
4192
9400
36353
22368
52827
19160
33308
53932
10910
58979
12836
12080
1715
20491
11281
35418
44678
41356
11797
61430
24515
4965
52247
9925
45272
7864
10165
64717
62713
25303
4052
33976
43425
181
24240
36275
52502
2006
63056
62605
38689
33277
10372
63558
24581
16506
46481
43350
7188
18471
29373
15600
1887
33072
59331
56138
504
60589
49128
1783
45344
21794
60607
62110
2816
62252
34426
27985
7357
42777
54427
2541
58431
19523
4075
27259
57467
50979
34368
51996
18451
18068
16214
41698
27442
19952
35612
55326
49381
61035
14770
62710
52698
63853
16979
47507
43524
2610
6704
35739
56003
13476
26069
30857
47667
55041
30832
24914
65381
26834
43408
54156
6575
37859
61871
16264
27031
25366
41942
33538
24458
30219
31
58165
63050
45207
58002
24362
478
55047
37236
52903
55774
17659
30523
8104
62410
41992
17445
51247
27083
4278
43517
60969
12140
37608
61233
54833
60405
58825
6120
5247
52904
45493
53165
44545
32139
57243
47173
11057
12937
9591
33567
48593
9573
28760
33877
17366
29512
33772
31617
16553
50789
50037
45214
15294
10618
24818
11126
44360
28759
55460
7643
40125
62804
20361
30349
15450
33737
58923
11156
21564
28255
20043
47713
23629
3917
30033
57788
61112
1618
42080
26454
5523
18237
36369
63222
48243
27592
63616
36604
53562
7855
24673
12508
26290
56684
29117
57927
33002
64095
47339
62568
47998
1900
47011
13113
35363
11940
8060
64842
12403
47564
30314
54452
1517
44670
30161
17356
42979
33713
43405
37218
33944
47861
41458
17109
4777
38078
44302
14329
2718
10580
50999
27776
29455
51941
65534
42754
10512
57308
26197
9050
64935
61770
18575
19494
55082
22853
32705
61914
40503
42323
1833
14543
45576
9918
61467
34167
37876
47651
12856
65190
31674
40841
29458
6808
64585
11712
23802
51539
65423
14946
38861
17255
8581
14340
17402
41696
57250
7548
43805
20185
12927
7375
24877
20650
9272
7784
8989
39570
26092
60772
60327
23432
36754
22902
49726
22498
37048
34785
3426
17441
51254
8667
46183
51436
29624
48056
58948
42225
15696
35424
7360
26720
32204
15326
23125
20312
33524
53543
27178
46122
17466
61351
9353
26942
28285
49106
43466
4450
37079
3348
9274
22473
13075
46948
50154
52386
8717
34666
24297
13958
45014
30310
36984
49730
43449
38443
28561
29809
29851
19613
21985
41185
13599
12629
26805
20489
46344
31449
45960
41455
14195
32806
56063
37324
54690
7199
48545
588
21871
1956
27911
23424
59171
65265
48084
28140
7934
7815
53496
37756
31045
2670
59063
15754
34441
19805
13946
8722
18392
53648
60378
54335
60957
62044
7684
40621
52277
6048
48162
58388
9313
51258
48600
18227
25436
23804
34458
17040
65187
55065
1092
8201
50855
44188
57702
24665
47966
41432
42700
1313
34519
60353
37572
22156
7202
45565
21825
7967
18201
61918
37043
58233
12075
59870
54091
38557
9009
50091
52718
15555
41239
18208
41056
21940
60274
33482
21841
16278
64016
14628
22441
828
55698
60004
49315
56843
49950
44588
44434
61392
5041
57795
24817
8378
40320
39194
52617
33052
12527
24100
57402
45386
39083
53517
50857
58412
1648
40802
50448
1517
18659
30101
443
10595
20234
64010
56180
40725
62823
57183
30740
64866
37264
63431
39973
1814
52938
40846
23675
60551
26720
60246
30853
54465
59518
2661
12844
46462
51198
41316
38787
45431
52777
52326
6278
8467
37421
24725
57220
31777
11317
3788
12121
48683
62530
16999
63642
13343
12713
37163
8620
60468
11586
28873
3956
14133
7436
48677
20069
2887
16884
9685
28504
17493
8703
56979
25369
3002
8822
37264
2482
20797
59764
21023
43206
50572
13877
61317
3377
11673
40486
13728
35702
52460
59634
47509
4328
13314
38122
47638
38679
18121
28933
3156
37720
44593
52528
12520
24782
45210
2522
24941
10175
41513
10034
36967
57033
3045
55364
19281
17502
10150
28258
27506
52314
49809
60098
53822
20363
56605
55997
43757
7862
22223
10128
29161
12279
40533
40802
36975
48950
34125
52557
38943
28510
13126
58141
19413
11356
42499
17200
60471
14128
45945
6807
13335
42409
22969
24462
63603
5063
42779
22068
22351
6409
64991
22371
46757
42910
50768
37805
40687
62667
54381
44510
44164
43444
54057
4676
38611
28329
31342
56091
19945
46161
35881
50415
34968
46752
34497
45315
30519
41863
55950
32489
59747
32047
65319
23726
60719
42207
13040
61918
53828
7493
23581
33599
17111
57429
55134
52286
2635
45473
57376
51592
40563
20242
729
61444
53911
23823
4995
44927
44909
34626
16032
48981
39614
30011
32004
45920
17849
36541
7093
14912
20740
58225
13075
61086
32369
62462
47013
64812
43070
34324
15956
46427
29767
43349
37238
6683
20358
42481
18381
54310
31827
49997
52753
65139
25567
51508
20921
15598
19533
30257
13610
16530
25989
35999
31101
16443
25349
53057
14898
38707
29380
31968
3101
64867
31853
64841
38947
31226
41905
15395
46695
34568
28256
48501
62327
12026
60096
50533
54792
39355
22554
31112
3895
27992
21879
2485
56323
62903
17890
21637
22356
1008
21592
58706
2043
57160
52976
17233
39590
21516
6188
8473
23706
65405
58600
2825
13596
20307
33023
13493
56681
7565
7132
59754
7169
20572
44521
3905
47010
15286
43658
17973
37691
43836
54244
46883
20424
59516
47522
47289
20126
56021
24064
24488
3202
3804
16019
60365
13739
35605
4137
42694
5438
13316
22118
23517
6989
25599
15953
44750
22925
15567
62318
50938
49714
10926
34302
49762
50243
25938
47438
51210
4791
58583
33979
4081
20724
40998
8585
28829
5498
18112
52251
14368
58943
21139
26980
15269
2288
47037
3657
12324
65013
10291
25245
33584
57185
19974
12540
52287
50792
41910
55973
37932
61422
54009
7478
51324
37129
10705
28557
40172
43853
23210
34459
24047
52798
3972
34463
56667
44899
12162
45679
52551
63301
33351
53836
57193
23654
12104
29801
33566
28899
27348
63034
4061
34973
36080
31722
13206
14759
41688
35228
49360
21834
42458
23730
12349
995
40341
29466
43981
53037
64594
13530
37944
29208
58141
22597
52115
19565
26647
43893
43215
52710
39406
61003
20697
37045
30761
22277
12786
17389
65256
8141
3731
13466
38013
51423
20526
42081
63847
55397
604
47395
4298
23100
34193
21376
36501
28329
9779
22122
17895
11254
30250
44546
60
21968
38665
50233
64067
36264
30075
1530
20337
46986
44330
30244
29578
43819
9185
28289
24637
50112
4424
58844
41292
18058
54283
56121
16089
25685
40554
36766
50146
5885
39072
55005
9301
7691
19335
24747
25411
6055
63406
22388
34423
62377
40247
44112
50227
11915
38050
40354
33607
54747
64764
38741
57818
23315
11718
45333
39372
61733
18459
6247
31809
24085
49849
59566
11941
45623
50966
31970
52176
31317
328
32522
11342
759
51508
27813
45900
40226
38189
23777
25234
60109
57427
10726
57889
55770
28636
7075
31117
56103
11296
55613
34690
36163
18552
64209
31412
45894
49898
2506
33873
18565
30053
7262
24956
61350
4093
42889
38268
34415
43796
42099
23248
1279
65106
39361
13013
65340
50025
9547
9047
5576
16703
55512
17569
49757
48974
46215
53877
40627
12511
15568
17145
45432
47533
47091
24463
23146
22763
55411
22273
16467
49840
54909
39441
49245
46016
20796
37797
26534
7334
2897
22916
3537
16452
45032
234
37712
38982
25619
56071
8974
55783
13564
35782
24794
36192
30513
25734
40381
62493
34765
60053
5294
40019
46908
2831
58304
23261
31157
38816
2980
3623
3090
46475
31646
51227
23898
53104
25377
15831
24796
50810
49673
65153
21165
16229
2498
51996
58755
7335
58807
21601
3176
40625
41521
17829
37668
16631
45574
43153
29909
16710
53201
3546
62323
3255
49023
38059
12325
31712
63945
33319
37875
24719
12720
64103
17533
22562
43632
50383
25014
64198
17786
14992
36246
49514
18764
25644
31652
39886
36404
4190
9489
49120
31076
8179
24390
36317
62184
36064
42909
25070
29505
6118
46790
62392
19618
44746
35535
41905
63336
42000
59271
45117
4491
46941
26649
23680
60058
56501
37529
26669
58391
61284
44619
49321
41583
29708
26967
58313
14088
2822
54216
53506
59872
14670
11184
9311
48211
50843
30366
11243
27925
53540
51733
51846
22893
5765
9181
6332
24722
5606
57715
234
30256
29889
39346
37125
58678
61308
52836
26461
19271
28575
48644
60507
7794
18888
10422
40499
22253
57061
25585
26390
16194
32282
47544
55731
7009
23354
28594
16591
28101
50009
9204
47739
11116
58929
56849
57000
47876
59645
63256
64211
15100
1642
56490
32656
24247
64298
32166
16643
58915
51623
59758
60902
7103
61203
55647
31832
18779
28238
23550
39817
4424
1702
54734
28080
26884
1776
14934
16233
60545
8542
5718
28389
15426
32994
4673
17257
59035
12505
29656
23012
44555
49230
51755
64234
32543
62483
62324
30665
15427
24661
42760
11160
52204
57583
964
60146
35891
16528
13756
62046
18021
15397
51908
20387
2586
9975
4928
38175
37111
48381
10034
34022
56807
13212
23176
49435
19228
18187
42599
212
29685
56156
25212
59630
45247
9093
7448
20656
56085
8318
36073
20560
20923
59244
57067
63568
41619
38789
11121
23324
19625
58854
47048
9824
48460
57737
26805
16081
14591
22975
41505
31666
23389
51760
54623
61066
7164
36881
26761
36677
37838
47160
16811
30243
47225
9054
23443
25339
37049
51232
22781
23837
14413
5468
39621
65021
63707
58477
41110
45428
6680
31692
54504
15198
31871
730
53044
21074
51093
63411
31312
25597
4274
59981
422
10313
8516
930
11328
18769
39902
21016
39401
45323
29605
19712
24433
24295
21665
35792
42199
1902
43334
27211
40917
55926
53191
39753
27185
37636
55613
50199
14455
8641
33185
32751
38268
8023
39111
50314
42654
33779
9119
12851
14903
1993
63285
56597
60891
23137
50124
25806
4701
22553
22120
27226
16837
42949
41005
29874
42512
176
62354
27578
3653
16615
39467
6365
4471
2197
14757
8819
28436
64255
28252
8199
12171
44084
24049
25084
5112
37358
35913
51419
39745
3665
11206
2871
10059
1080
5635
65164
63855
9658
24376
1970
53597
39639
63327
811
63008
4326
15285
44146
45740
17636
39295
31693
10436
51
40261
14010
63849
43818
51639
40424
59165
8704
7418
49037
65351
10570
19419
49070
51731
48049
23411
22178
15640
57167
35347
40928
65282
359
9197
39007
55690
10134
45049
63461
47398
24890
30838
620
53522
36528
24092
13575
31863
9
50995
23483
9122
3409
36348
51384
37769
35341
51553
50072
24038
54529
19170
45197
57389
7424
64491
24705
55939
44161
44498
41745
6520
29775
16531
40358
47491
49267
28283
27906
4781
2346
35161
42676
36489
53075
26250
6369
22651
55008
36590
37853
48006
785
28229
4975
64905
20274
27722
23125
40402
39471
44449
42001
35329
56614
29363
22232
37005
57072
2
29779
27866
29744
6847
45166
47705
26636
36576
44181
59073
11205
36160
6872
12688
64717
12068
57945
35000
49390
40747
20446
43338
55812
2830
3720
18845
18551
19666
12887
35279
44961
31342
58046
2326
28547
32487
44472
59301
14673
60090
50398
10244
28847
49180
15690
44279
43956
32546
61096
42103
34032
53824
1068
11672
11117
63054
27039
56537
47007
14613
18135
53344
18540
25549
13828
60352
4615
19045
34979
25871
39581
45892
4677
8196
51636
34158
15080
18245
7700
52784
26561
51014
13143
8329
17061
37677
1907
3415
36097
40389
44325
35466
55999
6172
38196
12277
56963
46683
59543
54979
42643
30463
15435
60285
51677
27028
49907
44911
52887
51597
14408
27873
43560
25012
25070
43990
8307
52636
27598
7568
31836
12663
42090
7221
53495
22773
38053
21827
62252
32820
39626
45429
7307
45220
64802
64319
61947
61814
18711
46020
37749
13104
9775
4057
7160
62370
21862
54176
53771
40898
510
15411
5688
60203
32190
26786
18830
28890
18953
42547
54012
39922
49927
18552
3082
16861
58732
43269
58365
38175
46797
8884
17040
61927
25118
21125
29439
57956
55983
12278
2397
65124
35473
54642
12366
44745
54522
21113
41086
11058
49762
57630
27870
16740
64577
64419
40693
39548
21751
31276
50237
62749
32458
34184
48406
16698
23076
39899
6858
23685
22051
58060
44102
42348
22620
42369
4415
30139
45090
20477
7705
8628
32971
31940
39757
59143
23297
32311
39039
8216
47795
54534
21026
52468
14681
33765
44211
34009
23412
24611
42064
50114
1413
16982
11519
14298
18929
57583
57178
59595
29299
38160
29051
6479
6899
12354
1808
32894
7541
14668
26564
27105
62055
51655
4563
5475
43609
52393
22941
56923
51738
46295
22738
53186
51716
24283
53400
59882
45700
21584
10487
39967
40242
43834
10242
26325
53282
28656
13020
59502
57613
32149
33164
2227
14355
63897
57093
40202
14304
3977
61534
20785
54950
6679
50733
28543
50890
46263
6201
31994
29964
35297
4758
56342
16121
8661
21863
48877
18611
3663
20052
54705
62914
58945
27445
27169
61307
33683
35302
17418
9345
33498
51571
31942
15791
34676
5356
39152
17362
55160
49660
40371
28956
12130
59521
21878
4476
4661
28313
62884
49361
12995
56086
37497
33374
37370
33023
58629
50682
55538
27148
50259
61370
49791
39961
11595
11226
49229
57787
21453
3435
19613
2719
29433
1265
1237
24742
33655
46647
44119
17540
18534
25311
50162
39437
28932
1492
24920
14184
60154
9764
34097
40652
34606
31680
45746
2998
7915
3152
41623
38460
8921
3755
53024
56705
45283
19154
57649
53471
51310
35125
60305
64417
39256
37542
61513
60357
52255
7973
19553
63901
60383
52130
55719
29447
3912
21477
11891
16906
3273
65169
43747
23664
26165
690
3020
27969
59497
59564
44492
51042
56785
34974
39284
17871
60215
38704
33564
61851
15919
12830
47092
44539
38500
21784
5227
27363
17393
310
21235
50054
37001
53426
818
34664
65060
58204
57234
23701
30577
26450
47698
1379
1980
24788
13941
65189
39649
47021
27457
49525
54028
31280
27760
53911
23005
36780
31192
22310
17163
31760
27026
20685
11876
8330
23217
18076
23304
39407
21591
15912
15472
44725
30723
39583
60871
3985
8609
56688
53215
34148
5356
58354
58511
39292
35205
14592
28278
3674
33761
33973
15906
40250
47114
46854
29315
10772
23705
24578
11794
23203
7453
1491
2486
58905
37668
30648
52409
35765
37761
64882
34068
37931
53849
32657
15300
13656
36753
11731
3032
31164
35031
32659
17149
4024
28183
19256
27345
48747
7251
32440
19845
15011
39049
47536
3100
17804
40275
44608
391
54167
30797
30902
9235
64876
20003
18115
13553
53403
35125
23723
57588
26729
19315
49492
17120
42399
40682
42950
42570
65147
24316
57293
3273
2774
13348
44588
18622
54651
58204
19462
7974
29223
47242
1651
6992
27707
17196
20623
60200
63746
13812
3549
24759
33218
21531
41242
23281
15902
13318
27723
17619
65013
22105
36088
24697
22028
42681
47017
14787
17706
49540
37510
37768
58921
47009
54284
17084
55843
14764
26688
45120
23727
51296
52646
45844
876
56816
24244
31695
26545
64724
34192
49650
67
42536
26447
15761
35805
63151
64123
20035
61897
63924
64676
22606
59065
45554
48556
9633
58268
21526
400
30864
7248
11545
5061
58583
1522
7618
28421
34104
22604
59149
9227
9716
36678
40882
47770
30786
38946
37244
27971
50227
39634
15418
33572
34504
8061
29186
35159
7371
13363
31717
20647
11582
41810
51158
46927
46260
40317
32033
41025
35770
40596
2502
62443
39166
27925
7110
45242
7948
44117
51534
44022
10865
11156
65287
23347
57447
15742
36004
32958
20638
45478
58004
7387
36463
41100
1648
21112
37890
56472
34993
27629
6351
3770
4839
8528
25996
45667
33529
19218
4450
65405
48804
22660
137
17835
13682
18465
6658
17937
1246
1182
48092
13859
44331
801
10192
36262
3689
17987
11941
53950
8058
12521
9612
35152
56415
56651
7987
33427
4302
10612
54794
15399
24150
59258
21010
58471
42990
64725
47382
35573
51635
50664
34390
6099
10970
4633
61183
3803
62341
10317
4929
8352
16257
21294
63572
1254
20346
65360
18252
33267
4450
8359
38872
1098
3759
8900
65016
38411
16805
21892
21746
38745
592
58460
22781
52389
61207
56024
20628
50576
6685
15836
3778
31528
15656
3126
41993
12520
59976
8559
35270
9018
47420
24124
48151
7987
11243
34905
15010
38509
3469
4139
44622
19018
29611
60187
40473
25740
34420
34820
517
65015
22980
39323
30153
63859
62175
59123
22358
14836
32149
24168
53186
40529
40267
17769
37429
36218
35290
11410
32877
59405
17171
27999
45999
4293
16606
29882
3451
14801
17701
65198
22382
23190
31403
54247
27192
55787
27353
63638
45344
65445
10781
20356
4370
38476
44725
43511
48651
40352
28965
2722
11971
57180
50812
49138
56913
12980
55951
11509
17442
39008
4437
42240
40378
62223
30129
57786
27877
11435
60076
62233
53333
63267
19769
19088
51693
44003
11866
42485
39683
13564
507
49405
61655
44893
36740
26830
37791
26737
50248
44755
11018
62554
31831
22469
43640
36207
33639
9533
12444
28772
38054
19708
12709
59563
46548
36445
2233
14984
30940
52832
14641
33232
31514
7318
38383
57463
27155
30347
1868
56502
34282
47269
31611
53610
9422
46489
4198
51670
12880
33883
53145
61759
60948
58325
22839
4169
33139
27330
16686
54927
61861
58290
20207
22785
1796
11238
53683
44321
11798
17520
9354
12512
42395
17690
22865
32425
1526
54391
3020
14798
24253
27488
24827
47543
40561
47961
56497
6347
49380
45888
54468
59094
27052
37901
52717
9265
53246
54216
11066
22773
9679
43013
51887
18956
21534
50753
6273
25175
44848
64106
8833
30073
48985
19671
47440
9942
11328
42186
59641
58063
24744
37065
55303
44585
2285
50893
16587
22585
50163
57959
58579
28275
21501
19613
34857
54364
51185
49005
58090
42441
46453
18759
61389
36543
56788
5188
34197
49440
47727
13511
55169
36939
53891
15641
17440
51270
63935
15015
21601
6911
36327
32620
11947
60903
31307
40216
3676
20597
39917
41559
52210
1110
18483
26575
32227
15839
21843
52938
42924
64087
33527
28275
40457
12111
30648
4938
6624
48606
45043
43285
51504
35262
21132
65145
40698
26100
3301
56194
32407
60791
44103
57887
56499
60051
8529
63376
28712
13095
27476
40514
27715
19530
20189
48007
2427
40841
39088
7715
4344
54719
61960
37134
4974
5719
20592
63651
23491
12251
13075
25709
36263
1721
45939
44744
56746
13034
57598
51920
11554
32241
6350
9507
56179
28815
65210
408
20242
51260
57226
23977
48423
9045
30665
48029
63375
45936
47359
60658
58917
17850
43591
32511
9715
17072
37848
23631
64774
42380
45079
29916
48956
24225
12940
33523
25964
27803
48729
12179
9312
50748
39572
51683
20461
34195
64801
34114
63036
16181
21699
46696
20153
15090
53723
59082
47699
3117
622
15209
52275
20585
47778
44732
60943
38256
32718
5398
44710
10625
1599
42880
19821
35559
26890
15837
63670
18770
27833
46935
60157
48537
42611
23652
11505
60536
16612
51484
2626
49716
27603
7187
62029
37862
44120
9950
19180
14016
17206
40662
647
64174
26545
35090
19443
58111
33551
41881
24351
57058
16343
19709
27267
27507
51845
5052
52414
34408
58271
22499
16536
20302
2057
1370
25120
21297
8329
11699
58358
15500
9153
39593
17473
50193
6646
36122
58031
2033
48822
8159
11606
40913
5130
14920
39184
43356
8547
26441
44769
23737
63016
24665
12678
17468
54493
46867
8226
49275
60866
13009
13372
436
52848
13439
40317
18988
56829
36007
61105
13638
11639
8197
30774
46881
38871
14888
34777
65426
16475
54602
7151
22102
43480
13157
29277
64370
7632
2167
24589
7866
3160
5293
44608
7843
36134
60682
62460
25482
61193
28622
58328
8203
46642
27000
52457
1361
40184
50435
60590
20395
5703
8737
34177
63599
47944
16517
41313
3796
3592
26420
53123
63804
17095
40520
35438
49978
39217
15466
5491
11505
35224
21576
37517
57234
57560
45546
61339
26808
10079
15105
48747
17579
38508
42426
8020
57323
29269
27996
7186
50293
42069
25393
22878
19745
11321
12570
61988
34027
47410
54172
50586
20929
52198
2756
64962
47331
28853
27774
26643
10475
25445
8564
39693
55141
15209
52007
1019
18065
26974
52923
62201
29269
48443
23146
10338
41620
10702
22788
23663
64325
9902
25041
33319
8530
56639
21725
14605
13904
38400
6382
15713
10511
39978
49136
64062
49163
14564
65006
9650
43903
27249
56307
24496
44727
59197
41409
51102
63913
13010
17209
32032
63163
5305
5554
18903
32575
24424
49205
30537
18900
18288
3057
3502
22724
51604
26039
56072
32685
492
769
64662
25435
10850
32331
63010
57198
23654
44905
1710
30809
32113
46613
46064
57639
37770
30444
40451
27274
16964
40549
46982
24933
52217
60870
201
2684
2525
32162
23562
22273
57420
27465
55557
13636
9764
11181
59303
5550
39946
2823
54077
38872
9372
21124
35040
24615
48370
45575
35428
31101
61179
38347
47837
25858
20754
54266
27546
49122
58165
9894
34920
33541
19979
28179
32724
8810
15938
35267
43649
55380
13845
63065
16038
30902
3761
60197
39566
43951
28695
30031
25740
8299
48763
49907
48528
51059
24225
43882
42164
18389
51819
32674
6714
10704
61802
58393
29862
20645
56696
22106
26380
46573
60975
55556
33910
27917
57195
41566
54788
8292
53286
8421
50468
16309
17322
12544
3786
39182
46621
58215
6353
26725
48993
52091
56367
23762
46860
36229
12249
47144
5140
3515
35160
10009
51214
44208
18799
63970
53417
15470
33747
31317
24728
47460
29268
48889
22120
34418
9540
45387
52545
16136
19824
3481
58570
8246
24981
64646
40060
23837
51381
54563
56286
60694
2744
36381
25784
47530
12279
55228
39616
34299
2748
14522
27688
20377
14316
15878
42203
19355
45583
28439
6972
48049
56108
59618
32178
9166
56417
31346
35118
841
16177
40107
12358
52609
60079
12095
10056
4559
43517
32076
26102
17400
56420
55251
42265
16305
7758
55474
18057
32118
11511
7277
5630
30030
32973
63588
37292
59546
27395
58729
10362
52106
32998
873
37201
4605
26695
55440
41234
43914
48771
28569
3609
1641
31981
26574
19037
49811
11440
61268
221
43722
46871
62144
48094
28077
45205
27246
23189
30707
44658
29195
19688
10640
1409
20875
10087
758
47883
32286
16383
43631
56973
57561
20674
36711
30602
899
34712
17119
23266
39483
11492
64691
13383
23397
55824
45104
16432
19156
22325
14003
34082
23455
61847
6342
52439
64443
63497
45234
34470
4728
15897
43066
24956
26189
46098
30448
8168
64482
36166
10176
48623
51076
36136
57618
60591
5899
14603
390
36341
58128
38251
8793
61284
58219
40134
40483
18879
18056
55655
63615
45750
10145
62043
5012
2158
15401
30441
8204
40666
54549
65413
63359
10203
55439
40879
2958
54366
34254
40608
1385
29808
21307
64858
56545
51754
50714
40459
27952
12224
21280
50253
41428
5625
30425
51522
23320
25377
6849
35026
12711
60378
61878
14283
42573
34534
41929
46230
22164
3959
36853
27128
34503
7363
35459
31809
26014
11395
39579
55512
22365
54962
14098
31533
13144
32557
24190
50890
59365
46151
32245
47309
30958
15758
11617
61011
50307
23787
58576
47678
4735
6442
2836
47304
22739
55228
59446
3309
6673
19767
32513
27975
26444
8332
42075
37042
48560
54821
51336
59443
37850
16370
51007
17262
52156
42524
56079
54675
48219
57865
41957
33551
61538
39042
65020
12926
14788
65288
7238
33266
17382
48545
24547
18035
4475
36615
56620
2525
36979
12171
44289
24629
63583
53511
42905
65241
49887
64427
30319
22778
29786
34988
58907
31267
36616
22158
2664
8326
15360
19185
38322
27595
44408
38955
58290
47404
53721
19372
28412
30593
47144
28107
13640
62738
729
14183
47309
49200
65022
60608
34690
42633
30123
1578
64428
16507
32632
10029
639
35597
58217
5951
51358
26463
44938
19252
993
42023
16058
36531
369
29711
9500
33348
46515
42717
45188
804
61242
12725
427
60960
61189
44868
18319
41992
49172
49122
47193
22853
40050
21623
24636
11660
14465
23356
836
46773
998
56007
42874
63973
61870
28549
354
61175
10175
23483
64570
13294
17101
45644
33470
17683
52615
30183
56981
16162
26350
8796
41158
32461
24695
29084
2280
7516
27909
7370
39351
60918
50442
36423
62002
38178
29820
56583
44016
28511
55687
6772
25994
20273
13331
4138
33998
22800
12835
28432
17003
21863
1478
57151
30678
31104
38124
41647
31460
53868
19723
8134
21157
43836
59693
62573
10900
14623
44091
50967
61377
18385
45093
43267
35306
24550
48495
4561
18356
31003
10864
50963
49275
63715
9135
63157
24394
38770
46626
23540
32425
17766
8524
63916
2905
19935
63456
34783
17006
52028
64488
48629
54473
9606
1226
15439
44180
8560
47319
183
33389
59817
41804
50564
40535
63549
51852
54488
1668
15281
11077
33536
16244
19206
28788
65431
16439
56319
33904
39670
16488
39050
61419
57489
61334
34121
61075
2849
28999
36171
38315
58983
14674
57244
27029
13325
19203
26170
57011
58274
18826
46163
63887
38754
13221
28479
9517
56694
8099
64064
30013
44484
6835
9252
11653
18042
16405
1932
47025
3514
24372
6257
36163
52273
2130
2263
59805
7723
36356
52239
35499
34095
60101
62648
56504
57371
32625
32165
40794
26262
48759
26604
65112
6625
39874
18266
19207
27619
4121
57507
31389
18908
29857
6420
34301
5613
63775
43208
45390
65430
53390
8247
36063
23875
43359
19645
7800
54349
50947
41068
13792
48017
47
7871
11676
46919
55830
23419
34631
56587
58024
17223
18304
40563
29775
43205
29546
46894
58426
14326
38543
61898
46728
64822
28423
50740
17824
56606
11928
36066
10861
24743
57534
57677
64848
9263
57505
35419
32555
36670
79
46220
1326
42633
42742
30226
63109
42052
16636
28484
17473
3557
47305
47492
44648
9278
43984
46804
57103
13678
37114
5794
53018
55371
39827
39023
19158
55472
18083
16718
61524
44504
16669
49492
33158
35088
53770
34736
54876
15368
237
26545
59993
55976
13560
19616
29452
8482
48247
53080
42379
62647
8141
15908
6173
32886
38943
7868
59527
26175
26567
17031
21130
37320
23170
49108
15830
2370
33150
38100
48595
18485
13906
29471
19031
9041
53474
52128
30833
9617
62645
50116
32867
44984
622
43637
48843
18122
24697
41733
45839
57604
3329
14664
29912
41117
28302
37690
19551
30545
15650
58093
52648
43329
23924
57825
65402
806
9811
41484
3461
1099
24918
9040
6502
18743
25130
6866
54054
37208
8190
62139
57346
15443
22590
65393
18605
3722
46232
31537
25647
58310
30861
49761
23569
39039
12360
35525
53371
26963
63073
40662
13515
60026
40842
65484
35551
46602
52715
34272
11050
63933
15169
25946
46977
35316
24614
13440
23322
1225
41486
20406
42709
55057
62715
60653
50054
43820
31929
19414
56840
13792
443
19663
10930
62898
15968
35284
15329
41815
55684
36644
1639
58982
36797
9822
61403
30369
62095
17345
61122
2919
25421
2908
40489
29755
42471
807
53561
9537
54828
46747
21237
40219
44661
31988
7820
32467
5316
4644
26953
49136
51197
61717
36470
22943
13869
27141
58390
19699
24981
21364
63287
16221
49275
32751
55594
18843
5406
24892
3267
34220
38592
28153
40402
55491
4929
56754
29539
2781
17838
48455
59789
35005
59801
45727
5590
64615
38203
54368
35479
46579
5292
39651
39161
47836
14421
62730
45697
3097
1870
36723
26622
36724
64469
37429
13518
52837
13025
3347
31968
43561
26840
5829
507
29466
43020
50171
7488
29455
20320
21678
13035
34025
3304
37300
44396
342
29367
53944
48712
942
15415
60282
51910
4164
34554
21203
42350
60164
12783
48709
28517
49851
35714
15281
51987
12909
36811
11719
57080
32162
21760
31754
38444
13274
20744
19339
29007
47025
31662
31441
62078
34047
47328
36223
62690
34486
51734
31354
15393
22736
28295
13106
39123
22551
3286
37495
18504
12795
24752
58779
58923
46235
17139
11834
41516
24722
49067
22085
63191
32142
56447
4941
14225
39131
14265
33979
48370
40964
6753
29233
15772
3562
37778
12571
6770
42666
37529
27303
34725
3191
38560
9394
55164
12632
9031
52065
64877
12340
8879
33762
20373
40935
5252
33684
61812
15902
27687
25422
34237
43036
22550
45189
29806
18810
55174
26199
64710
11837
64772
63981
40417
148
57062
18374
43742
61725
37646
25294
24086
43535
27224
2399
21021
58848
30124
11817
31094
42132
28620
5893
57675
37422
14278
38076
56733
15627
9358
33499
31495
45320
35310
2875
20358
56404
14140
51614
6661
61757
23415
17886
11059
2259
41287
30493
40412
57995
30385
55203
28023
4766
6631
18637
62744
28296
59463
61072
23869
44203
39528
9167
48138
26129
35678
27957
38534
30800
13289
2707
16032
44843
1442
44407
54151
38199
1905
36101
39267
44668
8910
3398
61049
335
2168
64120
4929
38979
57811
56478
14786
40600
31581
28350
65323
65211
48676
21437
7119
33674
9437
39838
65001
40177
27427
39712
8879
62671
1982
65431
40403
28660
46614
42744
38532
59657
54969
32502
52054
57337
48212
24044
31332
37368
32677
16217
28232
22684
48237
16498
3114
21664
63455
49709
29546
6389
48178
37302
40608
55129
42583
53081
8853
35235
47944
12998
44518
54130
64665
11844
61847
7674
13761
14218
37605
40911
38626
33742
42049
17516
22566
15328
18828
16000
57636
59904
40869
21681
18663
38589
29499
50218
2237
23957
49001
50349
62964
59167
10163
28748
37951
1463
14156
14660
21103
3931
7828
55061
40329
45909
51050
6246
35946
14050
17478
2629
47667
8393
45090
9922
62401
61672
37412
2387
4165
42740
29331
45215
35615
62623
53749
35049
3640
4923
800
3999
36726
11923
50873
20328
30734
56913
55099
45226
33949
8765
28145
26602
10947
30268
25259
48830
42908
25419
6167
2101
22939
37314
42748
24851
12183
45790
24594
26698
31667
53709
54327
61842
56013
49863
26484
56038
24376
34270
5983
35491
22846
27725
7538
638
51262
1972
41455
54874
54583
6404
16968
28264
63683
12527
61313
7206
15752
19395
29336
33785
3531
35865
51544
54327
639
39611
39944
35275
54222
3301
43746
24558
61455
38535
43296
14463
63288
38635
41793
55644
20921
49402
23886
9092
43321
27974
3788
31116
62400
27249
55557
31644
57881
29784
24806
25878
22081
32030
5336
45843
48172
10505
20003
31185
19159
44704
40944
58345
34514
58095
53068
59540
17129
52514
16744
25225
15590
46742
59424
23293
30190
22001
2
1626
39870
1279
23916
56530
60901
4302
56835
63029
36293
4444
42126
34457
3864
29715
4390
7750
24819
48715
2009
55072
51619
248
63779
32822
64596
59179
47412
42078
21728
35107
35176
45306
48870
23193
44418
65360
13659
15880
8932
39661
46001
61856
27617
36662
30823
19451
36156
54783
32999
15832
27404
2955
56256
49332
32270
20073
2597
6372
37714
12811
38212
9203
19631
56788
44229
32931
57008
10520
1279
25782
47617
1741
49303
34801
57490
52503
62212
58192
40888
65448
24755
10180
25907
31886
33944
15575
17489
38465
15203
38070
24985
58483
39084
14023
48265
6314
16519
62367
48511
7963
27207
15817
10164
39242
36950
54164
44645
1000
19046
47693
36849
51973
64248
49913
50933
39930
465
38245
51719
31774
63495
37850
16683
5036
48917
15025
14045
56711
30
54209
1928
62405
40172
60275
22397
51347
3362
15257
56956
13756
9616
46914
29323
62142
26072
18450
882
42661
59248
34469
23059
9839
45912
20645
59567
3741
57727
9440
43178
33844
2994
4410
26049
16436
48884
22017
21020
57909
55800
124
51368
54810
19029
39846
20153
42130
3949
48549
7770
58784
32748
44081
35328
34133
52347
20106
17273
9004
9265
1139
63577
28185
33341
14970
40155
42350
38760
62001
25953
52251
4210
62789
43840
7130
19520
45723
64839
8876
57928
21949
48024
5686
5330
57396
15634
31069
50317
37451
25736
24133
30998
62767
8946
42681
44756
38553
23169
54791
2894
37650
12285
3980
8298
40478
61687
12396
53399
14557
16367
24647
4040
31136
18087
44681
7352
28726
13314
21726
11152
47927
31023
4387
58414
28641
5808
2747
6733
33703
1524
43118
34461
38117
55580
17332
19759
17535
35705
50905
16963
58790
61084
4325
52571
56887
59008
64388
34737
59923
50874
40518
62379
41075
65532
50453
59369
31349
4050
12876
28232
17383
34969
23420
11135
2987
4358
38224
48964
35427
26358
64766
52525
42408
45736
63613
20909
28846
26533
36242
10748
18854
10486
11076
54432
24341
47951
24679
64799
63504
14829
54675
28388
50472
57098
51737
20172
26926
844
14208
50225
20791
35007
19290
15696
3163
9250
64802
11466
22819
49438
44145
23802
31712
59859
6422
60629
29189
31605
49859
33125
44653
58072
28269
25473
40581
50232
9696
43978
63680
23187
41228
55831
51123
28958
49893
14465
30577
5724
25460
19053
47086
35012
13985
18287
4162
29030
19509
2880
9822
26196
25272
44746
45549
54181
9734
27250
14873
26641
5535
19653
51256
39040
52562
5829
7300
6303
44367
63043
25385
2240
48548
17589
50661
38580
45850
59832
154
13900
47506
46028
26676
51198
41404
43388
48362
41778
49939
50335
39799
20441
63230
33454
50555
42723
30103
40175
40120
1737
32168
33118
37482
42275
16182
32084
43341
36345
39534
57570
11372
43112
57612
15874
61251
51658
48433
8587
3252
27349
46726
44292
30245
50585
21486
2407
18507
42333
7779
33633
63648
17451
51453
14363
35845
49189
19249
19503
4023
44033
18577
39199
53542
22808
51675
9997
56123
41312
49987
52019
5430
43905
60978
13759
16727
46262
46281
3799
24623
6866
18441
13700
31524
8325
22679
25664
56942
46041
24375
34885
63522
6999
13753
21086
18222
9837
9844
38643
59777
1857
16709
40938
56682
16212
23330
61402
9162
14178
37870
20660
43362
10145
940
45301
11294
44035
55588
10429
36296
12690
47236
18680
7682
46800
3037
57171
57193
30944
19992
62337
25907
51905
63399
52041
20405
58966
63490
57353
58872
44575
43820
24256
24185
19829
57328
38179
7546
57185
65440
9582
3087
63194
28726
23776
3635
18997
25526
48218
2043
12803
33106
28543
22571
53837
55963
54870
53996
50593
15050
20349
48219
59792
36364
45786
53495
23862
23868
986
36292
9072
48289
26939
29240
43338
7724
40717
32536
46362
32340
14677
4408
64269
20702
43429
56862
36101
3893
9270
24458
31090
5184
57389
47960
38242
41311
65092
29878
62668
48067
5494
19684
44368
28325
10769
10437
57635
30518
6704
28894
4454
61667
19883
37364
15193
22218
45722
8712
24972
8637
10238
52894
55671
30911
25145
52855
1420
36755
62666
47572
12269
64205
11772
35442
45
10501
62933
60403
64279
61133
64931
57125
2960
47266
62718
28691
2924
57933
5175
33694
41654
47676
60158
60932
36083
16986
30234
13267
44499
27869
46373
31626
18041
23482
2954
33239
54076
48669
47715
51175
59734
8043
36052
47543
50195
61771
47507
15513
62779
228
28807
10219
15366
8551
12482
30911
24161
32656
25570
3635
36901
36921
49263
40558
52357
2040
33448
1398
31953
60013
511
5114
47239
41119
52055
4437
32574
9901
4694
44545
51221
57034
32644
40888
31558
1257
40396
39745
34698
40967
22802
34948
51982
14079
62329
16592
15939
40524
53605
12790
61515
64683
20363
44702
41959
17552
64038
49457
11282
16173
60296
4227
56799
23073
21720
32569
65275
43998
65506
17755
64798
49632
38412
6950
27557
39807
8997
35742
58951
5368
10606
45573
57173
46655
14820
21584
51508
38491
31857
14486
14995
15240
44387
23434
60260
55383
2905
36364
11866
11573
16634
58799
47863
15866
30567
63959
26879
43284
9776
56872
50811
62761
42420
36657
7630
64651
36280
60183
59921
5327
20871
5467
8777
17726
1132
37402
59892
44276
5972
25797
975
46282
64710
42918
58790
42661
3294
36411
51429
20868
25128
591
59985
4214
63546
30488
58199
49241
47269
3248
12561
62889
64957
49568
57874
48497
52768
64484
5489
55375
15984
55160
61234
42533
2469
62076
30458
19956
39877
13934
59667
13869
57809
6489
54362
64161
46516
23979
62113
8598
6046
64481
28066
47026
23051
19483
36439
50408
22552
19356
2578
18528
624
24489
57071
58622
43562
29863
61073
14837
19
7623
63684
36616
63771
12555
19704
45592
44458
61155
14481
25331
59841
37801
59741
18787
21223
31398
15137
51253
49982
2763
10380
54740
2902
20399
53867
25691
23631
35797
8351
30859
23885
14399
15809
1129
11044
27726
11353
34693
18241
21594
61120
49340
26220
37174
26122
2405
15617
42180
23494
15868
19763
40627
40726
64178
19192
54174
34486
5968
59013
34677
44089
34375
29771
4804
59785
55631
47967
62610
45466
48288
21209
53694
5533
4173
62773
51754
35267
60673
58018
59665
22072
45431
9886
36482
55314
26709
62568
62880
57804
25361
40083
26985
55666
41532
64923
5906
19036
20119
1982
23054
2010
5213
4392
15182
49198
53277
5203
42218
26111
37237
51558
52522
53514
23673
1289
19991
43967
55162
5599
28362
51128
57019
62194
16882
13150
24142
65171
35272
2225
55866
57378
19469
10426
9530
7537
52049
30404
40871
61996
26943
20429
51690
36766
33886
1077
33965
21420
55924
24277
41440
30812
20423
13593
29584
29230
3500
17677
27946
64239
51931
58470
7738
38436
21473
55483
35371
29383
1348
3842
36335
49724
37093
42511
41138
25860
27142
2513
64565
38268
40019
41923
64989
19422
29008
4515
53270
11228
23321
57932
59811
382
22207
2136
40572
52264
55929
7900
5375
2263
33592
18329
31351
941
49658
40280
48652
2724
64789
30517
28779
4776
45743
47574
14245
20829
2677
34712
18764
44680
22408
65528
13213
28766
18449
60520
59775
36119
39186
11267
61154
31338
31464
65433
31168
64681
19765
51038
14642
41646
5406
50867
38763
18362
25123
36525
20974
842
38537
33367
23969
36542
28372
31983
58001
31482
36848
62656
44031
38581
29539
38499
40015
25012
33568
24377
25860
4337
21707
2632
53338
20645
27836
4460
8626
51274
36286
12671
33261
16395
26772
50041
771
59297
31001
42909
19390
62954
54541
58006
38753
5277
31882
18713
711
12370
59426
7395
13199
568
59729
59679
57330
23207
43837
46792
26304
42145
8284
8264
33706
55986
34337
8367
23198
26031
22610
7634
24688
13714
18508
56322
43236
38088
20928
10240
16695
15025
7646
43821
36305
36850
11999
16925
12701
39195
22538
1576
64227
34507
63279
43207
17424
33560
48185
44185
37857
18965
6799
60544
31458
12725
47758
16286
31983
33400
30945
35
11617
45127
1218
24015
29614
48344
11524
42636
34735
34345
57514
11286
43594
48646
23572
63616
1358
63489
54258
33951
58746
40702
44533
39628
12067
32754
41386
12335
44285
7850
25966
13648
37918
13350
60366
3924
4053
3833
32957
2578
53708
9780
63907
31524
51691
37057
15802
3691
55113
40160
45439
35521
4256
63190
49824
46692
63499
52248
22640
36574
963
47583
36981
47771
14006
10214
56385
41910
16396
64957
32318
32740
2037
7395
42612
27048
36764
34973
33101
24952
32384
30846
38724
20544
48753
12716
48686
45276
24293
27537
38208
29816
4890
28055
58524
39497
54219
37009
22479
56799
39811
10446
6878
54945
44275
18861
16601
29146
36365
4306
26448
61158
51852
4279
31003
15134
58793
24890
7727
60221
3829
5505
35595
23920
55264
40062
10296
5036
52117
50557
61634
24377
8704
46251
37653
39602
49068
42051
60779
33062
3909
3035
29238
33211
58227
38179
30742
31099
54538
34357
1891
12045
62385
3260
31001
61216
48839
28748
746
20980
61542
16566
46921
53170
41135
31378
39973
37610
41489
32648
61392
55495
36953
48352
22637
20595
1765
58581
17825
46434
514
38111
59172
23037
22212
24971
10133
1172
11827
61556
39995
9939
24167
36154
54589
39484
8274
49972
43066
22035
36009
61815
50161
35653
18215
27608
15582
59610
7973
53319
26730
64576
25797
13097
1326
57267
52658
12029
27614
22542
41035
29241
37734
54231
63740
59022
59792
35783
47092
52439
13535
30736
24856
5208
16053
57294
5951
63550
61872
10202
18990
30479
229
51565
4771
24965
46810
9398
31715
48855
39378
38087
5119
46937
32401
16956
1558
42888
51512
26287
48932
42023
21588
13996
834
44415
22640
21408
4982
9350
9563
17415
23565
16868
64081
28190
45642
38931
15846
48782
31302
19879
39629
19584
40350
58878
32057
26866
29064
4229
12357
51516
31391
23006
29152
13
17412
17640
31265
10868
62921
50287
4094
32798
13168
52299
677
51971
59023
17357
16596
60375
44469
33352
31921
28614
1648
56746
42169
3629
7826
10829
10087
5381
20921
40377
40784
57177
49135
31925
22961
61568
45433
16172
60299
57585
45314
53496
48828
46922
15301
50696
16636
30429
41945
8071
59060
17455
52348
22761
41326
29629
29167
38020
9919
43247
35233
46149
13425
1447
14820
16922
3170
55631
18607
30271
9834
55752
36604
13188
158
14670
21994
61454
34095
29260
14325
57503
18884
60077
32222
50444
60278
41696
62421
49442
28708
14940
49051
46458
24391
3112
14704
43896
37060
32385
56733
4290
12588
14675
20896
55817
61554
23333
32290
35131
51999
28970
26440
5898
22272
27018
50957
63507
50441
8803
17268
45699
13615
17332
46023
41406
47174
47491
61479
3835
52867
26030
65520
17410
25489
62085
47348
63728
172
27630
20546
9694
43393
4031
11597
28520
11384
43821
23030
47066
10435
13647
4694
49536
45797
32183
503
33634
57522
24788
25739
35504
6058
17406
59161
15854
17274
61652
14925
40450
62885
40776
9591
60456
18623
8963
44045
23098
42857
38138
5308
9811
65157
48627
8275
29732
12175
60528
3401
59789
32495
2452
31146
21113
60719
54450
51259
40204
724
53891
36693
19389
52649
54817
53551
63930
3793
21602
14590
16411
31074
12371
13522
22370
2342
31523
16128
35414
11404
22800
56096
52102
54472
26870
26615
44314
12297
62850
4605
24297
13611
8399
11083
49260
11192
35794
38588
32603
20590
4176
60038
3116
30056
34814
56598
19178
44678
14952
1434
59036
58481
5143
24836
50042
23513
54650
27596
32080
47027
32133
47640
51277
57493
57968
756
15241
54322
45200
9336
61298
19946
24966
59292
32009
6994
34797
50710
6260
10313
8286
26108
54242
33358
45337
61346
53727
34511
24857
43215
23856
40128
53977
50691
13961
61684
53427
43750
56749
49447
44831
20025
24705
29174
29242
21210
6824
1467
56823
19616
25613
63984
16475
32845
26081
12691
43512
43892
17716
16922
46029
63144
22434
14997
25614
64068
27084
45557
10380
32381
35204
15940
32836
25925
53984
52199
23337
61616
11135
58655
42922
2839
20350
39436
10153
8158
15509
12361
3056
42644
60673
32114
11142
31834
17879
12440
54176
17474
60894
39429
27940
6756
33807
53239
59018
44624
27843
57968
58563
25541
59694
46292
34346
27890
65487
61227
47356
17035
29868
34834
23808
50484
12536
11360
2533
47882
64155
58050
56036
21857
4406
31147
5769
49393
3995
55219
36584
38347
31532
49078
16780
57432
54484
12552
51306
55607
64648
3424
27052
56270
23302
6511
42758
8763
42521
10447
42858
50307
54159
12379
28123
60062
35206
44565
58047
62061
50596
26720
41816
44862
34760
516
59689
25361
29729
63423
49605
58025
5753
26628
18965
28995
26430
47701
28857
60483
59396
6314
53282
40277
37833
28086
2769
21958
36371
38921
9153
29267
55011
17908
24654
42216
6692
60029
29387
28108
6855
48404
59708
27678
30063
3439
19035
33934
18032
40280
8533
48519
374
36043
28105
41724
46039
6343
27624
55745
509
40560
20718
57123
51611
57405
43101
34788
12028
18220
55567
59603
3937
51600
41892
2310
26877
19857
63672
38161
13198
21436
35697
32136
10185
57467
59449
33350
49078
36090
8479
45498
21189
58048
57808
47627
54947
12976
56692
9170
39661
50633
22383
50550
61721
21142
39722
8828
34911
57718
8675
43319
57685
18516
16615
58808
53880
53512
16684
53004
41549
26085
64232
45248
18176
58860
17834
60910
46835
29999
26655
56980
40823
29098
29374
59982
20852
31904
35614
35040
55815
27910
9258
14639
64409
41988
28954
4727
26909
34102
26055
10148
42692
41092
16479
15865
57905
33738
8054
55505
59015
17336
46711
38543
2731
63905
53002
45489
24513
10498
41161
40103
55088
40478
38167
1300
60036
59029
37929
14820
33392
8765
7463
45946
36061
44036
64533
21174
26036
15567
20548
36337
24161
61788
12652
64372
50309
36268
27868
4672
11639
29013
7678
15867
3500
9837
41518
19542
50274
2188
4168
45043
36315
15607
24225
1384
41423
7933
30696
62356
9713
58534
42732
29692
31804
17704
39602
37096
32529
2159
52277
14420
2773
51735
40233
35787
315
60145
25468
16062
5923
22512
19009
15363
26215
37696
41895
21374
31002
40433
17223
2265
55690
4786
25631
3619
20183
47665
16150
8199
15143
55244
11384
64244
3630
59303
5799
10382
9093
23840
27895
50186
26398
36525
26828
23105
24944
63400
55610
5900
48555
45651
52404
17647
28634
59972
45350
22752
47828
63949
37390
59323
8783
23070
49762
16571
46854
4371
38539
15981
53699
19497
37322
9967
51678
14123
64831
20316
10950
8477
46564
23393
22559
40250
10153
36989
12764
46415
4771
22562
17163
57948
45055
48480
43729
36954
4844
2844
7680
2762
10089
6751
3037
8520
33183
35554
54753
15898
51435
14196
11472
39867
4865
7552
46089
17437
34095
39959
22202
3895
43327
14053
48933
53985
2954
10848
516
12651
63652
24383
45176
51815
19717
28331
35055
40894
20034
22679
40265
34038
24109
27345
61455
23095
56863
55047
28963
14545
23616
3649
21205
50450
47136
14076
34407
65021
2856
26014
7257
9786
50275
24055
26902
27794
52499
20239
42927
34735
47938
44857
41173
21624
47335
50049
28434
33582
63624
18951
57269
12158
5204
53442
43031
18709
17995
22539
31074
270
19526
48768
28197
61346
46065
6340
41593
55028
18553
25786
38463
39027
6536
59850
55561
48688
25855
17625
10588
48212
6464
45596
49023
18060
31922
52225
54702
3447
47488
18240
10003
63636
47121
61532
56966
58130
42262
59522
43416
24991
57138
58561
37100
7968
17130
44120
34304
28781
59474
8124
53070
43118
15334
35683
22932
10846
56111
8457
23539
20967
49739
40130
35468
51804
18808
49768
42509
26228
34548
47384
47026
29654
59033
2911
32569
3853
47474
29263
62055
5978
23823
25639
30952
2483
51459
46954
351
22787
4447
46169
1814
5552
51913
34716
47480
58963
50901
7223
45781
791
61520
55179
57240
61435
54665
27972
53338
25507
20704
30777
49595
48434
25464
24459
12921
22320
45763
29419
32327
26784
19472
34207
14896
32959
37676
1173
37240
61878
22783
33697
38414
14262
22712
61888
60517
33731
45764
61965
15679
49971
16662
41258
53675
14968
37797
6353
20284
55221
43066
37001
46282
25212
25615
44432
65305
18902
38617
8375
45452
11066
13934
41336
1801
34003
41133
49854
8824
18449
1249
62750
27392
35425
59876
56747
58922
64108
25443
35357
47422
25892
45136
61509
64472
52980
32103
16215
5813
42065
56843
39034
10143
16707
26320
38963
9181
36988
56288
37135
22475
56702
56369
204
62627
45433
50828
26759
2593
41162
31028
29693
2753
42544
896
8244
3188
30389
58311
54105
7320
5574
40852
14620
13875
44009
35895
59894
21623
63312
39631
61396
34063
46891
56348
15543
14997
2959
49977
1907
3455
45820
58249
2063
55456
4217
13821
38847
46063
51628
21987
33345
57643
58720
38486
61968
42305
41371
10799
63296
5552
11649
40779
56193
29983
26574
50338
48922
13638
65408
9534
8512
73
51426
56908
31858
23539
44976
43891
22830
18084
10556
65351
18816
11953
20704
54985
2090
57417
12987
24950
19945
46569
54821
12989
19930
51121
23600
30491
37699
3881
47164
3037
27373
12568
18590
48786
18486
11134
26632
15741
53755
63567
57007
46000
23444
46837
15893
58155
22610
4292
22201
16361
55839
27166
15850
49647
30935
25130
470
30793
39245
4619
52761
7569
52031
33722
24890
34295
15286
39668
40976
26031
20370
41501
49951
64142
45996
43740
50535
19385
61215
58549
1239
27592
8654
23660
35613
47268
36834
13846
41477
27968
63500
59555
24031
64791
45174
42119
12380
44510
53959
35420
10446
25498
64970
48723
4575
48218
8675
31571
61276
4079
31306
20019
12666
57660
16135
25270
11875
63098
61204
24413
50735
19041
45319
24313
27781
8768
32771
36285
61862
28674
19178
9771
57451
59480
22078
42964
50976
10707
54304
63914
9807
40038
9907
43538
31071
11338
6786
58565
30319
34148
5032
65500
62952
28272
35783
57025
32169
63868
21012
51737
36246
39565
56692
1846
48714
10384
16321
59975
51743
43341
47025
30739
8770
31828
54249
52989
30386
34423
2482
36938
25660
64951
29471
38834
49689
61581
63959
19967
1378
30664
5931
61207
8013
25085
45618
3791
32475
34572
49497
36629
26129
9313
62914
6130
6069
13345
31389
50093
46561
23745
61730
13910
17231
11538
38964
25430
12209
43996
52236
57432
13767
56354
17586
21180
5668
57922
31184
57477
65120
4672
8748
39609
34353
22168
26104
52735
2169
23129
21089
7160
31012
35685
23918
16404
26407
25680
7050
25726
36135
5790
19765
44107
21004
22927
37697
53137
8349
38021
3616
55928
31892
54234
20983
16525
21426
28715
753
30169
45527
62654
19527
36467
60772
56854
3263
11574
4668
800
65411
20851
21715
14952
49806
39343
30863
35514
17892
17691
55886
62325
37129
51432
38059
13196
53977
9318
10230
37264
44823
6588
8422
18842
31190
36083
430
23786
45424
29796
38383
44724
63804
49224
61779
23019
3049
27968
45214
22457
55321
55156
54654
26957
44597
2982
23800
57012
3106
48783
57525
26414
33161
54064
3630
23300
10480
25638
45575
13029
41525
38347
20788
20590
49198
29613
62454
61282
17512
30296
48814
47122
42040
53349
62280
39896
24491
22887
13935
21551
42715
25247
49841
35591
34409
26368
47602
50780
38057
6826
4961
43095
61724
30134
28912
63255
56486
34582
46510
20573
51972
64322
34290
3433
36746
21335
51260
7098
56420
50796
42500
1613
63750
56216
9256
63094
6752
62014
52228
61121
23036
8657
8332
1450
14408
40060
28203
52861
14015
62821
9794
51702
31439
53069
36866
19502
7355
20332
28582
12004
22702
43401
1859
26240
40127
45848
37369
30262
62814
16094
33744
43483
29268
11857
53804
13675
3945
35410
64548
42543
5625
3789
64276
40339
28976
26428
37404
18933
60495
23190
29903
45810
10292
43049
5369
23362
7969
4429
14616
23499
62725
24535
25372
39025
48058
21073
31563
24750
14475
52187
40169
64031
17048
38208
11492
8415
53496
9219
40534
3171
51048
46474
39408
25945
30801
21208
2562
33639
22349
59542
64772
11350
41440
33426
53578
41463
4805
53068
17704
54945
6450
34933
1827
21569
61255
53988
34946
13570
50310
27672
59661
63811
58938
38171
54222
7191
44549
6749
20188
1204
4707
1032
2672
36283
6729
24062
33339
52054
37706
3649
19748
32177
38387
36297
31469
28962
62381
36950
28549
38663
29273
21636
22611
7666
65510
30371
34077
26882
54536
9527
62864
14744
8141
46512
10659
65034
21520
50271
12188
64900
33291
7442
63730
6667
48248
23368
20558
31965
5971
49008
33297
21579
38071
62174
59677
5478
25483
64644
41625
780
15554
33509
63623
49686
48499
56592
43505
15324
64120
34032
9887
3312
31866
37188
46672
32279
26213
10011
320
31487
40780
62117
19539
803
24467
29853
50956
39961
52779
39808
22574
11567
14920
12396
33969
58946
19059
64662
54133
25701
62478
8144
39217
25547
40329
55014
6208
48518
61153
9788
45879
19853
16744
9730
29634
16514
44058
16479
12022
16422
65148
17984
59576
20578
3815
20332
27193
53423
13115
24214
5238
29757
63995
48819
46715
56525
33840
14151
22064
23140
51006
2658
1137
42892
47141
58563
20917
63763
52230
6568
1575
50204
26902
37912
30428
21692
52182
13719
5885
38916
58691
53435
47989
39766
54414
11670
36123
34994
17771
38419
55741
6521
35419
53394
15648
33867
10389
17944
15263
23013
59912
58112
49818
31160
14889
41846
51455
52842
42677
36713
32302
16943
17210
12489
21570
26031
7917
22945
27444
28312
47098
38143
29487
44859
55567
32912
50101
50225
59253
64288
36877
45323
27688
34965
10353
8512
44798
34315
65142
1912
37286
28908
33518
17434
63394
58975
24562
47545
61235
7610
25220
3347
51395
31871
14505
23458
32075
16568
50972
28038
28024
59963
24358
2221
37988
31317
29108
9540
30976
52433
47222
16115
44622
37474
23493
48156
38358
8689
23890
24462
27742
45111
11124
33116
15500
60837
43268
63439
33059
60497
52515
64239
7
11515
63166
15876
45844
37187
5158
15801
21559
5080
58073
6891
44682
22358
32039
9057
49113
55643
25461
56624
37678
44454
422
21282
27677
65320
39035
57325
57837
14352
44383
33045
46470
50869
35459
28794
6742
42489
60415
2293
41247
20629
65156
51521
40374
57040
25266
51654
48354
12721
50216
4307
34495
5985
31526
2604
23984
44998
31352
37672
61104
35916
34499
31013
45517
62145
51548
40856
26266
46322
16427
43430
45864
56566
9663
1462
57492
19381
27956
5057
47421
41784
25160
43455
13618
21234
36823
20924
29273
51569
24736
34540
32843
14087
24181
29718
61821
15873
18743
59621
7803
15328
8761
30170
23886
58012
43500
17870
20001
22221
49798
9680
37782
4430
58067
16353
60744
38869
20965
49791
36809
9382
34176
44304
47812
40573
42708
18575
45714
32854
30953
43427
39874
58724
42845
35235
47077
31576
14068
57311
63077
63549
32301
41072
25864
51854
49245
41700
54415
54778
64514
9775
22547
17102
56655
50512
23408
25067
12253
27425
62504
36914
30020
31428
57954
46102
57087
50818
61515
29051
13195
30898
29138
64792
1092
14750
57623
49488
15395
40105
5331
43502
54061
41072
39961
11619
62193
64434
48650
48091
53523
52458
57969
60294
1750
22430
61583
33958
18898
11126
62449
63619
62997
34809
58640
16456
27330
28415
31899
15299
38692
5845
49874
2089
40189
26449
57523
7988
16329
22125
7762
57167
45401
46287
44601
2575
30624
24028
46077
41186
13465
61877
10851
2704
28817
64465
9781
49267
24242
10521
12423
11423
11293
61622
48846
44461
1207
4986
18464
65404
14532
21191
43360
1612
43546
845
8647
55638
15118
29952
50810
25480
55746
29268
31087
30013
46904
39469
61664
39293
60980
61648
7663
55471
24215
9924
19694
49163
52416
10133
21083
14521
51972
23833
40160
13544
58573
11416
4678
45189
18853
13845
37595
28235
35942
47063
13503
61183
16969
47058
15214
44285
59585
1161
60212
53019
44320
11427
46471
8682
33135
940
60729
1992
50872
37229
21938
55867
5158
57153
64724
45927
41731
65377
52374
33327
61688
31950
60947
19464
60350
17495
30240
64732
44159
38077
45739
30573
17683
5548
27725
53050
9273
51911
37109
48378
34706
7037
52658
22566
53635
57005
63876
31118
51544
2705
16130
14817
2048
24804
48050
51844
24342
18331
59244
51623
38697
29574
52707
6149
51409
46948
3523
31752
56456
51381
7439
8120
57424
6931
17695
24478
21408
23562
22421
7474
10071
11300
41308
38224
12599
23597
40129
48153
31373
4
57553
60424
56289
50605
264
22095
1125
32631
36600
58046
53880
3781
38744
55433
15064
12290
28973
14572
20921
42778
32131
18980
61098
54589
11322
30991
39859
39371
58572
24560
41898
63187
62507
24900
36590
9254
23690
19996
38773
12588
8954
21289
18154
45684
45755
39373
56443
61833
34821
35701
3280
42236
49946
41065
15045
26087
1256
48189
9022
4380
65447
22779
53725
57107
47671
12983
48851
15089
56106
4915
2111
43048
3365
46099
6916
26778
15712
52226
48817
59432
25253
9628
59051
60014
50472
27025
5506
14346
36644
9189
47899
14055
2473
8249
39017
30610
48812
63295
31073
10892
60867
41
157
1074
57437
57591
31042
20372
18277
61665
31673
35857
38743
610
18739
64588
52658
63240
24249
5952
1427
46933
55524
16793
35873
48855
14261
30485
17393
18195
48689
41861
19437
43907
53318
31531
47477
41242
6906
22777
12897
64675
42768
47710
60145
59361
5692
62596
10246
56897
54338
38889
40000
31223
26125
28336
25583
13383
50506
13641
8877
40379
39651
38089
43023
34448
28066
15605
6841
16424
26833
50802
31312
13922
50212
12283
27761
14926
9466
6678
49505
33229
10323
31124
59014
28838
6296
41729
31761
45905
39645
33296
16499
47459
19262
12460
29271
4617
23199
23227
32724
1130
54555
54957
14291
21301
45257
37694
1477
22210
23975
30932
37514
60044
59884
60138
27724
59363
45699
2215
44238
35472
54599
32347
21202
1046
9530
23763
26478
31837
14308
45061
13010
55174
61476
37247
6874
32620
52919
1653
39582
33234
13630
15171
58297
57611
6719
16673
6653
34391
64180
8113
28342
55581
15265
9088
55291
34128
56805
63054
1166
49491
52784
54983
35024
52695
59921
54267
45941
19629
9307
46541
33517
35987
41279
46118
7702
17002
57301
9166
48699
19822
42517
51321
65159
7487
24155
45200
64451
54582
57343
64861
56619
59551
48812
50670
35812
49624
44595
29803
58201
34353
57556
38749
53524
26360
24355
28647
53224
21651
7818
12996
45573
60178
57990
54665
31672
49615
61063
41250
7071
3816
32905
20093
62058
43533
51709
3179
22369
24886
46431
38022
33709
9877
2193
26759
50243
10793
29119
48677
9204
41801
14734
9799
20265
29955
10450
8503
54615
29710
6902
62326
55005
17661
61173
6754
45529
38182
22185
42385
50226
49739
63774
61713
56634
16302
54261
32831
30869
13166
25671
20655
29519
43333
9941
29904
49010
13401
45498
46665
14710
5278
46050
29305
24072
19671
41062
19252
10833
20696
897
58561
1460
9124
18861
9716
35700
44514
23442
50417
48432
38423
43861
34686
8207
48015
4943
4179
14792
18496
56387
6276
55088
28850
54486
27477
36630
63684
64628
10940
19291
15306
45279
38295
1000
64228
7139
29918
28037
31361
3711
48496
64815
60901
56470
65020
50928
58485
18722
63532
14366
29719
30112
45454
36404
6732
11777
14086
63362
50998
44548
28999
61867
7021
57353
47672
44614
39465
26113
20574
2367
43758
39582
41330
11927
39837
60320
52834
7066
57311
25861
42867
64320
63239
32730
45207
48811
61975
38988
47581
7716
27804
26137
62380
36281
42835
23150
55372
1442
15313
8474
53289
12393
11466
38477
802
2412
12430
11230
25049
6976
61798
61289
38319
49446
39261
21722
27256
31917
63187
60044
54769
56565
27148
27322
46170
9888
62915
26588
23299
58444
12093
55509
9062
29808
50098
49069
17802
43792
4684
64140
15802
12857
65381
64308
28755
34576
65363
14995
40330
52161
34735
59198
52301
60790
47746
58383
22219
1354
30485
50567
49540
6776
43861
55523
41481
12411
32959
23869
35782
19733
13725
38625
20581
52607
1785
30930
61628
5804
29941
26402
7658
22710
19091
18550
31543
1768
10393
19160
46910
55150
8709
13423
32863
8445
36649
19617
32110
3434
23489
63381
50959
51306
65497
41764
39113
56526
22432
26125
27107
42339
20315
30047
36237
16916
21809
7455
39551
45568
7603
55192
39944
24438
31125
48495
59115
28416
35942
61530
21244
36815
11987
27041
25127
41881
28436
12763
61005
22288
17422
18308
64919
64877
29353
20892
56147
63514
38903
6146
34147
59458
17823
59550
43421
35433
60586
57030
18948
16911
28045
23476
46805
48856
33521
39261
43402
11712
35077
7284
28659
59213
52615
45579
41998
609
27804
32889
30558
26823
34682
47846
60260
34512
12887
31119
60678
61052
27332
9822
2559
3009
1959
6693
40311
56327
58851
17027
64964
58527
20275
51676
4365
43172
14049
24321
44727
24934
14163
60270
24083
60559
31810
4036
60312
45243
51313
8365
18412
55733
11533
30127
44304
36512
23619
23172
12016
48858
44171
33515
46823
54868
17332
28980
21392
1779
13291
10982
60379
20772
56857
46415
10201
48622
55597
48950
9441
1940
42361
59073
2166
5521
44670
35592
14988
3954
59131
19783
29759
18852
8846
17245
47661
27339
19049
15353
13254
52380
44239
55007
64888
4263
22727
53611
10433
25837
33412
21745
63376
29001
22594
42375
17935
24677
39958
33413
43497
45653
41139
1789
57009
36023
51789
58216
4230
24964
26884
7560
28466
22381
1682
45778
51759
4836
18384
6494
36383
46568
57642
41352
49094
50026
35556
14089
57748
50350
37602
34860
14880
60703
11939
23800
57477
28367
5844
60262
60781
44776
62189
58155
65408
20763
18846
15644
18726
59291
42377
52113
13980
36303
50077
48474
64184
23995
40466
47257
10320
45274
59628
38055
38955
50183
28718
19403
41313
1054
45966
13893
22214
62697
45190
24400
6080
30370
52100
34215
58750
14478
12638
25641
29609
54708
50210
12329
29107
6897
48931
15306
15940
52515
31852
51383
34892
53781
5253
58176
51755
5898
43007
45731
35669
10489
54759
58322
46495
12072
50668
15151
6205
47526
12682
15049
61007
45615
16314
9604
15086
64714
25178
32227
23664
3069
25111
15834
40758
45570
246
37205
28898
29884
57083
2788
9616
44070
36120
23679
59286
7799
11769
19136
14055
28708
55029
14403
51654
34114
31945
43530
53450
46337
6024
10863
25266
9368
23033
10285
59614
43450
41209
34571
42578
31166
42129
50061
27080
37646
48028
56572
63579
2551
21475
30813
26613
22993
38264
49058
14339
5109
57309
30629
51155
5800
17038
25862
47383
6953
7452
8964
26815
31877
21140
38636
41704
41497
28863
52451
1591
4829
64920
5823
60791
5887
50181
54339
32557
17651
31142
27041
59605
8223
44666
28187
6080
18208
48997
27669
49089
6179
6460
13381
23496
56616
61798
38464
18122
7772
57969
25533
62391
39550
65255
2414
601
50186
54567
8058
32924
4701
23524
39748
46696
28089
31852
43830
10708
51166
19596
28234
24152
9628
10454
14880
35566
64600
46249
65410
27053
61477
4548
48455
668
64872
5562
38364
20004
39589
303
63862
1758
11048
52526
45477
39343
20090
7551
38669
52047
62820
41718
15436
50659
30057
51426
7693
5529
27072
56780
54092
18284
60401
17169
64952
62190
38189
30436
12901
38321
6272
30116
24413
8949
61432
6485
59009
36267
27436
21872
6563
10706
8877
5252
4110
34838
27022
23612
28901
37596
59606
56706
8042
9664
54471
1828
60015
20319
34787
51560
31922
23663
14423
5987
24495
27385
18647
41733
63880
63785
64227
25478
62838
59843
54646
292
48885
32458
64929
28532
28188
58473
55813
27669
29336
29552
51763
47210
55660
2735
42003
47283
9192
63755
48719
51332
10380
19226
64750
23922
38471
13455
62478
62834
4891
62703
60892
16485
31184
14130
39347
35699
29836
56910
13286
54597
53398
46125
22838
39187
33344
6554
16842
53308
19513
23601
43023
56113
13851
42723
54399
33870
46079
21817
26996
3356
44208
64679
19836
19187
45112
26299
28573
17177
13191
54366
18318
15310
64744
35598
7059
10004
47010
2397
62546
9928
59418
61594
17116
49992
24841
56836
39988
21828
50303
18149
20825
22014
8153
13030
58649
7562
35888
32903
63469
16596
29983
45826
20189
41678
5221
39210
4402
26123
47538
26648
58571
54542
64560
25090
17791
25745
65162
24239
25554
9872
4553
6279
7680
23269
6827
16967
2243
21333
35435
23170
25755
18354
21457
38710
10744
53221
21447
53816
39111
41527
6452
61876
12333
10493
49712
27074
3078
21116
21096
11814
44779
25128
1350
14471
15936
25551
60581
55821
28194
13156
6298
49371
46483
30084
44461
62107
31477
30090
37189
42221
1541
13233
28417
13
7076
12473
44435
6118
23595
22043
57593
39262
22618
19920
47625
45280
3482
12164
46737
20281
12254
36313
26701
10945
28786
63803
7073
248
51861
15469
46511
24940
33040
10896
42537
57031
7376
39894
55468
63072
52898
46895
55090
56336
35120
42471
57765
59567
40253
11360
24634
48586
12513
49618
2790
45311
49457
5411
14960
11296
25874
48194
16692
16047
29456
12434
13715
14116
55649
27266
26485
44939
63920
63018
48079
64512
30387
16692
35375
32439
18059
4556
46956
269
43052
31830
11172
54357
57770
24901
49706
39820
28605
12550
7324
23988
51999
38445
25972
21853
61676
56153
48663
61549
54182
17221
18872
23853
6033
19521
42510
4555
9511
48385
30427
49117
7827
53251
33071
60907
61455
52164
51476
41190
27005
15461
10181
49813
48128
42180
26712
36463
35894
7938
23274
26089
13178
15359
31957
25790
16176
5535
49160
28642
22185
61259
22440
4435
36724
12778
26079
26967
59376
51966
48515
22518
12321
16635
58397
14620
4464
60569
61974
20514
976
50971
64426
16719
48108
36283
1221
38374
31328
33944
48888
34764
13367
3936
30931
2006
35586
2754
6045
1981
45732
49866
36784
27422
12028
42021
58891
32984
48559
23827
49264
15904
61159
2269
659
49454
4957
4086
43826
23807
36813
60806
48865
31548
44255
19482
24338
62630
31403
12116
12602
21590
7047
36341
2276
38087
46739
59362
11742
22033
29403
28309
12189
7952
57422
31834
61957
64990
23192
28769
53792
60500
5721
23100
59857
64970
40705
45256
65185
19958
22968
28416
61812
62604
15599
45444
60344
42328
6727
56125
16400
51376
7312
51683
52710
49583
39778
61398
6779
59840
42893
60459
54329
29072
36661
28186
39206
1307
65405
9119
4549
39079
43869
38554
16525
41049
9232
5584
53079
56402
49425
15301
58548
26913
29291
26162
21668
11516
46403
17285
38347
19479
50098
28525
596
54719
55057
18647
59917
53715
13277
12132
1031
14808
2547
1669
38192
25957
43845
1961
51555
5363
60833
63208
14651
49907
4542
22826
55139
32243
47372
3479
19715
15107
4807
36048
58692
50404
16447
15724
57969
38552
52353
54237
34241
17124
14200
41494
25768
52440
5786
22617
616
7931
40970
35125
370
3803
35904
47296
44230
34555
24906
28903
38973
61308
4812
5832
8097
31850
3622
26925
46914
48342
6902
20394
53352
23100
64492
50380
31591
15423
20599
56304
55489
20426
48018
58812
65275
52276
27704
34811
47401
14047
53442
61281
34348
63818
58395
55867
12381
3819
54833
31080
53632
56792
47101
15644
27596
56695
42506
8966
49604
40053
19492
44738
26289
22494
43999
6944
28355
27846
34609
3254
5885
39947
41714
33841
10797
32884
19296
21207
61285
49876
60369
32821
35854
3298
43895
30792
54403
29982
35284
15811
42457
43407
60851
26221
39650
51862
20164
13508
52302
26606
53854
0
11007
39279
49670
46761
10829
23411
51125
53568
16675
7872
29040
51289
40570
34221
45185
34356
59904
17732
44974
449
53736
33213
53041
47234
25533
15425
15751
6350
55150
42276
4156
12336
28362
38658
55355
62101
18311
60404
37988
28889
53754
29522
46009
5442
1411
34048
39010
33078
35864
64134
21788
28166
32890
1381
30054
2845
2689
49815
64745
52523
2928
58298
35566
23236
16731
13299
10635
51976
33402
5661
51956
54323
47121
860
61002
1966
17185
30384
22415
9772
2442
40148
55257
17392
14996
60635
56221
22528
56443
48107
35441
48594
60021
51715
28950
2382
41764
17048
53484
4645
16719
43462
35353
4475
52847
3940
54540
5158
14204
23110
40779
56360
30202
33822
26327
11215
8067
63816
4394
12444
21641
32877
38115
5909
48348
17240
7182
10977
32981
31668
39472
40754
30098
18319
10076
64612
46265
31775
54017
6499
42063
5180
26103
40311
45337
43440
1855
17037
54272
60181
49614
26651
34976
43046
53897
46605
64498
37094
58030
11598
12739
30789
21946
63790
37535
9864
7459
204
54908
27544
45271
42274
40871
7055
58070
20399
19664
47879
17935
33521
37592
31555
27138
53763
14124
54134
16366
43231
50734
21264
59407
51065
64717
43558
27844
39494
2618
64324
16951
60592
23264
5635
32244
51277
6878
29842
28675
25890
31461
18501
16013
41725
10447
29964
46107
10796
20552
33585
45654
31931
7732
18333
35401
48479
53530
19877
40128
56882
56688
28346
41036
15210
60403
28731
60827
42246
47603
25591
17321
55290
9742
34156
53589
36511
51298
36527
34705
8398
40482
7846
63653
63719
61767
13945
12914
18059
1071
65052
53946
37510
49130
28655
53505
37628
59613
4191
62880
40380
54632
8833
39266
10028
47690
50659
39668
38570
39167
20613
9184
3082
41720
30445
5137
49509
18675
42346
13331
55581
44052
8294
15555
50144
27787
48217
35333
59833
36332
25637
22650
52570
3946
56948
24192
19314
4228
53863
4009
35986
41167
41530
30751
54918
4745
55235
30361
47910
12587
34179
60225
14978
3238
51725
30833
36296
42378
26891
1708
21769
2339
7970
16247
30292
13620
19014
8593
40060
13633
38923
15633
45057
55476
23389
18706
9319
35987
47138
39389
65272
3368
57576
31458
39775
24415
28736
18223
12945
5472
38728
49479
8811
63700
24735
50446
10134
36038
59016
10050
58293
1798
27537
27550
64315
55266
58312
24629
25268
45775
42287
36636
41999
12489
34662
60425
19449
802
21968
26658
1786
38018
60719
29740
7346
880
38186
50077
50005
616
7783
60814
55568
51263
30594
41991
44633
51436
30638
15755
4527
21850
62295
1857
63205
15060
57284
6543
18330
59133
8761
4174
58940
62874
46172
1482
48064
19105
53181
54828
64916
49717
57682
47901
17287
27834
37674
14527
26941
1937
45873
19922
21475
28063
8771
42104
39541
26496
8945
28537
46744
57088
31971
13613
45781
27336
19322
2810
60158
11245
23318
14647
56988
48279
52368
61761
9217
19084
15844
23363
45900
16032
4995
63165
11258
969
3187
18773
33386
59376
64226
53504
47017
33993
38982
9430
43435
29749
47353
62716
50441
41092
59263
19623
58756
45748
7837
32810
1317
48298
26580
9228
24079
56530
36471
1403
57756
41188
10365
64529
64947
40355
19401
12384
43575
62454
47100
62271
51953
60426
42586
56089
9776
34652
2188
8656
55188
47320
64382
18815
49435
32957
9390
24317
46408
37293
13427
16659
5857
13189
57891
49396
9707
19097
10980
30491
27136
45074
21616
44849
6031
43528
49532
9281
35538
8483
14271
3244
42813
62120
52910
26418
62032
44346
40866
7250
611
23192
36301
54308
40449
4580
58201
49147
44833
57647
35983
37892
60905
6740
32531
41516
17352
42412
49917
840
38596
14914
8172
9082
32054
16059
57278
29619
2110
33400
1313
62462
18175
39522
13317
45899
8282
16831
48604
18465
48589
42909
10318
55641
60629
42007
46733
41627
12463
29676
26269
39203
39089
51307
39954
59949
12368
53235
46641
46657
31546
40298
47577
49939
46313
17812
5193
55704
63552
41802
55550
40157
5390
32832
57466
3179
23766
7880
64890
23262
39087
28924
63926
12632
31009
41490
57368
11608
37808
6735
5489
62676
24324
24426
16894
51864
3635
47435
58410
20409
16438
62950
44371
53335
59353
62234
59232
17960
47840
37553
19665
17167
21939
3789
18309
20693
53341
57551
32545
26882
37895
10969
9910
64620
28012
5546
2339
62207
5358
36545
32027
38313
1077
7930
27328
57612
58928
34652
63208
28897
37982
7237
51449
43245
37334
54097
58585
20887
16545
44350
44263
12001
59700
29606
40245
16493
25683
7212
51085
17880
12508
54238
53954
10393
26512
34238
6393
38437
21311
56557
54955
30822
65222
46233
50715
44550
24718
24464
23571
626
3495
12919
35099
36305
42669
44845
65173
28584
33979
48441
37739
7777
47501
31607
16216
64737
34104
52458
54974
4721
41066
4666
36288
18780
18576
36973
64103
20796
5138
48914
28135
8671
53535
16649
3757
51815
60393
28332
33463
20642
46469
35911
13978
3116
35282
36463
56445
30252
44071
44386
37912
14340
30114
39717
44121
30492
18655
42465
28704
30904
46384
54926
6791
27425
33613
41469
33757
59463
47217
35200
41041
7453
29042
45368
39185
47610
25582
27346
40150
1402
22941
50093
30100
59834
6248
4002
50937
35334
64684
59514
65426
6105
63917
33133
41325
2382
64055
6506
32840
37094
55311
8323
54851
8554
50155
53810
18236
14238
5033
36963
34909
9856
40300
23504
34783
61134
39378
60853
2844
61338
5491
26534
6319
65515
41029
39520
38937
14794
39998
19656
22769
31968
57009
37724
59076
34644
61504
50271
19217
59698
50385
62873
6252
7937
7249
26314
25848
14777
48883
34211
34979
51217
11367
13931
21268
55391
21380
6125
30130
26119
55718
40264
20350
25348
53498
23051
27397
21375
20468
48630
21999
32359
29601
16717
47300
47410
11783
53035
28825
27822
12067
13955
997
61307
12729
61737
49874
22272
12109
371
50316
52324
61635
13979
35513
45845
33429
2290
9518
23567
41674
40014
36181
40631
30506
62222
39308
23439
55542
36092
55121
58805
39668
10798
44042
1152
7733
24332
50721
21424
65047
64858
46214
43085
418
39394
7336
7247
34543
61294
41688
55965
65186
17658
52719
52169
8770
35177
12727
17393
45918
26740
29187
59390
47052
10314
46548
43427
24467
51224
54275
28094
13164
10793
7924
15877
17053
1819
27807
10991
62936
33602
36575
39816
32587
9579
5132
16984
481
29831
51798
58130
52862
44296
29497
14089
10080
29136
23223
44844
2900
27304
29452
26855
30139
767
44125
49081
22954
47336
36077
47020
28118
12456
49883
40280
55643
57761
60210
52381
43589
51133
40382
41991
47701
55038
60079
54155
17438
26950
47145
34923
46557
43131
23394
17600
360
39923
8638
42365
36668
1937
57939
63269
20576
23650
54096
3347
51003
30934
29384
44679
37689
63072
39093
12115
18443
33670
52686
4122
19827
49125
29506
55929
43847
43262
64344
27827
43210
64384
40326
29778
60302
37624
46505
63293
9576
36929
61851
39663
9587
51345
46558
2980
7621
42205
52875
50910
5960
62580
32808
31050
52089
62087
42359
57355
50384
41838
17710
34370
23977
36868
22081
47956
11261
13869
43368
29261
47198
53934
19119
15238
16432
16846
34764
60488
10907
27655
36154
54779
34108
23561
46947
46917
51640
4292
6809
51561
38383
35692
62378
17031
30059
54416
41409
46722
28210
21381
60321
5523
40310
35256
41298
43215
13968
33250
14206
60807
46238
36340
16646
41222
19322
64324
9603
53747
4805
56940
37298
1851
14093
29045
25110
15641
4621
49395
6463
47628
7020
15721
53009
32139
36917
50608
56843
58992
60314
59449
49963
44329
28121
44014
11963
16262
9903
46642
23925
2149
18365
27889
47122
16898
48247
48378
4506
58684
58782
2450
39407
65459
64180
47969
26994
57140
19650
45769
40899
53459
32688
907
24573
62636
31813
46029
23423
7077
52919
28968
6357
10173
12897
13304
26297
55850
36956
11166
64357
27753
21396
40972
6110
39939
61738
56038
58080
8925
15065
40092
49369
11683
63022
60347
23404
64088
22776
34909
10711
33741
59492
32400
25719
34842
11645
20633
38687
20705
59585
2561
5947
43645
23872
2880
10243
38382
32609
28415
45140
11044
25846
33729
23752
13783
6577
2587
30743
9820
21353
20353
45793
49604
49586
57958
48850
7182
28101
5021
50859
44859
32018
47916
12851
57939
7868
1855
62336
11245
1442
54663
5287
11919
6127
12194
14219
7121
54685
33609
61885
7497
15855
54717
32439
29840
12978
11515
5732
41179
51596
41437
55103
25384
12668
64547
20287
44663
47842
54224
6710
35151
8283
34128
54974
6548
13928
55864
7584
46474
11267
4233
14101
51422
37592
34484
30974
19279
49558
14437
57832
15661
17108
33447
51172
25723
23195
13866
60024
38919
60442
54056
55822
22391
38699
52515
29301
44105
5449
29907
61446
61347
25405
56085
61498
52932
2738
19655
50474
33458
60520
12676
34554
1167
9775
29249
24429
35844
39507
15004
52676
20056
51800
54213
65412
3824
3788
12188
11568
43752
7154
38021
46598
4142
59555
57568
50167
30044
41864
46888
62826
62301
38073
18864
38381
48675
38903
33889
51721
56753
63831
5982
12325
2048
21517
25753
40827
46213
42876
54517
49651
28311
42709
43901
25755
34987
14816
25031
19618
37228
31267
40600
42133
31445
55105
53601
33761
31032
53298
12933
53996
13200
20349
62982
63595
28856
59231
10510
442
9268
13301
42722
57820
23235
10042
62902
39307
13364
17877
50956
16858
65457
10854
60767
16486
18084
51747
30631
29785
28426
49301
50283
54006
23568
42708
28063
34904
6121
25992
32423
441
29012
27215
63162
44639
8733
57702
20432
16448
57158
54415
64917
48545
3007
17373
7718
50821
46327
23097
26759
23026
57133
11451
51996
64310
7371
27559
19781
16086
58872
29671
56987
57748
45980
10672
30582
49287
55622
1130
21616
61138
57955
43901
36175
33451
2590
41845
36301
49748
36478
42397
57938
15196
7208
21032
7022
15169
10049
50554
64380
24971
30973
7189
38562
64922
1733
14445
35415
55797
2929
47749
35722
57812
51201
14571
35473
41202
15988
41307
27027
3660
41293
14838
61443
63149
40653
45724
9833
58607
49393
37576
10406
2337
15738
4981
972
42909
63006
21135
975
37013
6334
59182
14043
44629
40490
43693
62397
39491
24800
6250
16954
47513
53060
40693
37173
20868
19468
3527
24914
12161
40057
20129
14701
29014
63757
21065
12540
5544
4800
9556
5272
46769
40624
19209
39947
58795
10171
61015
64633
53019
53912
18282
56127
53564
55549
48448
13755
31507
577
54354
54133
21566
62451
48895
37315
6975
55434
207
23375
24056
39842
28519
61441
54128
48809
33642
15530
14504
27840
10555
2192
55371
12774
3167
39948
55993
48235
32129
6382
39762
44629
52677
34246
52476
16918
27694
57042
20629
28118
44859
52643
55874
64580
8639
6984
62243
38189
53205
46332
26245
48854
38005
48520
2644
63417
47620
61938
8217
28863
46963
10027
5590
62288
27804
56077
33501
27251
65198
12792
32902
54766
12986
15589
52189
53533
30449
46354
37242
60269
14351
50128
58050
64843
15295
56717
40532
52163
9405
9313
25149
31843
20996
43241
55832
51185
24663
6334
40437
41360
22448
39164
32044
52635
46573
2058
45891
64787
47505
48139
40633
40359
54980
61235
20556
60114
49239
51158
7232
9246
9417
53148
45657
5744
22156
2206
50343
32782
53011
2664
28778
20034
63385
55141
30491
9195
24254
62962
33323
8831
2647
44584
18335
60988
5162
8789
2438
573
17451
8695
2043
48666
62410
24099
21567
27550
36428
51305
56596
20534
41183
24554
15949
60671
5266
44952
120
42420
35472
27685
21430
51630
64803
61784
30937
46758
21509
39850
41263
13005
65433
50424
44349
29285
10278
23251
232
37458
20376
17436
42485
54913
61419
8322
40243
17144
36857
48781
43017
5095
52409
6801
62906
23848
40575
4862
4592
24128
6005
3762
59921
18450
32584
51934
20911
53669
16650
40771
31087
64038
54084
1961
52693
3467
32122
14620
30562
47972
61584
35302
59124
49512
39668
54999
56018
23007
2665
16611
42276
35793
36729
24121
21682
31299
20601
47740
22812
7562
14027
15086
29793
62331
27645
34964
29032
61546
18079
17278
21022
18820
65169
14102
29174
27786
556
21753
42489
51035
4302
13700
42687
45043
40878
2282
11580
22028
16296
63613
2158
8955
23970
132
3626
15459
61204
6932
10160
31430
18136
30463
54711
18659
59794
21529
18361
5784
2700
4611
37687
43394
32740
5652
61263
2716
9985
39196
5097
39138
4881
8921
19180
50771
27574
55333
53513
1385
3379
751
63245
215
52416
10362
31334
18988
47046
44774
47688
44464
46616
10602
8
49689
30751
57457
7794
42512
10359
39859
4492
3186
64149
13262
54376
38514
17528
64268
7136
48206
48788
3131
50716
54913
37115
34691
36327
35722
41950
32475
4565
44437
52093
48169
61252
30598
2452
13527
28892
3758
33657
45749
55374
18099
36367
32846
63971
60495
61303
60163
7563
16981
9234
21866
12171
60243
1361
43354
47700
35165
49480
24732
52027
64597
5488
58895
20241
57887
64297
2590
63043
46676
50864
59900
54395
38559
50950
16603
30914
62464
50129
10555
52158
33607
13203
7358
55796
39198
3245
51194
57572
7495
27296
22739
5306
2021
18852
53603
41958
4498
28011
42918
58880
22492
4958
58187
12848
27612
53751
51688
2572
1866
58439
50899
15387
28612
56089
13502
59254
27588
28935
48648
40875
8082
44530
41340
44200
37111
38491
416
47237
1287
44509
38789
17894
6524
50634
49880
31164
58427
24121
57590
63606
40011
49160
46972
53690
62795
3234
64762
37007
14094
31412
43463
55780
36815
22872
62952
11254
27343
61894
39383
63205
26099
593
65443
60533
60696
43494
44616
49981
56648
9358
65472
5010
4452
5495
2181
45054
54780
37016
35658
50361
8791
63957
26035
9086
59301
47628
25709
61427
1886
65449
41390
37733
60430
37419
63821
19226
62257
36957
697
8100
24010
35517
46111
915
6969
11185
65237
59115
37260
23062
58196
380
23363
61199
63326
28398
23266
38505
7857
9898
31086
25646
52936
14880
30593
59603
9753
35916
41460
44414
22867
41508
44362
40288
38806
8496
51913
42166
50948
24120
21629
56931
2919
34540
49406
53075
39773
38968
51600
14031
32742
60582
6762
24042
38843
35171
4479
58840
9827
40643
37939
44108
20174
36397
19525
62756
42611
15206
31927
17533
14085
30917
59111
2212
40482
11117
60838
62738
13697
5597
57804
47924
15956
10213
25444
36986
18303
64463
51932
30796
34632
11246
25699
10174
12556
20109
43335
64221
8444
19265
22451
25963
24843
31138
48290
32449
35020
10462
21071
9371
4365
46320
31253
59861
42730
11472
45471
2764
14899
1845
57827
54516
48472
23332
48646
63643
20787
40502
15304
16566
1793
26786
12568
21878
11509
44027
53599
56828
26644
30860
14702
44903
10127
58479
37545
37148
26992
49283
33808
7989
41121
36421
29471
61376
1722
35247
56341
31204
61987
47548
21449
25132
30022
26442
2896
46341
24154
8181
27678
31892
50462
34859
275
13458
4174
50042
18438
9585
25372
47294
44679
9614
47024
56173
26655
33572
63294
47687
65239
40273
8990
15507
44427
21399
49945
25522
36831
10758
42302
25152
15501
15889
43154
38914
50255
10546
63951
6549
23501
63195
48227
5142
22460
49998
26814
26027
38120
35397
23748
9684
9758
9741
60377
3970
46344
52385
50796
9379
28590
28787
18163
6151
5625
13951
37455
55907
61422
59782
24348
49878
26786
46172
29844
45864
44758
59468
52547
46439
8583
13007
24119
42394
34205
2395
58062
62517
54599
51390
25508
26743
35706
46913
64287
23284
48320
9631
37085
50951
16965
17716
8085
32642
49797
15107
55984
41217
64907
25745
49974
41599
25918
26329
52960
7256
47035
60845
15022
45233
57345
39028
33819
64466
42799
21035
39080
53075
43729
54257
2673
5388
58490
64691
64937
25189
18428
33853
37283
59011
55818
50952
26442
31249
49889
20570
17905
18014
60391
41548
50341
45441
50232
5814
39239
23164
18494
28376
45497
4688
58418
23113
12674
30745
32784
62403
14497
40070
41817
63391
63962
45894
24657
29021
24887
4303
14099
42436
10116
38596
58782
44806
47929
52653
19724
46260
781
6306
4283
34261
15892
48365
28704
866
62957
62619
59378
4621
25042
23571
43336
59301
45523
16705
34046
53222
41334
10563
38794
63421
53406
48251
58577
49371
25004
19835
62696
33864
61170
46146
18814
45025
6974
47082
53863
682
18419
10824
10323
36443
62974
3451
101
15373
55688
36927
28898
46935
26910
63149
25828
65276
54108
27529
25320
25568
60397
35111
18613
15244
51372
53550
15649
59047
59497
62641
44580
57046
47815
29615
7969
47162
48165
22835
64676
8975
30972
45152
37635
48425
13785
60505
36431
34863
26731
18302
58657
13284
61321
48797
52704
63131
39258
59400
49549
23521
15783
46931
20055
49921
35749
1588
7421
62639
1046
30684
18725
61748
21735
47465
38027
51819
3795
47734
29064
42699
60895
62944
43976
2841
52959
62313
31284
57245
63074
6194
39833
15221
18010
32689
12336
3257
43671
42621
63611
29634
61935
43079
13363
35929
2251
34794
48765
6469
31561
9894
12559
6198
15906
28560
56817
55646
11065
37900
44898
9182
16410
19707
24079
55427
14978
7732
41970
22286
61267
30778
38723
52951
61022
42517
32723
55086
3710
17206
38223
48227
16652
837
25328
13133
63508
6269
16319
56205
53090
13449
44995
43322
23572
41254
56485
55541
12244
25911
3061
18242
32053
7858
22313
38077
61173
40042
3011
39674
59356
45624
49329
28754
28949
14957
4305
39771
65177
63535
22850
11969
12634
60011
9322
10023
15748
10205
15405
17780
7276
11334
4492
23428
52703
23870
54256
17155
23531
14974
4147
48786
33141
33489
30231
11958
43747
62168
46161
36562
32535
36527
37272
48135
39478
29540
49302
17355
5360
16047
17928
52450
14722
26305
58093
3086
49382
40871
58261
39850
13802
36683
41841
8815
54328
50848
63121
3776
7225
10772
54157
24778
719
50907
26841
24734
50383
6433
18139
13769
49811
11061
15881
53139
1397
8703
65006
30646
44525
45999
33009
46376
51714
9252
37824
47746
44884
48852
42259
60655
5621
59209
531
60645
36753
28445
14803
52658
9151
14727
46023
10874
11021
50503
59885
35290
46949
14460
27790
62390
19216
51301
14477
43943
65409
64882
50979
15603
63439
52745
36805
37772
16906
53408
53609
52105
16096
57165
11483
8169
51438
63654
50417
50218
15995
56177
35381
16727
5740
63711
8669
41067
48383
63144
19848
6585
64777
39488
52975
57251
53221
61186
24252
63983
3529
465
59401
29610
11920
56379
50851
15417
36203
8253
19392
14749
9362
59323
59947
27724
40253
13178
59031
45706
3082
44725
29182
9361
10392
4869
35006
63221
29
22246
34901
3349
19759
60575
21787
15417
15992
31438
50961
43979
14442
18116
51291
65324
22747
24313
35569
22308
19931
33895
65164
40332
12912
47235
21102
21556
61384
51159
61611
22411
45149
50807
35773
64679
57652
56890
61447
29764
14628
17316
56244
50943
63228
27706
4467
50451
37291
57729
41739
33634
28316
2435
23808
60943
27341
4322
49017
41043
36261
16351
37504
7298
64296
38304
14118
22195
44552
8398
29001
58503
17566
57154
42328
3956
40366
55519
61510
55833
63794
31809
2501
34256
14883
22434
14030
49571
62705
18440
14341
10454
24512
38627
10641
32227
22601
47589
45858
24835
37070
48474
47459
52364
6567
34575
48459
11101
52529
58151
47712
61915
59327
33194
61010
28583
6625
16182
6659
698
64212
48642
38891
28869
25004
31623
24262
36969
77
24561
47208
25586
16134
38685
17292
37752
45536
52892
3355
56283
34770
6480
6328
40922
27841
15509
46068
51309
30360
18922
41102
21520
60457
6818
65389
6720
39600
35398
11019
35293
45236
37395
30991
42502
15067
24397
44057
25720
18841
19777
28142
39812
51315
25305
1314
37517
32153
21703
49829
18902
33441
8755
55355
42290
17287
56381
1155
51185
15790
23125
54800
6731
23782
31481
48679
52299
5204
55121
65514
7097
52467
7328
14080
62028
15953
2277
16422
51222
62084
1088
51288
63038
28277
17134
3019
54356
51062
43953
50036
40618
49670
38594
44915
26156
52001
28208
35637
63705
29033
33808
25811
43020
36468
40650
25643
22980
32103
37559
52356
35093
44898
27089
32076
36273
44664
571
15661
57457
12318
7306
44835
48412
64733
7512
25535
22697
18435
14569
6081
37154
4755
46882
61999
32960
58142
49181
1542
49102
15923
58766
26416
19540
59300
15878
17486
39125
23434
3055
48496
37434
45742
3706
40719
55941
14327
22713
37417
25530
43422
61604
12694
53387
1389
31550
36600
29828
3197
18896
49579
49888
40136
60347
37672
38323
10880
63547
17141
12324
44551
54067
20223
33618
20436
47341
11675
18085
25198
37943
65451
26474
27701
32017
25369
63005
63078
9989
39233
52483
36849
49069
24799
40964
39513
43165
9709
60918
28977
11663
55398
42644
2336
63207
52424
39396
36132
59181
60353
48119
13552
6469
21251
36979
6095
8958
64075
43342
21322
56631
42077
58394
13929
9957
59577
50272
9165
31711
25207
423
58132
14897
17278
6244
32179
11589
5425
54733
40850
18439
10695
42730
36477
26624
5465
21214
47480
22901
56833
31739
7927
45474
12062
50935
41856
18809
11302
26786
4907
16516
43500
57157
49605
30746
5638
6496
55050
56223
8555
52642
23078
53885
37888
54233
21911
37364
63173
58179
18643
5171
745
63042
52497
19481
22687
26941
8049
64087
2204
13393
44617
11122
21719
28121
58070
64617
7404
15965
8278
16320
46737
49553
65302
56815
15791
20267
34939
18963
43488
39536
9506
8930
52331
39761
49018
915
52388
19049
55850
52968
48526
60577
36262
15969
31030
62593
42706
54764
39631
5174
60973
16708
22205
5879
30969
35362
65148
30781
15188
55342
58133
3676
5
55090
48057
6476
6192
62390
745
1138
32268
49901
4936
22094
27962
50333
64538
2455
38661
61729
59132
17342
10076
10611
13892
65320
42833
8876
1942
40688
42657
13930
27283
29871
13746
50486
26965
23445
30191
2835
45771
14562
46254
41780
51024
50889
35905
28379
53964
62120
15677
40337
16771
2409
39983
32607
53396
32234
39087
46704
34115
351
573
52119
45699
36292
59250
52139
62046
32315
11477
14264
30023
12614
24665
12670
61702
11596
17248
44297
5732
39210
50140
52838
54713
28248
13243
39789
46557
44128
1254
54820
26242
23756
2024
40672
42508
32624
14840
4709
20385
24781
40745
21325
39545
29675
35927
25668
26199
54956
14585
12798
42610
26143
41568
6942
29927
6787
9376
43890
14467
6616
43731
40201
63962
8930
12316
29968
37807
27548
61598
36941
46235
21920
40618
50394
4883
6964
24559
40985
28905
27896
36177
63296
58899
4063
5950
47787
9366
31167
25847
32645
18027
59946
42705
23623
4579
1468
17169
31101
28683
61804
43506
31405
10320
37911
57057
48532
13704
48092
11498
53223
5096
28889
48827
47474
60879
65391
37123
32757
550
26532
57805
19274
31091
52218
57162
48991
39937
32696
3081
57269
60276
3958
8675
12568
2877
61946
47329
10274
44272
61254
13051
13339
10348
58118
50132
65415
6356
47606
26879
22383
30556
561
41212
41746
1175
62347
44974
57873
19639
48224
29681
19169
3901
23152
2177
50130
30974
52151
15865
11005
3341
31241
34483
17726
33016
53407
61448
56486
2587
35278
61731
22414
22963
27672
13681
29320
16623
43946
28266
29990
19722
33498
26592
55661
14624
48216
24894
8542
41974
557
26609
44661
57282
12581
60430
22006
25928
28423
41121
9079
42989
15621
46513
42656
43243
45824
50409
5178
29887
17181
12685
2029
35743
29551
14040
8593
13638
58535
9337
16966
56082
52052
22916
42913
59147
19274
22196
30318
28842
57649
2295
46738
3455
46879
37107
52426
51052
8077
49425
56755
60808
61570
16321
25453
59962
6621
45081
39874
30171
18942
9520
52067
22810
5166
55712
23968
42936
20284
64523
48320
62510
7576
12810
26385
20854
31733
21892
14776
21084
60943
3711
1678
63924
53701
36049
41990
62336
19303
38523
38611
17356
57320
17116
9567
17511
13306
32695
7493
12592
34483
64217
61087
30516
25477
26485
3231
6640
36121
28567
22291
28129
15440
56626
30477
8427
20780
10341
23317
52023
45858
54200
47586
48921
15841
26465
22051
9046
28830
50934
3081
54518
16956
7227
58414
36162
54846
13756
32610
43614
8049
18999
45406
5154
10921
2280
50737
22915
31794
4319
44150
4462
16837
16590
24463
9049
54570
20737
38303
3228
2535
5124
55619
51873
3558
8354
24815
39258
20376
22835
4675
9700
44635
3398
19153
16796
48826
54661
48121
7037
47737
10851
35926
55636
9152
57344
32046
42887
15792
62229
54051
53043
19507
10712
59863
30962
17402
4654
45077
28998
56548
31609
30317
42134
49639
18931
60314
40005
2735
60677
62273
34454
28347
22896
6019
62296
52168
36745
52259
28380
19097
29954
14615
46365
21982
40196
2582
9874
36468
34696
36148
40487
8720
23043
61364
50876
3244
54906
8522
58121
53085
17218
38918
40347
61878
61730
46478
58369
4911
24206
54930
26221
60226
63710
21713
49602
38311
54653
22240
10369
31790
96
5874
56049
5283
44518
3285
58395
56203
43031
16271
30888
36795
15488
45873
60673
36902
32513
52278
39643
60365
30973
5000
50714
10104
24754
24604
3912
645
33916
18647
43275
48894
3875
36546
58981
15756
48893
53218
27317
42062
59933
25282
2152
44908
31353
4649
45902
559
62319
61619
682
49023
31690
9520
13042
56960
12587
43572
2462
14089
12550
12211
56588
4364
30277
14820
9994
36950
10283
2529
18873
53488
56540
6711
28150
55541
46577
61772
400
39468
64735
56784
52021
38261
23152
5148
39694
62144
36790
60301
12867
45026
20381
12749
46031
11645
59525
30668
63957
8526
28281
37320
44494
2004
59810
20038
20464
38020
19056
8134
29970
63544
51195
250
63593
3143
5116
24806
26337
22978
16637
4904
58655
1981
27127
3975
52040
56899
3995
24008
49582
24250
27475
3858
31754
6966
6864
26412
14835
58071
54248
6261
63088
12901
54287
60997
35401
20656
42579
21522
47793
45465
29615
49262
25438
4348
58258
11468
19819
17392
50372
57850
18377
8666
24846
3875
63724
1658
10544
16655
49366
16105
56571
36758
30589
15435
25331
10565
37896
4043
23701
22685
6404
21859
25212
16484
46877
61996
38590
7866
19962
62893
1775
22700
35915
39050
22576
9720
49334
37892
62047
8767
43153
32774
52041
30554
56846
8791
15993
17484
52869
18426
37323
19983
27762
42081
20297
21858
31336
8268
53702
8840
25913
5601
322
18445
40386
15863
39125
27895
27549
62024
16850
45505
38511
1961
1194
61681
26654
19828
53388
31998
8030
22496
52925
57546
27635
33395
63125
29914
27504
1950
60285
60866
53097
38711
6801
36498
17090
26974
12676
49009
15638
41163
61601
50471
18914
16959
47016
44539
5906
38036
35504
22546
48792
59718
33882
21149
11821
46677
1752
1219
18350
49186
59700
22919
64022
61559
50813
38977
56155
23808
34490
42073
54898
33862
16070
51471
31397
38421
19041
57773
61191
41019
12797
53125
22977
55378
28374
40289
2587
50451
16975
45879
24133
12444
63916
39660
15593
26320
14718
42684
3709
25421
7376
1563
65144
24512
8033
6560
21157
8284
40508
1731
8347
42009
27957
15373
18640
32295
28134
4161
21128
18973
16618
55314
26259
53252
40995
42959
58820
43880
35172
20115
33092
29818
47868
55786
41254
37273
14987
8677
52129
44194
16804
29905
32165
38343
7870
25698
57306
62063
51219
2931
34118
25680
1685
18612
39628
43775
53568
13964
1284
47743
4065
41999
16521
8572
4229
15787
39161
46331
36504
11031
8333
13740
61682
29302
59651
24892
50986
41994
36438
18800
21106
15085
44938
36517
8814
7877
44446
57632
32863
838
60467
16739
63793
44518
49990
50792
62802
51231
47944
3948
2531
53328
11486
44035
42169
53063
31283
50241
51755
36669
16334
605
15555
17631
62663
28220
50153
1015
55897
34572
8250
6110
11421
28749
42933
58453
28203
22460
30411
4404
34858
48027
6727
39041
26650
11164
59156
54020
61861
18229
59945
54276
17247
5566
2095
5812
19192
37522
51989
26495
26165
36715
12226
27942
61728
52313
16667
21917
61360
38331
15824
39642
32596
8158
12489
64897
54655
25208
38169
6360
15301
59084
54600
21587
10603
16014
38411
5821
19178
10023
42670
39112
43710
7160
23507
61415
42428
27226
61257
61737
41739
37801
51902
24452
16883
58594
55816
33601
46792
47042
59560
32999
20727
48240
59080
30357
37844
58381
25457
8478
931
31071
46751
51723
20871
35800
57029
64251
40569
4824
25391
15784
41719
14467
29727
35986
2872
62223
15207
24932
63752
34594
51729
46116
58705
32161
51856
34151
15590
19166
49297
53490
35738
3696
25490
17073
54583
38911
8990
736
56896
27330
48839
57326
25023
45956
30419
17200
23637
54992
57303
24239
44973
57160
60542
44892
6751
21993
37823
1701
1296
22218
17000
32148
59594
14193
50296
27456
17883
36312
8620
62539
11707
16944
46893
30020
16815
52258
24359
37187
23170
18497
52797
13191
45525
17556
57274
55288
55619
37240
18707
16162
16959
34368
60399
2613
18172
5657
43678
10861
14739
28940
13496
33888
54802
31891
22990
64297
37624
16343
24607
53801
13149
51606
61745
31158
58953
423
58157
27369
60732
41091
48708
12583
12432
23350
60491
62612
45928
25707
6454
35909
31556
515
32265
25636
40830
17096
53919
25181
49209
45208
47006
9176
41143
26267
26040
1393
36879
23076
12175
13758
45168
50944
21006
23478
33539
62375
14093
62086
32308
47591
23676
16026
41804
56471
6957
17243
50857
48528
10333
33216
23501
24640
40435
5212
3288
55304
14009
9830
64624
25508
51212
12167
40531
55438
41692
1383
27518
6652
17633
22785
45511
39811
601
25286
21135
22978
39686
16734
57316
45780
1809
49030
46357
55052
43946
39955
54038
32658
24346
60325
44661
54200
32446
21422
6587
2275
65091
26722
10116
63103
10723
8556
1300
29087
48148
52931
51760
43841
49832
58448
32954
11374
20931
1275
39607
47006
59507
46650
46036
7699
46999
32855
1637
61521
34403
40837
1098
42853
47576
53990
48167
22656
30746
618
19934
6875
7898
22927
29369
37033
6597
23660
37848
27020
28450
47634
59546
55503
3356
51542
27281
4512
13691
21645
34293
3836
2274
11667
29002
64062
26951
50142
26607
59742
17816
38734
19037
23954
5834
4430
49650
3444
46986
22040
28550
5328
18643
10902
53153
52624
25663
6870
16083
40318
58628
37926
22795
42798
5089
60576
1473
64017
49412
3576
48286
37273
42884
5710
48264
49911
26927
27593
30897
29631
6614
54121
14191
21161
22041
37014
29254
44674
1337
24910
1924
64822
39109
28558
12869
60395
654
33571
53332
10123
7047
47892
34621
5920
36623
60211
14942
55777
20948
33992
34236
38840
51529
18179
10844
51606
5251
51276
44209
35420
13918
29273
48885
27020
48355
15255
53662
7053
13283
12193
8570
26463
8807
44592
53453
62018
41058
3235
34252
20842
32381
4144
45823
52858
64153
30114
48296
41487
55882
5838
45183
4066
33836
2918
18829
18842
12973
8638
53988
62423
42164
51215
19588
16703
46240
16927
9870
58949
333
59267
45031
28369
54005
19946
50013
23061
26458
59755
55776
14755
12773
932
2959
34101
41272
64312
47932
55597
15304
38304
64998
50601
10609
49812
59774
22734
1752
44841
13600
24944
60242
11749
8422
42338
30805
15352
50561
46221
37706
36836
9671
38725
29010
38816
43014
938
21067
19018
51274
4708
36423
62846
17324
63864
37240
40873
44302
56659
47849
11613
40024
48371
5862
4178
57934
55738
20398
11810
14192
24543
30651
5864
38140
9823
55550
63653
36197
21569
38498
27928
20630
56914
23979
64256
20750
872
6778
52752
45170
17940
15214
23229
56917
36539
26867
56394
33709
22802
28478
41562
52164
1278
57088
45003
17308
28327
25543
34258
48408
4953
15888
6875
46261
57642
45538
17324
8897
33827
42703
9360
7732
51458
32904
47962
39012
56438
24400
57431
21019
49420
53926
46044
12692
7383
57089
60144
37482
40962
64600
58631
27944
39635
38780
6225
59823
21189
39311
12797
11884
38443
39187
36396
26646
45283
27233
23340
59735
57143
63711
20334
916
4899
13988
19029
42149
30643
54600
53433
61234
64400
64415
33331
54048
24640
19280
39185
47680
21624
18166
46499
13533
6471
23567
17297
21236
50220
9937
64371
42782
18890
35769
12517
49055
46881
29444
36036
60018
35792
9449
28119
12020
44833
55658
30728
64581
15829
57885
44771
504
9481
23042
7639
14739
28092
4946
54339
31645
53447
57239
35839
32632
13880
38548
2758
33740
18619
35058
11884
56965
38997
44009
60623
35674
46068
51719
48421
5459
53028
15707
10255
46823
14730
56904
32620
25105
19219
47776
6384
16637
60832
51200
35178
62763
24107
58179
29787
10225
16445
26144
60981
28281
6778
32599
39721
24259
7147
7642
43352
44073
29504
43015
3930
50
45055
53760
17395
11680
65031
50039
30727
62933
6583
29636
30231
12033
41025
19234
62645
37745
9443
43393
45864
52618
7833
13931
54232
55815
14750
20723
36781
62078
47500
65418
65470
55521
55538
3409
33676
15667
40994
57572
8064
6920
48721
52290
37561
30912
60707
13035
33513
39473
8755
44664
63162
17177
52839
52724
49888
27862
19819
26215
8170
11034
50968
6803
3293
55748
4532
55432
39330
39768
12148
43557
20699
46117
4188
31619
15903
5134
48316
64865
1419
62780
47255
53071
36292
6186
3668
8692
32454
55803
10344
64413
25454
29413
12723
10425
41166
46326
12446
26727
1528
383
32335
7809
49203
32672
30286
34350
44940
20094
58874
60330
42080
5178
45116
41656
1079
966
40842
20321
13653
10892
63419
1935
30779
64418
63943
22953
46816
168
17921
32946
63672
54148
6407
26191
46980
18832
46893
688
59248
41792
51328
10837
41461
12787
5559
35376
7511
29834
33137
37067
20630
36665
27215
45129
7230
45035
34678
55324
244
32449
39060
6057
41848
49658
58609
32102
63923
40323
57315
2209
58218
18047
20251
2380
16283
61899
47236
37336
26705
49310
30898
22890
15230
29983
49229
50576
12168
23437
54153
28284
64718
8755
23932
22105
28408
11796
19818
31479
55315
18317
28060
45948
61683
7299
1958
40407
7937
13868
60038
5460
20688
30987
49524
27321
4831
13124
13637
61071
34612
27665
33292
20969
2430
63181
62830
5969
58532
35094
64675
6469
51847
23469
59893
58649
6719
39935
46191
17437
42285
27008
20346
64434
1372
45638
1148
1547
24867
34358
21920
11936
35709
37358
39394
6733
29365
61844
48887
48931
11643
38457
28159
44018
31209
45591
36831
42968
53805
29893
34757
55602
23432
12136
7841
36120
54779
54020
29563
27128
4109
26567
12739
63107
10573
5651
48468
7310
6399
25530
3464
30474
53898
41751
61364
30677
13520
52505
46981
41811
54819
40452
6457
46972
58398
11476
18366
53836
43861
35981
8841
46713
1432
56111
3432
25512
47289
1750
64306
7736
33561
12583
11770
12077
65481
28134
22080
34332
49249
11808
3983
33913
23297
55869
12299
764
45628
39455
39983
40454
2036
39482
43488
40461
1561
64471
18154
38341
64968
5445
65087
29538
6854
54114
11512
11939
60214
48747
18692
59123
39202
53282
29261
35867
26179
48977
19976
4397
62625
56365
47442
64065
53247
20605
18231
20981
63414
57533
26446
4736
53471
20199
4819
39766
19002
13692
33479
38837
11503
52174
53592
34326
48244
16857
50631
61759
40083
29622
38910
3740
60233
45985
6919
24092
56259
23041
59981
52777
7851
28681
46743
28727
45635
45228
49077
34295
39260
49885
16185
11345
37368
4866
22454
38714
31111
47686
21183
9229
39335
31789
60293
41348
49047
56476
6073
32310
59069
48533
2219
50962
16119
30315
48844
57908
55169
54415
6530
15558
49945
13741
15445
22245
21720
26656
61465
39945
24504
35128
35226
53332
16589
50013
23860
52068
5511
47109
10900
63754
10181
26265
35906
22929
1717
55333
13445
39389
26670
14799
59117
26865
443
45020
43074
27900
48900
10402
29557
37111
11968
6609
37888
61070
57483
42408
4458
17929
19975
57730
653
59310
55887
54247
23239
27511
9364
52760
43727
20815
37057
45357
18170
41350
38028
30076
5121
19082
53245
58790
24083
42064
33150
3002
19060
9362
55059
55575
50793
29706
4786
39359
35422
4150
64506
65341
16960
27652
41990
63710
18943
26681
34007
23423
1131
2772
6008
585
53630
17564
59076
24962
38318
44906
9723
41601
37357
62565
31281
43298
18486
53484
38576
32951
436
20162
3016
53057
4107
53814
43722
65528
9772
60014
32983
4501
65470
59522
14941
46876
30520
51083
25226
23923
54931
52255
13875
43804
63692
23674
42706
58070
57423
35653
46324
22949
7578
47823
35143
45283
35585
11242
4919
16414
43961
4307
10971
18231
5916
59748
4178
58863
1848
22748
23225
40344
21582
25454
9759
53618
21220
41475
25985
9555
6375
60721
28088
28833
11457
29172
37599
17901
46814
45924
18786
31950
35767
37000
29307
17092
32495
30551
12346
14029
8449
40209
29306
59596
19035
22888
35768
5388
34661
51421
42111
11128
4536
45363
55800
3418
58879
61748
35169
32655
29554
59405
57881
62273
11763
6439
51580
38218
41425
22241
49330
59364
40111
48910
14648
8596
38975
47139
54256
56493
4745
59360
56695
27208
42400
13527
27634
63821
11713
15258
63583
50708
28903
46402
45627
62961
48150
59407
20485
25236
867
30352
15922
43118
18035
48672
35744
18382
42467
13594
60169
48746
46764
40204
26982
47896
20772
7475
31501
65213
45773
56409
51425
40109
63505
59257
290
58955
35960
45693
43903
45290
15663
36421
57355
17629
60466
5043
46102
59984
25153
223
51044
51386
30554
58053
22946
38318
59703
59356
23291
28576
55736
53486
56451
43453
255
50224
44878
54372
41297
52629
3956
23893
25162
17201
30766
26836
15930
16082
39505
58299
59001
16302
23752
43353
53873
2519
22918
35520
19424
37668
39296
39632
34421
54499
60430
43965
15068
19127
55371
58303
53262
39151
15283
35208
46139
20220
1846
42351
38590
55851
19906
17286
23850
29845
53681
28902
18510
14583
50812
64071
15551
1976
43302
15058
56533
62285
39014
37053
51560
31569
30066
34064
39069
27540
55710
55471
28515
53389
2480
5027
34968
15216
21775
40057
22326
63604
16565
6452
12122
31919
26635
54108
49102
8805
10089
32110
30872
4078
43180
50554
1413
17063
33172
42037
49749
25309
25629
26411
15743
36167
16232
31493
26164
14046
40241
882
1280
55343
36335
103
56100
47256
28223
37771
21546
22193
23097
38100
11852
59812
47046
59843
36336
61529
51805
28829
2899
28146
24570
40321
33142
39365
12656
23210
9190
51216
9039
45708
43704
20223
40271
30392
41557
44788
10713
17513
58998
52994
1796
58346
45293
3371
36642
61155
19494
43443
28889
4642
33361
471
65069
36328
3233
2920
3396
19896
64336
57154
11304
58951
17566
19608
19508
44120
55412
20483
6695
48766
50658
59813
37225
58963
51052
56612
31081
38680
1368
62926
58712
17822
32949
8489
15812
65306
19091
7811
33894
6279
45125
7560
2285
713
23388
51527
31061
7315
41474
59101
54522
19621
17503
8741
40452
41588
27162
57046
52448
8278
48162
17132
20444
38613
41704
46157
12153
11405
9526
40984
4001
60860
61983
45119
17557
36062
17769
62253
21484
54675
40639
64669
27122
28131
1733
50094
65309
5864
18363
8391
31170
16774
3538
16448
31533
17448
56006
492
47286
32965
23687
50869
21975
3571
58099
64263
31231
53760
436
55965
6867
63703
17642
45582
20075
43852
6540
51195
12287
28939
5565
20505
271
22590
37430
42918
41915
4818
39140
15018
5404
62714
5068
17800
48550
7113
20576
63233
44545
1568
7469
11263
4720
36926
16870
4576
44476
46625
35611
18687
57762
41002
45973
40601
50171
65192
51568
48393
520
1740
34619
45312
24818
31640
7473
54265
2077
20656
13753
58227
21204
63444
47731
61649
59608
52377
43055
22287
12020
52991
25024
31575
59209
12222
3804
65338
15370
45393
13719
12057
8514
34322
3198
46400
63066
47339
54543
40155
21295
55727
3195
51838
11415
50358
63398
13397
45841
48556
27908
59140
24522
3033
57869
57639
38028
54051
19900
24128
5387
62397
45614
22585
33716
46281
40966
30267
48383
39027
28924
58401
41482
51333
32180
2135
23894
27888
29228
37963
36893
26819
28038
21730
7614
49265
29555
5686
15014
43442
24666
24640
47655
43445
51591
49643
52967
43795
11903
58333
51872
44154
13972
3969
63092
18188
27703
42955
34353
61011
57548
17940
49458
17643
1612
62950
9547
6137
46994
61721
24411
12684
33359
21840
34016
6945
28814
63150
52831
33971
32850
36054
45348
12522
58471
30372
1651
24178
38048
16869
35897
56549
46530
723
38441
47143
12451
18078
17072
54273
54034
9709
36544
37813
34172
10583
59942
60760
52410
58494
50395
54600
57054
6386
8886
53671
42803
38200
14747
7777
6836
15847
32459
62138
3922
14480
59379
59987
1812
32913
52104
27694
19956
27637
17765
59588
63859
51972
18032
58899
40972
57418
59670
63166
34799
35233
39035
62462
33464
19759
19372
1809
56588
13874
64841
65002
52860
40056
54716
46588
47755
50203
64726
28979
63377
53471
14217
42738
40819
12295
50842
4365
60096
21340
52293
7238
36247
38322
62560
3100
51223
43477
40714
34056
30637
46021
62865
29343
2628
29499
3597
45154
49276
43336
18947
22921
16404
21607
22197
36640
6403
9181
34642
7710
54482
21217
57051
35265
65036
28129
1744
42019
50611
20034
30208
55150
25312
7891
48253
50075
28805
14475
25652
13687
41462
50378
35745
15197
60648
19306
27507
50937
43201
15712
61339
21093
17153
20400
32820
12356
65213
38080
59887
36363
39524
34950
18793
19379
30641
9802
56008
43499
44373
44797
41629
12043
40929
44497
23194
54560
24572
22356
44039
22154
422
49787
17049
26801
6285
53114
29015
35722
65322
34264
29842
62146
8447
50988
29577
3694
44852
36075
30744
43568
26951
39051
14266
11320
18462
11471
25318
65315
40605
62602
56722
36423
19034
46691
46637
28609
12017
616
52964
16580
19992
44812
45973
36026
55155
44868
31281
5807
21015
16121
15278
11306
53162
54954
17171
50215
21360
6777
13911
42978
35127
38251
41294
5752
43596
39867
44099
23363
7032
15993
54898
47446
60225
44979
16082
32920
61490
36782
13306
41416
58383
24009
27627
27413
10973
35103
21486
17270
63252
34878
34180
44088
28170
53929
24588
16854
306
60307
39353
47160
409
55705
10847
62625
34503
49084
33101
15008
12227
60542
41372
39649
37353
34517
40742
3850
11035
50362
31094
59638
25094
9719
47789
25983
19532
59680
5233
5224
11487
39048
49999
33059
56291
55609
15649
63362
3478
7395
54422
33323
64687
12653
30659
39298
46013
16775
16187
5637
14329
31562
48756
42999
15265
61805
20695
58656
47893
58998
41196
16140
7721
59755
63731
59198
49325
10405
41528
53396
52329
46068
26461
16966
17835
4027
40140
9594
63467
19465
5905
14793
23125
19538
24431
4182
59812
59825
53066
5918
27597
10254
45826
45663
19392
27731
15413
223
33488
34788
34176
57947
34174
13602
57741
164
38816
8219
50286
16896
40919
37199
64673
25562
17039
319
18398
52324
27515
28398
8581
46112
16379
29844
5955
29538
47491
17744
58981
63995
24662
35583
17804
14886
61717
12276
33819
18610
55661
2644
45509
9020
28545
54307
51069
27997
51799
25593
3100
36702
49860
44891
2115
1213
20866
48902
50671
4207
9046
27509
38185
39150
25203
2671
144
33950
8883
59607
61048
2262
42731
15850
11246
28054
30865
44575
3754
38791
58088
7621
5616
30692
31705
5725
21035
51061
24138
38612
63994
45620
6593
45393
2518
41642
24471
19573
48058
31399
62380
38343
17281
21273
5100
23680
29153
33536
35727
56893
57460
11455
19948
12863
3658
23412
10892
26187
32024
22260
13839
29360
36606
21518
56480
47906
62056
37265
5037
36911
57966
45370
11907
55168
61431
41565
7405
35025
37438
11149
46569
58275
65358
53010
2251
4447
37992
32661
46905
27592
7345
29824
54436
21400
52098
12169
39616
64811
27307
56849
17443
54340
3162
60560
57262
54382
52436
9562
13418
35963
7718
24401
55990
44929
21649
50086
54136
13441
29495
20240
18738
32727
49280
35485
40902
40592
2736
45967
15516
12978
62435
24336
32381
62776
22244
7704
1853
47810
19927
2785
38798
36779
58497
50140
12723
49296
17373
1511
37851
9686
26339
30199
33996
5612
36634
47940
28741
8559
58586
32105
61676
40758
16845
39747
17298
43731
59382
57615
58095
18800
13626
52754
6610
38041
48404
15406
36922
35003
57440
64309
61767
50977
8746
61466
63742
20175
29778
1904
36538
18061
12924
44807
57106
4272
15996
15917
11304
2269
39632
10926
60632
37589
40959
2185
31133
40571
65383
677
62011
47867
26565
3002
29506
34200
26799
48093
51659
50372
20293
38477
46906
28509
32295
24824
13172
55878
63813
39415
746
59777
57070
45763
1265
64079
36182
14289
60296
53236
42449
54469
8819
6831
53252
17114
53417
8959
45745
33528
3499
37418
51813
4613
12186
11847
54387
63033
5962
5997
46964
8642
53985
38223
59410
28192
29860
15691
9614
56254
20592
34923
38142
44471
21216
52484
8408
27604
25464
37950
1039
42841
62320
27115
37397
33307
54702
28451
30530
52042
32260
33160
59259
27562
28840
29906
57875
10566
63464
47767
7600
27850
57090
2874
63272
50852
56104
46532
58394
11993
26472
64453
46139
39249
21515
60858
5897
3698
17982
6739
141
27331
23755
28225
10501
37923
54838
2575
63271
51043
18617
60048
6898
49834
34607
2597
51485
56628
27407
2442
36324
11424
58665
17662
37581
20328
40157
16842
39594
29264
28281
8132
25644
25005
27683
18384
40576
43339
45957
2853
41364
43782
59262
33835
53276
53944
28516
52246
15976
62212
2784
38782
28486
35858
46350
17717
31395
59761
17295
28502
10606
8881
6024
50044
29418
52035
9773
64303
40691
7626
47347
6683
6802
20150
51699
52046
29466
15989
633
46848
33559
28657
46543
18496
6331
5878
18201
17806
24231
43698
37430
28063
37218
36750
45488
46025
62375
58592
58369
40361
5686
57993
10560
8755
3727
25071
212
32753
5139
57676
48102
50998
13688
53415
41990
38415
24415
21812
21211
13312
44510
29709
57430
51995
4144
45452
63487
36463
1344
57452
7759
1863
39883
61585
2638
55850
6237
60050
42512
9874
56572
1293
31736
28032
54061
15773
61393
45473
10591
31358
64005
25796
23487
45425
48502
35085
18744
30562
4032
39643
49857
19346
51532
15597
3833
5526
39230
21281
19688
46009
42436
36831
56305
53910
19264
11223
62094
39575
61886
14824
61302
38714
64739
26420
34065
55364
64812
15140
19082
42975
48626
21527
12888
15211
815
10003
41535
48234
15929
34662
48155
50059
55783
37250
35746
52160
9254
43685
35921
40380
50526
48745
33065
61377
22493
57846
56525
50823
60755
55244
30319
5744
51098
45218
54168
33182
8843
54964
29131
40444
18443
52301
12054
35746
55902
49866
40661
53422
5458
32113
7527
48542
28995
27068
25886
1113
10865
15271
27485
58041
28597
27874
39265
3880
46312
32263
17013
42535
1352
5825
22522
9541
56122
42345
13680
60571
44811
15227
6207
35876
17498
9918
10796
14468
37849
12006
49567
16472
18921
52936
50628
5798
41345
6699
23293
45691
48869
11372
3396
44674
7945
55428
57056
1932
56681
47363
65160
31295
23746
60246
36361
49435
29383
36657
53312
55077
47965
26289
47948
3014
56810
52595
36734
30996
24003
38642
33543
3195
7116
48431
36074
58759
12042
64710
25287
64376
7843
55171
44686
26717
9335
19490
45092
22961
39972
28931
28345
42443
8974
57498
231
4606
25848
22302
41896
48622
54935
28844
44272
54702
59826
62268
7831
36002
7842
8443
24219
57718
64540
24778
38689
59437
32884
28930
16430
26790
50615
46388
12760
22088
30556
27357
1506
49568
13004
29582
33387
32611
20715
48439
19363
28004
46216
56762
61275
57236
3124
31992
19033
37381
16437
16074
61242
22705
65062
31964
15365
42616
47578
15800
44003
13281
16629
36871
3788
39647
28401
11390
54198
48121
41280
33979
52838
61568
44753
29249
20264
37197
38623
10405
25651
29115
57805
46669
52040
1347
28326
38330
1462
37571
29669
64590
62919
40588
19844
3181
37708
25637
25129
4030
43736
5809
37789
17953
49152
52069
14006
63551
56862
57222
20866
28876
51074
20755
55588
29293
25725
11024
41442
42466
31730
10628
48302
38401
49313
24381
57249
51089
923
13860
34432
54019
54329
1625
34499
19161
8726
19515
63845
794
27671
63167
44218
56569
58796
64377
3200
26428
59743
11544
36357
42560
19759
32930
24612
27566
51073
21514
46350
8709
1240
64053
54081
49736
61990
10171
55628
42739
6883
41236
58135
47452
36604
34197
176
52779
7131
64081
48831
30120
44645
3273
29831
1267
28278
60460
14456
36893
7888
52967
26218
789
32920
20918
59488
39855
39614
25986
41137
17784
50119
45063
16834
16853
33728
52274
40444
13048
20497
64916
5613
50367
10342
60815
28095
36402
23375
37776
18219
21700
15890
6195
30711
37741
11259
24595
30596
16913
40481
33560
19210
55219
12301
60827
29009
944
33439
29664
36257
45606
60874
53975
61304
39471
1794
6516
53513
50407
57020
29549
254
62037
45130
6973
61184
35985
49532
64802
29557
61814
31954
19490
64042
29917
8783
59819
30663
1668
52881
5673
8813
10377
2683
26325
10920
55076
2095
42565
51256
7212
55016
55627
32286
42300
19528
13188
31728
25590
63083
52464
61901
26998
27483
4610
42534
18984
16419
45037
48318
45263
2689
17787
54156
47541
45699
44729
62650
24286
34730
39910
46094
2061
41320
3118
28852
27290
21466
64838
62426
35460
58543
40641
61525
46450
8249
3066
52101
34253
12125
45153
5083
32403
13219
31422
53731
55673
42255
21521
15528
27316
27008
62695
6181
13095
432
33047
14537
18416
50833
59346
27132
57126
45988
51471
7998
59411
14400
49967
57071
50952
29086
17579
11474
18204
18247
21010
20367
33122
49236
550
63831
23537
60467
44937
58781
38654
55837
32160
20747
47575
9274
19729
61813
61559
62931
10830
23167
48855
54159
48563
43149
9219
38687
12671
26984
60354
32852
13704
46655
39579
37791
9966
22525
35025
18448
38429
42228
34797
45674
60102
37359
42305
64905
16298
17554
1587
25550
42464
9331
19860
64414
25437
39450
15254
42034
58971
4963
23602
42502
31269
52237
12487
21679
57155
18392
11368
59806
643
26515
22743
4699
3478
7869
46402
21628
41597
30289
34631
43619
55610
43775
16765
56400
20792
58421
26987
3230
63013
14148
5758
37835
48646
1080
50104
44802
2394
52717
17500
32722
28294
12794
33441
4594
3807
28514
21321
24509
57767
50685
58611
59560
22167
24308
51689
10394
46232
24099
23326
14998
56463
22218
3338
57351
63355
50370
58534
37302
38667
38873
40648
40385
20673
46780
26009
42123
50651
11002
42165
57053
27362
11641
35489
1774
5397
39911
1419
5093
8330
6123
14184
55481
36696
56091
58475
21572
35100
64447
49988
35185
35647
4412
56000
12757
62170
39288
42000
17015
53971
50348
40403
56674
47933
15296
15960
60226
5536
27763
26537
2141
20755
29280
51770
29548
24510
15304
12694
55196
49922
30504
39572
9479
9238
53985
45468
17227
21627
47466
56884
46800
63796
18068
9626
45221
43638
63480
59914
11718
62908
63576
59926
38600
60853
7773
37663
63951
3755
753
32416
54443
37529
59497
49183
8995
7533
23763
45481
25424
30371
18795
20465
85
56794
24836
54197
59633
1989
11974
5740
16464
54060
57849
40743
29311
16340
9718
40980
27963
3730
17183
51696
47086
60102
3908
42330
21667
53482
63533
39414
44536
34061
30844
13676
53197
64562
19875
62763
12054
4497
32406
452
34414
30713
47292
19716
49782
56962
52466
20616
54024
4755
48939
53376
27083
37761
33454
59158
22355
46286
12114
7750
8640
24266
11233
47425
46412
63073
28105
58910
12578
22181
38562
46551
15083
32144
8785
45344
29748
4798
1400
30292
28502
7131
61852
15424
20852
4368
14282
5825
31426
47461
1874
42590
32844
48892
56771
38687
64931
57756
43080
39335
44031
21297
35189
34222
33545
20644
37737
46786
32284
51208
63151
32554
39147
32487
10160
59639
41906
26960
12303
19198
59954
21554
5038
35454
15199
4913
53013
22099
48356
29584
48246
29182
13253
38757
4191
35749
43740
30841
22709
45097
47356
48491
63308
39741
49376
24383
391
31987
54634
45564
5306
7405
12671
23303
2834
42690
19398
52907
45735
35560
26856
57509
56984
12295
50474
29811
16121
64662
7753
22456
8380
2820
3783
50978
8269
63789
27067
63228
57983
44007
1959
20214
33170
29458
65412
24189
33545
15393
41588
36662
24029
35419
16194
31411
4013
20609
30997
34815
4921
26812
61583
64730
13070
38233
41081
4723
18836
42413
30890
60705
45856
10677
26878
45504
49685
47376
51501
15564
17854
53646
47490
40000
19961
64146
50240
62618
16028
14627
10617
20531
40027
41916
17374
1370
6185
26386
21135
3043
26998
10012
59619
5424
63636
20243
50910
15433
41648
1343
21334
42273
26996
41588
42997
25832
34350
30475
16830
10895
34324
14312
23849
61643
35908
5688
62632
38524
47583
51103
55268
62864
37129
28030
60704
521
218
45572
9250
45528
20701
19457
283
61707
15013
48560
51606
29726
13342
59758
21923
60304
9355
16276
25416
45827
33087
31102
35720
23639
39349
64315
64871
50723
14441
16660
17909
19856
56630
54105
10238
493
20335
16877
53741
33206
36638
32083
28810
41957
4131
50971
64392
12343
51709
19904
39060
61212
23202
36619
30914
27159
26264
46173
11878
56646
20538
62090
36031
1853
2583
2442
31282
8978
51395
56995
40786
35025
18469
30467
10598
9711
24215
21793
54315
51996
27966
16992
29486
25884
969
38753
16075
33648
7113
20090
20320
61906
4025
10625
27660
57391
8288
31201
31131
5290
41022
20537
62661
56232
10271
21965
29410
3104
26283
19255
62922
63935
20635
58863
62651
21177
12769
18396
65000
60660
6164
23466
1772
27261
31443
18283
49497
33517
2525
7616
59019
11119
53846
58013
21438
58457
133
36137
57637
56426
38351
14704
1173
19665
41476
53276
47838
56520
41079
37835
41959
34497
18051
63366
30195
57794
61040
1467
40936
47418
11881
58256
37904
56933
20525
14417
44210
30119
32405
17777
29597
54407
25352
15538
31610
45070
50402
59196
50861
21033
59571
27258
31299
17194
2659
27537
30924
6423
50215
39905
21183
13738
33567
47751
1516
51978
15135
2415
35495
1473
5400
45645
49283
20037
4823
28221
55417
30329
64172
36404
15413
24750
25818
37852
57025
4943
2113
24801
39826
26463
38026
64284
3430
4111
34292
21759
30951
47632
35642
49910
14658
42701
62440
44562
1963
40747
64267
60487
62183
34554
16742
8407
56635
14999
54895
40551
5222
56741
52807
15421
22941
27969
33763
28907
22119
43498
51702
16079
37082
60428
5317
11925
41044
10711
15126
51494
41132
6859
31141
2547
43793
45505
26377
13383
5081
38030
50151
19044
57786
46871
42251
20962
39942
49923
62394
27847
35748
21223
57146
13569
41630
20201
30835
13991
9912
59324
38290
64299
20211
5883
10528
50321
9817
10680
54714
9168
50431
17789
52333
54729
10096
28018
5511
43103
31933
55539
1490
35723
31169
42950
4702
23917
54477
46225
7148
40956
1482
21316
20790
54891
55159
61135
30081
10305
22175
7348
10102
59879
62880
25744
28164
5277
51644
26262
12741
51073
587
27709
53551
24388
6077
53446
59188
35622
22271
26013
25214
58447
34770
31950
36418
7937
6738
9931
6089
54775
60788
16050
17689
48084
8423
3094
63860
8911
9586
24053
44639
8306
23756
7854
40933
40612
9618
22891
45363
26794
60703
13701
64698
2247
5096
14885
33256
8519
16293
22793
43968
45707
32058
61623
49241
4904
56858
17693
57851
64313
47735
47673
37854
30970
38097
3808
27612
8505
5145
1065
58962
19821
35248
23645
50227
46302
42082
40695
37419
18640
12865
2177
21087
43192
48714
58399
32143
23788
44605
60887
57011
38248
10271
27410
11976
31257
28072
14995
1279
50854
9349
24182
50389
24525
60101
24516
46491
47852
6175
39627
37069
2717
13827
12470
60659
8633
15372
55051
40843
64842
9468
61825
49410
35887
39416
58166
30678
39838
56513
23119
65382
3570
16150
21700
29723
33835
21361
6313
28573
34764
56002
57492
2056
50685
63420
25388
32847
53656
45203
61193
21299
59490
17027
43637
9268
42875
26957
52108
43850
1301
20507
21934
8228
48812
18500
6124
30195
17621
38106
29405
49701
18364
19611
39610
2548
42208
9024
33809
23459
57448
61770
17399
37232
62380
44266
35470
27810
64257
55425
15928
55105
53436
55149
12998
46287
19198
30930
29116
64404
45989
25007
516
14765
39389
41953
64385
63388
33715
12949
22900
15414
32187
46003
57894
13920
56410
32068
36517
33022
60558
8476
1743
24262
29483
29290
4186
51920
7894
41584
17094
21212
3342
64758
63463
11251
27109
38675
2772
65269
60179
34620
44835
9428
34568
9732
48651
8121
64717
40151
61756
33613
3686
47619
16090
42159
1140
35687
57604
7439
62122
52648
18194
58476
51590
46166
6827
10630
42314
64999
59009
45916
39325
55605
36421
14327
58502
54686
53744
29688
12572
44179
15595
5468
24895
14211
48077
18325
20007
25863
27267
14008
32535
23941
4479
20170
1945
61750
19065
63370
7124
11333
54630
40097
36258
37521
44497
60444
24370
49057
43575
40416
53024
27392
47783
36734
49816
12998
5129
35806
27539
5053
30660
28315
54281
518
35043
34864
48514
35842
48810
31268
19576
47963
20051
30475
12522
59677
7131
163
35133
26883
28803
32958
8216
41675
45957
19509
57837
51266
26177
48215
10922
17104
30902
32237
58774
12691
40439
9966
14988
41811
50912
36184
12480
17962
30723
36644
2526
62474
36331
45120
55300
36165
56847
17009
44718
25995
14971
29480
27017
21010
29688
30041
42245
55050
20612
18571
45113
64549
31896
37935
34233
558
10424
18764
38026
42135
43348
59700
61688
25637
35650
16407
36407
9046
47343
14689
45619
40338
39929
53100
24257
19779
958
19636
60973
38078
36050
63234
61283
35669
22244
40545
49107
22021
47085
47333
46855
4320
10934
25100
44630
59606
41618
23875
13410
9593
46407
17807
38580
38148
49202
47239
21168
25016
27198
20452
32910
15980
42394
1380
46839
18467
63681
59179
19796
31721
33238
60388
42679
22375
46459
42085
26352
63271
32527
41942
51302
7457
8781
65425
1166
27983
9121
54885
19153
50453
63740
28925
40632
50690
39192
40302
36587
25916
21458
5705
64633
40713
1386
59967
5386
54718
11523
38402
54720
12938
12626
15979
11169
10968
46461
64850
14866
60946
13945
10344
45887
27494
59203
38951
45444
59767
53180
38744
1061
43157
2152
8716
59538
7088
23392
61651
46894
56018
53245
10867
9
52330
8906
48149
55577
14924
61764
35702
34044
27596
19902
3764
43722
57529
53460
12764
45503
50465
11221
58980
55832
47792
60354
30977
35716
5564
4017
48988
15915
21347
20430
39693
1857
20681
47314
23098
64003
42152
3300
27227
39037
36774
50082
40654
50262
9745
40231
23359
10697
27581
33756
49526
11588
59430
52244
34890
21214
58424
56076
62268
65166
34969
13024
18392
4901
29162
52008
62765
62974
4832
24924
56134
6898
29036
24709
12269
2063
51423
600
31982
64295
46557
15857
26425
34788
41007
31189
31209
38257
64692
24027
14533
58341
27663
64938
60352
57723
7442
33681
53190
6577
43165
48586
31735
62437
2583
31233
24566
35978
39989
55090
15526
16213
49531
30392
19569
43737
23260
32847
30097
21728
31651
36640
6576
50405
35661
32680
37407
15084
60225
52581
14141
36533
35562
41716
1269
41986
21089
30184
50975
5003
57338
58212
53164
41306
9710
20413
4126
7614
46286
972
12777
6378
63005
31398
59776
15063
65132
61325
37147
15839
28501
28438
39472
56343
63905
4688
55658
36872
56220
13151
57197
44209
748
56118
62873
4718
45411
39029
20019
34455
33205
46091
3462
16957
25537
3962
47600
48703
2928
58466
21477
60269
7177
41215
35367
11825
30657
63764
8883
40864
27252
51152
44767
52664
49129
6205
10457
30836
58953
33692
55582
6452
11724
54587
40552
10871
62137
17053
59772
46457
39706
24461
20742
30532
55957
61184
54716
22383
34112
55685
28829
53730
30990
32905
37758
55055
13758
8976
1816
55811
37541
10305
42144
54531
53411
21706
63389
22946
48992
21200
62711
45697
13615
56803
44553
51320
56232
23214
7409
9978
36030
61834
9403
63205
13210
36690
65178
41571
48766
62256
9260
23472
56462
47434
15581
5508
18483
62060
45042
12737
30555
18647
34413
55146
30005
48054
39664
12518
8426
17840
33332
38501
1487
53601
63495
16675
24827
38097
26401
1676
61341
47631
65222
8260
19529
30463
25440
39989
12341
23678
42943
1422
32809
65012
33697
18991
50269
41528
29388
43647
34046
54887
447
64509
33379
24256
23715
23660
44940
11892
22064
12709
36650
36817
17548
54578
35979
60874
28115
36144
41265
29716
10314
60738
54043
26991
7383
15108
5808
21093
13673
41469
65406
42557
41533
229
1476
29795
50906
63876
35228
45723
29419
10971
46252
33970
53594
53915
22410
41940
42158
45006
58026
31332
40493
42471
23208
10523
4883
14112
51123
27112
41165
51467
65397
40855
3816
27685
8434
2757
23521
46489
10703
52309
46575
51565
49395
14208
43027
4994
42633
55097
50527
4054
27488
62458
12643
54062
23936
36276
54405
60225
14014
3543
25126
43306
32020
55332
49466
43113
1525
21339
65229
64463
39623
3914
20581
44323
60100
2507
48695
3505
55013
5481
64779
40186
40951
48492
32455
60308
35190
54178
29296
18266
59435
35191
8490
54737
6177
6609
10274
40513
52219
35293
57653
23951
47946
64664
46094
29721
28160
9477
19228
49840
11299
13573
2776
32010
381
51269
49406
58586
18644
27877
42301
34738
27643
13143
7452
42467
57695
30172
52542
23115
21062
14172
12738
55078
28972
24903
48563
10318
16163
40313
59619
14289
56185
43753
51828
1803
43297
18343
58706
5342
33320
27520
42221
52837
21938
63314
37336
23105
31994
26941
65453
32675
1213
27155
32287
27071
1576
8105
20997
46441
13355
27476
27263
40636
42172
9441
60681
48191
7338
43692
17575
62217
42583
31529
37161
31751
43941
20385
7529
2897
21854
2497
40557
65148
51187
64398
32092
46960
55089
30549
17975
8807
26065
15780
34791
60193
13572
46283
58291
6991
43784
42210
4304
64255
18300
20671
29878
53938
42088
51321
39314
25883
48294
61157
52569
10512
34053
16081
2974
30518
26384
5121
20283
38130
10848
43570
1343
49003
22192
15261
44767
65522
47446
37290
52996
58402
51301
46006
7202
25756
39566
57479
42698
17666
11867
21277
20097
62496
1917
15145
6327
26885
37841
27106
63530
34629
34960
27879
17583
31768
55222
33053
26875
35691
8149
65122
5994
19579
24681
5950
53527
13230
39386
15999
48409
10619
11952
65259
52294
57266
3499
31085
27586
13956
53358
49571
5359
34769
3302
24791
11348
35876
7884
1924
43625
37882
31256
19908
64971
39770
312
49075
33941
9632
62113
13733
54337
39824
25100
8353
30272
55742
5432
9453
2488
59669
18683
53157
22927
6955
57881
44802
25410
31834
3511
30815
15020
64218
32519
43531
60274
20084
61116
29209
47051
15585
54283
63864
14675
58223
45081
50611
50055
5135
4183
46575
52087
17718
51579
36493
62931
26327
41624
28991
18515
38638
63547
12783
22574
36211
28392
9001
63822
44686
8517
824
47262
17379
14899
37422
49267
20102
39706
29237
25721
6048
2173
40981
1328
53128
59914
2216
1672
33932
65149
3103
42867
28596
29330
46528
44630
4514
61153
2325
430
55161
49481
16555
54728
51280
50205
6169
27694
49168
31307
40072
45221
9445
12479
7811
13097
49795
62580
63308
32577
24270
64354
55362
54221
33272
46125
37945
38898
28047
43175
38892
1921
55292
19745
19777
16726
26411
11970
48655
19533
47108
17719
49996
37731
34797
5050
56253
38237
56442
34170
45627
59003
28637
7443
63827
21451
27002
47158
60791
21519
3202
20412
29941
18402
59263
17431
46699
61671
25722
33446
56354
10291
61150
17240
5534
65090
297
59977
35897
19346
43834
31124
8428
51562
36960
8134
62711
42360
35453
55597
22286
51937
20601
6828
25720
40029
42100
21878
28990
64812
26798
63641
15363
48571
13801
55699
35293
5633
19497
49546
45001
61148
56773
18946
39336
62209
49997
9663
238
49250
5036
54042
34813
3884
51992
22683
17667
7218
58676
18882
19077
11408
36228
35542
55086
810
17520
39996
584
37830
20043
25671
5608
35541
46896
17833
36585
57547
4990
1571
3648
30084
47859
26137
42132
5811
48714
27356
12987
39989
7684
41364
739
56755
16891
62656
46506
34788
34256
60901
38864
44695
29780
36853
45923
14235
51068
64865
31496
64985
57446
7403
33177
48681
55998
64505
24076
9668
24102
5599
39201
37479
5098
2529
10169
14686
46931
24046
60595
16342
55028
33619
48045
11556
60581
15212
5246
64034
57522
20049
55643
35806
42799
46755
63404
23671
18322
17036
28358
25526
1767
34666
46517
55093
8362
62602
20239
56952
41257
64729
44334
6781
63450
50539
5973
5804
61446
28614
4172
53707
52293
34235
6079
45479
47281
32297
28256
54167
59671
21555
51421
44586
17486
35417
6096
44689
51626
6383
40599
15785
17974
60
13828
28524
54744
56540
24045
42160
28707
17081
12808
16040
62521
34166
3733
55428
14176
14808
33383
50939
63285
41942
32857
51195
40931
59049
21509
14051
47784
10449
62222
57765
35480
40009
15714
11004
27921
49507
14820
62350
20658
7591
31419
508
45613
53014
7780
14054
16479
50328
53602
34314
35699
36730
43404
46769
58214
34913
15704
38427
57694
43142
6482
55579
38182
32816
36338
39086
40338
45753
29269
12734
25479
31461
52880
7296
15019
39522
51300
55945
59423
12874
9025
34061
43890
46760
10111
4594
29426
45684
42904
28641
1800
56300
43332
38506
38493
64929
23301
1062
9488
57373
27854
45364
38902
56144
21512
49471
7254
12434
8374
2182
2281
17752
15981
1347
59665
8124
5480
9387
32078
42366
27601
27602
37542
8701
40969
39882
6117
25425
13018
45434
8889
42754
8072
6501
1529
4979
15355
1107
6638
31449
61085
51243
35773
32557
7698
36758
62001
46706
36748
65224
49775
42879
47155
58656
5481
45440
12420
64373
56524
37062
31122
19579
65290
13696
31044
9947
8132
19173
3972
63145
7493
40837
41105
47431
30390
15651
60231
51674
43029
27904
54395
61158
60313
63270
38426
64139
47861
28158
43983
62667
15896
43579
63742
35090
23377
33590
46954
17276
55692
880
60155
29554
64284
3685
31180
8357
54194
25202
64524
64302
6558
38765
28606
10200
9365
41024
13672
29367
18098
36525
48189
31052
11370
56772
18083
27300
11365
5310
8571
4943
33280
19523
29118
43606
1308
59991
39302
823
61065
41196
62744
5493
12197
56265
7388
44664
11337
56281
9868
7310
61856
40129
29582
37405
7640
59096
39177
14234
20609
38782
22936
63369
46495
41328
1820
11495
2971
1191
48039
25273
12189
22927
5026
22066
24532
34649
40926
65530
16859
56946
61504
44170
2027
44515
9537
62709
54243
43450
61765
64015
49602
15962
60681
4671
41721
62199
2425
1634
33011
38644
33121
3341
36864
20846
61739
61487
457
19686
65526
63181
5341
52476
17097
9560
23345
22194
32878
61279
51256
2681
48116
30584
38214
55782
10844
25801
44454
3070
49960
39395
26544
9381
57030
16313
58077
57603
62226
6636
13992
37744
20741
51931
43406
23442
57391
18770
64693
61943
675
35395
58786
53419
9581
39030
54018
26019
26781
64546
56699
49562
20407
24301
37427
46369
62758
26811
51169
62794
23914
7348
46001
22821
1267
45777
24277
26613
42722
15228
17811
23753
35535
37656
27042
13512
47073
25839
18822
63944
56229
8658
50182
25652
18588
6615
47805
62080
37764
3614
44142
16552
19521
44810
13265
19961
20627
48684
16116
58732
39535
51382
11456
45720
17345
16848
38526
30503
30826
10188
12119
22728
22273
25845
44391
42906
6819
24321
49905
13434
49173
53771
1120
13085
12190
60837
35205
20721
20042
20065
11863
9087
7862
48709
15046
16724
46341
54007
22136
27844
14395
57902
37636
27664
26105
34564
52377
55260
36772
28216
23972
49009
46182
22740
124
12367
60444
33848
40691
42558
33773
40656
43505
22523
62619
61538
5206
39764
47373
18374
11754
31320
52632
12514
31985
48773
63419
61472
34151
19864
40122
54527
5790
44227
53313
62559
15672
2077
13613
11179
7537
24205
1222
18917
33170
1433
35267
19237
52352
61380
3854
2705
27392
9832
52616
41796
36595
56577
36063
22192
40014
53809
59924
53551
43705
18959
11607
9672
45459
59310
62521
7918
38242
58862
55786
34617
20651
24752
59065
31426
54138
24734
65164
24023
24440
33441
63534
12092
45702
34908
6465
44567
59196
30782
39065
12599
13405
13573
42617
42249
58376
58441
18715
34888
4750
34621
60356
21253
54325
55733
15127
44804
15468
49130
37105
3498
35234
7796
31723
7346
50306
23509
59338
50389
31926
30252
30065
20664
21058
54527
57381
11059
61171
4008
732
7850
52707
9573
12250
13843
29841
34621
27263
16171
27882
40409
63873
20483
57328
15149
12955
14809
3177
1427
19687
28075
51791
26125
52432
19420
52673
12279
8494
16845
11391
13521
4486
13303
39935
27114
27848
24836
23140
55166
43123
21372
13101
43075
17492
41292
27942
20550
6561
64395
39491
22998
64182
37368
3874
4718
50013
32308
37957
35723
19002
6981
6503
10936
3792
55
59797
11725
58827
38868
36864
59607
50188
20970
56567
47935
12624
15199
55084
10967
42191
2236
9351
44485
65087
30823
59440
13823
62284
7658
50117
36215
57357
59089
19789
41261
59737
11452
64696
50546
53227
37090
16368
45886
63010
32367
20628
47948
51949
19708
6905
23270
9798
2911
36279
47909
8462
43649
44127
59457
15052
39121
50589
52350
24111
57527
19058
2390
49259
7426
12235
1529
7456
23498
59187
9610
12644
209
32171
39547
55406
50647
52324
27360
3565
24756
17314
20404
42150
38520
49966
3680
18585
30119
13596
47150
30289
5693
32934
18936
18035
35679
12153
32732
16535
59731
62548
39557
16761
19817
1623
6846
10502
60400
39657
22111
8424
49206
27087
24329
32612
22584
26934
47878
3752
58551
39085
64419
42102
28982
44442
15191
41445
59892
2035
13646
26371
44951
29240
63745
29654
24757
4657
2002
10838
4317
17076
53971
62803
39923
7912
29682
17863
12267
26179
16
32486
4190
29401
20744
10069
24491
29093
49310
14264
27121
30231
34495
46353
46503
33903
55763
38325
17234
954
21969
30733
50129
7715
4573
30393
64359
26073
48972
63301
47177
34475
989
48201
11561
8768
2267
20223
55875
6655
22891
2789
63353
40126
14593
5311
60304
61776
60844
56097
40802
26999
33975
59928
21468
32322
32368
54801
30192
31062
31091
52670
52421
9657
52591
34122
18064
32845
38671
7639
47963
32874
47880
1097
14882
24131
54995
3958
33604
31666
15241
35374
56818
28618
52051
32431
21923
10154
11249
12068
28696
25537
17928
1221
58209
1811
54173
62720
24962
55485
36611
25165
17887
3789
56214
46699
17147
33851
8586
21880
62944
25739
42124
25861
60759
62927
59407
22743
3781
1718
40671
16609
61713
34552
55509
60739
48145
26246
174
38807
23419
61803
2540
62256
18912
64599
32363
10431
4512
13396
41436
17413
60262
20442
9720
61774
65228
11446
22035
4276
27336
65474
42749
53433
45618
62485
57570
10518
59830
14507
64331
51239
52523
43348
2210
53755
3105
30636
29685
63459
10391
51101
2222
64698
28240
18601
64325
40091
21385
58666
30351
41246
51861
30242
6435
10654
26720
43077
48334
48928
59252
4158
2178
9651
43579
63328
58350
6311
19561
50544
39612
46897
52591
48151
2340
52538
51526
54295
32195
61709
35091
41816
44709
4279
23892
27170
9097
3595
24725
23546
65147
62692
48570
64131
33440
3461
27906
58928
29129
33843
34688
6798
27544
21251
11626
32148
64512
38663
39165
57616
20901
45233
59257
59960
878
25147
20169
4425
1906
4066
46087
5749
24468
52842
53480
64418
16562
23587
27780
11116
45916
16872
24416
33688
39172
45231
31079
49476
10955
15842
50887
26854
11308
39600
53756
64743
13740
36454
539
56615
44254
49310
17221
20944
26444
61017
54384
39071
41592
30240
49974
26123
63931
23579
13607
51690
15844
2940
162
19207
62952
4529
46143
14368
25557
53072
26428
44641
44800
307
22965
34672
14812
60948
45975
40729
31213
25616
5879
634
56395
33984
27769
34208
41524
61961
26846
14184
3883
6594
25452
22272
20009
32128
64518
37825
39591
12898
41102
47632
53363
5464
45063
2195
48605
4178
52065
30395
31170
31413
47873
65315
59934
39973
23538
34345
64899
48594
40807
40700
1685
31943
14779
59958
5665
51146
45997
1543
20667
62981
13883
23221
42968
39382
27637
49927
424
54497
54748
34819
17967
47038
6268
53161
54634
43426
53248
55121
50549
10700
25018
12319
21592
25661
38862
18639
12119
12697
27760
28700
948
55358
19461
4302
15049
34407
33114
46278
36755
43019
27713
39490
29479
55894
6641
6465
1339
32708
52025
62623
39189
6682
64780
33818
46636
60132
32987
48858
51318
55060
37708
23677
13456
1077
6599
47078
270
5850
49395
1242
9135
28698
55472
56617
39045
27514
273
34760
61952
15893
53047
9281
43940
31203
54954
55883
36397
16396
16819
27652
55556
46833
57606
10849
45107
39684
47858
37764
17364
15419
55519
13746
59486
534
50952
40201
48991
39215
3233
7229
39463
48294
20838
10377
33572
20036
62391
33
18144
39517
26091
39946
5160
3016
25145
39930
62734
27279
64108
37194
9156
2862
29221
22857
50839
36220
38396
38876
53307
46208
7331
27406
39425
20327
33155
51329
42198
8467
42054
8842
8
45945
58090
7981
29026
22542
49160
49214
1167
35039
65447
38961
47232
31056
58119
58249
29588
34567
47161
7346
20187
5826
8042
60850
19697
55860
14407
32025
51647
51495
29526
6496
13394
3982
5202
23243
9057
62444
39594
33799
45405
29655
7101
17616
28052
5659
24055
7469
41516
55647
704
19111
2270
170
36334
17370
25579
39034
10321
52042
38562
20921
36644
751
8131
23182
51738
25665
34796
23684
57946
10919
58368
53271
42988
53051
13983
42822
10633
26107
64048
37492
22881
62505
22378
11379
53030
57770
33724
60285
42089
53774
46765
39713
18914
6925
48349
39614
36172
51125
6451
33643
20125
12120
3442
55654
49187
64547
29240
1543
13155
55063
46621
18171
26223
60464
46405
3122
37772
48717
64735
25862
38723
45787
11883
62949
30376
20158
55889
32678
59775
41460
38037
28877
41602
42699
49232
39387
59252
62142
26408
10986
1301
6850
57262
42975
11285
41595
12159
6191
7158
30613
54954
63359
15846
26529
58707
55767
41611
40134
1557
57951
21027
60032
48148
26817
31055
62433
2091
496
26695
41213
24592
2133
43644
62039
62484
1372
34514
1980
56750
14692
60678
28489
57044
39107
15055
36084
64283
21903
31883
27454
18469
20352
60117
33202
26931
59279
32426
61839
41587
3097
57684
65480
25659
48029
43382
3254
15821
556
36012
10597
42463
54970
5364
48882
57826
36836
28185
38428
62912
17255
33531
15908
4489
4295
15008
13500
5505
23789
49264
7298
58956
50640
4833
20593
61227
50670
58731
24133
51764
4303
19356
60459
46489
24476
53241
35489
37270
47782
52961
15827
20052
42388
34051
13328
17910
36119
39914
23788
49821
53792
48100
37971
29258
16436
6627
26677
33249
46455
39895
25695
8988
40823
24507
64224
65374
49878
13254
3815
3889
55893
27137
4419
5104
4442
39144
63161
48714
41659
42071
38482
28771
42575
31573
17053
11288
14234
38213
13411
54211
51175
52877
61165
8968
20680
22610
64556
41056
43535
10287
8017
58316
23312
6045
57610
34377
46743
37361
1615
56686
2463
38677
55857
26578
21103
57129
10780
13494
17458
2007
60250
10122
41798
5027
23117
63443
63846
34670
12193
51007
56507
13145
38982
21839
12800
30301
44041
58361
41614
11656
61859
9803
47593
32133
34689
30997
46048
45579
68
6827
52960
37074
43599
61611
39847
8081
101
56595
43583
39804
43626
20283
8734
27991
49550
16813
46018
31923
37854
35117
47821
44474
1572
25875
24640
9059
23849
14988
32301
7525
18870
59160
39250
42520
34065
33304
53300
64420
22966
60227
61519
52610
58940
15454
65483
37199
26595
34108
27441
14260
1001
64688
420
29684
33747
23545
24042
23160
28611
59337
15908
45030
52802
1614
39165
32968
53988
26669
18666
29535
9028
59724
29374
10404
2628
47750
31290
264
2913
25916
1678
16012
30766
40334
54648
51490
52335
58045
42118
5230
7516
44560
17806
61376
44894
6591
35240
16932
50267
51084
46666
8144
18307
58576
4987
31778
56284
44003
21856
63763
22519
37613
30239
46288
48805
52112
40485
18696
58521
55525
35175
62591
10247
41725
48634
49545
12899
25688
3865
41227
38524
37119
40623
30783
20259
11857
29536
16596
34158
47782
60413
41036
42989
22943
58661
36895
42299
50812
11499
65399
30315
31013
5710
7024
16891
25043
52818
48529
40167
52666
27739
26729
1436
44342
58550
40020
54842
56952
6499
13055
34147
18770
17439
10331
21238
38099
46053
56468
50778
43510
3126
26219
37213
938
7233
26323
46987
64091
13156
63390
2712
9823
32570
56285
23848
50260
24281
21998
16893
62492
33851
12205
33350
24829
19136
56846
58011
33815
38901
52515
28081
27340
62599
57276
8840
6061
65137
20665
23563
17622
29078
42357
56992
1753
54396
19902
48749
63046
32676
63170
56910
39607
63370
35784
60925
44046
43713
1887
29863
58466
10377
19908
12823
60791
12869
3118
31391
7829
29428
23010
47797
48956
53677
23112
47621
25219
52355
41744
43564
48530
39254
48091
48034
28817
41634
39684
3889
16659
1097
47445
34632
6468
64502
19920
50114
34719
53784
32406
46763
17170
25859
11748
9101
58461
54359
59797
59196
13270
49970
10870
50802
5672
21505
18061
24336
32010
54915
4782
22385
32681
25145
24080
29537
55512
1518
37716
17615
36757
55207
9835
25086
46042
47117
287
54004
21044
39362
50745
43917
2171
43179
9479
45837
54602
35923
42030
3075
43757
2880
17806
5489
20847
62024
21148
1564
19035
50949
17784
3312
8014
7191
6124
21317
23837
23826
48204
6300
33692
21259
5873
54521
41865
34362
15942
50404
45603
12206
28202
2736
6348
8744
35586
16982
59696
54368
1900
5527
53291
64081
55130
36859
57638
56481
19862
53241
8373
61940
31991
10463
63797
59742
5353
7209
28562
6696
19934
6512
8506
3707
32738
23245
60707
47044
39582
58827
35162
1875
32681
18085
5217
29960
59259
14203
22153
50851
15801
59128
7445
36831
41376
40041
9543
22163
2716
51190
44346
16439
51078
56206
41433
63872
15211
59531
9440
4187
24270
56767
55807
32287
5436
55184
52127
14204
52232
65270
27278
42392
40858
13071
63337
5557
13333
8557
61622
14526
50454
21503
48980
58194
54125
1041
43175
41386
14586
63780
6585
28207
18621
11556
7327
38876
41853
63070
17112
24896
57222
61752
44675
63298
9382
53050
33589
55194
47144
30759
16774
20757
50517
32371
48159
52010
53415
30260
62108
22473
43233
54624
38769
22057
58594
52173
44462
39400
41859
41134
54557
15030
29190
9937
61364
50318
4974
8296
60618
30422
25972
10027
20853
6872
60926
28162
34966
42171
64868
62891
32710
4507
27036
33549
58340
12337
17878
21449
4762
43314
23456
29618
57784
35540
7931
28305
39782
11449
40146
10428
59593
11399
58699
30974
400
12737
38097
12341
55714
39854
63233
33163
40843
11871
63780
38895
15577
29903
25135
9184
58222
4086
60275
10268
9609
36757
33346
55281
1615
34225
56044
14066
44855
39805
58818
6007
43891
55079
33713
49895
2921
21543
1809
1351
38352
13941
39356
59867
27149
27466
27189
35535
49143
61491
8346
43929
33735
52083
35612
33170
25811
59021
14648
46875
35036
60975
7174
37492
57349
2797
24310
51609
34674
24367
63338
16818
57832
48727
14997
22182
54115
7701
37394
43459
32558
110
29623
10991
18353
44585
33715
2616
38731
14258
49340
40014
17901
36735
36861
62186
64716
46519
46688
24670
6316
717
13160
12823
36999
56028
42248
61151
57749
12422
57630
17833
2577
13109
40577
3750
6468
15723
54150
5678
23998
32526
5558
51742
56514
56557
35770
30011
33877
31759
5937
57169
22997
40532
3678
20684
21319
3957
16114
56443
4386
19787
42507
57484
65134
22150
37114
40246
25742
10547
63192
18542
9743
53496
284
49715
30276
51743
64684
18239
9283
32956
35098
59986
31257
42265
139
64623
53286
24619
39702
38901
61550
57648
11502
30172
19394
13925
38743
35737
43396
34800
40589
31075
56813
33350
63518
34471
28969
53474
19621
37944
10736
47841
19961
60514
39179
20263
21769
6154
35163
13877
35716
64859
9789
30835
36221
61260
27429
24066
43202
27543
58606
59261
63208
63334
17106
45501
5150
45980
53593
46336
8562
31756
12650
3831
12754
26698
24935
55095
27976
23901
64741
10208
38618
14738
4660
25125
26106
38125
23857
27720
1119
52344
48792
23692
40752
31596
43638
26294
4198
19243
3639
7136
36567
40659
19474
41971
17031
59197
36987
29135
37452
28070
42536
45735
59842
2844
194
38242
63559
41879
30985
22185
44361
45856
51251
25780
72
4917
51639
5884
54545
35205
49437
21860
3252
12014
59683
25639
31444
9000
62444
31391
25239
15259
22958
11922
29621
59216
51585
25644
20627
33559
6720
52930
47617
62542
8593
37627
1363
2049
52436
43424
36045
1104
34887
18490
829
8574
64757
27812
44817
39007
12525
24481
40171
59104
14884
51881
25524
53976
20334
4790
37156
59030
23291
32918
40619
41285
4693
64374
38621
635
62204
14095
2048
21667
36362
53730
23998
10472
22957
14702
39367
42113
55439
41062
7894
34938
57064
2230
57919
11519
4616
17657
40511
64396
25183
13856
39367
26347
49046
44035
58085
4282
52635
5035
37916
15167
57337
1218
781
36332
38760
12897
14364
45686
57327
1414
15397
3767
39340
62419
61062
15999
19010
35082
19776
37756
35767
50106
26129
36946
21140
37291
39858
9415
1019
50227
35214
24528
53752
17995
27490
51222
39138
39557
53558
35918
22473
40786
46611
3852
46635
46195
13923
46425
40522
19450
52791
53601
16500
13596
48141
21168
18237
33305
32278
20935
11105
47989
37603
10024
28948
27450
419
31375
27026
48531
38555
14994
49102
1768
34624
9937
49465
8722
26949
33046
18090
17422
33952
46043
46167
38587
37097
376
63557
47615
19629
18231
12246
27739
53795
33726
13617
47287
29512
17967
61821
42514
22965
59672
6158
25695
1225
38702
41015
31004
27757
59658
41543
45653
5114
43417
24213
52910
14075
13183
59975
64744
3227
26430
61521
6324
55180
64505
26453
23118
31434
60634
54791
53725
36677
46335
25155
26121
51728
42247
50130
35256
9575
586
25756
13340
5325
35222
64334
7811
47823
54375
40523
11873
32509
47081
40734
25924
45490
33425
50365
17940
53539
43179
46302
5515
31826
14713
31481
35402
21372
24797
33697
57956
61013
52673
12032
38009
39675
39939
32188
48810
14578
11422
11051
33161
1852
62192
61644
48734
17112
30012
36458
30973
1506
21429
51614
53088
27776
62825
26235
50514
11169
48321
45209
39631
20818
25016
13934
11327
30058
4066
42789
15824
11731
26943
19049
40329
53705
2333
8250
36517
4923
38253
56639
21596
48803
14821
3545
12532
60470
26637
4656
61869
16977
35333
58527
31123
42059
63151
34822
36571
8875
60837
2592
31426
33697
1579
59012
36647
35224
11700
21111
2158
12402
6466
8811
52882
11471
499
43901
61806
60288
21380
50003
10176
796
20110
52503
36911
62
59366
29603
45419
37524
53462
35385
4446
27361
2601
12690
5401
28712
59362
32206
48103
16605
36034
40914
15127
36970
44994
23228
53299
14506
10508
36040
21039
62435
17410
24647
45798
6748
17929
57848
37128
53521
20237
37481
57800
49838
50258
44013
21595
24509
41705
25913
36364
23460
9239
2409
6010
47870
3090
42960
62107
64636
39337
6759
28201
26564
28702
46125
35046
47904
58511
19506
61148
47207
3987
17153
53053
61208
4293
19423
31906
33517
1893
50356
3309
58456
1567
6399
30113
53887
8178
57945
58865
3322
56405
63108
48623
16955
22428
3184
20906
8292
29521
49005
57727
38544
469
6529
27001
64184
22082
46804
52485
36359
50828
51005
4441
29875
41203
14983
51758
15635
60538
32989
24557
27781
45957
57887
61485
8994
29165
37933
45488
1557
8952
35017
58367
36343
46908
30479
49189
45849
5961
19240
26713
21480
14230
36538
14279
19536
16706
26830
19388
22789
22978
19575
22127
62734
15053
37534
31479
33479
10876
3112
5549
39055
55552
6816
38554
64541
38131
58368
49058
15657
51895
51870
3222
29813
20626
56918
42328
51832
57558
1186
6054
56036
4871
64264
38134
61262
44583
18413
25129
16920
225
52749
23941
20506
38269
34442
59620
49110
24346
28213
10439
12762
52968
53625
49971
16154
29801
8547
56140
38503
58256
53553
10369
63665
61259
8628
60600
15343
30607
39961
7413
37251
26842
46060
6608
22202
40175
18638
7310
23694
21311
39756
33094
31329
58772
32077
13691
9836
36335
57824
46299
17164
29987
32323
30711
6385
316
4797
3024
63274
24636
23609
41192
37753
3478
49470
4800
23774
9279
35773
54446
57831
35950
35163
52559
63388
15823
8038
45542
52176
46434
35619
24228
46150
49786
11148
34706
36151
21659
21743
20514
28365
50108
56890
48143
60988
31326
65089
4854
43253
43676
30506
21869
32939
60981
44194
19038
59653
62385
17875
65288
16930
17875
15907
51590
53416
26943
42798
61341
17479
10727
63560
64879
40747
7516
56232
36854
31264
46262
3310
65267
35768
53757
60313
44969
30495
59001
36569
62622
57596
48341
61148
51855
33290
26274
23253
24667
10095
30748
63440
44439
55687
31476
11625
10566
2682
60285
25233
43963
24120
35018
18579
37287
49256
58033
40426
37943
24184
46578
8167
55562
26056
15408
4656
43143
20662
51319
59401
30554
37921
39398
29551
58749
45245
45178
2250
10573
55485
26118
15625
22679
7840
6117
49537
62795
24846
5643
51257
51027
31049
32837
43460
10857
42071
60266
44647
30534
10957
38152
36331
31183
47202
13464
1422
37662
40851
11968
50006
10663
22003
46731
22375
52258
49033
18049
25779
33732
12420
19234
26329
64664
36955
28718
33114
34282
29914
5039
35783
34029
8296
13360
37129
17195
13408
39039
57784
25970
43147
35325
31594
1920
12640
1579
39071
12425
10668
18659
40059
46276
59227
59448
25595
47795
45555
44018
52652
5809
13886
827
2614
32949
31660
2152
50156
54188
14256
6562
24646
54546
1059
52639
6783
41371
3225
1121
22391
51501
16414
29090
31690
3110
47654
34401
21942
55350
58411
56532
56915
10658
20816
54338
36885
32494
31305
60233
20104
1777
45984
8518
29552
54978
28285
9828
21916
6218
57518
1531
28770
6233
2431
6256
37842
48568
57168
65484
56794
28218
42154
14805
22757
46994
19282
11608
4033
56026
46790
11591
45187
61801
30130
5756
48027
51553
15178
45364
48140
54651
10860
12786
43891
14440
9465
38017
56420
60246
46655
64129
24533
50231
44968
24073
30871
30105
30180
14153
852
48331
47507
58025
27569
4760
48316
58138
33852
42395
33388
61047
46895
60258
34961
23921
14298
5442
18565
53698
36772
54957
19879
10239
10861
63334
37295
25588
5483
34525
37421
9011
1081
50811
7307
20994
21271
50379
17882
1540
63337
17773
59685
50071
26245
5162
57632
28540
28512
40375
18772
53103
181
35668
24681
5384
15896
19472
13238
40879
25787
47626
22403
43629
61856
8298
805
54139
39381
61735
39264
16106
4138
60599
5938
19438
52873
42746
2570
53101
18143
17846
717
11521
18960
56002
2177
23928
32510
63694
8150
14291
15188
15823
51700
19574
30068
38780
40312
49101
29948
19289
51561
43715
22100
11137
12374
10698
44457
44249
27157
48554
39032
38983
11735
59652
13829
45679
10891
30017
15508
8936
41371
39922
54785
48861
25813
13074
35679
64269
62979
880
28482
9959
1419
62284
47807
48894
28299
43241
30397
20274
2890
20987
39133
44157
53708
44569
55951
17067
46096
34457
31724
2992
49717
59012
63635
24731
41720
17408
37016
9263
17516
16919
48510
51779
28334
4314
32260
28029
22945
59382
40353
61363
29359
8336
31040
14869
32650
1514
53811
62063
38973
43469
30805
17398
48645
43319
45075
3
45302
22598
47508
53199
51504
22371
55578
61653
24850
20951
61980
39402
29884
22109
20036
10261
24111
30617
9018
52507
52117
63985
18291
11577
32372
14539
35900
54459
22600
9855
47963
45254
4686
31796
24270
37145
11262
14714
51356
52414
34296
8848
10867
7827
24417
47260
45996
7244
46590
63738
53174
8724
61771
43734
53008
2265
54507
5080
37792
29610
26169
58084
49765
43683
27939
2353
33385
35903
35786
45326
5778
23955
56710
65242
12354
58191
577
13552
57228
65120
59918
5965
30005
5920
57917
20317
46555
14309
7253
7550
25790
30389
5073
22692
15929
62928
45082
31813
14722
9348
54895
45332
14129
31919
50634
54752
25028
37911
45952
47319
16770
19268
11781
20293
2526
7249
44015
12331
20844
20675
27070
64118
22069
46564
21558
31920
11952
57950
20561
4340
33786
29129
14636
52606
395
32204
4803
48822
18577
51707
34116
64047
3343
14160
29831
21255
11211
45753
39843
30691
59645
35633
53217
13597
58976
59482
39343
7123
644
28829
61986
56789
53912
9484
24349
32901
2276
34019
57335
27762
32611
25574
41629
41815
2199
41623
49366
51719
62069
15484
18761
39126
39002
52003
34109
50947
22491
15616
43813
13128
36914
43486
10484
45511
34015
134
38962
29840
9577
50754
10400
57771
58510
46274
17948
36983
6649
19124
23656
9159
42130
44541
50243
12108
4214
54420
18984
45113
6909
57539
31396
20478
1184
24408
8028
58563
50662
488
31871
56614
25977
2912
40165
1192
63209
54129
3443
31776
61295
19930
34052
39720
63091
57704
36442
36883
56340
48957
42946
17276
10285
31439
41550
65006
9225
35426
33109
6522
56897
22375
47505
51961
11845
63436
59468
25297
64077
37039
46972
43929
47522
35127
20515
19558
61485
13864
51408
19964
49840
21077
18950
14318
15689
19311
8361
63234
10077
28828
3877
34989
4193
2924
42398
30444
21178
64940
8636
53883
54353
9482
14668
38861
11807
60127
8897
29115
20965
49685
37792
4347
24046
32465
10184
8927
6182
16624
27671
59440
2925
17207
37655
13250
44496
5970
31853
16002
55160
48269
2898
56914
40917
21748
41152
45313
45702
46904
26029
60166
47789
47683
59930
17548
30704
57114
35586
1091
33335
5299
45877
39205
30891
23724
24715
55578
26186
16764
2920
42833
46806
37328
29349
32659
28138
65318
24025
43306
53493
45086
23810
30467
43188
1990
13927
59928
10036
23093
33193
22476
63775
46134
60211
30011
31810
52489
34876
58194
28806
2391
60264
24444
46507
58651
44043
50432
44644
9123
2034
60740
5228
31453
26289
53253
22763
44081
47777
3636
47815
45431
62099
64301
17209
37267
30695
15140
39340
48970
35111
60215
12546
11334
15732
28828
16861
40613
36939
42698
64385
15696
15432
49873
3466
41541
44005
60849
4895
9592
1
37090
52891
29667
27078
1254
53438
50862
19984
64793
5151
28498
8989
26985
41698
25989
30843
5330
31496
22733
13107
34984
14435
28210
27635
51109
41886
61295
52431
64348
53458
36983
10934
10590
26827
38639
24753
53725
39623
53627
11180
7848
4236
40686
61365
40057
30641
47021
61931
62007
17168
51036
40744
31467
54819
63904
17014
39940
45186
31031
60225
8235
47370
20705
32519
38293
25486
50926
2470
46482
64624
11611
16470
54873
48782
60585
44760
40172
47396
53788
29542
51155
43785
45818
1365
21196
11911
28414
41191
27654
1048
17272
30573
24708
31472
39360
50172
16867
28471
51806
52625
27690
54989
16856
53234
51441
429
44969
2441
62218
50788
57503
7294
31318
33538
53825
61302
7211
37408
28979
15149
16768
41151
11964
63063
42930
27502
60042
16884
25959
33512
32431
18470
37328
49376
24831
3593
43885
24836
16414
49052
19549
26637
16378
54318
60311
62957
38969
20820
31047
9008
41388
45973
60324
32003
45582
8061
36007
18318
38285
24245
27450
11629
8508
4007
43289
62379
25873
37892
23851
47933
28576
52824
28613
9628
33921
59027
1111
13112
8011
24069
46028
64353
6604
35471
15829
55112
15417
42047
36085
39052
63023
61363
56474
26919
42026
42839
45124
43966
4292
60700
47928
46630
29177
61720
45854
32222
54245
11101
14722
39746
31959
5636
14137
6813
61453
36354
2421
8115
19316
20456
8775
35137
64544
43306
64210
54099
26809
18946
44440
21086
37512
221
39838
52173
48653
6333
13725
55104
53963
5027
22967
46535
1085
16591
14802
6316
13685
45271
56458
49017
13214
36615
62677
47655
39532
9979
6619
12653
51824
18698
33583
48181
23290
34082
7385
63993
48348
47631
56292
44005
36613
20915
32864
40147
16996
60680
46522
6846
5940
12047
1507
30425
33893
48024
12151
60798
50071
6619
35171
16828
40900
37334
63937
24119
48690
48079
33509
58510
61910
59901
14094
48106
34275
57780
34423
36090
28871
13213
4180
41842
47469
63944
38446
6734
22311
34906
19718
7272
46688
54299
26217
42503
41191
59320
65153
3722
62619
18175
17532
65534
38134
54981
56883
45263
44133
1948
42862
31709
12850
8235
28241
18797
44131
63524
10627
6313
62357
38200
19758
28116
39564
38251
47757
32467
54154
33300
49182
23964
45643
23541
58541
18044
25679
6023
22230
26224
58094
42022
14612
52937
52751
13518
33163
1402
61400
11198
19131
38019
56856
20782
49552
8317
58520
39346
52787
61144
8444
8877
924
21866
18408
18799
61465
34814
50491
1183
17762
9072
37609
33769
18414
41107
64118
12179
6368
6612
1130
2993
7679
65508
27187
64341
9587
28090
26346
56277
28787
61789
20365
6416
28404
48832
24156
33418
21658
52280
46120
10015
21949
59709
43340
32650
48187
9875
7479
16666
29306
14479
37978
64131
57518
64282
43208
11950
23520
15239
19687
40747
33160
37889
37840
8272
12807
41820
13227
16182
7344
9355
57346
14421
11770
34488
17103
39215
48418
36465
64917
20393
11535
4234
14731
62249
11660
15175
32599
19537
2042
33479
34763
11174
2168
61042
46147
32117
38894
24222
19451
4369
25166
21944
18771
26358
58548
14623
57743
9790
37143
9895
53853
43797
13326
57654
16827
46356
12467
45464
64278
12837
44959
39979
21240
44188
47301
37963
53086
8643
57609
20844
42391
23206
19924
19368
56873
41745
59746
26445
57668
35268
54253
26633
40326
23434
19197
20796
56382
51957
26583
62553
14037
36062
61347
36708
45153
6535
36154
7306
3048
25394
47591
5699
60349
41537
25078
28229
31199
29769
56792
5437
20230
8327
31264
54001
2243
17244
16659
36498
8382
28716
12659
831
52279
18428
62070
4475
61776
40881
12825
47234
19782
55
18291
14351
27758
3792
64474
60337
47777
32825
58975
52656
47458
39148
59111
44872
50175
55323
57194
14684
10647
10501
50134
42895
63385
31442
33776
36417
8145
17880
5127
34634
25114
58716
36876
55546
10439
3891
33612
52574
22770
41465
9694
43038
29039
25818
61884
7759
62602
3729
46414
19663
65232
19395
50625
11569
8868
7734
9931
2243
22330
52180
14967
26970
21704
35961
54527
49684
8983
28906
22705
60456
30543
26380
24935
60270
55664
28843
3575
53734
15420
4669
7926
6931
17618
47279
22212
12892
37013
33141
20872
26137
56201
46177
44575
16026
31373
14801
41219
26849
52856
41898
91
65463
17321
30055
45897
14584
51520
9158
11635
27422
21618
39935
36367
3834
48569
2210
32551
41848
38436
37646
38178
19480
40094
40779
63161
50810
46081
41541
47450
55822
630
22466
9072
57204
35837
40387
9631
14293
27953
24102
55212
29291
27963
44814
1774
54688
25666
49274
38741
13604
64843
33963
14754
5452
2186
48687
2355
63900
45250
38119
27381
52469
54017
8463
25763
3454
59301
28676
8208
16913
51977
22955
56853
51802
40415
15788
9026
36638
43637
42232
19427
33020
58799
12527
35894
64253
23202
37567
38380
56865
2210
16124
28931
14442
33007
27039
23994
25812
46638
28882
30510
6737
58900
37010
30986
35486
9326
15146
29637
42293
17847
23519
40752
49393
55479
9618
27883
42953
35413
48515
57992
30198
44263
8452
4734
35903
34406
52780
58484
13242
41050
42698
52724
8691
29430
24410
62575
29679
60549
9706
16318
25672
43684
22818
51226
61660
64390
46972
17587
11068
57117
8509
3385
48330
56055
8987
14096
29577
31922
13964
50478
56691
1235
13873
38252
27032
8550
29040
16304
50324
14181
34290
22595
44870
39872
56191
40658
19203
38834
42181
17578
26483
50126
59255
57424
37762
44377
37779
16169
48342
59566
40873
43505
11012
12929
25331
33923
39064
17164
54323
1194
50231
48034
47873
49754
49463
19972
4840
53675
65178
59293
52603
9067
62500
42347
56040
42159
64508
15335
13341
65233
26452
2406
60253
17206
65332
38822
10574
21495
17365
22297
14919
17270
17826
48860
29663
45696
13922
8514
21808
52859
35720
4049
21102
11451
27798
528
1344
5330
3571
15434
46672
48315
4673
36911
12845
28641
30082
16708
24680
12193
5854
48857
45457
48521
10508
13160
42431
56776
57426
33325
26735
46934
4560
7802
23023
33820
36723
49128
12874
26985
37263
20545
39812
45241
36904
29877
8559
62860
23909
575
65156
53678
44999
50200
55815
50918
52759
47830
19810
19032
58678
61494
1447
56464
34332
10223
59248
42661
7973
36591
39552
39185
42311
64940
46872
24260
50969
27583
17446
19369
23196
43018
42768
42326
3999
41273
12857
46129
2823
14001
27813
27147
30668
58420
64000
59260
14152
29908
2066
55270
17301
13551
63150
2735
8452
36521
1528
46417
8790
3729
53128
38959
29781
56709
30197
51315
51308
56420
15522
13138
8874
6362
41646
4606
46375
58734
27381
16787
25504
8988
11710
57798
5655
1143
2935
2980
36090
41220
48039
44437
38902
2510
14791
20029
39919
21138
26938
13828
29961
52920
42049
56092
907
26742
12345
44408
6787
22502
49446
42480
58971
62742
48714
28204
54040
33466
59925
27359
17066
58523
890
15157
47520
20538
40416
20659
21295
18396
37362
36165
7202
48487
35408
40520
13193
62996
58847
23391
22859
36338
50192
19172
23954
9891
44810
12906
34779
15029
28551
16503
31235
5099
44507
18395
20749
44805
18734
9669
10308
41702
56013
32697
24319
6015
45399
15034
20626
21047
22099
27082
51040
13767
33313
47780
2634
1728
32964
5706
45922
23590
53371
9397
55958
3447
53036
24321
57269
48165
42710
28903
11011
10420
65028
46804
42834
52798
33783
9743
51703
8693
20220
57858
11666
5667
39707
6033
60399
6771
44248
32227
30066
41745
37294
16067
5732
36108
54381
14385
10832
52468
39049
22465
21317
13796
64170
44245
47975
22527
33712
38264
18029
45238
58565
3224
44358
56707
37090
18605
34893
26713
57166
60142
25961
47190
6088
22913
5514
31451
32232
62847
2491
38699
29034
26919
31872
64513
3815
26138
43367
5283
29448
20612
58606
46730
39762
17840
50957
53689
25958
18124
26445
17622
29973
7193
34070
52710
4861
39835
50309
12088
19218
32654
5133
6860
25135
51667
44739
37937
7621
26486
14896
47886
63708
60673
57081
50475
37267
54652
28372
38557
41659
31335
27298
50216
42950
45705
23716
49301
34138
39197
56356
43417
39144
26594
64596
18114
14955
32730
43430
50668
9609
31474
15072
39493
60485
13613
57976
7010
24285
65477
20886
38586
28599
49833
46335
54986
24178
39898
8775
26315
48260
24780
40102
36272
597
51138
17144
1701
61035
14337
37916
25487
62851
61329
63299
12335
57706
29989
4268
26114
38501
10342
9838
40389
60513
37297
37983
15434
39614
35546
54055
8711
33003
51796
19633
33714
45016
47267
25301
15285
39541
1165
55119
15257
53081
40353
50456
40525
49581
36152
19885
26150
63778
10877
53078
23301
33524
39053
48739
22797
6035
59732
17966
62371
54073
45481
19464
40406
92
4818
53746
21446
47545
50503
29853
30460
20116
702
40256
43912
48646
10131
39784
16172
10156
13052
37152
58590
46916
45968
46554
5143
13114
54012
12216
3894
54215
12172
53936
18976
44906
32386
22548
25106
33215
4262
428
53099
25315
11906
49832
3323
52959
680
30190
28395
23016
57401
14817
63389
14712
3315
55566
765
17350
48498
28508
14209
10702
52418
33990
9535
38627
63703
21976
3067
44139
1319
54153
40493
23118
48781
40816
28144
7708
43086
56283
63319
39091
30777
58138
56462
18197
48663
35685
39467
24732
14801
4153
481
59769
54918
2918
59748
2130
38195
60824
37486
22538
3741
27638
6107
47451
17911
49345
44112
23847
43192
1667
3502
28358
61103
54261
17208
63611
44263
19521
626
16129
23351
21926
44397
26807
6060
36486
9963
34012
4392
16794
13517
38797
57360
35925
23945
11965
38229
50832
44290
35960
62780
42264
53415
38465
36956
21052
58705
43841
1799
61030
63053
3904
35989
20344
14891
8610
33394
47696
34065
45973
17552
43248
34584
32109
21237
39025
50862
32989
47741
25649
62982
48005
21363
64540
6377
14251
26640
39104
34556
44640
53755
58490
25763
55033
42088
44970
47566
6343
989
24857
42121
56907
54304
22321
40516
46015
41611
61932
33201
54402
40812
63060
2416
29910
6062
35227
54718
20019
60956
11495
45576
11880
6419
10785
38623
48474
2921
63614
58288
42083
13897
59838
61551
17052
54360
60027
26868
20508
55892
26613
22503
9295
39174
24786
32564
8142
18473
30193
45974
44711
13987
21273
50385
32529
43325
7515
52634
34558
27499
62436
30328
32291
5512
7267
43272
58246
58331
6787
56661
45498
35782
6271
20236
57163
3597
18577
31987
33966
43625
2556
12319
13697
60575
12266
32394
54666
5103
10455
9627
41170
61199
65145
43691
4107
63454
49978
22441
53727
19471
28049
61058
39417
14862
38507
29787
27489
22468
15951
38326
37876
6660
24124
21984
47625
5667
3077
39486
31088
35070
25353
21104
55199
37803
252
15800
58861
21963
15606
38644
37605
6817
30407
62385
31248
52543
15861
40170
52974
31336
15615
15788
29341
61020
31231
63420
18175
45826
48394
64446
16478
64967
63634
45106
46718
35417
5333
37139
11285
35698
27122
6319
15241
23806
15235
16301
59746
36843
57918
18340
19492
17541
43042
54387
12017
29067
43409
64193
35623
53512
13652
61759
37380
49408
60178
47392
47461
17201
34561
22045
15016
29277
55921
57087
28930
27161
24315
61175
48457
7082
59775
61269
13611
58291
25081
14649
21174
45582
24761
17442
3706
7314
64392
41157
15050
33832
25565
25103
29498
15969
13119
41989
47302
49020
22719
10524
57694
18682
34464
46945
19156
40262
55809
45224
35796
46416
30406
24525
61763
45248
17164
6180
56871
32637
35396
19111
36379
9840
47236
54409
40622
41975
62660
12751
19113
23334
12189
19564
2269
43735
31951
63284
56025
529
40555
7038
7970
53648
52043
49925
2589
41060
56244
33429
65413
43715
32169
31587
10017
14693
31684
18972
27246
35852
31829
2586
17943
64585
33724
42254
2655
13952
9562
2836
41863
64284
12246
27146
42199
4685
632
63558
20901
56145
13725
23255
36174
12112
44000
31543
23587
40980
44860
29317
29501
30998
53077
21463
8264
51357
7655
17195
25015
23130
62193
18976
20621
48023
30562
30222
39954
19286
64019
48651
35063
60243
27995
62886
62825
47424
17509
40572
4825
62019
44616
32438
56037
57627
10556
40519
64497
45973
29979
45308
6272
52443
52027
16889
25493
37136
6230
37399
29884
56690
27163
49256
9274
11478
46647
10653
41456
27011
32781
4085
51449
9754
20164
40468
15199
13326
48885
39308
38215
61604
48594
41555
13085
21781
26747
65391
64874
48843
22161
49240
59344
43277
25892
29017
9136
3401
45947
27081
53356
30683
38739
56866
57121
16426
44116
36495
21556
31180
2525
32558
11618
42803
63072
38295
63953
24938
56028
64450
62871
62747
14286
62977
54084
3880
49009
59642
54447
59448
13861
3185
64192
55852
20809
6742
6469
60602
45526
20772
21104
20906
52827
43329
35920
61142
35907
21061
51876
10156
4844
48448
45785
64823
11239
35001
18527
15892
49394
45345
11789
6865
55785
33014
16478
19175
10578
16823
11213
65453
1353
58664
19456
21106
44254
34133
5230
59686
6990
14560
3277
38356
22368
13655
4612
17784
31108
34361
45588
31735
46617
27554
44611
40507
14331
13859
32105
17360
58478
40230
15366
14670
50177
36792
34488
5814
51278
12487
12715
43770
33382
27663
13410
63728
59758
33225
8453
64250
637
40171
58535
44107
45996
46048
26296
57682
34593
50140
22677
62453
37851
11441
27384
12745
4661
21575
5916
32354
38891
47014
40074
63502
44716
63605
48707
6047
34231
22579
26270
56686
5927
42145
65404
19879
60951
59828
16856
4255
40943
2033
61163
30812
21184
32971
613
23642
19087
27848
52770
21725
13755
19466
28224
23542
34745
58036
10380
56856
16889
51801
32078
42824
31522
3881
10040
43289
22024
27286
56876
15625
2402
52456
11549
8111
24534
53815
19892
34576
10776
46027
9566
16720
26442
27829
54398
34435
45562
22087
17599
18469
19472
3675
59543
51607
44625
30147
2253
11929
44320
44070
3967
45018
26598
28851
12211
27104
48781
40465
54585
18448
55137
1655
22390
49486
8986
5418
58699
49634
2551
35566
36080
41765
61193
11513
57770
36192
52764
49144
56839
10066
7587
40636
57323
21639
9435
58967
616
60038
34636
26797
54424
25138
26165
22823
35457
45426
28608
16531
39104
34841
21898
65364
31503
17728
11225
31091
52677
51287
46649
21455
26142
45005
61817
4552
18603
49223
46367
9465
47510
20423
3301
48943
8511
3515
3911
57402
49799
40229
53659
62536
2698
47313
63284
24689
62239
31935
4051
5346
11838
41972
31728
54302
39692
57096
48994
30827
62620
60280
48671
4136
9516
62967
50574
18015
48994
39875
6805
41457
23646
44751
62756
35725
54833
24808
49685
51374
26775
60830
60677
36095
62315
14726
3292
21918
46191
24471
32204
14349
19244
40615
33952
4228
4314
40964
6598
26657
47797
42517
2719
61248
34848
52119
62329
44437
46193
58747
17254
37622
3852
5302
34920
31552
62361
43035
44848
7427
25203
30546
36647
12658
12460
37983
20695
54774
42663
40884
28981
54391
12028
50858
30615
7445
59549
58740
36129
30195
39846
40994
36233
24646
34644
44071
14606
43581
17477
1110
1671
50245
57384
10444
38659
6477
35667
10444
47314
55425
21708
64901
5469
23451
55944
57423
29806
29801
17056
31830
40520
12252
42429
22242
62062
23361
59854
58188
57861
3942
4048
39274
2881
10339
22896
49690
32434
44532
50924
28659
34633
64989
60157
5271
23777
15580
4487
9310
44264
48446
46640
64504
11601
36131
3046
19641
35043
63700
10516
54118
35582
61154
50888
36198
878
45911
52504
59319
57890
6553
38287
37442
46629
41198
10793
14260
64589
48514
31514
38741
36133
57603
40382
51539
24882
2420
54855
57819
47728
13093
55756
39501
9602
40511
53679
4363
20248
30559
47458
17689
1149
33484
43466
34281
31182
32201
43879
23238
51883
43466
61446
49197
10653
11315
32175
47700
45540
35980
65501
8417
32954
48543
62831
62990
12189
275
8460
4877
34047
30378
54917
23562
1322
34986
50017
12215
1429
64571
27875
36216
12110
9191
9691
43152
37402
23354
33198
52156
2902
30481
26058
21248
45567
42663
56096
36051
41801
5701
21799
55842
8034
17661
2808
15485
37739
26140
11560
14607
62263
1653
55979
16268
59404
39266
46105
57764
18261
10718
29496
13378
34097
28577
41479
22871
52748
16850
31585
45451
47919
6847
32948
32303
65372
62633
51805
21112
12309
11976
24534
19590
47905
14265
52711
29288
46113
55465
15489
51296
49009
52066
59599
40566
6281
54984
44437
26777
29716
20143
38674
33787
5015
31961
3535
30908
55584
2795
52039
34224
26825
60739
55880
48463
5484
16142
32417
56696
35683
45121
35490
21141
18153
28029
35115
54743
64504
9285
36365
22513
25849
3689
2918
30166
23931
5183
64903
50716
26831
5583
20095
60509
43740
41119
29698
54234
58853
32568
34717
30585
56819
29559
3936
2793
61271
13736
52372
2376
37136
23622
1963
59513
25132
53090
17351
13865
64964
8473
33538
7716
26621
43481
14306
7644
38960
20228
24318
8714
43715
11167
27722
6013
56473
10020
62886
12865
55688
26620
48794
37028
10713
27529
29341
41136
51597
31651
31547
24431
21480
32738
50663
47169
38714
45165
44436
37340
61368
39615
61094
44603
23257
7849
1612
33523
23956
57175
50121
5349
57693
3191
16950
15357
27946
45334
32158
39224
64320
52403
19983
43774
52277
51321
9236
45312
49429
48300
38410
54046
22113
52950
41382
17469
46070
54502
22396
22206
2276
60043
14598
55503
2984
15655
10393
44819
41085
61714
30634
47179
18730
43035
1100
28372
58373
17680
47033
34843
56998
59515
52007
6611
49771
63156
37278
19382
43585
57865
60928
8527
64911
59357
15949
42778
49618
16751
48673
42746
34829
8825
46740
10932
36898
18
50601
58296
36596
64251
46342
47285
48019
6059
60001
52719
43163
33268
31887
11579
477
7291
30201
4919
11546
63903
31028
40605
3498
39325
10599
11105
16877
128
44302
27998
23545
34788
15209
31866
7663
5162
31381
33666
18736
24366
55212
826
24785
24290
24708
57338
13965
846
23584
62337
2554
49182
7957
13755
8036
55287
31976
52312
30247
59529
55867
51733
53787
998
62685
39492
50669
58795
9931
16145
40424
6907
26147
64449
32785
62485
56549
204
8984
9570
34345
60116
64615
40942
53188
697
13612
45424
33013
25365
43430
40747
57194
10504
64692
49602
57599
52667
28317
60871
48857
36239
64899
25755
49767
44612
52802
64028
59870
22284
17467
13520
4919
19849
6507
59906
15451
19409
61017
27226
31855
59415
18084
15821
62326
41789
34372
22201
36349
13317
29525
40109
48695
36860
25387
59832
21864
41659
19278
44930
65202
12085
9644
52417
12599
60293
34570
32007
40859
17633
43738
34540
13620
43985
18204
1872
38133
25794
46664
52684
54881
25769
14958
29076
60538
31457
12836
54620
20969
46857
54162
21475
35007
9487
55093
34201
6863
46218
22649
62081
5425
6200
14126
58381
17042
58940
20525
9624
9780
14563
32494
55374
20357
21699
24289
20681
8536
45935
11374
7397
16502
58646
60718
19104
14133
26461
53958
44124
57294
4315
15785
64332
8127
54491
59235
8426
41385
39408
28374
18909
40570
13483
36220
44909
39
37542
18924
5134
31105
40383
47755
6031
58605
43862
31917
21026
17795
40904
57338
53024
24377
12457
29543
40309
35880
48334
60072
21502
49804
27241
38503
8574
3770
29375
8703
13261
34308
60399
5792
35162
33215
2110
18786
20833
22127
51916
60915
33708
47533
19541
23342
58838
59665
43342
9937
60181
56977
4700
33157
37737
33659
39816
15790
12305
56119
44249
28805
26878
33027
32157
47200
37125
48030
20447
56822
4188
37769
47862
10578
19475
40773
12065
9438
41860
52384
47979
10115
37583
13634
18626
41296
17624
31544
25198
12295
32476
22926
50930
40929
33422
28866
31040
47729
51357
63945
37861
34473
13992
43830
41165
55528
56796
18709
64306
65119
51543
53148
59354
36991
8114
58627
64484
36440
40011
11664
32890
58317
23396
52018
33876
5189
53184
51738
29548
34391
23715
41480
61747
62803
43815
9647
40141
57784
49679
41034
43812
57330
14396
23967
40587
34264
6212
59781
21791
54972
9531
12893
62745
49525
13481
13901
33849
64473
13583
29424
1170
42864
2499
39715
29732
58649
51103
51436
44057
15910
59069
16135
49188
7363
54450
63448
51533
42370
42254
37424
3398
7375
45752
8754
54576
13301
37387
54909
4993
44285
19088
39330
4851
26889
4174
58025
32619
23507
13726
51102
23444
17061
50656
28614
56363
33366
53686
12869
60926
62509
18975
54991
12799
53523
11578
37690
63374
42420
35546
39632
32281
53448
2257
1525
64618
47720
31464
29685
41139
60916
26297
51241
61215
4203
51056
2940
46184
2733
3930
8451
11635
24306
4487
11068
58506
14298
53042
1979
52050
9759
2775
41308
39476
45462
20806
51127
63585
33564
4461
51410
62514
14512
1092
14740
38463
64362
31017
50390
59848
54903
39929
11086
20502
30063
20682
49875
14485
13410
19452
65194
12686
62178
56957
55952
5979
20611
53233
38703
54830
10447
10041
15237
11100
58791
36689
46245
50365
47184
50108
36527
10912
21374
29361
27262
25815
3205
11284
10050
46386
60937
23209
14281
21712
39554
7688
34529
14456
53008
5828
37632
35120
36230
30011
20028
24723
49710
37486
19892
61677
25049
65465
48533
62495
12274
7593
46694
64782
12604
50581
60548
34573
17907
22858
41391
1610
20652
55809
31941
16657
37998
33696
19805
21775
19245
62585
54099
58404
45268
16368
49209
61480
20255
38130
30833
32825
15526
50384
44356
40221
2796
30196
33951
2298
60518
57363
59355
13238
14593
43820
4445
42139
45686
5352
2476
24114
34087
59882
43734
6655
58693
2022
11123
45187
54001
46723
35707
17247
51906
20888
49353
10949
27344
57107
2115
5086
49713
16119
13706
40186
64442
12477
64077
17558
21812
34350
27649
4433
41718
26420
45578
45859
32780
49008
32799
54411
8830
27630
9048
2859
57827
1795
19493
2727
18078
12055
63580
61467
62090
64201
13463
65388
28067
1372
38160
44064
49885
19069
61612
12677
1524
21985
59254
28323
28555
43091
61735
8155
17559
47818
17205
45780
22976
32723
39643
45259
8383
64625
11526
22909
58562
51198
9947
151
25075
20314
1411
40009
1942
38156
4839
55562
47823
15314
64192
23837
36653
63920
39382
33627
21290
40983
42018
20976
27426
29370
32134
10103
7231
25923
1214
81
57242
2049
61326
7074
22183
41895
57760
49526
27686
29356
43262
50873
12964
55187
3427
38429
46690
51403
1339
61531
12807
36562
9471
40804
51663
22258
18716
62473
52090
28935
564
48664
59410
248
22632
15120
12129
59526
38221
16938
5936
31047
21940
26000
7010
30650
22275
60218
8870
11358
35784
40116
26233
11515
6473
16350
26107
14999
16148
28689
49254
49702
61959
53003
57449
38705
27641
53057
63743
13774
19969
52755
8701
37047
22713
59335
53750
29608
11670
53783
50492
65465
39534
44097
11562
24777
52200
39277
13124
56879
1295
5328
11775
44033
58501
20085
3231
55402
37896
61429
32409
17984
11195
1358
52772
14274
22805
3900
13697
16708
23824
5361
19997
52615
33975
65151
64369
63327
62512
14855
16286
10518
40932
4442
57266
16437
52182
12253
13224
42038
16918
62687
25879
28037
6552
49920
33385
60268
21549
53373
51748
57486
63918
35372
50161
9092
30125
63040
52952
42892
43741
51541
63883
16728
60577
16901
13480
40106
44770
2401
33069
5130
6132
12595
44304
50919
24903
5703
32536
64715
7213
21687
15858
27221
1314
51475
38588
39494
23889
25965
30537
30739
57013
39015
60154
46750
51208
30832
7973
63850
15037
32246
25351
26727
59697
52769
14675
27561
58768
8066
57593
40690
55254
61937
44731
15567
52306
41020
16733
60806
3709
43827
11448
32986
20428
9702
14250
17061
55600
32321
15783
12064
48776
48196
41286
273
30205
39613
41503
1183
64627
50853
39772
3432
19638
12579
2356
29451
61370
4004
34811
58573
51998
22590
37168
4132
40958
25417
44628
25555
9013
42199
53932
5236
9277
18385
64824
33392
4777
32188
873
48386
61727
19193
50195
48480
8134
4082
39110
43414
52097
56507
6134
39795
11529
17673
12878
16209
64902
18395
10430
2489
42160
461
46274
14857
51251
22812
17898
44933
30995
19474
28569
56404
42884
36836
58423
4142
22279
7915
60140
39887
47710
8757
24583
50003
1227
43052
35902
48205
36759
61024
32188
11903
19576
41422
62777
23502
35518
51731
16844
37003
63114
37521
36750
4618
52218
9832
58238
20132
29594
5253
22798
845
12255
31712
15123
38272
38552
55017
57575
32542
56779
9082
30289
1334
30847
15319
55895
4225
9059
22580
35673
26772
36016
42585
8774
44616
48645
63053
3162
31147
21543
50387
30162
17556
14311
56280
49838
3409
30920
12252
5396
56229
15933
27161
37703
44259
29923
20376
21766
48102
61949
29045
50677
50084
15388
21869
61413
14008
39524
30129
41451
31537
46626
51355
49634
37057
40505
54148
39416
11049
59823
64366
39734
37554
5374
9255
60867
1869
43215
43752
62861
29008
2135
23580
35845
40801
63170
65104
12473
24991
22085
10763
51804
55732
2970
32721
12447
52634
12016
37591
25968
34309
47928
13192
48034
11378
57483
18565
35493
8398
34526
23898
58925
59346
27170
6378
18452
40001
18121
23852
44791
52201
57383
51104
40148
1031
31427
12456
18765
63326
19014
46252
64510
18488
17631
20638
10056
15628
29981
64013
768
18290
58500
38619
10490
26485
5638
20886
20615
57003
9782
38823
50194
51377
26446
49378
18106
17577
3411
39900
47187
54053
64068
63415
12020
35974
49978
40387
11596
46758
40764
2861
24746
50187
14732
58079
1230
27481
37456
41172
58117
13613
45960
12282
15603
49108
51722
47964
12218
58808
27321
26727
27283
41312
35214
41774
53840
7195
53824
23858
18736
33867
44639
31848
33016
59794
28852
5742
19586
29675
29252
5194
40126
49018
35724
21978
52278
48229
47616
799
30190
38501
47970
56025
58381
59225
9203
21344
23741
29199
32866
52180
25692
1348
6998
5463
29555
17199
29971
24202
42102
49016
36160
11634
50761
26112
26443
62687
45693
13629
54767
64506
34208
23257
55236
54498
8497
28720
11644
61499
45609
4070
152
25064
29427
15000
3334
55528
64796
15629
47215
58422
25753
52559
44251
25065
33030
56916
49400
53738
61672
12394
50081
36239
35925
51351
60908
31829
10567
28416
36422
2621
62702
33873
56260
58740
18865
43872
12008
36591
16734
52689
47666
25022
37762
56037
16094
46576
64422
29209
3064
62045
4311
24632
31269
30792
27897
44611
50257
2044
57772
63082
59585
8501
47654
5134
17385
62396
21676
34214
30949
26583
37805
48711
61160
54323
33147
15818
50027
36372
36784
58732
25636
48793
26945
56214
62192
25211
5650
20824
37875
39536
2173
26664
44915
30436
50820
55263
31169
1624
17
58519
18754
1471
37678
39131
51700
57415
3461
12492
9350
15022
60323
36511
60684
25125
28295
24814
18195
60266
14343
26968
53262
42372
13889
27193
18891
63706
32665
2277
23454
31771
23396
27463
53883
32657
14524
48637
7676
22590
49850
6889
3277
26692
64430
60056
24673
31867
16175
53370
15325
36418
35078
61369
19205
26065
29118
5886
25510
17664
34221
2909
28670
35375
63935
62544
29719
51341
38383
25410
40722
27304
44025
18747
4103
326
3446
29369
42884
8460
29397
62491
50685
9395
14771
12507
28908
4738
54420
26967
30413
43267
9445
52681
60286
25229
39547
31594
48287
20397
57336
32248
18093
3729
22765
61011
6805
15938
49999
31616
29478
10698
51509
51820
45225
35713
51421
7748
30281
52273
23128
58394
63532
63366
12025
52170
44642
4292
62018
8921
5443
64450
6759
40913
15554
8290
22213
57496
65096
44023
48245
29481
48248
53210
55937
8916
9938
9566
37433
32650
23979
24944
8947
62265
24105
49302
33244
17709
23306
53032
40485
42198
5278
31241
47222
29817
64718
913
6942
3234
46981
36206
38100
47500
23223
63894
50186
21925
58194
13842
4618
55024
44070
38335
27046
47638
59394
63156
24626
22646
8722
63747
31636
40845
49177
7408
39949
63851
61264
54908
34420
62289
31155
58226
3428
5535
15214
6895
35695
28157
24165
44122
51379
51158
10431
1635
24140
11879
34960
8720
5790
33856
29168
23699
15147
19838
24946
46420
25474
56631
7792
49083
43483
22621
10098
50799
28628
33418
14920
22525
52763
35847
38281
2498
54246
27613
28942
10077
19944
22388
1730
62919
48497
56419
21801
19745
12848
1947
21770
34162
23904
20217
28402
40244
23236
63479
29987
26523
45966
64364
11238
42041
26216
28242
7874
8582
55883
57172
64262
40734
62510
41732
41891
11004
31953
7412
5906
19134
28823
20881
21161
9999
714
56809
1837
12771
35864
12203
45821
19024
57545
7070
9049
802
51673
17508
57787
36137
43447
30471
49306
41700
62391
47728
566
10607
27527
16670
52238
43001
42399
63556
29527
57583
8769
40326
24875
42301
55078
53032
22239
13615
32305
47676
60842
42841
26132
40427
9865
15958
51373
32996
65356
6719
12341
37828
4416
16276
22207
24813
54643
57298
59305
34802
2274
64894
18872
1056
28316
31159
21556
52048
61867
9350
48356
25081
21023
19154
7127
57185
22150
8371
47064
31140
46903
4342
45370
27477
6802
55849
60514
51529
15205
30706
41758
34802
14986
47939
16671
17362
64300
35206
12866
41304
28923
30803
46775
59725
47296
28046
49043
45983
63678
41656
63027
60713
19368
3011
46716
1638
20494
25339
5152
62755
34252
56438
25119
14413
34604
43946
39723
27771
22948
50007
11911
26257
44521
26204
19450
13719
25275
40863
49365
51271
54831
63454
22727
6206
46004
26961
39927
2303
46738
56843
41067
17382
12557
63380
44639
1560
28631
47430
53464
11449
54921
47171
22295
48498
52410
46893
59568
64954
20665
57700
39905
42382
36604
41699
65126
22174
29839
4660
29385
18101
6533
12676
60389
17759
11057
8502
52332
56709
45175
14878
33629
16707
17960
9514
22790
40889
42258
32762
53335
27735
33786
24221
35171
26667
38408
10096
48980
26611
62745
33901
14723
23104
3274
9042
53856
25466
25338
34461
56734
42345
53683
65246
30197
5971
5820
46794
39234
57782
2074
58185
62361
46421
15377
14796
64787
19014
60830
7906
29293
27520
5191
23721
60572
43175
62271
58816
6340
5013
21736
61379
5175
31832
8395
63047
57073
40997
32451
27560
22001
61718
39141
34917
10999
12110
52384
42205
37517
29537
13305
12824
15289
13034
19539
60964
88
7181
31702
1666
57492
64154
59110
36055
16258
44298
47666
45683
35883
46426
15943
25212
29876
44134
42898
11846
28213
34747
3054
24692
16290
7992
63136
51666
38792
55860
64423
12280
6108
37440
42203
48824
49970
34092
5649
8748
18657
9650
4856
8466
45437
16397
47526
22244
7323
43148
24842
41220
33322
26567
64635
12000
65173
30356
2680
47441
3609
34181
4227
25009
36345
35729
27426
42379
34427
12368
28360
6891
14448
22063
13123
9260
13733
8088
47682
2796
58108
9279
14800
30475
39840
61062
38396
30506
16528
24842
38747
32059
13064
15983
13514
21223
23142
16402
37784
3926
51205
49399
6350
568
14679
57276
54354
26219
9063
23145
52085
55825
39735
24292
61157
17929
10328
48743
9739
12697
10309
2942
60597
13516
7093
65483
3810
53008
25249
18436
54804
17845
9761
27241
41175
16785
27913
45796
36282
18645
22719
37427
14516
59467
2192
34714
39529
29540
14879
13504
55360
44204
46972
12340
65413
53283
15227
60975
55568
34041
27191
34140
36944
5467
50537
38335
57387
40407
9975
12089
62689
30832
54434
16183
10340
20448
49076
37481
43140
57648
22856
26921
48130
42042
8194
25617
57679
13688
49945
18586
59638
32810
19621
29219
13658
24580
24306
12682
47041
20720
44459
24331
6424
57880
10498
5615
52127
40454
1959
41569
62591
2587
1561
13286
27550
45818
37863
35327
30902
54414
14121
9785
24606
43840
59246
17127
55728
61748
50201
47066
17073
56365
36796
16562
24008
18749
38494
30615
28836
55291
50921
18938
59769
34030
23376
4588
50579
31926
23074
28822
22285
47312
45586
32568
52928
39734
32283
46084
16437
52702
61446
37805
1404
8494
49756
56868
49139
51047
4188
15102
38398
43856
55930
5780
34961
51855
15937
16402
54567
20501
11653
23529
55675
15557
42300
22740
59166
32157
31957
51808
1773
60035
24834
7637
8042
54309
23226
53611
38765
15775
58263
35135
2589
64825
42653
6765
20828
25083
61126
1471
48898
18872
4009
14293
6476
5965
10840
5044
48214
61595
59173
1113
64489
54044
44969
60800
1584
39302
40061
5152
38390
30117
33753
3727
33283
26570
2527
55001
39215
55575
6340
555
60965
12969
51485
63642
53533
56872
42112
57264
33710
59052
57017
15584
11100
29528
40947
38488
36913
52619
3125
39976
12430
54488
5391
9784
35168
40173
26259
24254
48048
11912
16814
39614
53032
11266
49535
14565
20682
18748
43297
39778
23862
58944
18527
65237
29396
35921
49612
65326
34189
30665
50251
7352
1818
56820
30516
56477
30729
11338
35345
48548
8608
36885
23855
10654
35838
12830
30110
8267
49772
47934
45641
15889
45223
8802
24533
28732
701
52177
23674
22066
50853
2977
21671
44786
48100
37499
13918
45030
5283
22509
36410
986
58662
23786
47116
63671
44007
42296
48444
25362
58658
24441
27474
19842
54946
28692
6567
35323
26746
34937
2387
20401
42637
36292
4808
3315
24248
57602
2565
17419
27812
44463
65471
18778
4395
20743
2645
49645
5388
51224
20324
47058
16610
14531
46438
48270
24108
58281
60400
45792
65300
26363
36222
56777
10728
13944
42025
40451
23603
45803
26748
57695
19566
45339
21220
16897
20840
6428
1802
6332
36987
57412
6025
22030
20074
13079
54861
55957
59867
27951
34390
50957
57089
8379
45478
18104
38973
48236
53328
43142
26333
33188
2186
29184
7314
23004
35279
62110
16532
62073
44274
31920
45552
51948
371
24013
19067
14513
28090
31365
48975
21748
51288
54318
17663
47976
20266
53078
3124
22115
48850
55809
50441
35903
15563
19530
10989
44477
39531
33063
29356
26760
6168
52804
3077
49280
895
13416
16868
53067
1582
15298
2492
64832
2639
38159
56471
59490
51938
64731
64533
54422
54894
466
62763
48076
64043
15957
8696
21925
53003
28114
60464
43574
408
51556
23515
4806
16132
2551
54425
40818
20448
43247
13252
31465
61753
34339
29665
40450
13768
6037
41718
15416
1775
44297
4826
16339
42757
61258
9387
18015
57892
39224
17954
52357
1724
15788
29694
2459
8866
61096
15574
23007
12166
21684
34222
29562
6156
19328
25587
50719
62935
34508
58496
62262
4707
26642
32099
51146
22918
50568
59714
18128
29241
2754
41537
47910
42698
53573
41781
43263
6942
2375
12326
19014
10510
58268
45854
16876
11645
14281
59470
43930
16485
18443
23808
39246
55785
36352
58535
61905
19303
32270
15034
49418
62371
52180
43196
64133
29704
39815
17930
60633
21165
46973
50478
55143
9498
53314
32312
44209
44690
43042
64778
53928
38295
26285
61022
14071
37842
60429
5368
30760
49305
46260
63993
55071
32766
43366
29527
2110
50938
48363
27953
64052
60668
23574
26811
38372
23315
4829
48310
45035
36996
63234
11819
58551
11727
44838
15367
32414
25105
5605
26828
13849
18745
16363
11387
3593
49455
1311
37700
50032
33227
44231
38335
10538
26558
1291
60297
29085
46122
4266
29812
39802
32339
40084
51822
6377
62948
31674
56470
39159
59699
39479
15718
22901
35311
46463
39936
49855
57460
7219
18171
18133
38405
44531
2546
20875
35524
49937
48377
24046
10607
15701
26062
10629
47550
27416
55939
39854
23753
28307
58779
30900
42573
7535
19357
47107
10566
12292
49366
5446
45406
47249
15257
14459
56065
10548
36248
36708
21756
16404
39788
59529
27748
52594
52533
37957
7008
9344
14443
3576
6177
48958
9661
14795
23176
60616
50482
697
26319
33321
43691
46678
12196
41932
6122
45625
33456
4859
60454
9203
45198
21629
21139
7697
49079
64097
53462
53957
63535
42919
7400
52634
48912
11712
42145
62792
39639
61897
14600
24124
21876
60487
53157
49854
28228
10293
35196
8193
50698
34421
32417
51057
22206
23209
46614
56145
48319
1594
15910
39210
34533
47226
60368
48961
49235
6715
65372
16427
11578
17529
49665
51814
27036
2715
57044
53283
59459
17253
31164
20237
43540
54860
5825
55880
34828
28523
13866
3880
3717
598
2870
622
4639
44862
45788
54856
27166
65426
53019
19892
18724
34021
39233
65311
11881
4244
19886
28721
56401
30357
56754
3339
93
15655
15309
16611
51158
17894
57595
54277
3771
45269
59971
12708
17819
54367
6676
4955
48825
48404
50391
40598
9336
10622
58572
14632
7324
49183
27679
51920
60878
17245
63687
23759
17925
65141
27396
9459
24430
53550
29051
44245
52777
60070
36903
1934
63466
41776
51857
32696
31288
16034
16070
36530
26464
39605
40740
40062
21720
9063
42524
45535
17263
43568
2680
38457
48828
24424
54670
36895
35672
29674
54151
38994
13904
30474
60652
12623
65296
22577
9563
34365
64192
58690
32298
63961
15827
64163
46628
34808
25062
58787
25566
18234
13
41611
1770
44023
53938
5178
52268
917
61326
27899
49520
52745
49463
18980
39448
25584
31936
38399
47875
22558
31803
64286
6004
22053
35098
3180
8412
55396
62104
15071
28769
16155
58571
15198
49439
1008
34883
65421
39600
29052
28493
54803
206
29738
14531
60592
1111
46901
37243
13823
12421
4414
48994
1244
31208
35835
49969
31072
56331
26572
12713
51870
12369
4978
22431
62591
43919
25377
35954
53739
59244
20163
4242
41367
5604
3102
10677
65019
23383
5292
43147
8013
27860
36960
11438
10374
18222
45584
46001
55997
32706
51655
59134
36400
7861
8106
4410
5978
49266
54925
52166
46478
6622
37028
63608
22019
19412
18430
8345
38978
3210
65408
48239
9065
17892
206
4307
15190
20037
11438
28861
31186
58036
28055
32259
49100
62956
32215
1688
12753
33892
44771
33408
2928
28132
35951
13562
7014
52061
17969
5803
49767
21960
36906
12226
62175
31429
28046
623
28874
38148
51669
43151
21185
23857
20633
39490
53
12361
43650
31701
61285
6232
56100
22408
56386
12986
9100
19203
36068
35460
24181
56584
36985
54700
11142
14580
65025
21325
53875
40099
45101
49198
51495
30194
44310
65399
35045
10070
6764
54017
16211
40345
5383
30649
6142
30081
31576
24726
12548
19393
38115
52728
63613
37294
54837
9363
52072
57309
3176
41175
59412
35577
22588
52829
60025
10520
32147
1759
28360
44351
46266
20436
4385
12688
17893
61104
52479
42271
11055
3773
45711
11279
24875
36847
7199
3205
19347
57417
40455
24879
25518
53836
41459
47337
4284
50898
16156
45878
325
38578
56126
49684
46340
56076
26531
39636
3255
46574
13160
38916
2037
41230
1346
37609
48326
49214
21911
16190
2074
1715
16710
47678
32323
30762
58987
64332
55365
16043
48813
44221
36292
61952
11171
36974
40410
45756
41728
48563
18933
30740
14396
32088
52309
3356
23302
55839
37239
7932
33644
20657
57143
32739
31678
549
27146
50482
43538
26845
26037
32642
32345
57418
51587
11989
45551
58519
58453
32249
26669
31057
21600
3240
59614
26588
5729
25887
43019
64397
41690
43293
19473
50520
15641
60732
62407
30109
42446
19221
49281
52081
61302
13713
60100
27355
37129
32218
58050
18382
12558
3805
35689
29345
38356
28959
953
4499
57528
14171
10996
29697
62343
24724
5332
14224
63243
33575
28412
31068
39903
9583
23893
37716
27374
51533
33268
19040
31378
32661
35225
35218
9912
33935
50378
36456
19898
32835
47165
23591
6898
63866
49573
55214
16405
8576
38618
56356
61026
426
39331
31669
61351
10525
40199
2164
6212
8014
33439
48855
6217
5508
2223
24895
12816
12175
37320
37859
33861
29482
56696
32258
31951
3814
64700
1601
65216
61958
45386
34680
27013
62215
44707
51635
42201
46511
42633
49927
48771
7297
39905
44297
2700
65095
33024
17661
42024
61848
32430
55564
6263
2957
26517
41187
56820
58499
43715
63298
64916
17127
37282
592
16778
36047
8029
44808
30617
16479
22499
8711
28511
31518
12044
9453
58110
23755
15257
59062
28643
44669
27912
2464
43618
55420
27255
49258
57863
41408
29717
22382
31297
49939
30845
9041
65510
56625
59872
50470
5259
56665
14082
1584
49845
35261
44633
18937
27003
54254
49663
14420
6734
62586
52881
7551
90
65072
18300
15640
40172
42688
32397
17384
36251
23085
20291
4129
11467
55856
15621
15241
12344
40898
57292
47014
57627
16570
18455
59038
2537
50831
55563
62640
26614
54153
12591
36676
39161
31962
40616
17667
65183
22261
35901
49997
21222
44286
64327
47288
46308
5655
31730
25784
47133
2819
43823
4140
15226
6653
52123
48578
65498
32007
12438
27971
41819
47437
437
49143
21749
60479
26554
11057
9611
45505
42531
56107
6245
33386
56888
30537
62519
60449
34758
16304
27684
7806
37177
22193
18375
3576
4670
34300
54832
6230
52329
17172
40655
37248
14860
45609
39319
47746
12689
20143
19069
3379
6848
40171
24747
46507
23557
36429
12578
54543
55661
8402
37095
34841
20915
30382
22287
19113
27436
39187
49710
60396
31084
43373
23187
11176
7790
20844
13357
33696
47087
23510
12537
41652
5179
50686
15740
9025
12799
25048
25256
15207
1578
56830
40631
49829
52655
32311
49254
5962
39754
58455
9685
40944
45124
12984
20710
15204
25715
262
46891
16441
28962
14431
277
60077
12486
2877
46425
27642
49300
41473
7168
57510
13768
23165
32619
13136
15998
33258
41968
35255
17051
38999
41180
42419
13972
4383
51186
52216
52050
33188
30160
50594
43168
49567
21687
62120
42269
47244
22285
18652
64681
33910
56068
60445
14203
1447
45834
40675
39282
43266
52035
40034
40267
39162
35000
36032
49242
46479
17176
10075
21176
26610
40327
42057
26482
22481
27365
41776
56518
28678
29971
35308
4870
8895
51612
15243
59850
27710
48742
64433
8859
47941
62165
34712
30216
63950
22309
37253
47137
295
39284
21409
2175
50100
51717
23962
46374
38307
11774
58531
51460
33401
52375
31423
12191
42134
5426
4576
29810
12123
65184
6446
20961
31994
11694
25153
41698
61443
72
59002
63624
44170
39927
33008
60012
58489
39680
24947
47481
8757
41796
16164
43029
9619
63123
36235
54572
51113
24029
46195
39459
12728
64347
40007
60188
25822
27114
56561
19798
35592
45919
63608
17647
11129
55683
42631
58668
59476
2129
28163
63753
61689
33763
59476
35477
61831
44057
35534
23490
44652
63466
27514
649
19506
278
33608
41434
65400
33423
937
48665
13908
2988
7713
55757
8472
146
46954
38570
24035
41172
25182
37305
27217
16712
53614
28853
965
11834
24694
53974
55419
30134
40118
21695
51583
25270
63727
30743
12692
48586
32358
41842
16352
26921
30061
19801
35100
1634
31082
47735
2356
57770
63354
43192
19911
47960
41666
51854
14108
51387
8331
35935
43556
2592
9361
56364
1643
5083
58427
39213
37219
27861
63815
51141
41079
56015
9267
49150
19414
24586
14804
62416
58254
29961
22214
42708
35589
29510
4968
63354
63655
57109
55062
43508
16574
18913
37479
50410
52610
34082
25259
56406
6655
15028
21900
39606
47121
27060
61577
5292
19431
42269
22984
13244
40002
58171
52827
41369
53882
48758
37684
23711
38355
42560
7762
8713
55921
28437
43206
7078
61357
20072
45690
31577
52385
64650
4231
24372
34628
34164
40218
55099
23274
24299
6340
23388
4403
8069
57306
1938
61502
13290
57037
56713
8208
18623
10225
13643
30861
6592
46762
967
25443
46272
57384
28603
62913
59800
35104
12736
49164
65252
9323
49571
10592
40988
30597
20724
19801
41871
48760
48818
22302
16606
44783
54578
2114
4033
1259
50620
2394
54377
44347
31235
8180
38880
63199
18954
44962
19355
38911
55473
31549
47723
59443
47988
32327
37321
41677
44476
64344
35330
7135
62405
48667
5974
35674
17979
61079
56645
10082
45122
59974
44999
56294
10038
42896
26383
9818
7753
40393
30200
55335
35299
61705
35421
31181
55944
63313
32253
36442
26481
29097
65495
24144
44332
33186
38518
33832
44048
6251
23012
65249
32764
40790
56233
16992
51048
46391
22996
36500
41362
52306
13230
48849
22032
9207
40912
5144
38360
31120
7502
28017
37127
45486
13458
6415
40011
884
52813
35366
56387
51362
31371
61658
46467
22676
7948
36953
58327
60144
19162
8054
10026
3435
24952
8719
16216
51635
18771
60284
5148
56822
27391
64079
48029
9080
5044
45384
13370
14463
44310
34312
50734
31260
45595
44565
62175
40879
65387
14630
18150
7429
35014
44369
59203
24995
40291
31284
39618
25759
55836
24000
24668
13873
7392
30180
47827
53285
44095
5355
10283
50572
11573
41140
6794
23397
49060
14408
57773
52972
15030
42603
17516
6790
2230
9668
38307
54269
61073
36233
62177
24110
46193
30078
22224
43589
53908
56577
55456
63908
48382
55742
32861
49840
24116
48300
1327
55910
43400
59471
54400
9918
30017
64991
65490
28130
24414
43842
58739
25880
55955
41595
48666
6821
30526
33860
57462
5831
39466
4244
43603
45828
58904
46452
13448
62951
8646
47985
49216
45885
41349
48044
39349
7779
45290
52471
65051
47238
60403
54838
50664
16845
35966
10223
20175
11838
49822
23469
42888
7047
24118
46138
37102
62002
12917
50343
26181
54407
43957
11696
45428
16171
18
1314
10952
17416
49431
60875
23413
17623
7953
40310
60454
55966
12538
58213
23754
55410
20673
53456
26382
33637
55022
5436
59646
14733
55223
23718
18007
47678
44222
19006
24730
49896
9709
34000
58301
5076
1909
39179
11668
59669
20330
23282
14402
60966
37371
32429
54513
55648
47165
19785
1745
51817
21803
49835
32234
25881
64385
31346
57919
45008
31310
24791
7140
52076
4254
43077
8923
64948
21174
41560
62504
19156
38812
26265
8094
57337
47434
54855
23141
31786
55432
44123
59541
9212
47326
19404
22040
3517
55030
37221
50870
11401
24718
11512
35788
6336
37029
4790
63079
3200
22977
41077
11257
12670
63023
4665
50222
32119
22780
34067
10802
51962
18439
46993
11598
8321
9907
3735
61068
7831
46969
20267
44282
60911
34823
55275
63053
38687
12008
37928
39852
26861
56975
7386
43926
18844
2112
29673
12341
36497
8364
29078
15548
59776
2090
4193
6744
13096
55271
53199
42457
27102
53955
14608
42760
56713
45010
56975
5175
31484
22356
17146
29924
32214
32314
29417
19822
24761
2523
42612
54340
50234
25761
46663
44932
34636
51032
40579
25738
16131
38695
38401
59074
49799
49272
33805
40619
37964
23069
56334
8782
35723
22282
45454
40821
24082
54775
49349
5361
60243
61
21933
12149
55123
46897
24632
39416
58725
32976
42032
47382
30980
4500
36818
57116
62840
19222
46146
7646
49993
58950
25819
50569
22845
23762
64547
2629
56163
64870
22019
55301
33411
64482
42404
49736
29612
10701
32020
32718
51737
11292
23450
19343
61822
18425
19884
43423
39627
36167
31769
36515
24478
24753
47927
47278
34160
59786
29957
3146
51230
51830
8830
53330
44677
4982
13965
12268
64213
51680
39505
6952
17024
6716
36211
45160
42025
34251
28229
24295
38632
54251
47307
10120
39280
48723
14953
46358
44914
48168
5986
25068
4055
3853
24689
12491
15479
60545
9277
13190
34158
30236
64644
17907
8607
32170
64103
35022
46630
59187
62948
63520
61424
9385
41231
32236
40644
31817
15676
62864
41697
31598
52689
17002
4012
12847
13271
46926
42912
25215
55698
43155
6857
45838
48409
195
20772
26667
27326
40313
56501
18445
49900
10951
54935
8071
44482
33270
21485
45869
43773
63953
22083
5411
57990
37596
25112
55731
36091
43268
27398
5007
39635
54692
49492
32313
58669
45854
30873
14764
42428
21651
16464
6836
56125
29220
46669
63758
21309
47041
39954
62158
6553
40937
37713
6179
32534
6373
63215
37094
44339
19843
54877
37373
16348
43476
29692
6192
8473
46892
11383
60647
43990
33555
16893
17327
57959
4712
51305
16988
50263
8827
61961
53919
9181
10442
24756
36323
61164
57745
26891
25215
20591
49030
10312
24213
2547
42369
17898
1886
59331
50685
18185
28751
7308
34015
53927
34174
36652
61067
29487
62146
3752
59605
39220
38625
64553
11367
62943
55168
43691
27984
15235
19928
33219
39667
22439
4256
5325
49426
25368
3691
37663
524
50116
12785
57521
65275
7161
25228
37099
54958
59279
52903
61277
44826
64632
27668
64897
47372
1881
8833
35133
37919
12202
31116
31092
43012
14301
24027
45763
43255
60165
42181
35147
45793
20500
54118
709
54422
53098
25933
36747
18537
63525
49571
25837
20281
17301
61765
63395
64694
32387
6058
23038
21934
46687
49375
64618
28594
20686
30034
40093
36324
11948
41932
3970
50018
37536
36754
39894
39659
45307
60649
16883
34790
41288
38959
58357
2074
50260
25160
55505
50748
4153
33960
51937
13551
46534
43318
63655
25335
44849
49269
31656
27055
60083
14556
5907
7363
36749
11887
34231
64077
11571
37626
51094
54943
51077
3230
20612
49360
37510
39960
26815
60316
35266
37186
54067
53173
62172
21934
54192
38352
58116
58581
23366
56600
18088
31401
57723
22510
8442
34669
56690
25537
1507
51147
10706
181
27959
8676
1124
5843
4607
805
16743
55802
36098
15893
64694
43207
16532
1888
13206
46544
28239
37316
3536
27971
19383
57542
44723
60512
34018
16202
37001
53615
53690
35174
8338
63181
4185
30712
54607
36095
33415
27519
36191
13634
46504
40096
23302
26098
31235
58896
60952
62913
4450
17366
4979
30372
52449
30091
47130
10753
39073
10344
17263
43085
35422
45628
25863
61711
37184
1091
44806
13195
2535
18107
26643
59551
49348
15300
25062
14801
32869
51010
56706
19680
1868
37872
36534
20307
4943
29162
21851
1065
30910
15444
43053
31981
33381
40088
46349
57871
59522
40861
28406
12524
5798
40742
55067
18160
20053
28051
33654
25491
17018
62196
8518
9872
82
18792
18147
2958
17341
21133
22943
31451
50489
65112
21983
64008
16272
49763
25160
11842
58392
16945
50790
44178
13850
10406
14508
2219
26170
1847
44339
34610
24637
53004
46700
7601
59614
20528
26942
45424
10284
54397
55796
37867
43661
48481
24459
34706
40688
5566
49365
43135
31004
7563
12623
7840
52137
27274
54479
45356
21148
34334
16892
8727
49182
18310
25362
11089
5257
43289
50542
53146
17430
2317
61073
20065
12562
33134
4765
38894
55510
2163
40854
42253
8779
12691
57408
56560
46328
52435
34579
64878
20105
16311
28160
9673
53457
10559
13282
13760
38646
31992
2682
48836
38248
39747
29879
12520
57663
47210
50818
10155
53755
35786
33323
23832
2096
9803
18242
36284
24761
44910
14027
46851
13900
4190
6895
35970
57390
53724
43247
57280
50228
36668
62185
21191
3504
61571
56257
35783
14910
21724
63688
13955
15117
2106
21724
5995
50571
17054
38123
9605
36911
29049
8478
31789
20288
25691
44248
47570
15105
34567
54755
20918
34583
49555
4449
11906
59070
62512
10082
37156
57843
61247
15785
20502
31947
30735
55442
51902
31707
37012
58519
32899
59808
34540
14949
19522
40876
38879
10840
36230
57198
48725
61569
63051
21410
8933
7635
42905
36756
54017
40406
41265
29445
35837
42035
46531
23575
21144
63219
28217
18631
52298
14823
53067
16191
58188
60873
16830
8279
3524
61864
40660
15973
1241
55585
17533
61102
63660
21135
33122
17259
8484
41390
17397
9433
64632
21737
1386
49054
19755
36604
46437
62137
1088
55707
36547
6716
56842
12998
61914
19287
9294
7037
41028
12060
43896
12310
58597
17651
52027
55840
28594
11142
33938
34293
5818
4610
10825
39559
26431
19475
55589
11328
37368
61267
30416
60365
26529
31114
46129
62932
61895
3469
38275
60903
62773
44851
49741
43763
41865
38380
24739
44431
20198
31962
7543
26572
32154
58750
17204
52043
13379
25224
26235
15689
13302
53629
6066
43842
4000
7360
3990
53874
57971
60213
34582
64100
11196
46356
39530
15353
17568
2682
40216
16398
43421
42476
37787
65447
37741
9107
28109
54988
4900
51510
4671
14559
7311
47765
3327
54087
20946
6188
18063
7971
46193
59352
2343
153
19992
55328
45375
40140
25651
33043
44214
24937
49286
46030
40094
18621
38614
17752
26845
61417
45930
37353
12041
3280
15336
22780
2485
63756
8436
51326
9374
52616
29362
47194
37948
10413
3297
59050
53243
63310
1481
30393
23713
19651
55409
15024
2632
10421
11015
45718
64715
8426
15339
20382
13774
6579
64484
55586
56219
52318
19311
34714
6826
46142
60098
31560
44464
42720
1792
1450
8614
35448
6006
28276
44415
37946
31085
6217
65156
21284
20449
44219
6484
19561
52062
42002
12290
12804
29679
52658
12525
64863
42354
38163
39141
194
19972
30837
27189
62787
52389
23008
17186
7077
5085
18327
54421
36607
36176
43747
51117
43989
26826
11356
59585
10156
32465
16916
14640
38745
39580
778
24519
2147
9471
46141
31620
51009
61628
26645
49239
22876
63284
34245
27036
16075
43868
34281
23227
51534
64391
13035
42444
7922
40301
11951
14754
14917
44556
25936
24565
13063
11063
46578
54957
58565
49264
1225
59803
43755
32100
4669
31930
52114
31114
12794
55170
41077
12472
25932
18744
39850
57730
36270
61176
9397
23051
51459
24855
19286
47005
10134
47713
30480
60706
12088
6887
22034
41817
9583
32581
1443
25348
16203
37140
52557
33759
35470
39758
17850
975
46504
14868
64484
419
36225
38526
33619
2563
17749
10033
52133
49331
26097
3516
65357
29892
53180
58823
28090
14740
47143
12236
50187
11927
60314
12388
42509
38274
823
34166
9694
3526
59473
10825
714
57132
53676
52677
23898
41463
48305
35997
39362
11214
65363
1379
62423
56354
32152
2909
32865
63783
1912
39107
37035
21290
27928
13511
8806
54096
4407
48704
21955
29020
50570
15344
51117
19653
16682
22954
23961
44861
24967
52001
15752
53554
39949
50413
11715
22939
39182
52547
10216
21542
18243
3742
64874
29915
54864
33445
37095
9484
47042
19870
32360
43450
40439
11137
11086
41614
61348
30940
36923
7578
45819
40371
63646
5322
55225
57847
29532
30992
800
61096
60205
39454
19952
11165
45813
22191
19358
30553
35653
27907
1366
1623
23145
13038
35834
31129
47494
60659
46331
58131
4248
11886
13945
24338
40577
16723
4520
44508
42360
60115
60990
57359
23137
44452
46003
55052
54454
5024
10533
47341
31363
22673
64520
1426
19484
63310
38826
36047
2402
9176
39198
38567
5980
19855
758
60966
20944
42074
2268
40490
28384
14294
29736
55272
49840
42081
43133
23232
30458
26079
26587
50327
28080
835
42219
48612
29374
61573
1312
25441
25407
7860
54907
47914
27538
49697
20903
34386
36342
18479
15171
8020
38821
2688
1839
19503
56037
24393
16592
54589
55048
64604
28384
37346
13164
32488
353
35253
28744
23510
9279
8615
57124
19532
21109
61798
43749
12871
39855
42410
58433
15666
341
6520
29380
3568
16913
65004
25358
13437
30818
23995
65169
61369
21687
1562
4861
34915
35927
42691
48471
3144
16599
5082
15134
53846
40025
13125
31614
51587
49474
18907
5414
49940
36308
61026
27936
30387
32192
59491
48778
6678
40647
59154
34338
47321
34398
25582
51976
37821
41563
16807
58869
61696
2249
61657
19763
39463
26193
9715
31586
2065
42438
63232
34248
57710
27009
21380
39134
45325
31836
4157
53361
24028
53163
53712
26297
58144
56620
37201
25733
3362
6957
29406
34352
17947
56753
3349
53747
32376
64234
139
3311
812
24099
36015
63364
54906
41141
61116
15696
55672
48911
30929
12326
54734
44281
54633
385
3489
54113
52602
32376
9351
45033
60536
39509
15522
54340
19795
51831
50773
47757
44419
63788
34834
40299
53520
28892
29294
6670
27425
60648
8398
18614
29080
7340
33802
32811
59750
44752
39742
21905
11310
43985
11796
27302
8740
64699
17495
5050
47987
39164
55745
64423
48328
61919
65215
29124
1686
56314
32315
29652
54989
20372
46823
3518
59297
5304
30167
62052
62066
11227
43928
1627
21283
49790
30570
64066
47793
22162
51720
17822
5566
24230
15739
24920
38431
26165
17828
62995
14792
53764
45743
39226
59653
9543
7147
28972
49635
5407
28044
24348
29960
649
38191
22618
10541
32824
26793
46906
50695
6662
12195
32369
43326
61933
12606
26127
49850
32675
55429
60794
60991
23455
26243
13934
34104
51324
7479
17255
21221
47515
38504
15600
28898
63171
28904
14600
55085
57832
14950
41908
25359
63915
22466
14214
12019
24491
64218
10965
50359
37595
30305
12140
61637
31872
51270
57357
10230
3023
1858
30694
51076
25492
52737
48685
35740
32119
1274
44798
4110
38452
23707
29749
22779
32284
20460
63645
63991
54918
1390
17604
411
29390
17147
34758
57431
53445
57403
7706
31046
10870
26478
12400
33739
44387
48422
1841
24649
64484
48982
39386
3918
13033
29893
45221
44269
15194
54814
16681
30245
44764
36851
47431
60897
59094
26240
13738
12616
62651
8501
7342
8674
54969
29364
23544
9352
19889
22371
57840
33376
8853
7129
37290
24382
51471
56367
159
5086
215
60190
3272
3863
32498
26184
62441
22461
51984
33139
25611
62500
3768
16753
32554
44556
64197
63752
11795
29786
5131
13646
61378
20773
23826
8541
58501
60072
22746
48417
30174
54533
5418
53431
50815
25802
38255
20156
12842
9163
19326
57298
64810
35103
54487
17402
41954
21600
26876
61760
17474
26161
10229
38002
17034
49958
57354
26870
47937
63523
4095
42701
51222
17781
56512
15611
32035
18818
47018
11096
19559
6801
49177
34181
15273
13175
47492
20759
20472
21970
63711
35796
17857
41847
59526
18377
13802
40430
16942
2807
110
2322
56766
45844
13971
54334
61823
16479
22811
34101
34805
43674
35939
11301
2272
59528
2744
37500
549
24695
9120
41985
60221
25830
56783
62807
19399
55596
60820
25730
17115
54467
59257
55999
28168
23806
2758
31543
39093
28999
63422
54836
38108
12521
9605
15834
30722
21109
59757
54898
17296
11806
9895
44640
8565
56748
43771
12261
37697
11943
52660
21696
9768
64595
61959
7150
26950
20814
41806
51856
875
53063
42682
48031
35869
39510
18418
15265
55265
50977
54621
9788
35868
17824
46006
8580
2729
41023
33738
3878
9040
64652
57838
47205
32888
37252
49653
31430
35830
37354
5239
41589
63546
49756
55564
31959
32583
20686
3071
41275
53263
22347
9252
65250
18419
56739
17860
16367
42024
44861
30045
30200
45632
34998
44692
22207
7102
23212
50396
17537
39342
33486
62032
43414
35352
46607
60055
58656
54728
13915
20193
46664
7844
54894
45132
16263
15742
44966
34538
59730
43847
23676
29262
13336
15220
17639
17261
26402
7141
8266
1446
14934
25083
14781
36706
50947
58103
19164
4450
29399
39375
56969
22527
6883
13742
29778
18321
65286
38499
15227
35516
22323
31410
43520
2648
40996
61737
55287
27525
13008
65002
39890
58829
17435
43457
4005
28776
48643
23724
54498
27599
60201
15610
22424
18823
48908
13523
20428
40716
33033
18130
4235
3245
51919
19992
55883
20567
4393
30131
20690
49969
56423
44060
10913
20305
37018
46476
18336
14487
54000
37911
58684
58778
24810
36772
4054
20091
41368
40970
60561
16700
2922
28088
19066
40793
18243
40697
40554
4648
36192
40603
40888
1674
7148
3666
18258
55048
37470
25456
28947
34704
58336
10666
24579
2226
6908
10320
41283
21787
12850
34963
35407
23081
31242
38341
41294
37988
23552
50910
52367
33039
18831
13764
48227
17174
63075
33207
35054
24743
61390
29397
34057
53040
54177
45604
61716
32369
33138
50486
26239
32823
9702
64293
16559
2120
5275
56119
7361
64935
26162
41515
21509
5299
41372
3645
53154
37529
3958
60987
15206
18337
57499
30798
5803
41684
22810
36151
21644
65534
28885
60443
54479
49779
12224
21640
64100
14547
31560
32000
13209
30321
44388
8718
43508
53255
10314
3701
10611
7390
35896
42390
64489
61255
50337
26507
59690
41777
11904
5298
42406
33358
11984
22798
46363
23824
34781
9114
44590
25429
39708
42841
31229
4352
54062
23669
4437
17172
45417
19926
10981
50011
53881
57101
55738
26894
6129
11217
57523
52679
35218
57523
48
20275
17844
28675
23060
8459
37820
48537
10725
41833
3069
19595
30975
6111
38425
63584
53408
17096
8674
11567
35650
6092
21610
43429
39807
22560
40943
60844
60197
27023
61072
33155
54654
59341
60505
40622
64241
20596
63623
16050
41427
44152
22440
10834
61375
23988
16794
45158
4201
16906
58042
31626
59409
45301
31365
24754
20464
40113
6609
57371
1875
21500
8656
22929
34347
16097
37990
52063
60440
11434
16127
1688
60875
65361
40111
43114
38722
23358
14740
2050
8021
62189
35200
52246
55730
13736
16998
47170
36822
40936
38902
56370
5095
35730
2365
2789
4335
64992
53093
28200
63457
26977
16101
11484
36125
40142
40569
6125
28117
33994
10740
50625
23285
40618
50239
61939
19134
19255
37599
47587
25466
6712
37339
30719
36948
8124
17706
11965
40061
38889
12278
23310
961
30528
17352
1915
11378
22565
19544
791
18359
36749
49577
22419
63536
37577
54259
24600
35452
32482
49652
54378
43828
25276
51178
44499
59163
49139
38677
54614
52306
1500
53212
3840
35092
20961
37687
31431
4292
53795
55588
50899
2434
55349
21161
50030
17949
40141
17196
36444
62797
16028
35454
50362
18615
27337
48995
63752
704
46711
38317
9779
40351
26946
48941
49549
28841
62035
63138
62090
31944
21800
50536
1733
7564
51527
49263
52111
15736
10663
54215
52082
53385
24629
37639
1929
39238
36534
7005
23626
599
2404
50945
28960
36248
37277
58377
13978
44379
16208
38745
8561
24066
46706
43352
58923
44028
32020
12287
37814
47384
41188
43194
46071
4541
8960
32677
24482
43506
47492
60936
60744
23183
59281
41899
59572
45634
54025
56326
57588
62285
7629
28253
57151
64850
55615
64917
63773
2099
49486
19547
12281
1492
1881
50576
63289
51472
30715
27977
15301
60199
1346
13005
54020
8996
37082
7873
19354
18790
1371
27087
46324
32243
61180
20635
16757
27530
12852
49099
12786
9014
24600
12420
42406
4383
38775
53958
60279
58627
2654
33688
45054
34609
34824
8542
44448
10664
3497
42724
36960
36835
9045
30481
14824
58235
1978
58660
65204
46671
14950
50760
11704
17186
64637
22865
11124
59282
41808
27822
24935
63144
17269
5282
9824
28480
21634
30258
54461
34661
63745
45368
1161
30905
40982
21195
26989
11850
59298
5203
6696
43258
23666
34626
51685
45290
62010
37823
3703
11766
31573
33304
23354
65202
58152
22471
21264
24157
27733
9590
34014
10679
53469
15860
28206
41201
42335
25760
16830
43184
32072
9227
11543
22833
49497
63252
57662
41095
34077
40581
28799
51842
28831
12499
33097
32153
2833
23605
59938
8161
4656
61016
16341
21931
12317
45182
50261
20113
16456
30639
63485
37681
56040
18012
41142
39968
55489
44735
62071
12570
60936
47263
785
30777
52238
47647
37824
38762
20346
58927
41999
56144
36638
48945
19788
24510
38833
12025
45292
28393
50523
22393
8607
44630
2408
11030
6896
12783
19995
64815
23818
26204
34036
22238
7854
8099
46840
20352
42127
9681
49004
40099
1417
27792
31105
40186
5367
19113
61872
7501
37411
59167
18133
55176
59798
25266
36542
17757
17331
36366
45018
64589
41933
3193
59343
62289
28443
65272
6745
64688
19977
46457
61631
20208
22729
40770
42089
51408
35359
61641
54216
42056
23656
17932
59776
36824
8366
48592
20077
6580
57695
56890
57181
3304
13046
42981
35172
41623
40881
45071
22396
35175
34763
46797
10178
62559
7796
8778
39425
25548
43762
46720
29965
27691
28990
63217
58100
47643
11837
11505
47919
43600
7395
29441
48572
54491
26690
7553
28053
6989
21247
36166
38794
59973
45624
44511
28496
18851
8272
52142
3172
52719
36221
41243
35279
4070
27705
13299
41072
58146
498
47519
44797
26321
55195
28943
24578
17442
44507
19370
42688
21301
34916
8027
60264
17751
31966
11041
60349
41030
3393
10917
34097
58885
24262
35005
5600
33464
5494
39068
19249
24636
40755
40113
60298
45853
45083
11584
3974
13277
40995
33724
53575
33065
57234
38100
37876
65503
48018
36242
859
7138
41464
15391
45743
62704
35163
44811
1069
19183
8499
49668
63031
64733
36395
13065
36126
34828
6937
16003
42433
2742
15956
7421
55035
60562
56340
51438
4403
26631
41054
29951
10361
40218
44481
3214
59768
17160
34649
13786
59692
3092
47763
9816
39795
19292
3011
15614
47046
29580
34364
38409
31284
11454
12185
57649
45607
55650
60487
22898
38646
15694
55061
13542
18352
25148
28198
12778
20295
41725
35137
37394
38490
12973
11630
24691
5611
31099
9171
2332
29509
58787
57477
7888
26755
36533
39681
44811
54127
7583
44589
30224
34565
18110
28311
12704
7398
2826
52112
41856
37028
28917
26947
40492
59904
31554
11357
29631
11510
59305
29863
26193
47125
18719
32157
25902
6559
63924
62464
15924
1720
37109
56479
17030
13328
43047
56846
57276
15491
44136
40972
15564
55792
4912
22416
35674
55916
31101
64917
17090
15084
33560
38584
49178
38963
4157
55769
56092
19409
29799
57707
52358
17691
59946
12906
12967
8403
51066
15649
16299
64881
58983
27661
42216
27782
24595
31158
64051
26819
48213
40091
8115
39956
47819
30615
56609
52611
1032
57795
50248
19424
4669
2869
42669
38442
58507
37122
37506
43832
8849
14287
52410
39877
44868
49687
44802
36674
42492
53211
21384
63287
32075
42992
4852
9327
47895
41754
20017
56947
1120
57787
56319
28533
4647
63840
43371
21541
9349
17556
18467
25615
53358
311
13085
61810
60246
29322
35671
29256
35185
5117
37908
2788
17011
482
34569
51651
16581
20729
18140
33768
55092
45911
15094
40290
37640
63020
63640
41855
37003
63916
8097
43526
56155
21613
29869
53054
14484
3479
2328
3809
37266
2414
11226
5172
16043
42079
55972
57373
27805
63859
51264
31403
26565
1033
57704
41199
24467
17850
20473
46795
28906
50531
27205
54916
42916
357
47059
5159
18857
39775
23522
43394
45770
46886
63365
30327
56139
20387
30760
9433
53055
16909
21464
16925
28576
38736
58545
45936
31178
25700
56468
24851
40186
44773
46193
61059
22065
22393
47463
14798
13528
5363
21029
23262
7942
13948
28343
24470
4
61543
41513
61357
28017
15865
43077
24087
2382
65221
7866
4133
62908
55150
39236
56090
62194
59255
18546
1935
14531
33972
61663
49327
10150
6708
35163
27173
59272
48437
51482
14944
7110
8891
2120
4809
33632
3062
10898
47015
44647
35764
41273
18809
56551
1770
60042
28222
51284
26916
46744
48873
59971
26137
11156
13612
19405
40843
3883
35807
28393
35149
15877
24190
41710
193
52995
41359
34347
37656
43075
12424
17681
46915
34383
1659
46285
40662
14694
34049
42191
8836
27315
5603
32665
42095
29761
13437
7797
54337
15985
62524
13593
54973
45885
41480
64623
27779
41648
44641
15151
22918
12870
57155
39961
22700
38609
686
39952
11173
19812
14847
53583
10078
62358
11780
39136
40299
22761
23684
31171
45536
54403
47347
33509
42529
22632
61389
8659
42753
20115
15205
56189
17216
41388
52374
51075
4799
19443
33549
41919
61972
40884
29560
5112
40998
12115
23115
60227
25996
64658
22010
7813
23165
43342
33647
34552
21332
34514
118
61394
16695
41168
4194
51132
33536
26120
31768
19196
58462
44745
36953
22663
60583
57940
55247
16008
34317
61176
56086
44216
45714
13648
44669
29086
16646
39512
39694
20160
38410
33739
60654
51574
30349
61892
45682
32124
17687
3194
36655
34337
33976
39437
114
17728
61445
53155
20975
52609
7307
34560
29963
38213
10921
24538
36762
29739
29096
52448
52918
31018
54669
7928
9246
64255
49630
38832
57137
3889
64382
32856
53262
47691
15874
58857
30341
15053
38370
56691
47398
1816
62685
28566
10117
39792
27339
16824
56735
15287
41814
23659
2780
61465
30870
47367
14302
65031
17180
19818
4431
33569
29935
41108
12790
12808
21421
3778
17752
2757
40403
48388
53482
19765
50776
43701
2767
40149
16489
65237
27839
12612
36037
25714
33266
49282
44374
49733
50399
37421
41554
28986
15835
20684
30026
8401
38362
35935
65247
59675
25016
12748
6919
61704
13527
25670
48050
59885
7025
14133
13077
14256
56372
50707
31518
47520
16965
60163
52706
22391
12076
7091
18843
57978
29329
10856
31656
61563
14249
10797
841
64440
60685
47537
2820
54152
32466
60437
18926
12767
26164
7306
40325
62571
65459
42519
28333
11176
40680
18983
14247
38887
32215
53870
24039
38726
20876
53220
45014
52354
46140
62676
32533
59866
48359
22556
35287
26288
14068
43721
46082
51300
17844
35563
19743
2178
59155
23472
9738
63494
32097
37390
14569
10713
103
39572
43163
41000
35602
31321
26282
65024
64575
14899
55120
52739
60275
25962
40430
49359
55783
58768
36006
17332
2971
7710
19926
64357
42690
9468
9372
34730
45721
28392
32494
54538
26645
32925
46435
9306
37232
35508
17370
25205
17325
28607
14802
35468
31024
60710
21137
14201
40907
36042
8926
58481
64988
7778
19249
64707
28421
42263
16903
50982
50790
38279
48238
64333
34274
19658
29042
12647
47282
3254
11925
51838
47176
49631
59527
44674
3125
49120
58131
30123
55790
24064
34290
42799
20510
53684
20886
8602
44624
25040
21045
7059
34723
57117
54535
48023
16248
2775
57481
59023
15447
1712
32249
50524
61843
43390
15616
61118
1383
9720
7692
10564
11901
12173
2415
15221
11296
62723
46280
2932
19711
51920
46783
46709
257
18834
51246
40991
18302
8294
58764
62539
8689
39018
42309
3686
25053
1695
58446
32179
40944
35109
50457
56838
23365
56252
53773
21347
5774
58745
8371
1347
48944
50621
41128
35924
903
49342
21204
21875
8740
4610
54367
53213
47924
48565
37010
58410
16000
3303
56917
38130
4889
5527
24044
49259
64151
52199
15954
772
28644
43964
61060
42531
20514
61726
2680
59985
19553
28540
64845
34822
32581
32724
47709
47476
33295
20813
40989
25462
39539
36616
53990
24179
57800
41002
34540
24481
6403
16588
61749
32356
48967
1393
38984
54804
39216
26249
25064
3592
39862
37237
19980
28418
44600
22593
24172
30551
31535
53025
38601
38172
32628
52001
63219
53022
29430
59073
64692
62108
30088
37031
35037
20072
49852
46847
55119
28174
51774
38920
24066
42945
41529
1428
20901
7945
46012
48312
63333
35413
30172
56700
20994
22079
5112
64985
51099
32587
35989
55386
3094
51901
1797
18929
43838
31497
2842
55043
46644
3764
62285
38201
15163
1746
36022
6672
25271
42914
54440
31155
31553
24035
13531
57782
19780
45941
37293
14341
49901
64827
16422
8115
47306
6564
55650
35412
36721
18760
26879
33047
10748
8781
60510
41622
3958
10105
8740
57847
63355
31337
44029
2170
30670
39342
8904
36574
19387
58338
5389
38622
58197
11079
29311
41561
34746
46525
25105
24093
43234
64690
17651
23325
7304
39467
36332
33721
63889
5987
8628
46763
64107
64622
36049
32901
40651
44544
35728
1694
57135
24059
61492
17051
20412
48349
10498
59549
55219
48777
53193
53457
38316
17129
37753
55632
40622
45455
4324
40356
4561
28095
11036
8689
47261
23512
34834
33619
57277
57614
64357
46109
28603
36532
57426
30291
15141
49660
43210
34017
57237
40068
63072
64476
65085
24094
58632
9881
24403
48976
47999
55825
2062
2420
35525
26262
8629
50788
32848
33565
57857
49952
26698
16490
10139
2883
41927
26443
7053
55504
38631
62899
1926
33673
27787
64670
20755
20303
24926
19856
64266
54149
35638
48705
50653
50591
30362
11077
18514
43870
42688
22794
24626
32903
62823
15043
23623
9485
14769
6642
51904
35201
3458
12529
15711
13018
8878
22491
61418
47679
2006
5294
520
33221
5162
59970
30387
50115
15862
20285
33779
34711
31890
20671
1500
46450
34472
41262
33868
56022
19330
47617
16673
63519
47233
5692
25032
30836
46346
48718
32999
37484
28521
34718
23418
3078
43143
63073
24059
12894
52809
22542
58713
23519
53075
59997
60198
32495
12698
37760
22401
18972
19789
46109
361
60912
32083
29705
7240
39908
20156
25293
32350
35665
44390
27290
64921
59400
41308
26489
64819
23827
37900
59536
9999
47253
11501
58429
22651
13348
11603
44199
21427
57538
39175
50858
50555
52472
22856
60536
7191
54485
22175
40944
30491
64721
44419
32687
48597
50135
61666
63711
6668
27130
47512
65359
37801
45845
11596
45006
41644
1396
21354
31121
28802
16320
7320
34866
57903
21970
9812
5049
65093
38839
38681
944
19242
59014
49440
61495
17318
61715
42062
38364
31739
50453
48974
12521
22731
63652
11461
14279
6089
58686
52644
22968
14000
13694
49835
60765
27770
57975
63245
60425
47053
57038
29928
47762
21218
19230
28290
8731
483
6413
56879
37736
58123
31171
11907
12229
33083
32793
63174
53098
10700
11012
28092
62822
62015
10296
12582
54742
9965
26851
19145
46610
61939
3605
58579
33388
6243
23532
57001
55134
28142
40352
62552
47345
24617
45071
58188
62730
26322
56075
60133
60122
26844
36809
36143
35011
51573
17909
56483
10470
39603
29755
58238
37232
24307
9882
1260
48185
14832
22046
29950
58531
37811
47108
17074
9275
32733
22623
53594
2606
24394
1426
25006
28388
65036
35484
55350
10670
40815
51418
11600
46992
59423
29263
24744
5417
58140
11561
52454
30310
50581
4746
53325
52772
54161
56801
39045
44593
49723
52766
45589
31640
64738
31431
11255
29153
25574
26145
14263
54457
30019
20885
61952
1169
35971
57305
4112
26907
21596
42643
25090
5921
3799
32698
20894
51874
57539
64362
53650
798
22804
39826
46883
16794
63318
25503
17796
6466
48402
48465
60904
9174
9423
3024
4550
7226
62711
21055
51945
50687
62656
7315
48664
48554
15573
10746
31667
40323
23648
59816
49215
38508
44877
19062
63386
64285
4049
1418
16226
22281
18055
49040
41615
54111
36929
32509
46097
42769
42368
64864
710
21898
8441
11585
17029
9426
60071
28273
63477
52426
15925
16972
8316
63740
31321
34246
63713
11197
16307
26057
58348
3196
12588
4448
57604
2375
51264
56868
19859
46851
32717
14253
52163
41577
62021
13456
13481
24920
56842
4409
2659
23151
25372
2423
10019
29814
50027
39755
37200
41178
26222
33295
45088
55955
19001
17922
1887
4085
41313
9947
18054
15664
36966
49518
30602
46418
58449
32572
59768
48841
7855
63675
13061
52676
36518
32298
26806
17959
29843
50451
58427
44629
9366
48280
3431
21675
26782
24383
42582
38658
63264
35873
12070
40162
23676
51956
37610
1836
35877
14822
63589
29757
63694
19074
25044
25836
50118
10404
62360
20442
56002
21935
55521
10692
44042
11140
505
63231
50354
35537
7823
6651
49348
28022
39543
48053
27575
39336
46200
16046
9635
14740
41295
8781
2034
5814
11462
52595
64322
32487
35940
24343
56572
48698
61327
33901
7380
16381
21520
55740
55008
30468
16985
11750
40559
54902
57204
25894
16205
34769
12942
46815
24327
9514
49253
10947
25435
8131
34971
9674
2213
46388
45549
45519
54320
25613
14110
4285
50298
61723
25921
5386
5958
63115
8571
47663
11766
14088
59347
65194
43734
17771
33180
31549
6546
3798
12073
56437
20690
36614
62080
39880
46332
6962
12658
22070
37241
54302
24902
49549
60005
63389
29369
26854
36565
23396
25224
27520
46280
43426
1100
19150
9350
62900
2997
21823
23941
22878
37941
45097
46490
35897
10138
60021
40184
52051
3482
1481
36792
53169
27925
13148
17560
57704
65345
7339
38375
2353
18611
9068
24573
24419
59156
38601
25161
798
13392
57749
25985
10708
33435
35860
2228
43644
47911
65041
19101
34930
61786
16035
28812
49672
43975
35593
6770
46132
1408
56519
22470
26991
48552
19981
121
54197
39438
20300
783
44832
12571
2977
1750
56420
15298
23287
58465
48825
44751
2774
22891
53593
21887
42344
19526
12134
43226
4856
34586
51349
48789
30555
53107
29304
27304
34176
25527
63756
41192
60289
57867
39643
37687
36011
54478
45052
58241
12919
20215
14043
36946
45762
6271
40917
15528
33984
15663
62582
22962
40923
40524
50212
17180
3269
144
61977
31910
1151
21683
4722
6519
32355
58689
61651
24206
14522
42075
26568
31819
17324
21947
49134
36666
47205
12159
5360
29047
34488
13500
17639
27738
22121
19870
29545
58472
15207
20139
32777
351
10605
32631
45183
50047
52249
16211
20668
13737
9279
52716
32726
37705
46077
9351
55907
45461
45083
20828
11477
30561
43748
57197
25274
28354
41216
45430
64424
6264
50736
52174
2507
61996
34553
21434
40603
51303
11262
32392
53889
26967
47382
31080
45145
15727
32503
31905
19181
21233
21591
59180
44946
52902
61622
44150
21612
39948
24877
64815
5179
62165
25768
59899
7787
4036
5487
60924
4192
3917
18447
37372
60065
20378
41056
27581
18969
15178
33629
28295
38758
62172
32341
48418
36886
54700
32759
32170
56767
20397
11747
17913
51088
36733
224
34775
49131
512
33444
61619
20911
51350
55844
63598
18255
19297
38590
54599
49525
44302
4366
13959
55189
62818
59004
60681
8144
48831
14325
22692
7098
53196
65126
31214
54710
51445
23603
26710
4182
44331
55254
30215
58130
49212
8858
34506
20835
48442
9707
52588
33858
53559
4408
43482
1321
33454
36356
10985
49554
13158
6590
20691
61612
51220
39445
34024
61097
14311
11397
59556
6430
62745
12722
17194
17000
31686
42010
17209
60763
14355
61141
56848
26984
10406
22894
6131
14456
10715
2893
42878
42396
42934
2720
3490
14784
44139
44300
15328
57069
9302
44892
5271
11964
10096
14345
36651
13212
43705
8586
39749
17453
14675
64354
30762
34291
16449
10858
40773
35237
46697
41086
14616
3613
26738
26839
7078
25724
13029
52698
24833
1042
12049
59199
39141
39798
63827
29718
43408
13636
64913
43168
4749
64796
41082
41198
50759
39461
26249
14864
35905
39852
6132
49592
33237
1645
11036
20472
39102
8344
18419
63126
17038
57020
64614
10022
8817
12427
65401
61013
37002
57278
60338
64182
36943
32262
25757
15428
46636
25674
26062
56584
54065
9573
12806
13295
48694
59400
45861
48858
29637
48599
16541
51033
59815
64082
58871
993
8316
14340
43195
42195
42901
22896
36971
35125
29808
34214
25435
7822
22143
62506
58132
14868
40362
45019
9745
8230
37141
39400
3959
33043
55755
23575
24633
50905
52489
64230
31682
41434
12267
57344
61718
5741
5790
44286
43399
4176
18531
38324
8724
61292
49667
17188
60360
42249
40882
46153
39896
40638
33620
39581
36582
51552
46758
38846
18504
30385
32331
43987
28523
64544
38327
27041
8409
11383
55810
23467
53014
35567
60168
32753
14549
6359
52794
4625
9645
35130
7869
61821
52786
30537
47559
20757
13584
8112
14355
17509
50260
5621
23802
30341
14266
54552
64083
8363
18808
60207
6226
53296
63314
63841
28770
43347
40483
58326
16462
41517
64703
5895
23030
55557
5675
24344
43496
45740
11209
1317
18578
57358
36157
36664
8393
55048
38529
159
41761
12
34153
62876
44216
38996
53220
15623
53934
59205
21166
21250
22889
5998
62381
9069
18852
33326
32887
27333
12977
21483
20621
37939
3377
26978
10601
16022
33316
6866
9498
1483
37936
11720
63337
22660
55675
37087
23258
27456
32656
44859
47785
37518
19553
4622
43905
6337
2878
21551
14418
3725
7759
63057
6631
56112
20031
55905
1493
47194
28645
21873
6732
22386
28618
43270
1637
45286
60527
43387
52096
3796
1873
56190
7097
53364
31301
46415
5436
15444
54929
29679
30597
53534
25913
29404
50363
33183
30707
9867
14240
4235
51893
27970
32222
814
38711
19526
62862
54486
9937
26128
4061
40559
53033
41744
61778
60774
36642
29300
24925
25274
26214
31625
20774
26082
5331
36496
38273
43063
60230
36066
19820
1388
7642
13648
32825
13192
64089
55431
10162
35294
63461
59368
23712
59389
37301
412
13267
55979
31078
224
53233
26966
19365
42180
40219
30582
9268
6667
26913
37091
61569
55681
15587
57545
57129
32230
65267
32929
24750
33990
6241
21725
41573
54396
41596
55179
51882
39551
56364
62696
12329
15085
50832
45216
47173
17423
34765
16004
8882
58639
46314
47528
22493
42204
40547
15253
50553
9293
35543
14088
4113
29770
64786
64080
58371
14033
52065
13139
14414
44750
3377
8084
10706
47387
24262
9335
45828
42325
25800
13534
43129
31621
20968
18636
56594
3856
17543
31129
14202
26351
17650
3203
16209
65169
9588
50580
3255
15418
17995
43754
26128
25700
13361
4196
36127
42017
33372
23577
25656
16933
47951
20330
55058
32959
9474
27409
59267
3142
10600
40593
45724
21423
12
56281
62575
2753
31307
21368
6987
29451
38831
36045
18429
2659
62135
25129
22710
49471
40057
24199
25656
12114
26110
7558
53778
416
32747
31478
20858
60166
54925
50664
23453
49176
30597
55581
22537
24842
22134
49148
21127
23319
9575
45045
11513
51
44044
59016
62719
45265
38502
34843
63584
54385
48970
37361
16199
60412
25086
44380
36580
64779
44477
14221
46835
39930
8524
28689
46978
34614
3611
46994
10672
64994
9795
2047
21349
60603
30266
62967
4396
24588
15854
13771
14712
44939
30032
1328
62008
34253
55957
28301
19920
14625
20370
44625
27191
27088
46390
27223
18865
46790
15216
5951
62789
9868
21397
24057
9271
40255
58502
37343
33341
17956
10860
23179
61372
63819
31104
44624
6928
34800
37324
64515
49494
7666
35809
31589
27656
30617
34055
57110
53047
47207
58541
38719
1395
58302
42530
41327
50166
17792
55376
7422
44869
55578
51354
31926
2156
15866
65407
35090
64400
48606
12296
44003
5151
59063
9258
50327
63349
9945
895
12298
9526
54165
64210
19183
57513
25911
24036
7079
44671
41358
41119
32131
42070
52680
31367
45096
45465
12573
12900
4245
39549
16155
7338
16301
24398
17991
9216
60436
570
33610
4703
34442
56295
26294
43244
64401
37113
27007
62002
21028
50158
34265
29685
43101
8918
1104
33641
49783
33191
64791
11262
9422
13090
64774
32157
61461
7089
6954
31255
56082
47837
18709
4091
465
22686
51834
1103
26859
65291
30680
49830
9826
35372
35806
16503
3862
37857
26998
57845
46759
51826
33537
65361
836
14135
24115
7823
26172
8004
2502
30062
7185
60679
27220
64961
10968
51550
5774
24324
15350
10151
64725
17800
51326
10947
9136
26142
21937
5532
55151
10909
56480
3593
59367
56369
9069
62562
14090
26962
28256
21643
52481
9485
53236
42983
6312
1681
21562
23959
57130
49324
55925
38984
23659
4021
42053
29993
30170
22241
23370
4125
52199
28876
20605
36515
13268
3596
15684
50228
45796
11849
23822
33233
19156
1782
25174
6221
38721
13404
14237
1032
28323
42261
21259
32695
35857
52643
2600
36929
24910
26873
54911
59281
6840
28052
22552
12505
45159
33174
23814
26365
31496
15160
56505
39171
12584
18732
49664
58357
26843
11877
36544
35986
38651
48364
3799
37180
47400
11064
32801
39470
19852
11921
35036
44421
35478
42039
43903
63236
29220
31516
38673
9755
2626
7034
25452
14428
22890
33897
29652
40573
30740
15141
4517
27436
3092
5580
7761
6287
59424
54149
1943
42285
41012
19549
41654
60241
29327
11553
43546
1171
58181
41816
48649
64570
37143
697
18135
44058
48622
40275
64089
18920
7242
16558
21634
58481
4720
61796
60303
24939
41654
42048
1648
23218
56618
47320
8383
14665
49828
8433
49246
29524
23604
34211
23711
32828
14999
50029
31703
34151
23221
21114
12294
22061
50090
64928
50072
35852
55498
48004
25697
62739
11605
36175
2246
64315
51161
1496
49447
43076
20373
7632
53903
28919
26157
30822
59073
8224
59638
11753
46075
49322
30843
47177
56546
55388
13624
33292
27165
29278
53566
34451
17275
177
7910
42911
55631
62040
2298
63709
14509
19429
10979
61176
37640
64202
27959
39805
58458
9496
62030
49552
62470
58681
22270
40671
51865
48789
2441
28862
28853
1411
18557
56447
9792
40114
60670
33429
20996
45901
63572
21282
29483
24297
35600
27438
34203
25954
19473
27888
876
53731
38351
47559
18485
30995
47784
19506
23100
44271
39274
58516
22120
32638
39856
47451
50914
14347
48712
53610
35165
38581
35003
59709
53236
28945
48976
13223
4
6748
8910
39059
22818
3186
15026
41780
36146
19609
63122
57488
19421
8787
41574
45846
59640
56796
28977
21778
6081
28846
38000
34149
63481
42456
22104
34182
55643
18172
53825
9050
16736
62589
6620
36476
51083
25456
5017
64382
16644
27364
49837
58632
61179
12782
26118
40593
51961
63947
54387
40761
28342
34752
28710
21833
45828
32157
54598
32842
48732
4877
2735
49393
34996
7430
59735
60668
5221
43957
32088
62145
2696
20784
42736
5330
20108
33445
8131
48830
31573
59602
46845
40010
24740
18106
52180
587
17768
37798
47287
31199
21805
62868
47812
6869
14160
60873
54751
20828
55130
40882
12271
3244
392
24181
4931
16315
64720
31144
52257
24618
42388
40740
11520
62657
34675
22097
32700
46475
59355
38104
53367
50427
29306
56705
13495
17198
13569
55740
24428
10984
35111
37757
17117
34902
18926
35906
48910
39446
35207
18255
7847
41412
49920
3687
38855
5036
4303
8680
50887
32913
18665
54966
29297
3246
52424
37436
36286
51264
7292
29515
63802
3604
45429
64368
12005
36991
57108
33846
29268
14039
39020
25108
40992
13997
38763
45186
60992
63214
19472
4991
53821
63935
52811
12055
29742
21715
21541
16375
50270
32104
46274
60690
713
27676
317
19572
12884
35615
10969
49327
20497
44255
59253
45784
19066
53831
25855
31576
45845
27303
2265
1431
49404
39711
16689
54750
62023
30761
52479
41582
60991
34302
59872
58290
37904
41405
41889
29497
7893
25644
63040
5339
34486
63947
58464
9634
11856
31409
30296
35001
37504
62926
42732
60985
36105
33031
15171
60547
37147
61595
13868
3788
54255
10720
51355
9052
53697
3012
49081
9894
26017
50163
13936
30945
45636
22113
36752
63360
4237
48321
24124
60053
19147
47213
38840
1151
38830
17698
11648
19559
25404
21943
2790
26034
55316
2670
18405
41032
39755
133
26126
38689
29470
38718
31789
26992
64885
48178
63456
33573
3960
33027
13803
50711
59092
41175
19590
2417
64656
6441
38684
3730
32798
46815
18130
58076
35901
53883
11202
53181
47324
2843
14924
52314
23950
58435
56175
26167
51844
48375
8976
42592
52934
57219
38924
8827
56658
3311
39866
45236
29717
35986
59995
58115
1593
12530
36873
38792
56381
2502
10881
17894
33955
12467
3229
58658
62334
39935
47139
57644
48501
44259
32501
28657
63910
4140
29057
61529
34937
21910
5326
40556
25157
620
1203
50366
64100
41894
60331
22218
17491
64314
51501
27128
64007
35512
7843
50844
27686
30651
61233
63439
44875
8176
11826
19567
16671
16149
64200
38095
13240
58566
18318
31876
22386
59102
55919
51368
41350
2107
39195
51510
7910
42858
35467
53466
64202
27122
27072
4646
61258
38835
42929
5665
42961
33209
2355
32021
59272
3966
40071
19876
36457
18740
50298
16814
40701
59182
7526
1168
53078
4705
39721
43791
63063
39544
56091
15149
11043
30518
49479
40576
3485
22669
62614
48722
59154
49440
27799
3632
16888
4862
57346
5800
38104
44449
63161
17900
25026
6049
30218
44870
10488
46972
32056
60457
50414
43700
41757
62148
6358
52885
424
21831
44466
44706
44527
18150
32031
42119
27701
62080
33530
27764
40940
8739
17812
6022
22895
13342
30566
34363
2383
56339
8044
28893
36155
49014
57697
52534
34178
42254
17846
39988
55996
4103
25956
35086
20719
49116
19733
48988
34466
26607
58837
25008
37232
37376
50452
21259
56484
25234
39311
50669
60077
16250
17973
41295
65178
56327
3042
12961
59667
65291
8604
10994
40361
60530
4273
50670
9463
10197
12100
56330
11229
42272
17716
23939
57997
5645
24108
17772
22057
22728
47655
38260
59464
7333
43405
24131
6090
36224
58039
20926
61353
21714
32519
19352
986
42019
64928
31187
38768
43799
62618
28998
29120
23299
16416
30307
47835
2553
58638
27233
11685
51785
53317
1953
57190
61999
56894
21463
5626
58496
15142
39516
64474
24562
43569
29170
29287
18352
23114
33017
58141
35762
36096
12390
15084
12998
19259
57000
30682
14070
36943
21918
54294
53997
61086
17766
14578
41627
19891
50120
13114
12693
47239
23019
20408
9697
50329
53904
30011
46036
33083
64627
34289
42676
26969
52316
63502
41834
44780
7014
41837
46677
9018
51009
42766
58804
34731
54015
36903
37814
26929
9440
27034
13160
26924
10486
63912
15518
19867
9908
47481
17033
43008
62756
13129
22140
65087
30117
42334
51167
10610
32823
479
54554
43489
25972
42641
62323
26570
24049
46737
32164
17982
53855
15816
25358
62672
5767
4775
56914
2832
4383
42262
34874
58884
30172
27295
45772
31106
1267
60312
50907
57249
33078
19334
53249
20224
7968
6728
51772
32925
7532
35450
54172
45338
42075
44630
24376
12086
2675
10637
16204
60244
45299
58017
50786
17787
29732
58292
38352
225
32173
44394
61823
2136
50639
52206
10639
36462
8287
9887
45843
37103
60472
3897
41692
16197
11122
14924
14308
20494
29604
28002
46200
55110
61103
28421
5624
23783
13227
22407
1315
19376
46593
39005
57027
18315
3375
7604
44309
59990
13225
49853
32047
57126
20686
28083
58078
53562
8963
23270
40892
54322
5371
39399
25870
10016
59913
39703
19994
59349
8258
64992
27459
32836
64353
59091
31730
10728
27603
43122
35589
3637
48580
38854
17992
31358
48740
31555
37633
10462
47139
753
52379
12677
43168
33417
16067
59063
33481
6281
40159
51336
25930
35116
57359
29973
28197
1060
24498
17245
44508
45777
38942
35845
49995
5830
25896
23457
35347
2474
16404
41071
30496
29439
26420
63267
54624
27896
61645
62880
21323
20095
60422
42816
62572
52586
61197
3851
58716
36286
60467
49411
56661
29613
62551
64967
52450
8153
31318
24623
5403
40873
11490
65161
40232
26491
49926
3380
52814
33706
17982
60492
59048
42588
25825
39220
21998
15982
26181
42811
57685
19528
37853
41451
32654
55720
50555
24035
62155
3688
33127
36874
31596
62992
35063
44786
61513
29223
48503
16073
20011
48065
61709
53223
1796
31953
8922
26362
34656
12334
64978
7913
57458
22706
43546
41365
46774
35269
18176
13158
23687
42132
27293
52161
8946
6232
22927
4571
21413
21185
50785
51084
51440
57768
44216
61074
16988
6750
13393
11459
49787
30203
4846
58196
7568
17223
4527
2357
48598
30322
37357
47926
32613
53772
2145
50542
16338
1749
17781
45382
10726
51782
51899
60620
50458
55056
20721
58843
26188
40505
29134
25009
20245
24980
46071
19427
37044
4110
57886
20645
7457
22713
35433
484
38608
59149
28176
18530
15870
31971
15260
45780
60863
38430
53903
46540
32165
19077
21613
16646
44376
9925
41227
6903
2469
58153
26457
45998
62471
30445
33806
56068
34232
8191
31427
43588
54523
48345
9254
51235
27405
9073
59761
6515
56771
8297
44810
28687
55639
23667
33278
14084
55414
49527
9835
22051
56550
4910
34442
22809
42868
3597
34861
54079
54673
2203
25488
30706
21372
61737
37141
47286
15371
5409
21027
14105
42511
51539
26504
11675
55892
15204
15449
47178
14635
61215
12373
29254
2548
62802
58058
54118
43570
32324
54790
23186
56626
61326
31663
18485
12213
57872
60862
28959
750
25106
22126
63696
29508
32724
15897
10091
20724
25341
27335
40926
23716
31555
19799
14562
48176
12485
48750
63930
48113
22130
33809
34411
1618
10647
31135
37706
60498
4743
42420
43341
41780
37521
54624
62272
44465
52698
34959
55875
16280
61923
99
45004
1281
40120
21967
5515
19493
39054
22635
18808
38312
39203
3258
53164
23782
57932
18193
43173
59625
6523
32249
14920
54150
27215
29512
44101
42224
21737
9779
398
12623
58681
13413
149
43835
48681
20790
44570
31799
63536
26781
54004
49911
12586
18905
34277
14432
8245
58823
3418
30995
26682
24764
6994
43080
51759
36773
46725
12581
23853
53610
49637
33494
17444
563
12800
3018
41327
28776
42371
48443
44407
37495
43547
28883
35071
6119
52425
6400
47468
25261
34334
64058
55685
6962
11863
39437
53234
28083
4240
51073
11028
57550
45554
31796
41923
29630
11497
47892
36977
18512
558
13029
712
37461
16785
40875
17938
51035
43333
28481
36165
17148
5709
59384
33096
54075
37915
64565
38960
63032
5602
21125
42716
14499
48102
58819
28580
53462
62591
42432
11685
996
41883
4830
40048
57798
58756
44606
29261
35314
46243
53601
10099
29014
31003
5400
11320
65348
14067
17494
42111
46129
54836
33207
60797
16770
56850
31737
61366
17651
22056
54710
13611
21240
19882
39987
59785
2443
47945
35749
58798
13296
32617
47879
29493
19901
1284
2605
54587
15127
33159
30998
54528
22473
45424
59929
40764
14591
58707
50311
48681
22152
38444
18152
50995
39799
4939
52196
25203
26125
20764
35737
50200
421
10707
31110
57038
25765
61242
10273
27454
53575
5756
41005
27830
5371
7093
24044
35361
64705
62564
45644
31705
21310
45420
39752
24131
6494
38908
13571
16932
33863
4760
36702
43055
21428
48525
60715
45588
44789
1312
44615
33152
22074
49789
24449
26025
16338
53544
18277
49262
9338
49681
49120
3857
6323
31441
20270
51111
39094
14940
996
43971
10481
18787
17826
49739
900
56147
19731
28847
28562
909
52735
7590
49825
23183
53021
46731
64016
51091
4725
32453
4625
8734
61461
58003
18992
6679
17467
12620
6916
13236
61549
11789
31803
7775
37034
8219
57164
63559
1742
26331
11602
2287
64288
22496
31068
4779
40777
50646
43363
33378
9521
17412
31326
50190
30717
36317
45099
47479
1020
6722
16363
39638
24952
24046
8079
19920
41159
58691
14165
43379
60482
50098
23230
25624
52805
17381
5485
49261
1861
33805
18676
13612
55499
26497
15653
27084
58973
3456
55382
44578
63404
40362
42996
43282
19363
63869
61162
37185
62691
54522
29226
63788
35377
9724
56352
2889
48452
49261
15772
55546
3038
14470
11706
40600
21060
8511
58790
1008
25647
29854
46642
57539
35339
53231
24963
46590
8739
44266
36705
3896
45237
18444
22754
20236
48250
54578
64512
26690
44865
2185
44826
16323
23877
21007
34446
21357
52640
45010
20741
32566
25096
4297
49432
64418
36550
29004
26166
20838
31340
6862
53512
30976
8873
16454
27253
19273
1257
18263
9726
41537
19445
60324
19972
51759
2944
27928
2114
32218
10978
38140
57464
18700
22220
56174
17087
40672
3655
62066
46236
18502
43260
59808
45155
34746
29404
17787
21566
57426
7204
25728
36821
56185
1101
26360
28734
64459
8679
18296
12283
15824
35322
232
46976
24655
25533
11285
40789
21070
33051
60224
58465
10902
47300
49628
17148
467
22093
22141
5761
30397
65444
49132
9266
4106
58819
35487
53485
31576
2256
64557
12303
30563
23992
45721
59543
22594
64252
8152
10659
7446
20445
52236
45653
63017
21775
2422
34121
8508
54798
48030
47880
61435
47329
37472
6137
35621
27303
39963
60983
31171
27636
40033
11376
25803
27219
30378
32483
19004
36640
27598
49723
16703
46999
29009
46225
65142
12233
9950
51290
16492
23928
17045
63656
61276
31355
11254
61535
14037
514
51759
53189
30266
25049
36118
3996
58255
13317
54833
29041
23336
33438
49926
15100
52977
11973
365
48384
56230
46353
63200
5178
39213
24552
37745
34229
45145
9669
11644
9357
20789
8964
26290
24948
53664
16964
17306
10907
33101
38792
40792
61840
65254
12677
32667
20765
10862
54128
49939
918
60260
20174
27195
1758
42048
55433
64886
54634
53952
12379
5764
28938
53004
65311
56213
35673
1197
59720
36072
47362
24544
37921
26703
2007
4329
59205
44497
61000
37123
53737
64955
45835
45017
2970
55308
26777
55512
30379
56581
55497
46674
24591
32182
50521
34038
34606
41785
60329
43557
51530
18000
12794
63494
12332
52872
47511
58780
35369
29125
14371
43232
18246
26341
17364
38165
8399
23046
64018
56724
36398
65138
3969
21091
50611
2200
43962
20604
49483
61172
33775
25054
40330
25508
37303
32840
38189
20632
50497
35169
20508
6924
40663
44908
43272
48805
24812
35627
4646
7735
27459
17910
12744
3344
61852
36235
24411
35950
62636
12149
27298
42939
60869
52214
62916
48513
19150
36191
20562
55534
58421
63886
18707
51319
30808
59860
4650
6167
3789
20381
33698
30121
42488
47967
10049
53166
4915
41140
57135
23232
15879
27680
6088
5871
11598
38053
3942
58290
27832
11729
19159
33793
22574
281
342
20778
35597
49541
56501
15183
56173
17748
2629
7540
9858
40949
60367
34243
35764
63353
52657
51088
37261
35698
40333
47563
37569
17377
45693
44406
38322
57921
7358
47872
63183
53665
6351
54410
42838
16488
5657
28834
43280
48414
22151
22976
58676
59022
5306
62468
37671
59436
32165
25412
32626
44595
47020
61823
25022
20483
56723
64459
60377
50439
10827
46856
39077
46880
16625
15871
58577
28345
51585
39603
13426
2590
52881
3093
21948
46978
43422
38697
14687
21642
52446
5243
11085
43545
33593
13496
9855
26349
56466
7017
33760
64035
48877
46758
14409
31545
38395
57151
20789
15611
31984
46793
20391
39811
20759
36587
27396
28524
9008
58568
20384
57304
47901
56449
12537
5150
27344
23576
27592
32253
26018
21564
53334
62217
28533
30429
32438
27549
61145
58004
20324
59351
59056
40793
59628
17741
48414
20128
48844
9877
24287
58451
50768
12442
14185
4005
46298
9274
48674
40032
54317
29678
50184
214
12150
12070
48253
55572
14385
30454
12239
14197
38035
23247
42007
58170
10320
45336
30865
32098
19713
49401
35376
3529
36816
62964
44859
30973
17689
29561
5564
37689
62069
29137
24596
3950
9604
26618
1197
10194
6816
32315
31254
44670
8057
22773
20487
28615
32893
4577
23006
41941
57042
22103
63435
25233
46715
51352
5690
28079
53219
60507
38473
23907
33507
12042
3049
59720
26709
42686
22559
29393
48656
27915
53300
7954
8277
62190
31064
12407
49121
14838
13311
65105
3458
10583
20321
63253
4180
34376
14975
55210
12161
64159
60511
36398
921
5084
16802
24878
4454
23577
50563
51148
58051
62276
32786
21732
61218
20138
39248
7079
26727
51424
65374
60637
39015
5944
36299
8034
15858
22586
42573
15962
15431
58950
35136
21102
35163
34755
15405
10418
39467
65385
3509
40951
15867
41221
43923
15783
43834
48804
62584
26922
61609
17842
37499
62784
45682
19228
4547
8300
18993
27920
25031
5020
25849
46032
26620
21473
47654
17391
30975
29194
11510
64572
46330
47182
61884
7279
5341
64205
2477
2262
29810
15545
29481
9892
44591
63679
64117
57922
39521
32140
8228
50408
47347
62338
58053
40494
48018
55265
41284
55444
54764
37311
14168
9875
27329
32321
49237
63979
25092
20325
11526
31889
29915
29074
31701
36766
20218
29048
36015
57217
39591
43500
60672
116
64974
37043
64659
11645
61286
18859
60978
25108
16061
58698
1301
1839
57026
38072
45541
63106
58273
13096
48785
23078
32133
30570
59842
58385
28098
3379
51165
40931
26508
8605
8816
47080
10617
50176
5490
48038
26575
8718
13380
37791
5509
3943
46999
57194
62492
46671
29952
55925
37778
29641
14442
57474
47605
23480
32835
1544
45604
39276
39932
22432
44497
32237
5965
42900
58149
39313
26806
38447
53613
21201
14432
7025
33099
7210
52962
35504
2775
60771
50847
23805
25950
27074
44870
19274
12892
27195
46495
6576
63586
30750
62993
64478
42648
39392
18173
33822
30787
61888
44728
2968
62398
22795
22168
43902
3278
1724
14725
46969
40281
15241
26262
60805
20063
2442
10595
50333
39193
32197
64489
17945
15101
51599
45541
9046
34720
22353
28440
30046
17534
9108
17467
59095
44749
9416
61806
11162
51372
39319
21334
38205
43875
25739
18709
32772
63803
15620
25695
30934
34853
26306
30599
27313
49585
27108
6956
22018
41848
38541
15840
50846
9262
36095
39880
48844
14054
3939
31465
1439
26780
4751
60905
39839
25481
60829
21363
15852
19416
49553
30168
12147
5506
51005
65314
3754
59097
40371
29018
37468
12435
32967
5866
24795
698
10867
38239
2437
39758
25335
34374
40031
34973
62712
23319
4124
18405
3933
37872
50485
5668
36040
52791
16307
37132
32311
32394
10361
56028
27721
37545
25788
23450
40964
48338
58779
29644
11734
21599
13149
21170
61784
1488
25345
47685
36978
23050
21318
47939
17269
7614
33821
46970
42460
13357
43457
35478
51542
47393
4253
46389
19321
34941
9295
895
12883
33096
64388
13546
44025
60745
6222
38239
32437
561
19089
20106
2838
28365
54499
35735
38564
18379
17801
57245
52043
47940
19919
13286
30320
20530
49378
22014
15394
15204
18425
49144
18520
28363
26553
12625
27096
54956
14156
7491
63535
61028
64134
38067
27663
47235
20589
63651
43173
18520
13520
56278
29999
7646
8940
58223
37186
19434
48399
25218
17090
6158
44733
3262
55204
9628
61713
46280
62119
54730
65387
14329
16561
46022
20374
51301
37225
56792
63117
43187
29147
667
10106
7610
34542
27274
20914
47622
54558
32656
3701
45687
3641
18281
19978
55118
25881
33838
58750
59495
12377
49278
5336
6564
2611
22433
29798
57525
61967
33293
10586
16330
24359
54852
36267
41999
26887
52782
30771
57116
42336
26812
45427
20296
56989
13974
34347
7058
41458
35410
13220
16088
63167
3323
15780
26856
1133
7182
54987
44689
46960
54602
2133
44675
65494
43202
32017
61536
38316
59074
60916
47251
8443
57001
47118
57521
24402
61980
5405
49737
39075
58208
19255
12534
11781
54763
16902
60546
35653
10067
30897
48557
35333
64822
10796
20689
58293
24600
49504
56553
3312
47744
10171
42794
64739
32179
49981
15876
12529
44475
51463
52284
53183
12306
13336
9147
17973
22427
44712
19108
15262
62504
48000
29539
48098
36470
28383
26711
38815
5430
11080
21566
22560
34460
17530
65520
18704
22700
1481
17570
14293
47285
48697
15922
36871
36572
58646
31274
4305
21779
1172
18902
13774
54255
63474
56460
1252
14913
36347
63949
31954
24981
63738
35254
15304
21283
28241
44814
52135
41668
56637
46589
14852
50774
61208
26785
20588
38544
36041
14748
64396
14913
8411
25360
55872
47070
22589
40477
61843
9970
31759
11426
34072
4867
39422
45771
18151
45706
27530
45890
16726
2741
25143
48268
61344
63529
54405
39383
15010
16519
54510
41836
14633
53172
44633
30490
34110
52706
8772
54705
29366
65143
17428
23256
37039
28903
6581
22934
3192
64239
8450
48884
13502
34727
62031
43767
3671
56959
6685
31229
30755
22747
56046
18764
58677
22710
31848
63059
12573
5416
27081
31644
33887
61656
30555
16815
23082
40145
65065
59542
5472
29805
17425
49202
45980
59918
31006
48711
10854
9407
42150
41997
36640
43041
9358
61466
65353
960
3300
11481
58843
10959
29823
42545
7441
50936
50119
35197
51638
1392
28468
22804
49132
8063
28904
29191
10491
55421
10043
58576
27229
34974
2596
56810
61291
42857
44246
36891
12051
62026
44639
30441
45519
18623
57215
38500
44499
9672
64668
11071
49881
1794
31706
9373
47596
9275
55775
30968
17264
12900
48069
17707
64872
17133
58669
25522
42877
56774
25558
31318
1649
54813
64766
57152
38941
40216
59316
61450
58206
60771
44879
16958
50814
38123
11026
61175
46914
59852
38353
15228
34088
19792
24233
21253
10427
61190
57017
40619
26491
62555
35309
46617
42149
20120
3265
9745
27807
21674
4810
9438
52743
41329
27318
5685
35414
13462
49994
6886
45205
36846
31066
42545
17405
3321
54098
62449
13329
23811
1390
37282
39
59714
3655
40450
59017
39810
57460
2630
15607
58317
50318
46986
63907
9211
3869
22194
11419
5716
43382
12047
62341
21377
22221
64510
40426
19557
42679
51914
61435
58344
7987
45577
36183
2085
19227
21560
13439
61456
54597
8370
25493
41922
14189
54074
6613
6253
38255
15522
59904
55667
10070
43911
57915
54134
40489
23888
2176
30588
43861
28728
33267
53853
54436
39581
31260
48732
2352
23213
1635
42325
30836
57237
44825
16177
27876
27384
8134
34275
6935
29871
53503
18081
38777
33267
61348
17613
16290
54145
39935
19456
37067
36951
55986
60412
14919
22580
2429
51887
30124
49515
15996
16740
47994
16269
59426
38180
20889
54282
32899
61879
60436
39568
37803
55547
35289
65409
29510
60712
772
35272
47638
59227
25043
33261
59779
41649
50320
12601
8670
33605
46524
30030
41910
12215
13853
52178
8983
53663
62865
5331
38922
53070
15469
2559
64101
52459
40066
57318
48558
34919
33694
20264
28511
52522
4948
51975
53065
12500
3370
53263
46357
53680
8209
34587
43206
17864
436
41838
31427
49172
52309
388
39919
42758
41873
60533
11500
21254
28070
34027
26601
60432
56404
32122
33809
57791
55896
14720
44422
53984
25310
43191
38120
22542
15841
32014
23546
41309
56503
59030
48305
29472
59941
9447
53360
50024
50034
56267
31823
39661
65319
48147
62760
29398
37666
17050
215
18925
45334
4265
33631
29475
53125
39016
57175
51237
47536
7454
8861
23288
57192
29848
16196
50052
58593
2687
45171
49700
51174
15303
23159
50754
58045
12942
61305
29011
30261
53034
28665
14467
3628
44202
57432
9769
60094
9936
12646
37673
30659
32640
50082
46066
48628
47243
64877
19191
56243
12282
34109
37553
31031
43050
10247
40795
6405
11999
42749
1069
43154
1255
4457
20533
31055
65519
31389
44121
9642
21690
42760
24672
61242
38863
59356
55605
37854
57347
31378
49566
795
59106
33947
22275
9745
48878
39671
49841
2156
39028
4037
807
13351
24209
44716
3059
51652
51943
8285
30868
63626
37983
61046
64788
4034
64558
12596
19206
15594
26250
26388
57868
9277
35047
48251
21812
52900
876
64489
19084
14148
30602
31331
5846
53836
57369
7254
62911
27355
30476
60357
58929
61192
13328
4612
612
61153
59019
44053
43794
54161
22081
7196
54764
23632
7969
26824
12629
26715
24330
34443
48555
62571
61944
39071
22937
59701
50622
27825
36917
15341
56329
17817
11230
15211
58962
42539
56527
4581
31824
18426
51756
15701
49607
24492
46939
18149
44713
64057
54138
10925
8635
57443
112
4710
63529
9179
11410
55754
1415
13200
54961
21496
63874
13140
34195
32951
5072
46533
5848
2222
4122
51574
64487
56417
53772
2121
46818
50309
43880
36594
6215
34873
14288
9678
44996
62254
58750
1063
11960
7788
16774
57326
23725
20490
948
35676
9254
35701
54547
28480
44867
21700
1059
58852
17415
30805
39158
8437
36861
57564
52703
46863
7176
27082
15194
64617
12961
23210
2378
59592
53860
48602
37808
15322
49222
42757
31222
51183
61121
33750
60481
20286
32768
17522
49246
45684
46679
51106
30186
29187
31934
5078
40312
64845
18067
26773
55035
57665
48042
58048
31957
29552
24397
1493
7294
15399
54581
48287
8442
45009
17296
60043
30934
8109
59633
27505
57858
18059
29828
41500
21924
41290
26341
7701
61831
23029
50088
33620
37025
1933
7683
1976
18735
30807
32736
19452
26580
40989
41091
41047
60350
46330
15786
58305
58526
15579
8093
39921
17744
4603
34024
61613
61227
28692
37691
22586
34552
24376
2312
48170
28069
55185
45567
38226
34354
39389
22588
49094
3186
53680
59691
33922
51084
64264
57739
45060
11010
27979
11368
42625
39400
40503
13907
11481
47193
18576
2607
55823
43706
6373
51690
24013
55248
33589
23254
15352
36874
21805
6417
10073
52718
45590
38800
10021
35558
36082
52658
27479
39471
32156
62974
43207
44030
10554
59023
43549
16555
488
12059
45246
5939
32486
22282
44616
21856
16861
56686
54129
40787
986
26950
36168
25608
32083
29573
10632
38406
27857
31364
14913
34226
14721
25578
36860
57334
53948
23931
36848
2731
12853
51556
28156
24790
57991
44450
47263
20531
38861
36703
21916
45742
50712
41018
5330
12755
32486
62182
16491
33143
37929
6236
25860
48902
27877
51412
410
38458
65066
9250
15229
56550
29699
43278
4837
52061
53999
22736
13007
22968
29717
18742
27495
24815
13085
54729
7144
49037
7753
48514
30473
55087
3801
35982
9455
51565
31530
58962
30817
20108
29153
15854
37476
50468
33433
33261
5071
25571
63136
54346
10256
16861
64495
9741
32574
22941
36208
6173
57408
13597
29148
39877
46379
8286
48011
27540
5855
61879
56956
49651
62019
64603
40661
15593
56206
29866
40243
41285
17880
6315
46056
32916
19836
25871
3886
9785
49775
35483
45198
17003
46817
21434
25473
25423
19371
21775
7036
22366
45798
13266
5302
1492
50718
33670
28191
12463
46317
64304
21322
26589
987
28524
42846
41045
12528
3897
43705
63960
29369
11521
47283
31933
9915
6825
29415
1725
63308
24022
21022
58460
9134
46802
20826
6961
38172
16194
54747
38206
30696
38761
44640
52068
49242
17625
40317
29769
12304
33989
51313
5806
62227
53288
48713
28910
11824
44699
29866
8438
39484
7995
42701
8040
40748
27414
15928
27697
18329
51433
248
59289
49044
37326
57694
43300
65439
27482
20183
6211
47722
54992
29560
18990
28260
53543
22233
50913
26913
7817
21020
136
17966
9398
7464
26538
32508
28417
4231
11528
23673
5891
52686
47989
24591
18968
47451
12613
47563
62089
26626
18691
27004
39886
36801
45753
59015
44315
25152
26774
63621
32070
63671
27485
8474
20104
13564
37216
51483
29367
56719
19732
17265
62621
56464
207
21537
23651
27547
32590
34473
33856
36117
41749
13430
45332
18224
46384
2030
54977
6431
61560
25806
53357
50056
30735
32387
45291
44051
45785
50868
25799
26532
20705
12768
21695
44518
44064
20470
39044
9590
35464
64128
18411
15287
13626
16082
57768
21603
55420
42768
59164
31788
1670
6914
60508
40051
56440
57721
10315
51248
64340
48941
45033
31204
23906
49830
7796
41376
39809
50028
50421
6436
12029
34571
40990
53746
35196
51183
40044
24031
46324
60043
53485
24612
26303
49304
39444
34066
13139
56699
51140
23035
5619
61809
21003
5035
49693
53538
39267
27179
8603
29083
16939
22500
8504
4247
12847
56317
10134
48146
39876
59093
62368
12403
20384
26511
61219
11356
17297
28507
15027
51057
42407
24125
26153
14957
27435
4530
34656
55887
46289
17733
65445
33007
19278
15269
58786
25935
6642
2357
55140
57719
53352
14550
64147
30165
3594
19448
25202
32416
43181
35576
42666
55225
28560
50811
26166
10406
3109
17086
38712
44522
8967
58078
48752
50567
50211
6714
4921
53644
19649
45654
33018
48036
11020
30359
8774
5697
1342
42860
39615
11480
24030
14392
12268
63042
26278
35801
32765
12569
31559
45098
24013
21129
15598
4984
6428
8559
14325
47277
57851
60565
5167
65033
34597
15778
57611
553
31020
36728
64604
33712
52478
3446
1182
8057
14717
1653
18090
56130
1365
40202
6144
11330
35210
53647
29118
54249
60498
29059
15893
7796
39144
31866
23373
32770
7646
16250
28256
48731
16971
43333
17595
58729
43215
31235
63561
43121
2955
52892
43689
7916
8279
64441
45409
21015
59660
25997
41115
47896
43221
2293
60174
9648
63608
19681
17107
5116
25168
50022
11031
32016
15035
64936
622
22141
63141
24780
3042
19066
58776
18122
15233
56008
61149
10983
60661
60199
19908
40322
6002
45779
48345
58145
58661
57080
51208
57026
23071
5978
47297
61790
38876
11755
62359
46797
2776
17778
44537
3855
650
31623
24118
35965
46875
13488
23516
11439
17310
26373
23639
41625
54865
45296
47983
60703
59694
5716
41572
22778
22245
14890
9257
11657
5462
43173
64251
26699
33465
13511
53031
37154
39114
38130
16292
51591
3747
55674
20065
5663
60104
7362
30774
61883
49577
57151
47572
42171
1222
26306
18350
7834
8251
37429
48004
52827
20557
6925
14749
19052
7274
3931
34177
44476
57200
63011
53949
23817
57972
47461
31900
38866
845
35129
35395
13470
41189
58228
24981
45886
30149
25249
20959
32391
28139
42869
6301
25166
50012
3052
8152
37024
7546
21654
41214
11907
56869
11624
14037
45306
11497
64652
7054
776
46985
18161
46640
56831
48501
20846
39877
60641
26943
21554
49935
35980
2263
3585
42310
20278
23155
28618
56962
958
8838
53692
35664
28732
25911
12134
18926
65019
45014
7287
44630
55663
44492
1458
18323
32670
8024
29322
50781
11818
58660
42729
27779
47987
43344
36655
54937
42424
33473
50401
8158
59759
43290
51089
63845
64736
13285
8749
22756
63406
14321
63987
1657
15129
23822
47767
2693
15512
46173
2137
11587
8836
6060
33887
62831
45916
36292
19215
9639
33557
36662
12472
33870
28945
14061
26140
35790
53368
63051
5125
54645
57443
1432
59708
3908
32705
559
23044
895
26681
50152
54981
56434
29569
27878
46773
6747
33565
14127
5602
21903
20722
34812
57226
25480
15965
25025
49114
28652
38380
46550
59479
35846
46473
36383
50705
48681
18969
49726
47424
8779
13035
13394
43217
31522
27090
44367
6850
40997
27910
26906
13490
1593
38254
11302
57315
36149
24325
31604
42523
30249
10559
27614
21877
17568
6934
65350
48336
2845
26960
39488
31838
19115
11452
46792
56378
11374
27436
3028
55325
40507
1302
11067
63260
14662
50896
28
38848
52480
31263
41944
49133
62647
47852
10545
16902
22980
3513
40431
41912
23198
31554
61160
42929
37409
53360
17132
53961
48742
37823
17199
29779
18240
16206
19850
5026
25412
22072
58167
51928
6952
26823
53347
61447
13821
45958
19071
3694
12995
37961
32849
64518
13987
1998
36641
20211
32628
3261
7140
21076
1852
40030
41727
20332
30732
48773
1663
65237
50660
12184
21308
46972
33790
31639
63350
2569
34890
57123
35627
32737
32263
4359
7772
40529
18938
40484
49674
39147
34427
7905
24198
396
3482
27637
27557
16690
47414
62388
36568
48298
54381
48323
61930
65433
36640
37434
49850
57132
19693
26276
9021
11062
44792
63820
32438
19138
65120
57788
5060
58615
7921
59030
49687
11089
43979
39252
25207
13415
24894
40488
51946
56386
57669
56045
12467
42511
63172
15647
33501
53522
58253
34201
21171
1103
48201
24235
21838
27611
10787
58796
27468
23196
37879
12536
30591
53611
31107
35127
9635
59837
7769
47538
12118
51702
55022
40097
41250
397
11556
24925
45163
37817
11207
21400
45278
13983
625
59450
53843
56006
33435
24842
46933
32112
4537
59329
27520
1507
19905
2217
11059
21722
48212
34928
43252
1180
45705
27366
8346
46261
35361
27622
49780
65340
48589
12620
62422
14257
3490
3082
46808
24907
24558
50505
55703
38105
38554
57969
50173
31599
9792
59008
10413
58431
39281
62626
25594
8928
56465
21600
49753
45920
46273
246
11262
33827
41819
7475
26368
16873
62205
44130
61109
25761
50534
6545
34272
10796
22025
64855
1250
26087
63383
54250
1771
43041
48104
8635
26186
57280
49723
51223
33824
30313
35552
30177
60893
17185
6916
19186
60050
4932
32637
61139
2557
27389
7660
48688
28681
55396
55350
54059
9216
56228
35233
20863
41895
1168
63144
28291
57998
39403
20925
60570
23074
37037
54604
28322
17905
1743
20645
43748
39929
38494
49176
45155
3809
29460
17777
3931
81
59030
38973
20359
23817
44448
14285
48194
5835
19208
7966
14172
47146
62273
52919
18792
14978
57705
24785
43058
52872
28588
18314
59676
4771
31385
58476
6864
35937
12246
12110
57581
428
15987
55299
7347
54700
1677
45895
49472
38512
33987
18907
62269
55018
44174
33115
29557
37591
64901
9488
48752
10740
3241
831
4234
18821
58393
60793
26835
22448
791
32664
65471
16988
44067
48755
650
22191
36642
6801
3490
17515
8066
3014
46175
42432
10815
12549
57217
49222
48681
62493
9678
31231
63109
28547
65519
15193
65156
28793
59872
13434
14757
40718
61398
38796
53335
12230
8342
36978
12081
43554
53415
34625
61603
8407
44066
26917
13132
15065
9845
26193
58966
58704
3318
50657
10438
4710
27648
14463
2808
8193
47143
35228
15835
2428
6327
18391
52226
10446
18065
61531
61900
6860
11374
51215
55496
37543
18611
17284
16267
19525
54547
59193
63700
18415
41557
15420
28777
23783
25470
920
4369
46042
21748
61167
48292
37518
26861
65420
47963
60204
3969
1795
29050
64561
33875
28153
29943
44925
39229
6773
52868
58167
63436
58470
33209
45319
33369
2425
41594
11500
43163
11421
64438
10863
1273
17219
6208
46470
31730
64452
41893
64086
18377
26482
61516
12839
62904
42792
24210
49794
49941
50350
60975
64015
18143
34393
8337
25473
59829
31065
16711
30369
62516
43961
15670
25343
5293
30522
14067
19136
58551
49662
12014
51533
41393
9087
9063
27840
29920
3462
65189
21992
46081
23563
2781
8130
23537
64848
52336
52842
29327
5596
54072
43151
63105
42165
46100
45969
56634
18269
8530
23813
42010
10074
11492
1961
43331
39774
53592
24577
20764
28197
5909
39431
47735
14389
46577
11551
22232
5332
62672
55986
16984
11057
900
46460
62057
64635
6983
36184
24761
59802
41657
13168
36656
31734
16917
14625
20430
10809
17112
13193
35468
45413
55073
58361
20435
24487
24076
27858
13591
14840
53670
42224
50318
38714
54221
9743
9956
49912
33583
26286
22711
33442
50626
36569
30807
7900
38713
18592
28488
37669
54209
63838
60423
36332
38705
30464
28847
40339
54850
10928
39979
32458
47670
60548
55158
27242
64241
28318
36818
61139
25444
5050
41175
59937
63810
64396
57787
28296
38266
62185
6015
11640
33065
15047
45273
8144
39906
29554
45151
28652
38741
47692
49916
10403
37520
64983
36795
5012
29838
63932
25403
350
10309
36948
7916
31172
38069
14750
50996
34152
7751
53626
42729
44711
60195
20037
41208
25944
42733
36404
41794
25735
43520
13834
57418
62092
45304
19616
21125
2363
8696
45696
48388
5300
47708
59346
12207
38318
33656
4063
11929
23673
17244
56230
50563
41216
53161
8245
54755
28561
1667
7923
16252
6863
54559
43542
5230
36792
62961
10476
3027
3971
14239
50786
2492
8378
63144
61821
63926
17394
36736
14619
55048
37124
13037
49162
53663
13761
50297
18559
7211
60033
54686
38050
51586
60228
49767
16254
64667
61738
51475
4717
7405
27288
58687
56097
16610
36670
53341
33879
2561
22731
33700
46542
15629
25093
56176
19641
8631
25077
14723
23310
16097
38944
5732
17829
52844
38508
64021
31437
51530
28205
32237
52026
20194
4630
8599
43277
28716
9536
44228
26224
32472
56120
20023
20380
32671
7649
3149
55230
1509
34651
14555
17180
27569
35244
31529
35325
61253
3202
11738
63637
1206
45389
14588
15084
13984
1416
23457
44935
47902
15365
46541
32330
55489
50312
23740
65381
64711
25678
19855
12696
8824
59170
4551
63128
2358
22748
39817
2679
24471
17361
14746
12503
52026
24663
5380
4419
65274
48059
17941
41494
17186
20965
46821
51805
55397
18777
26881
9037
40689
35313
46168
58007
980
4708
41025
32300
21941
47590
15805
61474
58135
25508
22741
60989
29239
7386
31394
804
2847
18684
64679
60197
43112
13796
12219
30687
9345
21233
47565
56789
6459
51255
42656
59807
58781
42258
50693
58483
674
14132
58896
31956
14896
53158
19415
8285
8222
7226
40484
25816
56560
23181
10728
51826
52617
34181
29825
46230
20731
49751
12957
51824
10399
36456
24113
28415
34974
17852
2641
36282
40182
10018
27976
10489
32132
7953
4015
6976
36724
24453
51666
46260
19732
61893
55341
39424
62856
50439
33176
25530
35732
53718
37411
7495
39982
43524
5294
15259
45755
14221
49020
12624
59802
32666
46026
21159
1713
45250
44681
26564
44298
20411
34970
14958
870
54737
10864
20330
42967
31686
39217
14758
9232
36294
23325
19838
44721
18261
59474
55940
46484
5525
10499
10265
34993
55550
741
13732
51431
61383
53267
12563
2186
43134
42967
40427
12029
63473
16884
52207
44866
37210
43358
8721
52534
63895
26817
37678
55935
14276
64411
54353
10348
14429
34535
57977
30475
38025
50249
22600
56916
37567
36690
52131
51195
20898
10525
40595
58740
35986
57029
47977
61525
34575
63884
12241
64153
43038
63793
8173
52861
31361
25285
21237
61429
15339
33990
21705
31553
54586
10551
34490
61154
24795
28394
35618
57881
64169
17146
7098
30405
51093
17516
60134
18682
37093
28767
30605
35407
34124
16850
52054
57967
711
22034
52395
30251
4691
57156
28965
25398
58366
1328
52223
25418
16637
12199
61889
26211
34758
52781
60501
64835
34268
8447
14948
38733
11135
12336
47851
27775
10492
51340
5659
45595
15821
47541
47546
5007
45773
23362
7022
31490
45121
53415
6696
59938
13616
65080
29791
47444
746
33179
26677
54873
45199
28701
14713
18401
54875
53356
21120
41856
63764
32434
18340
59486
6258
9364
19437
36815
35706
59529
4071
28659
3756
20632
22147
40007
47397
19264
26872
17472
45730
45359
8521
35112
60785
10788
38956
19912
52800
56557
42159
59009
65246
58653
7901
11781
25950
13197
2589
34100
38823
8099
42860
13551
59562
63901
27914
47135
63979
58528
37885
65468
22894
44015
18772
33308
16342
37890
19326
1548
18709
42207
5422
60744
58048
40080
36051
42990
47332
46321
48604
19526
24835
50783
44669
57254
62787
11827
5136
56246
19001
36367
19300
33428
1723
20268
24619
5344
7421
41864
7916
42300
57916
32473
25986
55715
53829
4040
32930
18189
26052
47831
27272
38066
39482
61748
31124
28381
7083
36882
14478
43324
47200
30204
61580
46375
55962
22814
6971
52668
38950
45648
35264
50006
35310
12613
41632
30828
8902
52290
58379
11494
28597
63748
1266
57649
25825
62377
50620
9970
47452
19834
45708
15281
855
37704
40479
64353
56281
7565
30183
48523
22301
20018
4941
29271
33605
3679
29650
44615
9633
38017
2198
35462
47539
43518
21333
58259
10298
53955
28021
27027
39364
25431
60564
51344
52866
62751
50141
23639
27372
46402
18786
23648
27096
9345
12214
14265
2572
37105
6568
40387
30418
33807
57034
21203
61822
36176
2873
58388
5829
43644
41089
10515
15603
60414
33599
12971
5893
4144
39570
35909
2953
52247
28281
19686
61823
8228
46630
38186
22439
35555
5376
54299
59507
10733
53127
38873
7591
22286
44555
40524
59563
11835
17807
11995
50747
62845
58435
30059
33651
54512
41895
50760
28252
59519
15279
40607
61839
36514
6291
33451
19223
1288
25232
41427
9574
36341
12
62456
39715
29821
59836
40716
42253
29071
16508
47581
6628
37261
22127
35485
26240
48446
49922
58222
27956
684
18204
53567
15797
18203
18623
48020
42254
60765
64929
28329
65452
56265
17820
32255
13992
4097
40800
4175
19214
10741
50847
43343
41938
37135
8611
42417
49068
51932
15348
22140
776
7619
40061
7988
27826
30995
50191
61676
23882
23257
5570
26176
32734
8317
62874
4890
37609
65339
63906
48624
12643
32831
39163
49705
501
35071
40154
46361
25386
52340
45443
58563
21229
32840
54008
31743
16564
9103
31378
21850
2650
51594
11842
47775
33510
57247
60243
38534
35286
61208
21842
8428
41094
32531
5792
16826
42543
55988
55247
25536
38419
23437
3802
28685
9214
13771
35857
27007
4762
24110
29743
62737
10282
16494
52424
62446
53820
53943
3918
47074
28552
39382
2137
56063
54654
28117
55765
1375
33190
2031
52977
23839
53124
9738
30090
2739
24195
15101
24946
59413
55276
1962
31955
37636
56700
10664
23330
36091
37160
20362
39403
49020
29748
33031
59749
12989
35082
26197
48430
16149
38137
60040
22018
34441
44401
62673
2850
49538
40230
32521
58716
25042
53468
9267
54877
53473
6208
20910
35839
6210
20337
58338
42926
29752
61295
30679
20379
44912
28691
18368
28243
12736
25156
47631
28788
47013
56416
11535
64240
60583
59930
26576
29202
24709
2243
19295
6772
33775
46590
19816
25895
15143
18280
56926
61805
34993
25311
55615
64545
7605
30334
50473
2326
4406
33105
37972
53255
4727
10623
61367
27765
37016
26295
27863
26444
26227
52466
13459
26961
51956
7197
24656
35275
58987
22021
21968
61152
2836
28073
48052
54002
42072
31123
51708
10304
9218
29464
11819
18769
30547
1371
29201
33183
18546
18426
3717
53618
40677
29980
29198
63793
21354
62997
57540
53677
33806
57674
56507
3851
52233
47521
46655
19016
4745
38340
4115
7480
5109
60798
36325
51837
29596
28251
36018
34746
18196
25086
47670
20091
2049
12393
19856
36500
4620
4670
60043
16631
65063
56118
33338
14531
24799
32891
60824
31804
23202
14453
63127
17864
24121
33793
3282
62869
10079
26331
35991
37278
47944
39078
42092
29852
20027
50368
38943
54764
52746
2708
57865
26277
29776
50694
50277
52153
43038
35295
32623
49766
47036
45031
40444
51673
1504
36273
55847
34614
55783
51066
43048
10080
11683
52926
30704
45278
52272
61441
39492
31641
62259
35402
39267
64738
56555
2831
43
49185
30042
13209
50284
60733
37249
26964
47411
40177
5051
40880
49980
44359
52805
1175
42203
42871
52923
53901
20959
7005
45809
63091
27636
54093
62841
47929
32365
15578
23
13880
2552
63037
13221
22379
39390
1780
29556
29331
55647
16476
15225
52148
11075
56322
7784
22306
39623
51690
4204
45198
27451
10365
60532
48289
19570
4919
12801
57780
6409
33796
9249
60360
56671
43608
24075
46939
32541
63924
50223
64659
8036
9082
24095
43453
51585
13818
61198
47769
29756
52916
45403
1673
58281
24948
40513
5269
46538
53484
57562
61005
48697
23915
46357
23015
51833
30233
52549
13980
31791
63194
17205
19060
57014
47814
1082
61569
14419
28378
10018
59183
33082
9351
1002
58762
41088
42775
25071
26675
28569
27435
3789
40671
6870
21285
35980
56532
1769
43752
25843
56535
15705
54691
30773
60231
3417
9888
30581
32789
32310
26208
44661
17961
50204
10811
63433
27500
42813
56065
49248
45925
30769
56671
7255
16668
56805
53215
30314
53959
3568
47551
3604
21001
30849
1964
12894
31683
43811
32025
25150
50226
64978
64875
37265
4441
39629
57881
2950
40711
61261
23205
5970
3889
19067
63283
29714
60079
62589
65498
29780
56450
61642
18786
34249
25517
26619
38559
30733
16466
41613
37855
1415
49349
24079
41526
56953
53522
35871
34688
25483
11321
46195
36080
17736
24246
9282
13565
41484
1328
3846
4474
7979
6639
26263
43368
27481
36253
64671
945
43724
16914
50525
33139
57118
47499
38269
24628
56077
4387
15233
15997
60307
22667
38075
51243
32249
59241
25626
59065
30560
24429
16455
60135
24182
39746
52040
23235
711
27028
60025
52719
28516
60047
47764
23908
11781
36637
19731
64549
64998
30243
14080
12290
11394
12291
54320
521
39949
13600
31385
12084
19777
10301
9059
57693
35817
23240
50236
31127
5559
56733
5288
35851
32096
45252
25782
59210
18840
48414
46777
7567
37155
40753
53201
2772
17131
3817
18872
12109
16966
19137
54103
6985
38967
36566
15181
3388
36345
61817
49706
10984
54666
64509
35980
4692
11292
5833
22312
58574
50034
49917
9517
7854
30889
39087
25770
42098
9905
58647
3486
39020
53120
54213
22282
44748
46248
59547
64893
59243
21611
1972
46343
3141
48173
11235
27849
33902
11201
15695
16427
48288
60421
58982
63786
64536
3777
55846
52952
18215
61025
40059
64057
17041
6912
31250
7719
19932
43042
33900
57456
38787
61722
63064
58686
8183
29903
54773
28515
8219
1253
65370
47079
37421
47398
51357
40810
32004
1249
39690
3560
32845
48197
14786
60017
6912
24863
57603
56706
53847
37309
45531
2687
62688
54258
10174
60548
17948
5989
15997
26008
42051
60813
9001
22054
93
51483
41303
16801
55675
32961
45358
16229
59194
1318
20290
25060
58675
45339
39828
13741
11567
2941
24313
55018
26222
38402
57981
4741
22773
4663
54869
28034
45546
64074
22790
13513
34616
52892
51706
31507
31158
46344
52793
33633
11410
15292
44045
37406
11416
22659
1565
40718
52420
52801
5872
57729
53059
11530
12415
50474
18884
18493
28432
44700
30365
41009
30076
59026
23429
7534
28755
34168
62022
21349
40178
43898
54419
58166
58616
52253
5187
50201
11697
53772
2229
26398
5505
8235
27528
1236
24432
30477
6610
26047
2655
47671
48654
25080
57564
20469
47582
14836
24553
34276
14418
52835
59721
26028
15792
21202
34297
53993
34136
31345
33154
49192
3414
48986
52649
57957
43478
5003
6897
60195
25221
44749
31006
264
62203
55927
64811
44355
43954
48230
49904
57909
47907
37441
57550
36264
14213
40818
60100
64016
16971
12912
48781
2938
61884
25879
25293
61794
33272
34999
31521
7537
34734
39836
11414
43415
64871
4907
21831
38877
58144
5467
52964
13224
35014
35929
584
29564
32582
31306
34560
47342
24371
58050
26925
38668
62855
54704
64574
52272
1334
38063
5681
49893
61532
22447
4969
12633
47459
3381
47041
29406
51267
35309
2748
35582
48591
24882
19709
52312
19691
34221
18846
30209
4028
7500
23563
65314
21423
27043
25078
15624
112
36530
1943
24149
52670
63620
45295
40628
58034
46811
55174
60498
48682
4200
10181
18540
39179
64699
1449
32059
58678
58003
16503
49648
22225
483
42673
33965
20920
26275
34608
63676
33941
39107
58052
28133
36102
13274
59594
42036
58757
32399
15855
57686
39550
56500
21084
14207
27654
62588
61215
13383
1480
64357
60323
57125
30315
62199
62903
51895
62670
57842
4152
42298
59071
55649
8037
24085
23119
38087
3524
18352
14107
27595
63544
15762
34694
27876
54588
2048
35011
22205
49874
56486
51581
50495
62356
17983
49946
57895
61177
43320
29224
40922
62522
10815
31982
55295
61186
24032
61458
43555
25273
39775
62631
60551
40994
18699
12592
63598
20311
15209
16017
3428
47962
20396
9636
41756
31283
61428
18081
44475
38928
26930
62559
3114
833
6549
62652
3495
43636
904
58787
15038
7003
15780
21883
30088
31624
30294
3957
2628
30510
36194
29600
60142
15746
8682
46181
48404
41347
51988
65484
46307
30743
27845
3872
41262
21042
5644
27880
39377
27732
52546
48293
44153
12700
50354
11106
59758
2339
65006
54314
23856
22557
51058
48598
10822
11304
8723
40671
30852
17023
7876
64647
4015
35847
8807
37176
45083
8259
5611
1484
39064
790
34121
42369
27033
28541
37345
18203
11383
11263
12789
23942
59633
44267
2127
25401
51202
27226
46666
60194
46104
10378
31530
15810
42745
48200
48783
13878
38043
41743
30171
54310
35281
21442
54559
20042
29778
22639
51591
53401
24565
36813
17272
48435
48435
17739
2069
24400
17842
61085
13921
4322
24544
39387
39728
49334
22159
1812
24344
47724
40535
14632
60245
2702
50449
64351
53377
38714
64656
26116
24327
42246
33954
58012
5505
63234
37296
4188
58440
35885
33560
49089
61236
30011
48478
10446
65153
30573
11549
47424
34758
42852
56770
40978
6153
30321
40979
51911
22506
62649
18740
12917
52980
37642
54411
14316
10009
4485
15014
17809
20255
42968
39232
695
40455
33160
55131
49804
6376
56129
21044
62238
16100
57473
41090
14365
48147
15475
34950
6345
58349
59560
63283
4282
56493
19973
12899
60125
12870
52529
62460
49633
45204
61699
13350
56879
32587
18974
57913
22988
21973
55709
59439
51399
34990
14516
49587
51566
8688
41633
6569
10480
47169
27999
9352
9859
20117
64790
60166
16377
30258
51854
19634
43460
39692
56414
27514
58233
2559
34893
25428
44987
42593
48116
6178
19555
61310
25712
51668
13551
42960
30446
3433
4846
11362
51911
47199
62498
48748
41641
47450
37265
57866
41973
19545
31835
2131
35721
32695
16283
14241
55488
16940
31438
55642
45763
63064
3419
8467
34609
56051
8741
13311
10277
41658
33268
35978
18787
50211
62951
21308
24475
17730
5113
6188
6104
667
28971
54513
6458
11252
55330
38173
32433
23763
52396
1518
61477
40584
5925
61296
63793
43747
16740
10236
43852
17851
15238
48773
49846
39715
59676
45771
6889
1239
49246
17566
39841
3079
14760
26885
27862
38992
54352
62636
27539
2480
2128
61497
7432
40371
26850
17807
31414
29301
62910
61963
7683
57950
28784
65507
64308
38005
20041
29563
61431
4577
7529
56167
34346
64915
30084
48623
23565
14353
21492
34148
36044
17843
9434
19533
33769
15356
474
39581
25541
25014
65074
65151
64399
50629
43562
39661
52662
39251
62680
34661
34803
55491
47163
21602
44643
48204
7092
49394
23755
9680
32314
7440
55270
63684
59042
61270
63987
28319
21808
8960
40091
27621
26454
34885
20366
60791
29487
16046
31290
62992
10443
50409
31380
20842
45878
32814
31746
48871
5232
42860
40631
32087
27614
39936
25691
61400
63871
61136
12212
10508
19285
1739
1642
34340
53610
47875
29364
64205
14172
36004
35501
11786
6366
41870
54348
55754
28628
32244
29853
7391
59243
31637
15878
7637
56546
39578
7016
35995
60735
30163
52964
6802
60210
19303
44075
304
50101
52771
48540
49139
46962
54762
23960
28894
2090
17288
55793
52486
45611
29593
37920
27309
24548
4509
40946
24625
59179
23580
3863
36037
14095
10847
42726
12275
53586
40505
8405
8887
26285
48316
43499
51918
57743
65485
31231
3963
44830
5694
53550
18040
26013
18728
18508
46973
52644
18065
7762
6473
17780
55914
62632
24540
1234
9462
1798
3807
12235
55870
21725
53407
15651
63539
41204
10564
4481
26060
34850
15589
43460
65182
30365
7540
3411
42516
47073
37247
9771
11246
27581
14427
31821
21450
15788
39311
30844
65042
9127
22278
13171
31439
13655
3752
1276
36060
27321
38377
57134
63313
50917
22920
36674
30695
63939
45998
42153
5115
10459
49707
33287
23582
53631
34945
35859
61759
34698
1572
36284
62873
43485
45303
64401
33094
6562
25048
6120
3105
10192
44174
60098
51687
10564
50371
25547
19297
51907
53638
41200
4303
45829
17550
21858
5616
38473
9969
44568
32566
15684
17530
33989
14668
41690
46531
26352
57913
1504
19792
4425
55810
20254
46759
4320
17500
28067
57790
63481
29544
10674
26796
44486
60358
4033
62618
11517
7671
34438
57789
10746
23623
11210
16166
15673
9790
10783
29652
48626
1245
47422
50956
18553
7845
29496
20210
45549
5259
59250
21200
48502
21881
14061
37280
64430
19483
20751
30484
24209
30510
40129
34119
55646
15486
65071
49634
55163
16922
47900
29018
729
8441
47633
4580
26188
18609
16153
1705
60208
34594
14716
17417
9433
50486
24770
34280
36893
7764
5130
13139
29622
29609
29487
26229
12625
55435
53422
63124
5059
62765
41063
62249
21777
23899
30381
3785
62005
31828
7018
28398
55952
21826
41528
46646
50397
57594
60368
13134
13946
43899
58718
12082
63578
45091
35837
30707
24629
54927
60601
31015
45723
38228
2716
1489
30307
42898
50891
44499
11357
55621
9400
64889
23647
40516
34873
46375
54564
52984
29506
36596
28378
47383
35484
58803
5326
38178
63109
30135
51328
44439
44624
25619
35458
52162
2744
59046
11531
6038
9246
5356
20646
31217
18756
17957
2598
55731
58915
58944
58803
19360
7838
3874
25670
22585
64896
11594
56263
33863
32153
37634
11297
58110
35462
33191
10363
35650
49776
29981
39678
5494
48838
1824
10724
25972
22042
17792
38984
723
11981
7572
54666
1271
6127
41329
47532
42540
39331
65323
4358
6415
56349
41988
51251
20757
46377
45391
41175
38584
6404
29878
3506
63142
107
54734
52552
10047
63185
19632
35513
53946
51259
20099
22780
8227
47207
16649
59075
17016
54982
49415
23015
56402
43120
10025
61029
63625
2594
11422
102
7587
25203
56750
16154
1413
61147
55566
57934
32968
10112
39817
39541
3021
22893
41177
39323
65120
55984
15925
19719
65435
29469
37696
65535
47227
12659
15241
52869
2408
48343
26557
58475
18162
22885
26897
19415
49755
28158
64870
30163
57120
41534
62699
8705
15544
4219
2523
11241
26591
25623
35908
32902
57514
62801
46926
34057
47390
6172
58455
22447
15104
47861
11660
25344
33251
63141
34244
46359
10187
32618
27564
3002
62517
15128
39186
7118
31428
9253
5704
11102
63973
30894
50537
2205
34913
17484
252
38482
37280
13056
33055
46172
41712
20337
16714
20590
13639
60810
23287
352
6449
41970
28902
44822
55469
62992
6786
62298
19550
13333
27603
3714
39448
51888
11601
25010
8243
61678
6068
14786
32323
32261
44621
352
64159
23641
27690
4153
23386
47813
15887
63441
708
32052
38926
49666
13799
64027
65270
10816
57040
24673
30630
16832
17209
1435
36968
53153
39865
5801
2624
9634
58644
30642
12037
56427
63174
31351
34536
28242
2525
1875
63059
36493
44825
64044
22050
10560
8635
22289
21492
12677
14535
35577
2648
40859
55034
46724
59271
31551
25513
1486
27645
57842
4504
52668
58907
22848
59629
63024
57464
51940
49644
8086
38637
36422
32760
13998
57259
11891
40422
65152
15642
59754
32641
30543
18677
60521
36552
23147
41753
60728
52674
22475
56043
5011
30316
19614
58425
28889
53132
8605
546
47375
32105
48243
4941
37864
6463
22503
36008
25303
10087
12622
25534
9440
11672
56985
60945
25940
46002
64213
2870
37446
15074
39115
41507
17810
9147
23838
46033
22279
27179
33910
3979
53946
29683
44194
11410
12516
35367
31654
15305
34300
9847
22052
19283
39091
60758
25097
42003
37204
59854
59204
46110
33149
57618
18888
36294
17108
15073
10089
8585
15210
36931
7815
37328
54821
53159
18109
10584
35521
44594
11747
48671
6170
22329
62141
48015
63992
12264
10809
55634
54870
45574
10508
4824
41588
32070
8389
52844
45389
51492
51270
25090
12552
53928
25599
4911
57791
27271
61737
49656
46894
10404
49216
30279
6222
11843
13703
62171
19289
27147
1815
16247
22646
30247
20306
47032
13143
32954
4028
18587
3020
38137
16470
25625
55295
14042
1000
14659
47687
58216
18221
1637
29549
55440
4650
5536
64625
32749
37571
49534
34837
46625
44240
19353
63390
60366
53721
40218
39307
31663
2584
26561
49646
62519
17724
35460
49360
11056
15711
51782
62702
48222
3669
12
35053
58460
55651
29720
61067
22337
7735
28431
62369
52310
10343
31420
59092
45787
31232
27792
31512
35623
21134
39921
38914
45163
55313
708
30653
14908
3879
1850
13774
10971
15824
45870
5685
7878
60900
53388
9582
55070
25471
48191
16671
46965
41333
2623
11274
48683
44405
16210
41047
21058
55608
43759
25422
26107
36859
59295
31223
55660
27406
2057
3809
39572
15699
41139
35813
30797
63054
23217
54454
23495
11262
15814
50702
49565
19679
45613
26279
4745
35823
7812
12718
46598
39727
38062
55009
32184
11225
57330
12494
63452
48866
49857
22785
57732
10089
32492
32126
15975
45822
23622
32072
18606
6075
60992
55259
39456
4086
35345
3531
50727
15965
12896
42308
3157
26337
56621
56107
7833
20695
61275
14863
62897
45280
37270
3385
45841
44160
77
18549
61070
16790
55846
44913
40583
63298
19173
47714
60745
34210
45827
29363
34467
56450
23931
57659
65522
20289
10310
41897
490
0
59473
19836
58946
64478
58732
25915
20436
42759
5175
27153
30081
23148
56172
30549
1110
54514
49122
31482
28353
21883
40128
15182
33818
8157
28468
48911
41600
26988
63356
23535
783
10792
3548
45067
33045
9960
7539
58237
489
2491
45578
30369
49511
33732
48261
41725
4100
51203
7232
25534
20379
33859
8183
56991
39090
58297
6603
48075
27256
47112
10640
39334
37345
31594
50184
3491
1295
18400
43132
56737
53961
22624
54171
58820
19753
20396
1814
32594
31629
34717
26734
25992
50900
5428
63674
26122
38740
32077
47451
14205
48261
20319
27767
47811
17716
8724
14298
14813
32491
7298
31062
29882
28906
46102
16944
59710
26647
14017
15973
26654
41118
40216
2102
42087
4900
55579
50049
14847
34060
51206
35498
55896
20701
16194
5365
59728
10683
47932
53607
23253
21843
24408
8229
25812
26259
4522
53665
32362
8720
19988
51394
13231
39030
28202
8423
35487
2091
31945
30158
27314
40146
12632
6275
64813
47794
26472
10171
49562
10354
39751
47639
33187
63300
48044
57456
39996
38580
24957
8566
58695
51327
27277
32386
43370
34192
47303
33876
59333
53088
61043
37501
31188
42937
55966
59485
38316
1736
6760
46628
32630
34906
15357
29539
35240
50574
61719
53731
29252
41871
53981
28321
52677
25893
40526
29947
27083
895
154
44937
11523
36144
38330
30568
57788
39720
43738
29493
16979
39592
14483
63371
61073
140
9928
30734
3286
9645
52755
11317
23579
22536
2638
38663
28178
5260
49633
19958
60713
50451
64266
54811
55157
37746
37036
25115
26464
47196
45976
39930
52032
61833
62952
47689
34306
26612
28921
12349
50337
22217
18066
30823
42038
48263
37483
43256
14289
17458
19887
34579
3698
54427
9241
28835
11293
35700
36936
37351
21647
35656
57257
21618
19116
3321
49224
37505
17097
47333
54687
52114
42195
7558
9625
49683
25294
40351
38540
7051
1780
61493
11073
65098
13593
18741
55568
43105
38687
5496
49901
393
4590
36384
18907
53878
25901
21372
39653
42836
6075
51554
7500
41943
56048
11269
30446
54894
26588
5973
13526
47862
49616
519
60741
40727
39187
1735
615
3457
60958
36287
56414
743
35386
17478
30615
48950
13650
38257
24097
15283
48057
23929
5982
7174
28853
18115
40464
60465
38333
9132
24503
20113
54303
16865
43826
9983
61179
13213
56779
20876
8075
346
39965
53725
10351
33697
18481
10664
24593
5822
31948
60824
11645
14387
7523
5007
37801
47023
37206
5274
7665
63648
16033
58127
8708
30675
63020
58943
45561
38160
28047
18959
2185
54013
43073
50775
43004
16224
65512
12820
51551
64519
58036
50666
483
52427
32201
51904
38513
14558
55976
43914
26385
61614
19574
47331
15850
25375
32392
52476
61625
1176
54595
8790
37639
31447
34441
20804
22394
42414
42166
35053
19698
23419
25755
34743
57526
42347
32405
63962
48351
31253
18092
16382
31988
23400
50385
62855
53049
14874
40278
25008
26439
32036
21047
5896
31111
34124
62917
22597
7321
52982
28816
35416
22014
56184
54643
33568
63246
22975
29563
27068
52329
17935
41044
45193
3339
45571
21119
46717
20606
16214
13773
10020
47548
1693
61068
20113
49655
9679
36219
48159
46932
1446
45113
26959
25962
16556
62299
4273
28050
50453
45386
45720
16107
50362
49439
23837
15431
1874
5169
35208
41721
61903
58734
54554
54847
29722
26295
29478
45126
28050
25750
63701
19981
56480
37071
3064
42018
39637
5950
41550
62823
24439
61873
32865
42852
49866
54377
23005
20044
32646
35706
34417
31281
40539
47232
12549
29947
51275
40932
1785
36170
60872
34683
41003
47654
28337
65129
815
22922
42292
6475
56009
25658
19476
19658
61650
10241
60801
32474
34783
46279
19350
22232
44294
346
21007
28541
30914
41944
48339
60565
15483
12414
16014
48167
30409
25006
4328
57105
19144
2668
50701
3234
23578
21584
35289
32874
61983
244
754
37462
7071
55420
18728
25238
59900
351
4631
57638
10371
24049
61758
25021
59219
37344
26542
5617
30592
369
12017
25316
7223
43342
25095
22617
42557
56907
44983
64200
37487
35331
32927
49936
37071
55916
47030
34006
45676
60043
39616
3074
58192
54778
1741
47158
7911
2963
38863
641
63052
23445
2553
5642
57302
3616
31492
53578
27515
13758
43431
27496
36412
41007
29597
53602
27784
14792
3685
14670
60460
17925
32339
51963
57825
20797
50648
29543
53514
26741
59612
26209
61245
9145
23520
8909
34524
22402
44012
41019
15878
17934
15004
28878
52243
37200
57947
20536
13290
49155
25231
3244
32010
3548
8399
11380
45384
64906
14419
27701
58047
20206
18247
58722
20695
30724
26805
4304
48752
46641
54644
45415
58601
9973
25066
33172
2577
4770
56756
30349
57205
6772
37008
39971
35328
19426
17417
57585
8696
2697
51120
60571
58094
61346
22002
10043
5941
23563
36055
27345
36450
21939
60080
9843
59429
1561
33297
18927
54122
17563
23878
49276
56174
48064
6737
2943
49331
25332
39759
12156
42306
4192
25921
2807
21641
11868
50777
296
53507
17529
3685
27138
30006
65517
65032
50701
54392
18154
29826
33767
23679
29605
56759
60296
25547
31441
35331
17804
19616
53955
56782
14185
20631
36579
42303
58774
31843
32670
17263
55044
50619
39545
40489
47818
53601
41167
5308
26703
45822
58272
61027
30449
36961
51907
36004
20758
14949
48284
38138
16756
19336
22130
26772
9404
37286
3718
36720
29520
36383
2454
24924
30791
33768
1933
22956
37420
12700
21162
14539
32938
40422
33316
43661
40837
60007
12781
415
24595
16258
56917
65382
30914
11186
1046
39251
7540
42144
56077
32754
23580
49694
11471
5289
32782
57098
48560
61751
346
33008
20652
35529
9927
52248
53259
7264
34326
33695
36789
9197
13135
30609
44918
59804
61761
3086
55576
39414
36056
47844
63354
17551
49941
49635
7602
24323
33081
18549
12285
34756
10576
36220
59449
37922
32372
4917
19170
1758
18770
18032
7726
2031
19406
34972
61572
17968
64700
32514
27880
55562
375
39848
2091
61157
21117
6543
37181
39783
4802
17945
46213
47044
6705
28948
7095
51193
25709
24264
10859
12881
39271
57368
15447
61707
5658
49410
31993
60244
13464
63488
32239
14409
15304
58371
17953
10905
1658
26306
20130
25276
12283
35814
21358
13537
5745
39089
28297
5446
26912
58924
6277
5400
7077
40013
21993
8025
49156
12098
8508
12956
20355
63279
58478
57105
47337
10180
18313
48628
19498
27408
22238
50006
6337
461
2173
60367
47925
42381
38313
10597
46365
4404
52517
28514
25624
38837
45979
47690
26289
43776
32872
14475
41690
53659
23618
51715
44097
61077
54408
52495
62760
30748
484
2767
19989
11500
26778
23090
6502
40438
50463
17424
54582
17856
22199
58238
63107
63910
62100
41582
44785
24335
50607
63352
52081
43
51773
60536
35797
41875
27960
39662
41815
39590
44371
6813
29485
50739
21139
22763
60349
29752
4607
51972
50859
42368
31185
41851
32580
30972
34292
55863
4861
23377
59077
33769
55726
3229
53562
9407
11995
36135
54842
10416
54170
37816
55639
1057
45614
21470
1437
27753
14379
6477
43109
3550
7830
54602
1297
23451
22934
34511
21288
61361
18323
13090
39595
38322
64037
63270
54249
32643
33711
54057
24582
62549
34949
45819
64854
16508
50508
6048
6565
56085
39493
49807
46860
62849
40296
14889
49172
38910
12774
18631
40594
43051
16202
51524
59954
20026
15051
35214
14283
25741
23049
33713
54440
15469
42990
61103
65409
42178
14763
47205
43405
17235
59367
2237
24942
37139
15780
34402
37262
23370
62727
24897
43455
45706
19852
8666
38464
45855
62576
23740
41694
55198
12103
6440
42525
52520
46288
16302
37479
30691
29861
31511
26052
49904
48429
15471
25439
13530
29854
48220
44593
54401
21836
9925
47525
8186
31813
36671
31256
44720
27614
47719
34660
35691
33190
16751
46718
38107
20792
8524
10040
62554
56118
56224
57973
64721
39186
49831
12692
3563
50813
9458
37743
39377
47232
25635
12185
55729
51311
48144
35176
39932
30997
53443
52162
30151
8029
61133
11937
55108
62881
26820
25486
3879
8141
27504
24824
37768
31835
20098
31501
44049
15402
45112
47837
37265
49891
24934
22055
58365
2177
25911
53722
65254
23440
55335
45136
24393
42756
38691
23999
27319
41729
64307
8211
48123
12158
38530
55377
45688
19939
140
50584
32333
2293
1887
59770
19705
14712
9266
17001
50182
30076
25400
22756
44650
31875
39644
18305
16602
8555
22246
49624
25664
14818
63929
25075
17176
5985
42379
29527
38305
36085
55441
23068
57669
2933
9138
58858
58541
39187
62872
15634
39035
57645
14434
56624
58604
41165
19951
49910
52823
25730
54684
40716
51078
54192
12743
2169
50402
50601
1236
11509
60685
38789
7193
29339
46348
26784
31108
47709
11853
24408
58003
62796
307
34321
42550
1619
40522
36611
51545
44640
56294
50590
43920
4077
19337
54857
64168
17680
64586
14551
48839
34679
24331
46808
38717
49384
36151
21444
3661
35197
59318
17853
15000
50696
12896
58801
22092
62108
46455
10051
14346
51939
53710
56744
33752
40765
49615
18616
18272
26408
587
20199
54386
39495
6953
52960
45100
54419
51905
40855
61787
52242
3089
61344
51037
25191
30193
6058
40011
39238
61624
49355
18147
62374
5593
54023
41466
51347
39877
56475
39573
47456
1664
38478
55282
38358
49159
6155
16996
13948
32824
63508
24529
33088
61790
57628
1397
30577
62606
38186
48228
755
6596
20852
59845
47643
23996
24684
65492
1213
8977
63601
43287
19033
50706
44087
54170
45304
50751
7029
13085
60932
49303
45783
24999
53563
65387
43681
41367
23854
26120
32346
22089
55226
47926
20772
57504
59432
40913
17394
6443
31506
54592
57177
55525
9763
63738
52412
54883
57232
19165
20552
55676
45002
37119
35887
8565
16820
49947
25608
44466
26715
53428
568
17437
54122
25328
9237
28085
18348
16149
4429
60177
61487
1671
6934
10389
33295
10741
56767
26246
46149
34375
6599
7897
60308
37666
44494
29701
50339
45625
19881
39316
23445
20227
12438
15858
45505
13060
3872
46121
48715
44564
46632
40453
18244
61905
18717
49258
26968
62277
55420
45742
62893
64032
63627
31564
64510
28926
55496
19529
36292
23227
31204
32432
57492
48029
19614
34008
18611
5231
40600
47556
8677
38079
40634
30301
16802
20465
30131
59229
62517
43380
19308
12709
51403
11058
35098
55031
17084
7201
57529
13410
44164
37486
38636
35571
62710
16489
33763
63054
25311
3209
50795
34232
21902
5352
15848
2565
15121
7007
12778
21162
20838
57121
47967
4789
33237
7338
42953
16847
52312
12660
33793
45654
45726
17561
31799
56193
61433
54368
21861
11994
11593
41204
51864
2503
3591
60234
2296
3265
28748
27652
2112
45443
13311
27257
33547
56246
36596
1790
64244
50452
60292
61448
2233
5748
13393
64273
30146
56910
20639
12967
30728
41110
63465
57115
42751
51376
19548
53916
37915
5493
52607
42419
6163
3489
29919
28057
30310
19823
11869
59403
12943
28691
22697
19163
14559
45351
2143
6266
29879
22453
35014
3
28165
5589
58781
32443
53183
44197
47145
41467
62069
59355
25862
3988
18131
7331
47689
49260
15535
38340
19927
38824
12997
41016
27655
42054
27341
16350
28429
3264
53545
13539
53741
57771
34522
18885
27103
39038
45827
42297
58268
49270
33619
33752
39670
16663
22658
12476
51155
53578
61551
57207
53918
30432
18013
48683
11328
24259
16883
26494
23618
28157
60842
16918
53145
58548
27967
10141
38286
59435
36537
15302
11069
42052
13638
22794
1931
30982
51012
44275
57035
61238
49278
40782
8967
34339
16397
32866
13449
64472
59769
34488
33572
48536
52408
35347
27201
38554
19486
22218
31156
410
15103
28090
60570
22460
20084
3504
8083
46250
9138
11874
22053
22249
34527
40344
57980
8922
18278
59772
26868
22704
22196
15026
1231
7269
3356
8090
39217
35891
49294
477
33323
54721
35006
8535
49345
12187
5289
37508
28602
43561
16206
20727
35604
56649
63928
47174
43389
34102
39783
53197
22721
48860
64450
31602
58681
61445
8222
56282
37110
38077
27766
28404
42671
62763
31894
33533
17005
9373
38936
7316
17457
44365
46553
28793
1053
63762
26788
54122
49144
39875
30195
51602
25657
41223
45807
28777
34091
63984
34972
64312
39749
14112
5388
29541
13973
4223
5755
51666
45615
56105
51745
48879
58006
53288
19829
29012
17972
52944
30723
62421
34303
29691
27098
21218
28868
5618
60593
11623
27567
27296
25390
26073
6700
22128
48892
47690
25033
60084
21815
28858
11376
37908
60310
10361
62615
41159
19634
41089
3477
1526
61865
31533
43091
47704
55915
11949
39195
4674
56638
22449
9362
2767
43231
26801
48740
12688
39448
13579
45834
17714
38844
15155
25269
26072
37917
2869
45217
32686
39822
36529
56082
54799
5278
36256
22408
51863
6142
63164
56361
54071
32801
58253
20214
46986
363
11918
15973
57033
53621
46322
46987
55881
9524
10160
60806
8649
47839
50566
30522
29780
35895
28234
49076
40260
64054
57804
25296
2421
58378
53660
15754
52741
9417
64850
52852
61293
63048
8394
58766
60065
33783
20151
55679
43329
18589
37568
24764
9294
17163
50046
9333
12703
28952
50772
24110
34741
10662
48605
17114
31845
38601
17927
36477
12592
29685
11190
8494
62529
41778
49925
50930
19283
59698
22429
47794
57585
54572
65526
61035
50712
57900
33919
14096
45147
54460
35758
49205
11983
635
58248
25686
30738
26609
54371
61316
33379
54835
64193
43858
39936
1606
54582
31422
30614
40041
51235
36388
39619
44500
33531
1473
6624
619
63050
24217
37510
32725
41066
41431
27201
29670
22784
10418
36514
61823
49543
16548
23658
50913
24306
34315
56084
54512
51645
18089
24959
13165
17347
16206
59021
1010
55926
8017
62122
15854
46177
26624
43305
9176
24751
51850
28309
39063
7563
59968
63322
56380
46607
55052
44153
47515
27969
56092
26398
43353
20506
38306
16149
17337
51089
64225
32734
57981
16471
19235
6171
18862
21271
16009
49101
57646
55114
53510
13794
57953
44777
33408
20532
48307
1656
58203
31521
64447
64560
30454
51908
32461
33364
48888
10437
50330
43195
746
24504
15631
30644
31317
52405
22653
61386
23280
15414
1796
33200
41278
9448
60338
27059
50843
57731
60783
13323
30231
30506
54155
44309
11378
33076
35563
55167
11374
47583
14822
51754
46469
6048
50364
983
41626
7615
53917
23879
643
40552
9364
3815
27499
30065
855
60201
56835
45665
8669
30135
48999
44678
12359
8496
45764
31323
21044
18008
49284
28220
41400
43288
54446
15241
36279
17078
54020
60340
58168
24356
11671
55407
17317
36748
56878
45451
18675
11693
33125
32469
15423
7350
60277
26358
59072
47403
18092
39891
3752
42508
20712
65361
4431
28364
3692
52371
55982
64286
7765
28968
55823
8181
45433
63029
12821
43932
40721
20150
8071
52550
39834
22422
59689
15487
65116
58386
57173
46372
24139
60362
7035
30655
33254
24084
19916
38789
33780
26884
22336
5727
44926
4801
44052
7319
46723
6369
64319
44149
17632
36011
38546
20692
54972
43593
8537
2888
40878
15833
8447
6051
34931
16910
39729
49495
18883
25500
13623
29228
42770
44944
64118
45733
61596
58852
35069
61297
47267
28118
825
12813
48959
25966
23668
4682
16342
29082
42971
58291
8011
12102
5951
764
63917
61873
7398
12384
35052
61968
63781
53032
31930
18613
35858
39823
63853
21830
5075
8536
5869
39801
56305
56676
15648
19236
20426
27844
13050
25180
7425
13517
49405
13918
61751
36734
1647
57691
29545
33878
39145
59816
51801
58519
56539
20128
13177
34543
51143
3308
23288
665
30951
55421
1574
18516
47825
51739
29955
3540
61406
42494
54425
221
35399
10445
3458
16820
58426
40229
42289
17075
44760
61834
64090
31143
30430
14972
33006
58247
38342
2967
27818
41831
34837
19533
24783
24986
20744
62464
64664
10870
15658
28773
50344
7059
303
9168
35176
16465
59840
53588
80
7866
26603
34135
53917
27976
33182
19591
65448
38006
38765
14797
22010
6769
50265
25903
22871
14203
28044
60477
19506
30641
11271
23723
59349
31941
28300
25102
22906
46083
13918
20022
52497
22994
53851
38320
14045
6921
43950
57782
31406
41229
62
64563
31557
53653
43727
41053
32996
45401
36981
40764
44086
51820
44764
62268
51744
3108
36644
24967
61308
5206
18738
7671
51843
49656
56934
42212
38773
33906
34730
64045
30388
19112
18836
37267
50099
50940
64172
17568
60347
41592
55732
9389
21573
59786
49547
36500
33994
21972
23645
54943
30351
23409
25107
60288
35069
12862
20072
2270
34340
20269
54764
46541
19555
38449
45309
2069
23046
50213
28119
18285
60745
57535
2259
25148
7671
57695
50123
60458
29095
32143
2273
6926
21970
7520
56463
48182
2042
43577
25089
17201
25384
58239
23447
36637
57408
47878
38996
58385
7348
23258
51398
12845
34982
31486
18372
43127
53436
65065
40616
4199
56025
18092
27060
22019
15794
21458
7862
54280
43269
3583
8497
34032
34276
21927
24027
8538
5711
13930
58442
39294
5524
16236
62846
17339
48980
51916
56154
19031
49576
5009
6316
49682
18727
49396
23152
44452
27804
4428
40454
35589
50109
41339
24075
48160
6791
64980
55054
23570
119
64792
51271
9477
25406
49777
6198
17339
30327
39488
26806
44574
25050
16162
49143
50226
11438
20788
26642
20476
49529
799
16724
25577
58665
9470
20663
47397
1858
27521
57449
60946
2543
51552
51387
1397
6432
51298
5004
60346
1076
50157
28492
687
28748
40984
40663
7164
22115
51241
47096
5953
24326
43402
15539
33911
1609
57917
56289
41734
42781
65080
17799
59824
46115
51530
4724
60809
10273
35426
4946
50092
45570
12095
51221
54599
54293
33463
16392
14875
46897
42998
57354
31330
56447
57857
44709
26944
20654
63156
19586
49408
47775
37957
64151
5182
43337
17825
2024
23395
20961
17724
46010
40959
53999
51590
12294
53451
17273
52705
56526
38304
58163
33584
42979
4203
27700
8555
53519
25235
46677
44285
3922
37982
33643
29072
30450
52590
31843
21697
31048
51338
8681
14032
54526
64769
12870
58835
32643
11097
30629
25084
21470
55993
22799
28449
19332
15072
24518
56437
23475
12935
62554
27336
15474
36058
17541
56166
57376
52983
48830
30095
33207
36694
26927
26963
13684
30224
25127
26182
16707
6976
32526
956
33358
41918
52843
44289
38138
33040
63051
29909
15128
51821
17627
37291
54153
46475
56453
51402
22475
62889
52943
43874
43528
31235
33343
519
62003
29666
1018
13889
9537
40920
32144
27205
3614
39929
14921
50832
12592
8825
13844
12835
59350
519
10811
48618
60356
28707
15305
56265
44428
23046
39714
63438
28950
26853
54082
23479
40909
64376
64325
49040
43884
54036
3809
28146
35316
36087
51337
14394
17849
26280
20026
22417
34380
61637
490
51863
30932
56336
30732
37504
29174
33667
28044
54563
41248
22273
57110
63419
46465
50773
22927
44986
40365
49337
32457
61160
33768
23621
63427
21931
59921
30766
53650
62991
39200
33091
22329
34684
49026
42439
2865
61126
32363
33155
63262
34140
37663
52758
1709
11410
5764
61951
11073
3800
52520
50810
28058
3452
58495
56901
49077
22001
50619
51153
37649
26415
18589
31939
31631
15431
5433
61212
21464
29322
52388
64228
1118
20847
19140
31746
42212
9714
61505
50335
62742
1069
60479
31584
55568
32106
6350
13833
12735
304
54561
8264
34193
3571
48068
61279
29590
19344
14133
574
20764
4268
52868
61903
18765
21981
13161
33489
47324
58106
17267
34916
43437
25143
41736
17638
3940
44793
58833
24927
25045
11932
36089
22673
20313
52172
11533
2841
2232
36471
47692
8864
36702
23213
56911
25051
36211
52631
27963
25845
8831
11303
61242
24962
29825
11717
34916
42039
49011
46334
4424
47272
3764
34729
26804
14606
41485
5151
37492
6586
50628
64077
55799
10350
24840
12152
62902
47333
9896
54633
56550
61004
57183
17473
3478
45538
105
40791
46385
33429
58994
41096
12979
26058
40311
27889
26169
26939
30891
18756
14512
49747
22432
11476
7467
42468
34117
59380
9917
4019
35728
36742
6779
15008
26179
28791
5154
59748
58193
24887
58837
39221
40739
45651
30433
61421
5939
55724
30296
38607
7072
60028
36835
43924
19698
59348
9655
49447
50975
41489
38468
20314
7041
25727
23219
52315
57245
32575
988
32195
8423
9297
61973
14180
7928
37028
61503
49391
21830
36535
7299
19388
58442
3376
62546
1307
42959
58046
2713
53577
60676
59358
54740
64183
60627
23562
24194
4324
37385
14861
20685
51585
40205
6466
13310
2959
62569
33116
30282
23855
44437
23622
16368
33245
50932
13052
4997
52973
15684
47056
30574
5982
56637
18969
60971
36688
20801
54643
25542
21482
9951
17273
4683
61229
52278
17390
56155
4210
52126
26720
38893
4917
62527
51584
26922
39218
7757
22919
1306
61498
47921
54683
15923
29135
65349
68
5912
25067
64550
30828
39204
19944
61160
19868
61081
54100
45406
37388
40791
29632
35869
55466
38124
61562
1269
32003
62385
37
41513
24581
62837
23775
46129
47517
34005
6458
56278
45230
58563
37211
35134
26039
59298
19379
41854
18190
33399
13890
53291
14474
32853
61834
62020
55157
2564
20985
4691
35427
11346
46662
1789
30719
29616
59656
34109
56527
37648
40736
44551
35846
49868
9392
56377
47057
24556
53340
35596
15444
1715
48400
28655
58680
17739
34551
52979
8150
33031
46913
24161
4812
725
1762
10253
34917
4468
57429
37117
51994
58774
43907
21366
45866
3823
37832
33143
61422
23868
13741
8539
42974
21023
16599
39695
29370
9800
4441
47222
33280
44617
4966
24207
27470
49381
41311
30772
52647
49593
59267
49356
35374
46558
4470
20488
14837
18713
33558
53233
57055
43744
45120
49154
49075
31307
36879
26388
62371
42054
40238
15732
61760
14634
43487
44606
51765
38128
19155
7822
49376
3956
40093
29936
48250
43956
4838
52797
50874
50063
33576
29202
60365
18873
57704
19700
26519
25790
27025
30824
30517
6005
15079
38483
61329
41534
3654
50228
36644
35773
2270
27671
10270
62925
11039
24362
34365
59176
28665
31824
36217
55905
9390
15924
63409
27274
56943
21042
22217
22282
41905
200
49022
54654
4367
15498
23511
57799
38375
20525
50255
19799
33744
48835
46366
48650
1936
29542
15237
47492
48899
18207
8463
10554
56222
46461
22580
56611
51447
44753
30059
31323
58064
59570
38408
47355
40605
50163
39846
59309
63563
18611
37378
22723
33773
19813
28012
36193
30916
16057
6430
64218
35931
50238
19738
13341
44935
61819
51934
15888
49616
64785
49993
30508
49852
28785
17471
46543
13434
4967
43939
21430
45017
34775
43772
8781
6551
5633
41713
36233
35152
13572
65366
356
64173
1405
48193
31364
11
11335
10815
64225
14785
9199
11993
63423
11394
50969
61561
9878
32946
26142
47239
1346
32258
2822
46802
8581
22501
63522
12919
31508
35934
37603
60108
22881
10718
51013
48353
19621
34725
21198
46894
11998
51666
5165
23422
62125
36106
23535
9
42511
34117
6378
57504
39360
28264
21635
19043
30271
20396
62795
58083
40922
27415
25446
21591
15403
49924
62345
30586
20636
38112
7711
20720
33265
4407
15964
27433
38500
10350
33723
1418
7178
45474
15711
33817
58895
1859
33956
22449
52713
2025
25911
35131
46215
20607
39029
7031
19399
38535
23425
46072
11785
890
7608
60135
40107
38747
17859
63490
12471
63861
55621
11453
53603
14737
38689
52013
24243
23540
52333
7135
48116
56459
611
27174
16392
48665
17466
60705
19924
7108
6327
40756
16247
33032
21987
4526
60686
59581
10979
55905
37113
16543
56486
34913
12510
28600
3616
27336
44988
42285
60485
54658
44080
17325
40445
39280
4819
33002
27087
60631
58893
39565
44876
52576
52737
31378
33932
24491
52407
43704
42955
16833
14245
42468
7414
1793
10554
1028
53086
63431
14269
27613
20828
12310
15429
46490
48456
32118
15018
30483
64699
55466
33629
44164
36602
18293
40812
17300
40391
2321
45138
58931
55226
51714
45857
49361
5549
4966
15985
35411
33477
61587
8312
9975
6008
26128
48942
57739
27886
10292
58738
2926
44615
49712
55602
58636
48695
6546
49167
34173
17356
24877
50179
43244
24587
26491
15507
42191
1709
59421
46016
6730
48520
27387
59303
45063
61860
22441
58406
16882
58339
21309
45587
50581
54659
15898
5410
8908
36599
23606
60794
33171
62166
38005
11342
2202
52764
12428
27674
58521
4458
39039
8944
31001
9748
16597
22984
53534
55944
9994
38988
17217
30185
35169
50386
26904
63687
35717
59651
7557
38055
17926
26333
52267
59511
14158
47419
43007
57231
36735
17479
29083
2874
41204
7319
33630
13074
11250
2381
22762
55692
15101
54776
2161
32552
13591
36705
35271
19600
15544
36966
12377
25399
45476
63530
65180
39458
24296
54105
40696
33284
60767
34095
31263
54657
43162
57793
13637
42886
5437
52031
40782
48333
36979
29360
7515
28241
22205
7689
22087
34100
51096
35422
61862
36452
16337
40057
39865
54938
32361
26114
42686
37637
12451
39389
36206
47348
14081
42543
24063
54083
44536
15379
41923
3140
26694
57102
4870
58998
23332
1554
50840
18325
9483
49102
23050
18342
43680
38702
40755
54779
13074
51642
9679
26422
50674
19335
25272
38570
53692
14330
50970
32905
29144
29949
19839
51826
21629
29250
53673
46355
10769
45757
13176
19183
35796
31262
41429
14157
33843
20923
8488
3130
21192
61797
56983
46296
42452
4025
30080
3245
41706
44726
46680
20671
53761
2974
56493
62905
19329
28946
60930
25656
3948
21833
22178
25545
31386
1829
48343
3977
35954
28940
21955
36819
12376
61332
16356
42123
52660
14581
43918
3448
50137
38477
1430
33042
41701
37547
2894
13053
10391
28241
42384
14997
63934
13725
62649
20822
3608
65021
6311
25244
34172
57792
39565
36557
33986
7259
831
13116
37638
50073
6674
16270
51169
1902
60431
54474
41541
50755
54076
19771
6680
25223
26763
10455
11533
6736
65226
25455
1799
23583
44511
27334
39524
45009
60187
14229
4984
19448
39335
33756
43011
61691
1093
2451
39965
18807
28144
60879
25303
33543
60343
45902
25376
48047
56694
634
62501
52700
52694
53823
63086
52929
6193
28674
21472
32534
58261
32839
62568
19411
46168
50407
13456
45192
31726
26535
17275
32414
1679
30370
23248
2505
10278
38385
2513
49196
27780
12364
17866
9262
13426
14839
32663
13806
24071
8907
59352
18813
61528
43938
39643
1635
55135
43769
44534
65175
1558
35744
53853
40286
21403
49901
19851
15970
37865
61874
5817
52607
28548
4484
33768
57923
63547
11963
11962
9730
54550
49352
50634
59164
6582
42128
24665
19989
26765
60505
56504
43182
3971
23525
30467
65159
17062
21785
50728
49267
62079
22099
50981
13661
17306
62043
41724
4679
23668
37473
37621
35879
37034
27398
3573
9687
43444
31772
13969
40053
27103
17774
46950
12301
48953
37411
2174
778
14143
27903
4576
52075
6280
49018
57040
11267
36435
21260
20371
38981
23773
10108
50985
63677
61758
46715
5373
62219
45380
35060
45910
12363
29951
46378
16276
64561
32488
859
844
16394
45623
37877
65377
51134
25292
26493
54994
29442
38976
17345
60300
34324
34061
35934
45777
1814
61056
14508
37673
31589
40578
40387
53200
54799
17909
32961
41901
8422
48612
5150
15358
8481
29701
6247
665
1835
2833
4508
49369
15605
50482
48602
18671
59449
42351
15424
32790
60153
1585
1157
64789
59343
63547
50085
60335
26830
44369
6279
61625
26718
31106
28739
37703
31763
49303
4689
39432
39490
17282
24632
52733
20324
27404
33966
7166
41771
62885
23175
17842
63454
47939
17036
21128
46773
52572
3361
15386
37672
37673
35040
59441
64368
18204
56497
40017
7799
33570
29769
41207
39319
2606
6669
52650
50437
27819
23543
17173
16770
51137
9661
23163
55846
42375
48421
206
48176
64221
42050
5196
20434
21229
12633
11422
40272
42655
17678
48188
43317
9668
18541
59612
60570
63849
63968
58266
56408
56162
35113
59855
5284
19381
24306
22374
63269
15779
48876
40055
24221
20027
16606
41930
57080
2006
14373
23355
38260
16225
48623
46874
31276
31139
3119
10524
62378
14692
16319
27546
4125
56032
61374
26796
33404
2084
28423
54639
39247
21092
55419
24924
37063
32562
6597
13895
1675
64198
38235
65247
48044
63929
48065
43414
58150
28104
53271
36021
47549
31433
37635
27766
38946
52925
39633
1312
27916
24185
38061
2347
30891
43043
13481
37396
42555
30070
21882
9387
2533
31983
56956
14159
5382
54061
36310
38134
25084
32652
10099
30768
23043
63533
45068
43158
17908
44502
8144
53791
36614
35328
11577
9838
3327
31115
46013
37899
48920
10050
52715
50385
61070
33088
54423
23826
16269
6887
18389
176
54558
21304
52944
7402
7329
11694
55935
55979
51566
61492
26725
28030
9775
8828
48347
7615
4311
64883
39965
35653
45205
45811
2182
52798
17297
37804
21155
56894
45802
38534
32137
10245
45070
56357
62584
7950
34753
5152
51850
6227
14550
10401
6966
56055
33423
57345
22341
61031
37447
63320
30484
65499
38983
16174
20587
43654
5912
1843
28634
2783
31
11193
38604
21057
28878
33323
60558
61411
56936
53039
29549
59932
65007
15244
10475
4191
55740
24810
21954
17936
46505
14084
62369
6286
62498
15102
21230
60581
3337
3305
40668
39160
32210
21522
36037
60081
43584
26188
16761
9453
8293
13622
27125
267
26644
21141
54573
63107
770
57572
39938
61502
15888
41461
64289
51159
63093
52284
18335
18464
12987
58137
20230
60774
57925
54297
28820
38331
64724
30832
7909
34717
40141
22100
51159
29410
35174
47951
34987
31395
48703
62401
12837
50821
38624
254
52863
34844
26487
5162
14551
40049
42668
37736
7689
33930
57224
12396
45460
25754
60185
59820
51687
62265
39161
52540
27622
60
46900
18921
37124
48916
22945
1281
49155
47424
31830
37315
14695
3092
22857
44588
20595
13032
31155
11309
35915
15358
63868
20131
4628
32014
46621
59351
31266
56654
29440
29172
1274
54940
55739
10019
48668
9304
56328
47793
13131
11959
19232
35442
34263
43132
46572
29013
14273
37320
37534
64162
23083
25603
35888
4602
63174
32914
58760
17255
14770
36411
186
27239
65131
65176
9621
36307
10964
57138
39647
16455
8787
23200
13793
26353
31619
47755
17449
4733
29835
8728
24595
4197
62788
41096
6454
38581
62737
26733
34357
20954
33138
56144
3646
41457
60928
39251
2917
24040
16843
64090
44083
16086
2540
44433
51205
47635
46456
45964
34876
9037
39056
3740
2893
18467
18481
21736
26917
11896
62059
57484
54878
62996
32434
13490
40216
56441
1295
50012
47393
41195
42632
12028
12670
47401
19793
63971
3134
60949
56709
60199
42130
26269
6197
34878
27030
56159
36161
39307
20340
9430
9124
56461
46150
62943
41359
13351
38276
6707
31448
7332
55380
1879
16754
55036
42036
22279
5867
50613
15988
10941
30423
53312
56140
7409
20923
4176
57244
18509
3973
24865
36219
43458
52623
541
61534
32175
28009
18130
46248
32186
30107
58523
11476
14104
4332
54558
21588
10002
63294
32531
23957
49362
36103
33665
3325
16186
38828
64407
29781
29882
31698
45409
56086
41279
41156
19340
33746
12264
50339
34898
31809
52129
49197
27537
48408
51065
54260
23568
2787
61869
43996
33740
12687
58925
55199
65463
34108
62078
13349
62940
36118
4618
10675
14209
48072
9611
63872
63903
38973
32976
60166
10286
60135
40707
49585
61048
4846
49935
21727
60297
56921
5572
60207
32027
9016
15617
37622
48099
42318
14935
65293
16812
37424
8920
18665
60550
60327
26384
8329
780
48672
18098
29408
59063
14057
31190
53787
12004
15016
42841
6977
30212
11535
53113
27135
9086
19356
410
3154
53311
58837
39542
46396
2290
9513
62062
49356
22984
1940
15920
36991
32874
21484
48727
49590
4954
55958
1987
35455
36348
13428
38476
47547
22989
64649
35933
6763
29303
54455
60379
7634
9333
50497
53053
25306
41350
61311
20480
49694
38825
53674
44154
56596
31739
27220
57752
51753
47533
838
48305
8082
33953
19774
34324
17700
24887
49065
2686
24126
47379
33804
9211
56162
35091
32360
21435
63112
14824
57480
41783
51755
61596
63926
62552
12578
55847
22709
60705
2163
11929
63817
16215
54010
18676
36542
22682
52644
39720
26322
9648
29930
40152
57632
50353
44787
38548
58362
27789
2992
22584
9694
12037
19659
32634
33489
25381
5732
36451
60435
48744
34951
51647
25730
1577
16083
3293
40119
32084
35219
37646
28328
57102
38374
2258
34357
2157
6984
55748
61235
20911
15560
9361
28027
32933
8752
34586
3194
34476
1570
56880
55140
6892
63386
41144
49118
57833
28095
16075
5102
42222
25754
58557
62450
18931
39273
46624
23237
31554
43880
42215
19424
58195
32612
4848
13399
38642
52204
63643
48329
42805
16880
54129
29051
55657
20068
46341
4638
26478
31803
47623
14136
35856
18596
40596
19138
26342
280
46283
41496
28114
25741
30711
17677
42367
55356
3129
39132
62938
30624
147
59315
12095
42674
21393
13970
62508
55082
17748
20159
10931
52610
19085
12968
57437
53711
54980
15829
26954
49430
11350
20243
22306
44081
28102
36942
61628
53709
49505
14598
32886
52872
13256
24608
18685
32837
26049
55923
8958
45652
24546
43580
11748
12574
42273
50980
12641
16060
27298
26391
44298
4625
46525
12798
42959
24145
38
61141
61854
60467
63483
39353
42726
48512
20203
10200
50601
34956
52364
62489
2238
64837
28971
44277
38697
50852
40822
5072
27348
15543
40033
54332
1716
38353
38844
32956
6877
14864
16779
23058
17756
53949
49510
51563
3760
51463
1401
50558
46083
28865
50701
37077
41240
3252
18684
25086
9027
1942
14815
13442
38257
46380
34176
49810
38830
51091
23136
45736
8016
18855
61497
49578
56259
2609
49994
45465
62869
29624
6059
12327
25325
43063
42179
41456
58993
32716
36637
62532
20725
51663
1849
35529
22718
35181
34440
61082
248
33626
48604
61553
8136
7570
29066
52141
10834
45696
6517
48189
56663
4501
59089
45562
25722
48329
21352
15596
20994
29074
19994
6758
3013
2825
56313
63585
46399
59064
10461
33325
16697
57845
43910
15581
2444
37295
24061
34068
3884
47038
30091
61859
29028
17861
8828
37855
57841
24930
24738
3038
25393
48892
34255
57229
51660
25644
55755
37945
52889
963
13938
52573
65406
47515
55376
36618
38212
40542
61281
57289
32512
22371
48928
54893
60454
47131
7928
60854
2630
36482
30916
8491
18766
44135
33074
51215
46716
56874
19937
23470
39890
37583
18577
39049
2197
11148
34509
62749
46812
55388
33519
7985
39740
42316
13411
62279
61279
2299
3342
23813
32882
25595
50103
24287
685
49517
20036
44975
34781
47628
58997
46035
16875
38912
29087
61183
11457
38340
42808
29149
34016
17450
2677
6306
527
52987
6835
8423
28960
58638
60210
16239
15393
59259
34969
37058
19209
38545
65473
64468
31695
52301
12659
26278
45592
7934
24105
35894
61103
30343
8804
50063
34707
6474
49531
21700
24836
14238
11714
57262
41558
19767
62218
51343
29874
34638
33732
14464
4505
52153
32595
34310
54211
34551
35183
18574
33514
2452
18773
36194
56774
21779
14751
26304
24488
21400
20754
26770
48230
64951
8587
18718
56675
27801
34105
36496
47196
62841
26460
45991
41439
41365
12658
58686
30715
12951
63922
62334
21366
40164
22023
14493
15710
23218
53654
10352
21119
64114
63179
5556
5646
25772
45511
2333
32746
13842
36012
51405
63432
45095
1701
30824
35801
57555
22448
60416
51568
64795
3884
55520
21289
46715
47378
23105
62863
30268
884
26373
6811
32291
12231
36089
14693
46446
45827
32573
12564
19547
38301
59803
51274
20607
44293
39718
19016
24594
54784
10618
32797
45429
48463
53268
35369
54826
53354
35505
13854
52362
42312
65332
2414
9398
51470
65479
55578
7043
58643
31129
5865
50510
52867
39647
59990
11265
12764
60667
63715
36842
12898
14518
8524
28954
62293
34156
52337
24616
1806
18189
8392
1793
8850
30629
32
61598
30230
930
61498
41384
25858
63025
6962
23132
46506
20436
50979
18821
40848
62114
49945
45379
55129
60064
7429
33635
10645
10494
3204
20975
1058
18846
23037
62410
22227
3025
48707
38067
56788
63590
53438
5438
4103
49841
65331
8937
64389
960
53336
24924
34524
58779
19315
27582
40610
19261
26836
12922
12452
28462
35142
29731
30465
16452
65248
61537
20977
35948
65229
36526
30249
60566
64938
17758
28889
52360
56714
58082
38772
2589
9114
31465
34426
36490
12910
36048
9667
32047
59919
8836
60304
8662
63168
24579
62301
39707
11320
15182
65201
48350
56652
17709
56022
20744
41748
7411
43486
24477
41618
57876
37381
33745
52324
12460
24758
52784
43469
40823
52508
28775
65088
60778
19724
62882
59829
9850
36064
61601
34284
32122
28109
14304
4338
47589
48796
10660
3028
1885
11630
21951
3
23422
20241
64292
6548
4012
36245
37337
30977
22208
2406
20075
19121
43766
50742
65009
13760
17782
31877
52694
6478
17301
35860
22489
50840
33719
2309
18711
9903
7411
15696
10858
17306
10836
12020
20051
611
50471
19388
54783
45757
9533
56592
23033
42048
31704
21473
4438
36191
40180
18714
42592
24298
44538
50743
63253
15966
751
31783
54952
30175
29550
19582
44300
34790
47952
15696
28841
1539
30190
46477
35565
61999
19179
7136
5920
14199
60556
26643
12556
13026
46673
43815
294
22579
50924
765
15784
63025
7115
19927
27184
28858
8146
55850
58578
5362
57194
50864
36118
2854
26783
53882
18002
56238
28814
35679
17630
50731
64878
8905
37307
15357
1716
40324
36202
34124
11198
16449
1338
63052
54487
234
3222
52214
63882
14053
6081
27598
63473
27452
49338
43252
6340
27188
60294
27361
39219
50701
38481
21935
37029
61443
61530
11408
25470
5428
24793
40043
62583
35311
18527
4472
39551
43902
12023
56306
39819
64109
9163
3210
55789
65384
14782
25819
60116
18770
62724
63287
19746
63295
37631
62931
40562
36092
47371
31215
42322
40175
15981
1347
16773
8942
36415
9783
60049
15639
17181
53379
29370
38890
13825
41820
35199
35438
43762
32397
21957
8633
9457
10899
10947
40447
12276
46278
53224
5862
42218
49540
57107
28478
61958
31383
65329
48100
58852
49472
20683
49209
18365
23158
5593
4668
58316
62295
8810
52708
11084
52740
8515
19961
2260
8191
8553
32279
17153
53726
57846
38533
16561
27351
8752
15376
58254
24275
22359
45115
22862
7707
48280
48750
19231
52336
16268
19511
40365
38508
45807
30409
38634
23104
8489
6246
25533
2427
39619
63777
57266
13106
8783
15009
60934
6926
50620
20265
23330
31709
64403
28528
5777
61129
41493
46963
58129
12034
34105
32463
44653
37962
21108
50194
56219
37920
3989
28391
35859
10417
62794
562
25464
57658
13106
65319
48955
61079
10303
18260
6022
45397
36925
58064
42666
62738
57430
24046
21590
58919
52030
40525
32492
31459
53632
43226
31784
25356
48817
63865
26037
50158
44338
30744
10932
52843
56187
43882
64198
41105
26382
7027
1842
28439
24538
29448
7051
35532
63605
22186
63522
12173
24683
9586
6187
23682
48818
51563
3671
50200
33512
51638
12484
9420
51542
749
35730
33483
61998
46083
59309
32394
16508
27260
23249
42144
46933
17667
52453
54237
27152
12518
18675
32809
29212
134
23405
49212
40364
18429
18703
44796
1553
22022
37201
14537
13252
34910
28846
16101
16771
21586
18616
12685
8507
46318
47387
61167
336
10682
53741
6787
7427
57117
34584
42306
36741
6465
18545
43130
40606
28369
17434
58170
15131
25810
26008
13115
28348
26405
23097
54757
5073
55009
27606
12121
63823
64364
20489
13255
33777
17916
59169
33420
45181
64767
53528
37278
22841
36877
6131
18218
43940
27088
26091
19815
65423
20562
23793
51879
1311
54775
56639
14764
15886
31872
3702
60527
42934
34180
18184
62611
25198
29117
57929
60727
9820
49031
54183
30339
24878
65190
37339
9053
59782
22972
25753
28570
12422
33811
29214
33945
17670
23170
51341
9921
23639
35284
6819
2157
59306
62607
61585
59413
49923
60414
58626
57356
53581
55615
19937
64798
17784
4132
22879
13343
50789
40040
23314
2826
30315
3641
25028
8641
4658
18731
8162
33070
26067
5596
23244
56311
16312
18428
54026
56307
23675
1264
22058
34752
11274
57823
3059
52789
19811
13361
33601
64556
26957
47224
62622
55054
46456
10485
53257
27661
10513
6308
44739
31640
20637
39635
50716
10782
50247
35724
51001
25155
45571
4875
64456
4326
28981
37495
59409
54679
24002
21359
36889
30503
27251
33120
31592
40826
63673
28960
2053
18466
15301
8758
35421
60131
54058
23780
1538
52840
43530
37720
3853
40386
24392
48683
38506
56664
16460
5130
63196
8289
56443
9103
1111
30301
10417
53516
57463
61149
29092
34448
41467
27172
35747
31753
30631
44433
21653
35083
19967
49737
40027
24899
9453
33498
37770
62177
20286
23411
51159
25166
38534
31120
19654
63857
22780
14532
57993
51113
45178
37743
22653
59832
54547
50073
62038
2274
63221
22610
57325
34224
50193
58334
52367
32639
12193
16124
42961
10364
31042
37680
16793
39722
57671
56020
56514
39195
28499
40873
40866
48889
64171
6407
28831
47995
44317
6514
29076
59473
10936
50591
12902
45549
55482
9323
43932
51632
12129
61061
6938
32618
52209
58951
11507
45196
48811
49997
48468
12865
30064
29331
12539
58436
29490
50600
27546
47413
18266
36187
17886
57803
60317
41155
59954
19554
35939
24979
15357
8678
23235
24647
43879
21902
10274
61055
38347
62833
27711
634
47206
16628
58701
30697
9120
57043
53223
44219
8464
28140
1701
54561
25139
15115
35339
23747
48021
40437
46585
7673
4544
1404
24355
43350
18963
52524
6008
54955
18756
61685
35233
14002
38990
28259
29843
27308
61968
4660
7040
41309
36671
28655
12529
63679
21434
28442
50035
11871
61116
43452
3503
37010
38099
63690
55003
47236
20792
57083
49388
11036
4435
51822
20357
57592
36786
28461
62178
43911
28382
30842
10803
14233
27179
39995
52258
9013
16928
5090
62681
22129
7676
1676
18893
6535
47780
27989
49095
44538
13272
26826
64423
18621
31510
46667
16949
54095
37450
23396
28071
10370
15820
3654
54643
16660
12878
41858
60255
38477
28267
46757
46848
33803
5071
16704
29399
64952
13435
59935
26454
44963
54576
42400
28040
13175
45622
25005
26370
11614
29212
42026
37060
19507
22395
28220
17266
41718
13817
54124
16022
51293
51770
20057
32733
26538
23919
61536
29904
24702
38309
52717
7920
21492
13409
62887
4667
37535
42242
11621
63488
6387
47582
26141
59605
8491
59228
65333
27822
7154
22212
31031
36151
8162
31400
18240
59767
43321
13205
55551
18732
43419
36544
17241
55665
34967
59705
45793
17817
34893
41359
16604
14798
62035
26959
35039
63675
15420
49907
7105
27202
45425
21594
60728
49542
1833
13078
49794
23645
62994
23859
4294
51795
8764
59888
19531
27802
40045
37631
4734
28982
36214
9706
50998
2446
58130
64843
23215
52556
41022
48552
25329
21308
32111
29447
35837
14258
13549
35801
33879
56070
19151
28874
56908
38911
61969
64156
39680
50761
47067
22521
2157
50342
10772
18188
18664
49021
24101
38046
45136
19371
3475
20197
5080
6950
34937
34879
10295
57463
23966
56586
45768
24301
61794
42931
62867
30418
19184
7326
52530
63631
19764
16128
17783
29851
34329
63584
61171
48369
45479
2247
57336
30725
44151
29247
15499
24846
24311
50276
16184
3480
39156
34403
29254
55526
16844
60934
23081
28330
60386
26132
60637
44943
13529
12896
31593
1462
63611
52582
15442
31776
4031
41134
53324
29117
52059
36578
2812
16439
12819
6134
56274
51569
60910
59392
35067
27954
9841
33089
5549
30566
23581
59934
33558
47370
8929
15530
59575
51347
19812
1619
7156
43786
25296
58461
2486
37288
1274
18119
41374
62431
9807
10187
54379
35736
16663
24443
11567
38076
34290
50768
15233
6624
19117
59983
37388
18592
56457
15523
15408
42358
56376
27179
54900
43976
2900
43884
29701
24199
16889
40811
62345
28100
19616
22851
45629
10160
12655
45082
36247
11164
45113
50968
19623
38796
16570
12719
50376
54997
5203
30975
26470
31647
50682
45853
25489
40169
30140
57395
54942
57452
4401
39882
23108
22181
62439
47477
38421
65238
53199
17107
24093
41847
4170
49180
850
58224
35398
48036
1429
32067
31443
56889
30862
34001
43952
64918
5603
38475
6515
38184
45344
40851
55988
51701
2344
50632
3120
30100
41867
48894
39960
59450
12529
64504
16118
48059
52258
19114
31731
65321
45282
10880
45677
18290
16315
35766
24760
42238
58064
51079
19020
47955
2424
62562
8354
56822
1335
3375
18344
36863
47752
7645
49325
15997
51311
61235
4664
22137
30583
11020
7512
31365
49414
53800
52735
32585
14891
42647
9396
4110
34343
61556
44188
55935
4186
14892
59254
55777
15373
62523
7334
50214
43619
18299
10553
15250
42586
22667
46427
41796
64486
11824
12330
39258
26088
42679
37144
25256
37559
4939
48704
52684
4213
13099
7456
38109
57961
47542
30892
21267
63878
45605
9861
29360
49851
7708
52533
13017
41255
16830
23983
6176
43249
35158
25980
34116
37338
29458
4461
12663
9775
12302
32950
42945
64253
6946
63560
51924
57060
28184
11611
382
51044
22261
22577
54482
3695
56196
11831
17459
34666
23064
18835
24809
340
29518
50437
42844
35141
52253
59325
40041
50440
61509
42264
50313
23396
13809
54305
3848
40858
62912
43008
42149
43431
22663
28119
4848
39575
47906
27592
41331
11636
2857
36658
64017
36439
23327
37280
57491
38684
34145
56207
12631
64373
42080
50695
33371
29283
21940
2835
2166
20073
1153
15872
29238
61399
60855
50616
49300
19886
59726
14946
36087
10120
63469
35035
53527
53600
37575
61678
43138
6043
36247
3172
59216
41958
16303
8941
55011
18504
10982
35677
12944
43665
42011
44735
17552
17352
57561
50683
39029
13665
61291
22772
22724
37553
46230
19837
11838
43023
40573
9671
13412
36816
56594
64823
15522
21649
13594
565
25173
57933
31441
55572
38022
13802
23653
36526
15820
48756
5540
6281
43425
43235
30581
54089
28773
58336
26242
52634
43404
18807
62151
65513
17088
26480
21189
34258
37520
53001
54160
28900
18709
26389
59776
35601
12048
13243
415
23177
7825
1081
42799
28887
51072
36735
61449
4306
39122
51715
56910
64698
51728
23361
25416
59596
54106
50518
17675
37444
65369
44946
31481
51333
0
42945
7867
32508
37369
58862
39264
9425
64992
21925
44530
1907
1919
50293
23490
64450
6117
43325
30077
20939
42167
51210
40933
30165
37870
11422
44420
25946
1521
33221
32376
36075
212
13174
23020
64378
48375
47492
36161
44916
60695
12300
45209
19409
16333
22265
2448
23802
7707
347
55419
19345
17878
51716
5747
10470
19880
49130
38587
36198
26010
22591
34532
42224
27622
28488
52996
3164
29635
41071
6743
15323
378
12486
30596
52114
64489
50788
36629
17919
14878
22597
32820
61120
16515
38328
39638
43623
10806
21970
20253
31343
54445
33050
37537
19438
6842
60886
37722
26759
25848
38318
425
10897
64580
38349
35751
21351
53293
61038
15574
53714
8525
9789
29422
36469
63897
3456
7829
42227
5482
29853
55709
12645
40443
32032
25951
38323
41398
50584
43750
44465
4047
21439
13258
49012
44361
45511
4599
24021
37624
25771
2364
41214
62313
3213
36081
16859
54155
45596
53790
13478
55788
2530
57210
56873
26174
23470
32182
24355
41390
35761
29029
14081
62570
61990
47144
55159
26958
54079
32407
37361
62299
38429
13957
32288
31824
14828
25871
63821
47412
25777
50311
32148
22802
1737
5018
45571
63972
33247
31533
7559
21171
9125
31247
12760
52891
22044
35958
61268
46129
10117
55410
61041
46210
36289
16254
3101
31118
62251
39760
19021
1861
2492
25066
16203
43415
18400
46946
64016
16254
55829
9254
17070
43592
58804
18600
55067
46717
61121
38757
53740
36783
4533
85
49665
49770
46685
39382
11060
29375
39938
44963
11457
16418
55019
51210
4953
53808
19302
64468
31195
39758
12764
3023
43192
38820
25096
1686
34702
53548
11506
38574
19420
54417
9710
8697
53649
61796
65335
4902
2836
35518
33546
25359
16888
5791
29625
14180
34447
28980
8013
18435
38926
41256
16984
6596
10269
60618
30993
44760
34476
2203
18426
29535
34199
41238
63718
15947
20894
48254
65317
20015
2206
63862
40502
34150
41162
24759
12973
28486
26311
10204
64058
60102
45172
17511
15738
21372
35302
63717
16349
30796
3593
6073
32637
30797
41885
13318
11524
266
8104
53478
48303
23752
17116
62445
19412
9121
4883
59286
11582
6982
59745
44687
53096
31083
30410
54703
14635
51168
42260
2891
3632
57526
2375
34740
7761
42214
36811
27001
36413
7127
9986
30928
30302
41968
59356
65091
24530
51049
9927
2142
59409
400
51859
9241
41522
61485
26882
46352
1806
14061
42127
4498
41942
16254
46138
43601
6979
60528
55521
59421
27035
16226
5048
15993
12970
35554
8454
48036
19249
5986
36594
56322
3381
7551
61402
62854
55828
46621
21548
12939
14151
45010
62030
6858
46874
61195
28697
33835
58663
60767
22610
37647
34845
24349
14256
36470
41390
47610
54048
57345
64460
17819
50704
50518
16075
54569
21576
56418
21879
37470
14651
38805
27100
44018
30095
43646
27673
56166
12851
48635
45835
49402
13803
58693
28634
9222
5661
11527
2912
33136
38482
33274
7707
26347
15717
28303
12805
5162
61973
45550
21979
15277
26853
8872
8609
24541
8740
50552
9024
21527
25130
61992
7835
32754
6787
39236
53478
29490
28862
26393
26764
48372
39994
60347
14189
61738
25151
31346
12016
3096
63504
1562
991
51197
45558
60570
256
55037
16877
4273
64232
5118
56140
62247
44624
42554
28259
1480
18465
47746
54041
9463
45279
16856
5221
43663
8865
20674
35294
65479
46975
16581
39459
36060
20147
45972
21203
23766
56030
4413
26422
46421
59757
13814
11825
57011
26162
53973
35382
29206
9971
55081
3757
60783
21047
8507
39757
44172
23677
25870
9327
54706
65323
34390
1721
36979
13784
64708
54602
38977
32958
37255
3735
31772
9534
3632
35580
20476
57807
8420
3515
6524
36459
61023
33795
59533
9335
11465
20629
45121
63987
20465
44845
42822
4454
49941
45932
3668
12727
54766
13403
46147
32426
6635
13801
49061
29820
49489
34417
37908
31326
63008
48610
25471
24137
56938
7673
59480
621
60079
28907
30938
57053
7788
10893
51961
37186
28319
8229
54732
52657
2171
2956
10209
9425
56485
52671
36819
43366
34847
13818
24451
52328
58880
21010
49478
53547
4909
30906
57879
18202
27166
16643
24438
30052
2026
51683
20357
31974
29014
3030
36051
33786
26875
38896
21873
39108
50970
28217
46251
46168
61540
232
5434
5331
6075
37952
26587
17806
17483
43702
44877
48669
21201
11758
9173
15139
36828
67
21799
49280
34207
39020
16742
55160
50519
47941
11057
26051
62862
55378
809
29923
58037
17799
32640
32473
50784
20123
36807
17210
18558
45437
45649
58416
43286
40365
34146
16828
17307
12887
18424
26898
27916
50374
9450
39875
11012
5532
56501
59377
26701
324
19686
39006
63773
33134
26417
64985
28839
26873
59647
64185
10088
57782
26480
30265
56421
52416
96
62248
26123
3199
22843
6732
32241
17150
40152
38036
3758
52789
35240
3472
59449
52366
23136
18704
27677
58912
532
38771
51877
30611
10768
54730
52010
7335
5521
4325
13591
1916
36727
38211
1126
33075
33266
61412
48091
47461
17593
44811
19160
15190
9973
56346
61797
897
25139
10805
25602
25067
45499
52654
14336
50755
8602
2687
9505
11848
32520
9610
46234
22998
47501
38870
53760
20835
44980
48735
19507
10376
51588
4730
24039
44301
52519
40613
42530
15509
61445
12813
38265
18079
43730
3461
20099
14502
23515
34144
16337
41990
46399
390
38922
34780
62072
19959
21671
58531
31110
51580
45639
54356
64389
51944
46607
64823
65320
1281
62475
50769
8153
23302
8008
7559
11013
24424
1194
44472
49460
45574
34345
54476
36152
44699
58548
28896
14364
20681
15955
22580
22850
9934
34058
60027
1216
38307
29620
62470
21648
23882
41575
36062
65191
37167
37762
28575
23120
17237
64351
4390
56343
40601
65227
30852
23937
63653
59331
59734
58213
40436
33273
39887
45254
26162
35462
30192
17454
359
15051
58214
4671
8227
58892
27443
10997
50469
46531
49463
9747
38401
32942
44704
31690
12206
36078
5138
49771
2806
58553
10608
10920
48335
22036
43470
23638
58485
61959
3408
20533
26062
41070
10144
49032
14202
28085
33949
605
9959
59624
12083
24551
21755
41161
37204
18689
42743
49636
60540
38148
30724
19269
54285
44234
8297
10604
42110
13192
44722
40300
38816
33321
35013
12758
26064
43578
14520
47036
49845
56489
15298
9881
65227
27174
9513
41285
52970
62894
24610
58392
26654
16325
1613
3110
38873
31022
7062
49313
39344
10519
41885
19299
32062
11512
45195
55301
47579
34195
55916
44591
21847
52858
7747
63777
31515
47980
3184
19474
54823
13039
15207
22282
46406
57869
2358
57212
40915
33225
5941
52326
3040
39281
52832
49292
48502
2799
1009
3173
46217
48050
11231
34429
59902
56407
9416
12101
28342
32646
62552
30301
47099
34954
47102
45220
26061
9918
30427
4402
6601
1325
9368
29498
8814
41464
45889
5320
19776
1682
47870
36619
18766
14805
27599
17926
12368
54955
32133
26677
6471
36224
652
52441
23273
22433
41480
28832
55602
40050
37530
49511
41445
34540
46116
61461
32189
54766
20788
63315
42485
54648
39878
32208
7135
27683
7060
55817
21809
27799
44416
26173
33686
38321
2991
34023
51226
36887
20803
26273
14299
8528
10308
13664
6086
24798
60099
63565
38726
5431
20210
52155
39163
16138
48854
57386
5608
20321
14805
37325
28119
64984
60426
57060
46
8920
59943
15820
38114
30394
40132
29888
19437
38706
41609
25947
31029
9824
16983
17059
11985
63724
33360
40417
52754
56722
46695
35483
63968
6506
10106
27466
12269
46688
4977
61779
35016
18327
30437
49249
41152
37437
65043
49531
4039
3059
44423
2484
54198
60495
12688
60688
46705
12925
39210
31507
34014
11693
51878
24463
16941
43020
33687
60640
58538
27794
15695
4655
800
45815
27440
9718
45901
2592
30916
5299
58958
62262
34404
8729
24974
21109
3422
64299
61014
433
21082
44316
32626
20849
21264
49141
2943
5915
62252
62943
55189
31404
43075
30550
27604
21974
23669
11602
43411
63553
10045
24798
47253
17860
37584
17225
55090
334
55419
24487
59590
48790
29378
58244
20045
49020
17129
46536
33876
19069
51483
23035
45461
5093
6510
50866
41007
31489
18609
12608
4543
15527
15644
54592
24604
2164
3857
39884
26361
35371
25173
20110
53545
13604
6772
42630
26859
22970
46269
47374
53478
54853
49881
4808
32189
22323
4607
62537
8840
38122
17163
9695
2964
25672
24946
45995
63600
20091
5292
46203
38207
3106
40872
58023
24214
15316
43668
35982
19234
53770
51329
51039
31990
12702
61621
52024
46065
58356
30706
53391
54458
38702
13234
141
34711
32147
50938
12878
15209
51307
22540
55389
45140
24996
50232
9404
33915
26953
33388
46717
22473
38361
31081
11144
24782
38780
47353
64463
30590
64795
38479
3208
6187
15268
61304
28
19389
5077
21689
7323
47439
9362
16815
1595
25687
53202
5763
3375
47923
6369
45680
11681
32358
38882
29719
34414
2681
19192
11165
1613
46155
46621
21977
7968
6016
4760
63020
52644
22926
57856
39762
58762
61863
44878
38008
34725
41828
63765
18342
49082
2054
58187
9085
61077
16320
39176
8307
64823
7770
26062
13479
6861
38197
24439
12887
18157
28467
45402
12289
12763
18800
45421
57778
55469
41025
39990
36104
22229
43729
4787
6675
42678
23080
12712
4463
63884
30738
57729
12024
23171
9892
32333
68
48184
38620
36579
27010
56055
19102
42426
56311
28735
28534
64287
377
4496
22150
9925
17235
63281
3321
9993
3079
32039
31800
24170
4548
44490
37849
24792
47453
14809
4181
24697
60661
21607
60051
65276
54556
14386
14408
33022
53485
15187
5114
23725
44294
37515
49669
40185
30373
18304
41085
55502
33518
48900
48779
62832
58834
52397
56911
42781
57772
14281
6576
47408
8889
20004
28384
7019
52502
62616
59215
299
30649
1926
34892
40854
64626
14175
10521
29174
21007
23103
58651
28712
48699
55450
14951
13100
17311
1873
53809
48675
1198
43723
59120
13176
885
22435
969
41156
54342
30645
20738
24992
23546
54398
46314
16265
46965
60276
58656
33273
30275
2895
36130
11890
38954
28836
10128
62759
25685
21255
950
37688
39576
6919
982
31190
32705
7886
59043
44210
34569
39501
25661
37257
8463
11259
6300
47386
41059
5078
25537
33881
52018
56168
9037
60733
29518
11230
23291
25653
62644
26517
48400
34228
27421
18875
43467
55710
139
26083
40318
5178
47829
25228
25953
53640
52575
23334
43581
31202
11745
52302
65354
61717
5869
1595
41284
8819
46787
38902
46013
54377
63725
34212
56406
22571
64258
49052
49480
36432
28047
17159
61423
37407
22040
31574
60658
5884
4868
19342
63901
54016
54996
47604
2216
46571
8423
31822
55492
40254
5382
9225
47494
7790
54425
19067
16058
44423
11976
2208
40607
56236
8461
40618
17452
11652
25171
9125
6672
2884
43909
58748
62734
55413
5291
22309
57832
19737
53299
24347
58478
45222
728
10168
32030
16546
48573
47849
6545
13269
10703
45174
43351
57442
44120
28448
22087
64040
25971
33501
12935
38187
28376
35596
24006
60854
17384
48243
42756
65467
46841
14639
5941
17619
18568
38307
28707
24971
13204
52486
7413
50242
11039
27464
10834
55092
3038
5312
14222
47934
57688
49636
14315
41197
42319
45004
61795
61767
35123
35389
21692
32772
53001
41965
59912
28599
56133
50158
33098
52974
45266
23238
62696
21698
26340
16305
35850
10871
3149
36660
44310
52362
3004
24420
33148
22750
18280
23367
63448
38626
14820
14549
39886
48626
37503
48840
31116
28454
39284
44048
51013
64445
57950
47023
46381
50626
64986
24496
61969
64808
35119
11785
17828
29252
54700
23322
20043
48333
24336
5019
45966
62926
1697
51026
54783
65008
14278
11124
48005
5910
51130
49348
972
35816
24629
18725
38380
55889
9228
7210
59644
33823
51882
53790
53471
9796
27869
26401
8075
34786
48296
57650
20897
47902
5522
63626
24941
37897
57703
10310
17863
40683
48047
53260
55104
20999
63734
46968
36884
59817
59424
62994
62456
17354
46570
14868
63
4217
38809
59436
55190
49218
5534
23086
161
28788
2594
20794
32594
3265
50081
27812
50690
1432
16998
46169
51528
19249
15684
37876
18375
793
1060
46997
47267
10956
10281
18108
64622
46131
11666
63669
39396
57838
42997
8448
64654
26141
25794
19190
36197
28140
551
13734
8690
37774
15272
5385
9178
57373
22722
36235
44447
10767
26313
36025
38647
6015
49989
19509
26521
2183
31788
46938
39370
10947
22767
32332
36815
17743
3807
28046
31213
41263
38379
31852
26826
23144
41580
21225
47012
28657
16845
31555
30564
38641
27973
3271
12200
18219
52023
63410
51455
38859
34915
26451
6699
45089
58333
18909
28298
47841
25628
17517
33649
19447
37277
22309
674
36748
43860
17744
16936
7397
41499
26434
18883
20191
19539
51865
20174
45029
518
16982
38500
43538
14590
53759
63759
7857
42096
55815
5761
11655
6229
18933
31856
36178
51372
24436
27544
47719
38092
29345
6178
28144
32122
10931
39817
23877
43359
37305
61118
17076
35105
56121
20475
65097
61400
27184
17037
19563
9609
12411
52252
62625
12581
31600
36778
45535
37456
26339
49376
899
57838
50780
17242
56967
55389
52886
27911
58309
64294
16743
18367
24298
21268
8145
59208
58580
26176
19113
17814
57542
39010
37624
51117
32873
412
48928
16054
59417
24513
26179
42880
23880
18220
54997
17434
36929
42095
11247
35040
37392
57274
46948
1309
28933
7518
19042
5958
10284
10716
18173
33284
34797
76
10621
27172
6871
52560
37117
10840
38319
51976
1162
28757
55638
46921
26906
37355
41197
25092
56362
48669
53394
42444
63805
36529
27678
46857
57169
15222
42941
35241
54132
63229
26759
57906
33334
29397
62724
46907
26021
26076
1460
11389
52336
57381
64877
25917
3663
34740
8670
61743
7181
40023
9359
6513
56294
6414
63818
52632
29179
46795
46446
26691
38744
22247
21219
18454
60370
32577
35283
43999
28069
4767
21555
57205
43814
7315
21847
33185
6386
49584
1854
40182
37797
48638
36396
60301
59158
13668
10496
29599
28795
39999
60202
23044
38668
34747
14369
2233
14856
19961
63757
13594
52784
43807
29330
64664
60515
29795
36841
41514
39660
45235
9485
43948
61486
9414
58913
21995
2220
47565
21369
11191
1617
34293
26387
63351
17563
57510
22727
42035
13180
31758
61613
1512
63026
40473
50610
29087
46416
48810
2751
64107
55055
15743
31015
32748
42211
4831
38040
28650
49811
28627
47967
59423
48719
14762
21190
36409
47547
42743
44377
61821
2315
49497
1791
44340
40927
39763
29377
17781
2770
31699
5005
4377
664
58835
36137
41267
5164
18164
3221
10945
62046
61386
43816
54693
38514
53327
47187
58502
53848
43423
38858
62336
5267
45596
28260
33512
58978
64313
60936
58530
30120
3509
6358
11818
19407
48743
18283
46806
35501
57544
12560
45736
19513
44105
9710
6586
27522
64780
6849
44841
46719
14038
2443
57779
21703
8550
52553
29434
41315
24317
24681
21989
6618
23194
61954
35997
61264
60321
24764
35952
14551
26439
28446
61163
50845
53567
38895
47973
60378
40686
33896
38232
44927
50939
9739
40484
58503
23058
50654
18011
64792
21613
56726
5169
50807
22616
19280
4975
48137
32907
39715
32974
32507
7588
39452
38393
31238
17523
304
13321
30686
54132
64691
46018
63189
21642
41451
38426
11073
13158
26668
28857
50236
32873
5012
43019
42628
41115
49568
542
53491
48097
34507
2891
1291
19979
11785
51421
34879
18555
36782
48570
5375
41944
24957
30359
10251
23083
39465
14597
28251
60051
43439
33331
27693
4363
9280
51261
64708
25537
46846
9105
49410
31792
35717
43369
63722
54922
43436
56945
61047
28850
32071
47345
63374
60974
36917
57639
63171
33704
23237
10311
60701
39714
38369
38118
39610
64759
39814
23189
54605
23782
20611
25532
3565
36726
47105
17832
28560
12616
65463
43481
4430
62245
44788
5009
18563
9527
34907
13067
6130
14359
21534
59632
14147
47101
43652
46554
55735
4232
55635
3589
23577
12065
54121
23456
789
60401
32070
8365
10779
9661
5780
36985
61859
24709
55227
31961
43805
64769
36137
55227
60476
3057
28494
42293
59126
17169
46156
14711
45706
23636
34982
38380
50702
14655
54435
20006
11613
34509
38750
13118
54957
39650
23716
5564
29983
17740
19868
36109
8864
20556
58139
33550
18730
5019
35973
6593
38711
31430
23606
20690
33339
45073
51956
58939
23673
36049
53008
3975
58124
60976
33812
51
37808
62819
65012
51832
8011
55693
6714
36205
63369
58807
40098
22160
44865
43164
54743
36965
51122
1420
41034
21493
32915
25158
31197
52049
54595
33286
44934
45219
31427
29294
31639
8466
61598
64573
17330
45195
37279
33968
23722
17921
24238
2925
22959
64816
42412
64918
54775
2061
62838
31876
44170
62000
27170
56119
23301
43689
40492
43645
8466
12075
50332
22703
1370
31160
43576
15843
29740
44456
20808
37999
51105
59565
21804
35845
20775
34899
47657
54716
43743
4592
37083
14252
47724
21308
21015
49736
7314
15497
22137
31887
34799
5772
29822
3355
37900
202
49751
14634
29815
34987
26806
38851
53109
37982
16720
49611
8441
41541
3933
57195
30363
47815
23336
23273
6734
49337
14523
24132
59246
51952
18663
49593
1951
62091
62972
49273
1086
15887
6459
54177
47597
43150
25300
28274
1105
15330
36071
23152
6214
62510
57343
51996
22321
53102
27743
18974
6252
39529
31380
31852
41266
63748
13192
40059
55658
3899
9899
50168
3503
30017
8773
43539
22503
21003
64536
7489
33597
15790
14995
34136
11236
31184
4223
4253
6393
25104
27005
6114
36093
13245
21357
27913
54697
35566
37998
26376
54565
28001
4011
46671
17889
30253
10867
8874
15982
46620
26975
41693
23454
38805
50991
1148
7014
12468
50640
51652
38095
53690
10114
57089
17384
48120
17652
14539
8546
22895
49057
59404
53134
13758
28345
63778
4059
20812
8349
29453
59288
64230
26344
11848
30295
31425
63612
42906
26732
50609
29690
46133
54775
65283
47240
41033
46238
43021
16412
1061
65440
819
62421
55758
29985
6980
28201
29376
48389
15042
46683
22879
15622
13565
2888
60776
37986
31298
61465
54170
35388
38273
59917
10032
47842
56605
64277
25537
9852
2201
65172
33895
12337
26777
37091
54326
28409
16319
39669
49221
16005
16768
58790
44898
36100
14947
60265
40378
19063
62385
26925
51926
50992
31888
52044
31094
25928
45835
38521
35404
26262
14846
10307
18372
25518
46442
15703
62899
54079
30072
41915
43829
41889
41071
57043
31082
38319
58282
63761
25972
60619
4576
10809
24611
24697
10412
13892
48063
61560
22576
36338
22817
63494
35422
3343
42167
31010
57749
8188
56057
23640
42113
16828
7081
8784
31029
47645
8180
50748
45231
54021
48421
28672
58064
53497
19862
4917
58007
3782
174
38311
13785
39923
44348
1599
20790
2552
46519
64531
22008
3716
53863
27180
10445
36595
28732
56850
42076
35514
18255
2047
5027
33623
47202
57921
5771
40835
3582
31323
59546
39542
15474
52277
18119
14860
41074
21628
25373
34998
12090
59426
55727
50039
40181
58364
19650
43543
744
8125
24230
1864
61415
62164
20819
5908
54497
61544
45853
47761
26476
27418
64274
35654
35246
39267
19776
11138
32014
22330
60625
54878
63076
15064
37203
34434
45109
14269
16936
8793
46371
61598
20645
44871
65303
38319
15470
63083
44476
11833
16317
54827
1116
64994
55964
871
36776
43727
51050
12020
30853
7830
33431
55156
44853
43491
25236
57566
58846
24042
50476
35142
14034
28003
2041
42614
44392
8360
40738
59795
2196
14530
41030
65163
48676
57611
5583
16348
9243
3296
19822
51146
41245
30046
2952
24051
18975
65108
51859
36476
10146
9668
25398
35042
17061
6467
7070
32960
33054
65401
50571
55998
17676
50320
62431
62823
36716
13522
53829
40467
48159
60718
42373
45146
61529
37007
62318
267
6367
26990
24672
53306
18403
14124
57039
48850
178
39314
38531
48350
46567
31125
59640
2783
55184
946
37787
40347
63634
33305
43969
51275
36095
8700
39643
57712
53533
15391
42210
8324
49723
33113
53276
36217
6695
23950
55043
10384
29204
35020
52345
43159
38523
1342
4435
59047
49511
27547
35017
33107
58404
23206
49781
43432
13416
31923
23125
18797
37610
38797
45808
40392
28910
48124
32264
132
14552
53543
877
48113
2166
38525
29921
31245
4487
51897
14318
40339
57453
2543
58518
5871
36477
28947
61093
34269
20376
32120
58561
55713
16801
47796
43653
7750
38678
5537
44336
10297
51863
61409
61859
30593
47068
9008
35405
16653
35995
64303
56751
4139
64317
40406
24388
21457
44520
50699
7447
61411
6515
21069
12736
9563
42428
60532
46390
19139
48608
36063
38579
56512
52891
41102
24969
32969
54457
55166
39403
16709
25623
54695
58063
48279
36535
64985
25486
14036
63788
48698
8133
19179
20823
46142
21124
36083
35949
26805
59116
54988
8281
7892
49219
29050
8118
57433
51759
28053
40296
48780
49481
25891
25821
23098
25327
56956
23197
34385
20965
21441
6850
4214
27801
7679
49646
21670
58217
46512
59776
17799
47796
36743
7300
37539
1708
19298
48178
43816
63370
45864
47973
2344
18871
58646
11717
44458
24052
54376
32359
54962
9767
52739
25624
62436
1105
12481
52680
7213
60194
1304
53917
16412
17993
43164
638
110
19637
51514
47654
6898
15312
8147
48438
19918
34247
57209
14923
38700
7035
29147
4521
42185
52754
3793
29655
31989
13068
58462
61017
59485
60975
36631
64847
40800
37165
26971
13247
58797
8120
3924
37816
18598
33337
38399
19604
12377
63884
57711
56460
46006
49419
51425
16183
6405
21582
10894
15860
42371
64517
33330
12071
512
23336
53391
6807
31116
27452
38661
14246
59370
41551
27272
10477
18199
10697
39569
39515
27856
58230
34739
63995
51378
37891
15471
32969
53752
45861
41924
54225
57373
34571
4195
58071
30576
7191
60037
23007
56050
46931
19407
27933
40466
57181
39139
62479
41459
53090
1797
50151
23391
43888
44432
11399
49841
24411
60161
26487
25476
19769
41355
21674
59943
32912
54027
61018
15238
15093
21113
23262
21287
62502
2363
31319
19740
26906
4520
26891
5525
54043
32917
31225
54016
56583
19577
19642
24091
1544
32388
48705
60642
14865
34413
34385
38805
32197
36804
32249
54410
30779
10010
35841
49008
53865
38462
2919
51875
63893
11580
30293
55311
19961
13901
21425
10251
18354
29042
32521
9417
53357
49668
7702
44434
15079
7455
53655
17449
70
64502
59533
61355
49045
29860
54658
41773
64236
64930
438
11415
12732
39452
28212
61752
35076
20978
21026
61013
30340
43222
166
37545
31518
39997
22629
48710
23881
64146
18466
8873
3914
29618
40800
16379
52652
24955
42510
58714
726
7648
47967
21654
52160
8226
13697
59673
59969
49227
30289
50680
218
65016
57658
60313
5523
65254
18720
46091
53669
15407
29993
22431
18632
13300
21348
8366
49623
17540
58099
64503
17859
42007
23064
39842
1204
40869
62704
9909
4826
31774
35734
11561
53830
14649
34728
18208
9581
62561
32524
57841
59622
55698
33549
49894
58090
37000
52390
33429
21708
24043
60445
6454
63086
57657
33160
18341
10564
61462
33424
20862
26654
36862
55050
47865
35229
6634
65190
32368
32473
37637
31184
39328
64337
42503
30549
16444
46228
11180
7998
25606
63130
55451
15292
65197
44926
59598
40389
49701
23166
21431
4166
45026
395
13936
55262
27297
35149
5285
9702
42633
25819
3718
35888
5010
38562
19704
22762
43967
15229
19296
18915
12135
34853
25150
61189
12335
18626
22596
40657
53442
32501
58299
32399
36519
61349
61318
26392
12971
55351
8289
49925
11405
36323
47259
14065
50685
41345
62730
20863
20916
6241
25505
47770
27633
8143
43598
21995
18785
10849
16463
11019
25406
27853
9038
62814
61985
36702
7211
12207
19121
43015
12733
32683
42103
53207
36038
59779
65244
6053
48957
3046
44911
15041
47020
51916
35668
19501
52350
39772
19440
57303
38200
63451
46032
59553
6751
60774
27100
35950
12227
11492
15019
35661
32102
55868
40349
65393
36261
32559
4074
61961
26864
54583
327
19417
13979
44916
13982
40276
62999
9312
55280
30901
60137
16746
3610
38859
43528
51179
26429
29049
62450
4945
22103
17737
35054
15534
16630
22243
28423
58675
7027
33172
24973
43336
1198
55036
6460
47732
36874
62867
30709
10301
17276
15823
30672
16041
2309
53610
51892
21383
44099
2846
16285
49901
33095
11048
58604
55
39862
64535
24813
8844
5631
8139
41479
38368
40962
12971
61242
21459
24663
18361
17333
60650
60323
57012
62741
5457
52270
25403
32384
216
48177
1385
21075
53701
53475
33409
58439
34960
6187
9393
7792
22748
32420
42087
7958
26752
62433
48150
9342
39967
61635
52816
32829
52838
7299
51830
63867
62815
15352
13796
41360
23491
15103
62101
6517
51351
21225
15253
27329
59498
5079
41782
59486
58683
36257
110
61818
4920
42795
14748
11832
25293
27806
2268
4697
5948
8159
1613
42377
13509
4454
18042
47926
23049
472
25021
35055
26063
1670
7675
22077
2496
48336
53264
40333
38558
22619
29461
25795
14459
62428
32180
59635
55439
26546
54106
59958
9098
54493
4552
14706
9572
21382
51288
39244
60603
632
25677
61580
13125
55071
28830
29000
11232
60137
2005
49289
40903
31147
59282
52151
45117
35787
11978
62741
45817
11611
38103
61613
59111
26387
4058
55119
36846
15441
31696
29357
59061
56593
17404
41397
21495
40811
13567
7790
19346
49717
47187
49590
1727
10100
42023
14846
4111
16452
36562
21973
42375
23135
7559
41570
59890
42392
12460
23550
60408
57406
45005
986
56960
28308
16790
23499
31110
18081
57643
23688
13818
23289
4069
21139
59007
34568
2113
44649
1798
43060
11937
8528
56620
61078
63999
56347
60896
33099
24000
44242
38509
57684
14327
22459
30760
37760
59118
24585
2637
8604
5798
32601
14010
14432
14443
13967
58772
32924
64635
13071
46058
9198
38017
48552
47337
61636
11793
11614
21697
55402
57450
10370
10037
62935
7983
24144
46915
26507
12079
63231
43776
2902
35600
34994
25411
38630
64417
2106
61822
37075
22658
8831
26039
8616
26893
61092
8259
45104
1447
59319
6308
48378
13234
26157
15816
14009
13568
7089
39354
14174
9479
41851
1329
20053
27027
61037
5290
27938
25575
36284
58262
52154
24419
24665
11728
31126
4417
21361
16879
60260
58922
28720
14452
21579
16537
25557
11488
60856
54125
26635
24292
48743
9139
1933
15318
36389
24244
3806
39214
8790
43679
26401
2887
43014
54767
5043
34607
63381
21858
34129
38136
35927
25862
32088
43793
46848
37880
32314
35521
39861
24564
35150
51145
12184
38635
297
24323
60692
39159
34401
622
37548
59908
61204
35875
4851
44915
30457
27865
61594
62735
2424
55629
64575
14300
48582
13017
62172
30143
38495
12086
12181
45800
24005
49096
27650
28523
20388
7394
53882
20152
9964
8028
4850
58606
39681
25284
51193
42971
48751
58825
47518
35152
16957
63551
64928
47899
64337
51969
28042
59408
65253
20442
31174
40031
42074
5769
29288
45489
40377
34234
49962
31712
38245
14183
52947
18458
29640
55931
42211
8627
60379
34890
12233
49045
64252
31235
51896
6137
37189
6847
28817
21551
22192
43478
24604
45337
31311
37050
18432
38924
41225
10871
61126
46245
52695
10896
38654
41352
63394
9167
45269
42920
46526
62264
25303
38790
63690
49948
59353
34757
46125
34486
56068
59228
15836
10140
53177
63982
61104
11365
38461
26142
24476
23089
20376
6348
31506
23960
2471
12545
49640
7334
40017
27036
49009
33124
31462
3072
5762
36518
13312
48013
11948
7549
42208
8960
25046
42644
24799
35185
6255
60918
16658
48746
34707
16370
25502
10756
63104
41669
65411
43973
57309
61982
53519
62513
61764
48286
43400
21517
12336
56835
24111
18926
46838
960
13769
45462
20444
56541
20057
47568
62472
44994
37263
39618
1054
44057
26614
51357
52382
25563
49892
61829
33836
25595
19343
34359
6025
44929
52679
44064
51287
16550
61401
58310
46225
59954
46354
60517
57631
44067
35362
7364
48672
52327
39839
42557
16908
4569
22466
52426
35613
40986
336
12120
6976
43098
31945
55487
50669
3072
59722
19819
27690
11164
27680
33337
56075
39443
1323
3975
38196
58344
52135
10940
2506
2056
96
35826
3575
3876
65131
6342
47831
50288
2102
31458
15903
22228
6521
63138
16167
754
11147
21053
48246
21236
28578
58607
65384
48003
46537
11397
44581
41500
23422
53127
41228
57748
28709
49424
49682
29921
23612
37879
32191
41462
18311
26636
9364
55110
8288
47653
56263
1695
27982
53429
47196
13336
23168
51177
31177
722
15007
10984
49559
43660
21100
589
5519
5328
34283
63665
20833
61459
978
10660
22379
60563
64536
12518
58017
15927
37240
10840
35304
10708
43405
38918
58928
9799
53236
60216
16711
38076
7307
48908
16153
38031
25472
34770
37620
64571
60323
47439
20437
43491
51372
62547
63025
18619
7024
46886
61094
40035
46634
48129
6794
61584
1233
18772
39434
46548
58189
33105
21191
21324
28927
37303
63613
54929
15810
4778
9700
57160
14878
30428
47798
17857
15289
42312
37423
62220
27673
9134
36761
26249
16536
33739
37953
36428
50113
20373
4777
45332
532
34216
55703
49856
46885
39684
14929
5013
26210
39424
35760
43085
30610
17558
53409
47456
28399
27650
1638
14654
47680
47341
14098
31810
47647
6349
15170
245
26294
11149
13761
55860
63942
62316
57736
55836
57557
35692
5164
53853
13624
3508
2386
25620
38490
63084
64561
2099
45685
30423
58439
17872
39389
24274
17691
27029
10557
24178
44760
48790
3968
24272
38541
28413
312
15706
55585
9947
21659
38086
49742
18972
5785
10483
1078
1755
27443
18838
50182
59266
7238
6232
7141
4842
41847
33830
8666
46115
30258
9182
48699
59299
1065
64467
3237
28202
57884
24005
33791
65187
58025
23568
28243
23136
188
59006
41457
51641
15147
28696
5349
16983
20462
32635
59262
20436
41894
9290
13104
29354
61579
50158
58429
8879
23040
9400
61637
26758
11291
34664
15665
48062
61089
16707
50613
55398
2107
54322
51673
11100
6809
26623
46134
14972
38012
2380
59537
12760
56373
23946
47764
44585
47628
11596
17466
41248
44672
21508
59976
31609
29592
8116
45382
14109
53247
65201
30614
57682
9642
46347
27988
34201
64232
56002
58367
54735
41103
64798
46337
16700
26088
3239
18305
33294
2871
59413
22134
38168
54365
37989
47339
46690
58347
19915
21114
50120
17915
6781
17512
30658
49050
9772
15414
19016
14018
17133
2671
30226
2962
45461
10008
3376
2864
1574
12825
52967
39760
46474
41624
27909
5604
62800
2720
23078
27476
12889
41245
24163
12571
55814
3345
38668
56616
16130
55756
49566
53805
9132
9881
8990
12721
50580
21527
37235
28306
12057
60141
27337
52111
22857
62243
10726
47485
52795
8942
55668
44802
19637
62409
56091
25742
31541
3678
44643
11778
5012
58013
8264
59923
54881
207
22591
60161
61682
44329
14859
4550
52069
63126
47950
46928
13442
48809
55120
44449
44194
47305
18752
39748
49899
48580
59304
14377
7199
47335
10219
43316
57172
59144
51893
17764
12997
45851
41901
45175
34957
12536
51991
36298
31798
33396
38709
15469
88
48193
28111
12827
44328
60014
28545
13113
2537
58595
45861
44574
44294
38676
22071
64378
56967
35877
28795
21669
8239
21122
38320
45802
27471
61986
1070
20863
49539
62094
7775
38964
44663
12660
5854
433
56304
61565
55458
26508
22027
50108
48117
53102
32747
4259
45993
16804
25129
13240
20962
57338
53988
17758
59204
59756
64851
27272
46406
33832
57983
9218
52857
36417
48693
5242
55615
10989
33716
43990
38324
55291
41778
20212
9500
40917
17177
53652
16217
20780
2383
28639
44311
47912
58410
28502
60904
573
4770
52243
63405
51503
15138
59662
51493
49720
63410
64903
10854
14007
44767
37354
13356
10560
38057
64576
51066
44518
10674
64471
19757
26169
38140
6361
18801
60461
50285
17575
13987
6723
5043
34024
11946
19192
19552
9700
63909
10836
37874
57650
22484
56908
872
64493
53385
60016
16186
31553
41451
1322
33286
39587
51714
36144
55866
24421
15144
49192
27894
15023
49101
2747
47575
52103
9024
8542
62650
35681
41524
26100
27894
48042
7081
7994
36537
56314
60286
28062
40864
35537
1395
49666
39996
3053
20783
32845
32958
22873
17308
11864
65387
57376
38977
38519
36586
31668
33744
21775
52742
8783
38740
38611
50474
11271
64077
59047
52427
57996
3933
18923
42303
29941
14381
52162
7633
34956
36176
33411
59336
26294
55319
41246
27807
18708
25196
25936
14756
49167
52460
51110
41119
14990
55403
49575
10384
6064
11601
1923
55161
23221
31924
12011
17390
34135
507
23817
48839
10034
24140
24001
54414
20863
3814
61718
52345
37823
26946
50821
19966
50156
40740
29988
53503
37195
52532
34771
48198
44071
58801
18506
49690
54148
53145
42968
5626
19373
28558
11900
50922
25513
60999
5137
62596
41240
40432
29527
41983
5479
11613
14467
31992
12863
43196
58416
21843
3975
23520
29553
2075
25522
50827
19654
59157
49111
51130
10111
50734
46748
35056
681
2675
4455
51303
29784
62473
18805
16849
30559
35541
41336
63038
27836
10999
10164
42244
14712
50849
52611
47039
17156
15127
34033
11638
20447
41879
51819
12103
29752
60524
47101
51861
2405
46335
39300
7903
44658
63918
46504
34616
61969
33576
41409
24485
13648
18154
28428
16743
19149
12097
37620
7960
28309
54106
51160
25445
58951
53014
8354
62791
44236
13749
14858
19261
1907
49612
64026
34922
65235
12706
31935
2428
29484
38661
40419
40603
35864
29512
4366
61496
44485
54772
33792
41572
28029
26667
60942
6530
14607
61622
7053
16838
19778
3070
30585
52743
43434
35611
53690
17414
41387
19265
40517
5784
7022
55773
21810
65529
65406
17672
22073
19837
9945
24610
2932
42894
38494
41362
952
25953
13697
40593
30946
3893
2506
17866
53923
11884
13791
1987
32683
37837
20910
48803
24746
11806
14965
60731
57867
25865
18902
41461
8109
56116
19414
481
37554
28068
10917
9387
10784
34729
41623
7692
41504
30105
22374
60882
40110
26228
13488
11973
32125
43858
744
31708
28620
14028
50718
4236
61420
18556
33913
752
17650
38048
38093
46746
3955
31321
17861
48220
54330
57938
61631
9549
9279
20725
22483
53013
48983
50720
33642
5932
25512
26842
14764
33321
33841
20387
36232
63800
17165
49733
26830
38386
285
26883
29063
28657
560
56041
60754
18311
14273
7315
26296
32844
41426
60988
18545
20322
58032
28945
2527
28580
34304
25179
40844
22948
17683
45590
27428
17455
30928
13865
41648
4986
49505
56335
3019
40715
54003
8387
51838
2725
33475
59077
25354
58425
52234
3063
19951
19168
26329
52335
20926
50546
27267
39463
30473
18298
13118
24011
41101
62224
59517
49275
22184
37776
24363
28834
50578
39210
63052
35889
56975
57332
23640
28207
47494
25541
50381
43325
60388
40696
5971
11835
32931
32492
4222
1305
34762
37918
62789
31899
20229
64745
44834
50641
1939
5546
7883
38199
52176
21450
3283
28832
724
46755
38801
47413
1995
20199
40408
44553
44078
47670
9968
14670
25678
6631
41965
48713
24872
57866
32471
31366
44400
29535
35498
5057
50580
38289
56771
28315
3846
18741
2671
3137
55665
56126
11120
63320
50715
40369
24489
36301
39184
34264
50715
27470
353
64924
8112
36956
58134
28226
45925
60229
22140
12793
42831
17889
53575
27354
10438
21410
28809
34636
8416
43632
53250
46914
35132
51765
6991
8745
27929
65065
2156
61447
57740
53029
28829
2767
50660
27803
30148
31464
7615
45484
25666
2386
12514
61991
35787
1206
38456
64818
62876
7529
45865
13207
48213
30849
9547
13917
53875
4277
58659
58357
4936
26103
72
25852
55658
45628
9580
59272
53469
12601
14129
58567
17469
41070
42649
41162
38566
13384
6484
51951
22393
27497
29821
22595
36176
19264
52765
38412
48388
51138
62901
23445
63855
14552
53733
57850
8375
53712
26748
57862
39431
35616
13894
3199
27117
56521
53427
37931
27680
18681
54680
25907
61808
58259
39457
64826
17830
18086
41035
37474
51311
61275
18056
14718
61315
16529
10030
38366
51673
30433
25969
22637
55423
24468
63304
42732
34204
59268
53524
51332
65048
62923
28339
16638
57205
23567
42549
43349
44642
24346
16475
18619
58559
18321
22112
7371
23319
44852
10612
7832
34709
43668
19941
13369
50134
57701
52992
29104
49642
51398
16446
41386
47887
28344
28913
64354
60414
57747
31459
53910
32711
26083
36914
6915
18631
22597
31727
33865
5024
43742
8405
40995
35970
59339
43722
46754
25620
22094
24391
14693
42213
50306
30312
43427
39264
45797
18733
58232
37082
51010
49436
7076
48362
4137
13371
4459
36352
64183
48810
19841
36396
11914
21073
34288
24842
58099
30406
397
46085
51766
18482
35200
33235
10335
40355
16606
24731
59912
7826
38554
18184
11275
12742
45545
35921
28090
10883
12261
40065
10285
24524
63579
35745
16473
43282
31378
45304
59731
3151
42799
16289
58715
57957
16595
13437
31703
11216
55680
46867
26850
44416
36910
47225
6074
1659
22520
35913
27099
46607
52584
838
1505
30352
1795
21202
1908
23186
49438
10200
6077
48654
37624
1687
6078
12962
39877
26041
34432
33712
25698
32702
4044
15681
19578
12487
13111
38960
33487
12499
10178
39933
43533
6726
9594
54103
26092
49022
46280
62839
27384
25984
9568
17713
43477
17072
14584
15536
20787
17628
61762
39395
62089
4929
44862
13851
56135
2336
18164
24548
48732
9316
21688
65309
29981
55103
49776
59866
4974
2315
18575
30330
12861
8847
31794
51036
16889
22285
59602
61551
8490
43758
14870
41917
42876
57452
45403
21853
17786
38343
13616
60820
26173
42958
63177
9442
5049
48259
29438
64518
47495
63756
36379
14745
19777
41510
53158
7562
5647
33149
56225
47054
36107
64584
33807
63486
34526
20454
14109
50503
6924
31407
25631
18854
9902
48717
40191
20270
18886
59081
8525
33453
37179
5088
12141
42941
13259
46572
4267
8265
37734
25643
11274
43762
26433
35375
4471
60571
46142
51392
15006
34676
2759
38005
45874
19951
46356
49450
2980
57664
52682
9777
28316
38645
10541
3494
49721
46819
58017
56826
37046
2016
8686
35236
47389
34890
58805
5242
10092
8666
32535
54637
12034
15002
7313
59800
56948
65116
36749
43401
65193
17503
65509
17335
24655
2321
49119
17065
63572
36595
44990
2249
25658
39367
