54637
42735
22525
3616
9538
40633
36672
17281
54133
45088
3302
50466
51617
15624
52857
45313
62454
23089
19877
20537
29332
53842
59353
52051
12986
28121
62939
27870
10285
52054
64459
35481
5760
18142
35730
18876
53509
38292
35487
36148
49240
1409
34870
16732
40124
13772
12606
19494
42703
882
56369
54942
27599
25512
16777
3772
44605
38345
1587
18820
14623
58039
18014
51683
543
10388
32801
52675
29646
7910
7998
9192
31555
47704
13320
26944
59115
5682
30425
25979
29559
1839
59981
24730
52170
63848
26770
15903
18487
34817
58004
17653
16860
14426
31878
62129
61558
57166
12050
33443
36253
62076
62550
6881
14903
21145
17421
27057
1910
7928
13180
21524
47318
1898
54072
124
57526
25202
41613
13237
31428
51777
16733
60947
52463
21473
39491
44915
59977
12821
35603
33696
44759
38483
52315
8634
48494
55439
53607
6043
15532
49860
36893
28931
59723
24061
61336
7477
32329
1344
52546
16316
42010
7223
55516
9079
47543
3746
54140
33346
38456
64357
65175
14289
21849
24466
14031
3130
61299
62538
32768
42983
26370
21348
19794
1528
34720
3153
55754
52297
60431
32297
50875
56484
42
423
46564
49254
6193
22530
23639
29791
19237
42047
46219
9462
7421
3205
3352
40362
8112
61407
1459
22822
13643
50157
14510
37617
46698
52652
24202
22708
30780
54169
4708
6104
1143
21379
48773
30689
30600
20171
53051
17410
52433
22847
49320
19997
47911
6539
9059
2837
63522
41547
49343
10496
6750
28168
62517
58249
7505
32654
13669
37474
42948
51450
27218
52530
31468
46155
15116
9022
50108
22614
37529
41477
13751
21731
59265
25362
6153
55294
27453
33684
10161
39176
44795
15459
7865
41095
63065
14840
22684
42153
11414
64290
6225
28419
7037
4256
29680
57427
24676
17096
41938
38130
16415
37350
50422
59500
16693
12757
46067
45127
43828
22282
32547
49113
64473
37377
41562
45927
6648
8193
16968
15089
36424
26613
34766
47979
65365
11431
35303
28967
2636
7792
25232
20146
11710
17023
29873
27594
21366
37988
6944
32681
61211
28841
24438
56000
25271
15214
33733
28030
7403
44286
59078
56677
62137
49339
26177
43430
4409
884
7478
46216
19877
8795
42470
21961
36752
62282
18525
36022
25343
54836
11849
12146
38719
57416
42094
48561
61435
5016
14467
55775
35420
36720
37509
37126
49169
7589
28432
58171
25432
61765
64765
12660
28540
12038
5836
6723
47586
57646
21086
48324
32536
35618
51536
44545
20397
9088
52637
39949
37729
21754
30687
22289
53182
32276
11338
17226
4312
39503
7776
3314
11140
32305
12001
23449
58523
6960
49693
47257
9182
32264
60033
23165
5049
26388
64480
40897
50240
33563
39110
39576
31675
37804
5121
15419
56104
26339
4600
44082
34992
60893
61820
7308
22578
20763
33558
34
11953
7890
58216
16283
39151
1981
4249
13584
13674
42903
40397
60158
17245
9107
48994
55904
47012
52933
31213
48375
16410
31250
39896
61085
28372
43788
56519
1263
26175
49661
4094
33968
20146
15139
51796
7390
5803
63445
11412
39457
6196
20246
49748
63496
63746
63806
9369
52076
20485
46080
37380
54689
28260
60754
5007
1433
13594
41801
44279
61805
33629
8478
32229
454
43304
28106
11593
48843
23172
32153
60827
63245
9738
42140
15727
19519
2443
18294
46165
56964
39848
44145
12465
39840
53741
58717
26403
30223
33753
61339
30280
43662
55406
48789
57235
24668
3688
61614
60611
53391
43652
4025
6384
26401
57314
23452
63881
30874
51620
2697
40897
12979
62342
37388
9131
42753
125
2619
10758
33813
3021
51898
40206
28721
27275
58559
499
39383
32592
25373
33339
18631
21819
40696
21967
37146
3528
7455
58834
12891
61291
26783
40633
35571
22962
22828
35656
7602
33854
29517
20444
23905
20029
54392
57186
64669
43337
24286
19713
689
41743
42985
49852
37508
19445
62976
7382
45988
53444
7754
1406
20922
64375
65321
43730
42109
6932
20615
47228
12379
9173
49562
65393
26797
57136
57241
57087
1461
57384
46375
35116
57760
37084
17383
41919
48354
16146
57939
26928
50712
44702
10926
22053
47710
7275
37007
42541
25505
22437
2976
4811
17014
13871
36714
24510
39702
14819
52546
28228
12527
21055
6444
27000
42981
25191
12607
14464
4029
3025
62103
32981
56786
47606
508
39382
53616
54276
47007
24747
62000
35663
48005
136
48952
46699
54995
16635
31258
56867
30479
46159
41137
49616
45154
723
8604
45877
27061
6202
51399
8096
11067
61224
9796
20780
1011
35727
28050
61829
15605
27180
8678
35202
61000
44705
14437
40350
15006
55882
17832
50862
49164
52000
2364
2586
50044
60896
32648
25760
64456
56516
63015
2665
54441
61170
43837
9694
21248
22335
54363
24468
52031
18623
17852
6280
38133
54982
7180
43796
3580
13302
45656
63161
21085
12316
26218
13184
6016
39013
32383
36914
43980
58145
33691
34491
62547
14626
51694
39008
49545
11727
32640
2281
27748
50995
21663
61625
43681
59587
56411
46688
50506
57594
53884
28272
12663
4763
61381
21790
29573
11023
54445
42866
6689
64730
49000
54859
37067
58292
53508
11734
46360
26032
52116
16957
3026
61061
12969
27329
3937
47177
32975
14967
57623
17526
10869
2100
6891
9030
8080
6917
30096
57057
40803
7968
41321
48757
25657
18070
32624
41930
26539
4503
25218
48839
7405
34603
14761
60129
1133
5095
6007
46487
31438
49732
55641
39713
57668
18554
28925
9547
22225
44967
10444
60209
65382
9466
32459
38467
42923
52649
1387
58000
17032
4387
35856
7555
18824
37891
49581
64857
8515
31111
42764
65163
10649
64856
29074
10436
21060
60993
50507
15698
30390
58617
47897
53793
42702
3863
53805
51734
26173
19269
4124
45332
61965
3077
10129
55293
8196
1798
1090
43059
14667
53870
28130
39434
3893
25684
3981
63221
25743
59672
7194
58712
61072
17195
8662
47622
56995
1722
1694
18398
559
45713
19009
28008
38878
9205
4429
21051
17820
51749
36610
4767
26033
48425
2877
23147
49360
3797
22226
47637
62591
33620
63580
2774
4110
61177
22090
58413
51156
40018
37393
41816
8574
38107
3775
320
12251
33048
4697
13627
34629
12911
49038
50722
8790
57995
21581
8766
25240
8544
14983
63840
58589
51039
25440
15196
41225
46025
29132
14409
54080
6689
64465
62737
57666
5040
34321
31121
20396
15650
27776
46025
56683
53766
817
49341
27119
61179
26816
27395
42530
29718
25219
12763
35869
12440
62847
1342
31800
44093
38997
1370
20926
37296
48116
51644
11710
12161
42440
8577
33469
27687
32206
51423
48419
64690
22346
15368
28159
19200
41352
52911
63460
8998
40334
62054
34194
38184
53433
20047
50235
62572
14755
20610
53994
62631
35217
8206
13865
28159
23460
33019
28508
27361
64526
49809
10846
35884
59360
54527
6268
60480
48669
4056
51021
13219
53747
63328
4144
990
10701
27558
27055
63168
34412
23263
41590
40781
46074
5836
21703
1712
37125
47451
18335
37609
27048
26093
1447
19290
30102
62035
11079
58758
32470
37204
63045
49313
46162
3774
60900
57039
37848
46241
56586
57774
53481
37016
6038
31924
46554
58357
30566
25222
61447
824
24240
2942
29536
1617
36434
55154
51825
33154
21002
48166
56511
39910
16574
53214
51686
11583
26973
62838
47588
14410
59254
7648
63682
37210
63559
62454
64889
7510
10076
5533
44503
21869
48992
23893
21032
20006
44686
32386
36820
3
30099
21914
64837
10243
31243
45770
464
50740
53106
56973
15933
55412
65132
29486
55070
3771
2285
10829
29328
6686
40753
20303
60633
64776
19651
11797
7942
23855
13042
33055
24845
52796
2922
1830
40314
27288
21528
30274
49737
41254
15845
48894
2344
7941
13438
31246
22061
25264
5438
1099
40379
47463
1681
60342
42286
28189
6396
1038
23085
19819
37881
62093
50123
21065
50957
43208
48209
5647
9001
61912
59468
23553
38886
7213
37211
23141
61128
21301
50484
11350
39030
22513
23421
60397
8825
44878
47097
2269
17199
52986
33392
33556
6039
48554
21884
53225
5747
36994
63866
29111
24847
4887
11288
41768
5889
53941
15330
4633
3872
52884
42039
54173
10663
19440
47369
24679
47794
62974
56137
29928
31606
13035
27648
53301
44921
23871
41137
41191
56895
62131
18145
37687
39910
56936
53974
36606
48854
12388
56919
18620
46748
2378
19650
41420
27275
30430
13588
46395
35429
65488
34437
25110
29670
12818
48424
47234
51566
2107
29622
58805
38942
34390
6157
43814
43502
9916
31834
25608
34296
64262
3117
6151
50076
38021
65354
40914
56698
40345
17690
41205
6170
6301
5164
55745
37066
4595
40631
8025
63449
10816
12919
40915
42053
7375
36302
8560
48952
26175
62024
19758
64124
647
29220
63173
2828
7872
52119
51342
29960
13597
12368
50446
8725
10445
28282
22598
21529
39945
8077
48179
55860
46209
28712
11665
38807
62620
7186
4760
18863
42938
36212
17359
24466
11556
25541
30009
1070
17167
47496
52458
40663
38780
19673
3392
1831
35983
43519
24573
28678
38879
59246
28511
63590
59375
20475
46200
31545
14606
19561
11052
20837
21288
7591
26099
37755
3947
59035
9487
1584
37428
37048
1762
52977
43056
40311
60877
49460
23732
47156
4184
1983
18774
56460
17099
23456
41951
40925
41536
38643
19208
28419
2811
28683
5646
27755
10072
12641
45337
35204
40814
36853
30309
38239
23712
23082
43734
41491
9508
54199
13158
38717
34839
56352
48999
17371
43246
8295
8114
59
49593
38350
3473
60635
23612
7630
50059
1323
36682
39092
55453
23854
2647
2908
38362
37631
1337
38729
40181
17254
42917
43752
18491
37136
64903
23580
30376
50951
4382
15500
24357
47253
39952
3533
54260
43576
34288
51375
3691
29280
9501
26881
8558
58056
31941
22350
16923
46286
17424
25622
4600
10955
49751
38062
60643
27805
15716
412
2799
41786
45260
22600
5117
62812
40735
39134
60661
44748
29399
62176
57875
25425
15733
42227
29176
43745
8792
8295
43499
13989
14415
5508
53790
8127
44401
50792
64742
40111
39748
50492
7403
14692
16371
24028
19517
21960
51412
15429
5426
64218
62712
24451
32627
12889
24532
57847
17330
9128
42207
13030
53594
11602
63781
37508
56588
36761
18862
25732
10317
29659
62700
53902
62479
56204
44334
30896
3177
58903
42804
14122
45525
36929
845
16246
32612
62536
18082
49902
49141
64364
24227
40004
60388
60849
32855
44616
36414
45089
51201
3427
25959
15350
44212
51275
5212
6071
63581
9403
40847
41182
29853
41349
49609
18304
26585
17756
29331
7521
15069
13192
37693
51978
50723
56684
25452
51231
28996
9652
11999
57031
53173
28037
23586
44282
25968
32755
43967
32430
38581
62835
11995
47005
50713
14243
53712
22260
48783
46982
23955
11035
44965
16964
22609
16437
23608
3913
61137
36760
63192
37493
42650
40540
35030
54180
20854
18773
13652
31548
48911
22151
26052
16637
32581
32661
40494
63623
59708
12454
54658
6846
56919
47886
28633
42370
41207
36864
3102
32676
32797
2457
30772
51422
40580
47746
46245
3072
36442
40869
43321
36026
27420
56083
63868
31013
30759
52617
60685
7989
16534
40219
23928
668
49039
65275
35461
9503
51420
47115
40146
46790
62595
45557
54737
13770
19934
63638
38817
5495
40019
30974
31782
16238
21901
21110
52544
54928
45962
10332
58868
39812
64155
45699
60569
31533
28624
7139
14808
56983
47431
58844
34890
29296
28058
52141
34726
12740
58498
55211
38204
62442
45468
32629
44007
63983
57263
45370
28542
46687
33100
35195
18745
49317
37148
45581
4318
31077
46085
63614
59918
28949
24959
15318
46780
26637
16735
63290
42833
36313
24902
63857
49015
58899
50232
57687
57275
20801
23137
39172
20056
12824
39944
24473
4052
10549
41911
17353
44895
15143
19354
3212
47144
54613
27218
38625
54026
29532
65396
58293
34906
32745
19345
24847
23860
43525
47564
25081
57173
7068
49072
41310
33723
44941
64825
14870
19050
33486
11614
12240
21843
42471
45676
17147
56110
4383
28748
7042
33941
62286
38666
26057
10515
53767
60998
21482
65056
34542
33332
47838
8295
44439
32550
19899
56583
55591
58317
19650
15123
24177
22346
37065
1080
1993
28962
40433
56530
15449
28770
23860
28856
39273
31380
31778
31394
630
10916
27648
62832
54912
7767
47100
29242
5943
8079
54463
27567
42359
36943
10540
40012
1033
19512
18632
12945
46905
5607
39390
49454
65522
40523
42975
20042
57468
54595
60889
14072
31670
13451
27852
41944
28082
10112
8317
38461
10313
51149
44177
38396
48758
59018
63745
703
43155
49337
13035
10961
27968
934
57956
20107
27090
26204
63463
9917
64553
64579
42958
39702
15907
35459
1433
26150
21591
56956
21859
48881
37701
31932
39226
53349
7254
37563
45537
31929
23778
6425
33972
35784
35939
38561
53503
46560
60956
44729
28635
8493
65156
47122
34080
17917
34782
17882
12596
50433
41278
14612
7123
23283
8472
21069
37716
10281
26437
3187
63431
59063
17778
52542
56037
37210
33574
9029
8111
54500
46437
16378
48531
20907
50413
46614
63923
54214
27575
28172
52960
33959
35923
22329
43298
3
15911
30844
26566
59521
27543
34561
15010
64161
16225
55535
11352
15286
10739
59041
43795
33625
58969
43708
25879
54243
39125
48418
18161
31536
22143
1056
17987
54637
42261
45810
13237
37461
46204
41156
52177
7592
22476
25437
12593
26279
57531
55535
46600
38896
36057
14428
57422
12528
45621
57737
18592
20510
53355
57051
30908
11272
41808
21985
12304
6426
21371
2
63163
64826
26526
53812
41248
19282
45221
28101
44487
30793
33987
29360
14984
21699
34388
26068
35974
46771
34577
37850
50289
54543
17490
13673
57863
14418
41711
7766
44019
29847
30258
52512
30121
4996
30931
18527
32307
40702
20941
61137
33492
16866
54544
63072
1615
60577
18685
53872
57560
20810
20156
65182
26485
13755
2892
12765
21116
59101
24521
62333
33042
47796
40829
18538
55571
50853
4677
30340
28486
9370
46319
50632
41292
47410
64177
51984
7017
37568
28755
23632
45902
61753
32983
63
56680
19411
36564
45118
64398
24446
10241
31644
2696
34053
27803
30903
10448
65168
28241
30724
36901
62193
1391
51985
17592
3557
24357
12113
7177
17307
43118
28695
42566
33244
59216
35340
36175
51687
59608
45617
6323
6220
57169
29810
15580
23692
46277
45714
16434
49223
18576
55560
32499
21392
62293
64173
31349
33335
905
43575
44628
19028
383
31157
20760
36164
12496
55861
27944
23449
55830
23195
23478
56054
46324
63150
35525
5713
43498
34723
33756
8466
6492
40363
64031
22696
17290
2510
56809
47980
21082
64148
22660
27752
10776
63788
30060
37623
1348
58468
14832
41949
53194
8363
59966
60576
41969
64681
9136
19818
11289
27660
60306
62609
33176
2865
34103
52144
8765
21627
14788
64721
18988
11221
38155
18990
43010
65122
56296
26836
50924
35456
28636
9359
64200
32508
64278
2762
49286
52611
61059
13996
54829
17034
62324
19149
31170
8560
31421
58758
51971
41390
13711
36538
7770
63219
43580
29748
26606
41933
57233
13366
48964
25254
60411
4411
60444
37021
61882
37287
5485
58065
16087
45855
50772
17910
7983
32114
54761
58402
18947
61207
44734
64960
51858
3468
30
29799
65369
38020
49879
46675
6941
20050
33459
17579
61897
14994
53158
46087
9132
36018
23710
36513
42415
5566
49914
44471
44538
33613
53308
12338
60633
32761
59718
49834
10132
46718
14725
24732
63310
40965
41872
26988
23078
54563
42322
7546
63716
63698
50339
2268
63566
6297
35679
50705
1565
43087
19675
38442
13307
4066
32951
44358
13944
20180
41392
44584
62841
51497
41268
22409
16616
28556
51343
46310
49143
732
65264
62306
7143
47540
3169
56957
50619
1187
32197
63923
33148
25839
53089
850
12952
20806
6333
61993
31916
23669
31331
20441
37849
35322
12237
5406
9636
46962
50775
6629
1721
54761
38852
43492
3910
32130
33396
60330
42438
60544
52416
11841
14099
48836
9617
64375
65246
17537
13121
9122
56830
27466
18859
57169
19869
25759
57709
49986
41586
55108
19410
13649
65343
56280
60451
58817
880
57088
19663
48358
61194
16860
6709
47720
25244
50705
8245
43212
64128
34701
22145
24381
11624
13308
47820
5344
47973
42294
28064
51949
36491
53107
51551
4223
35799
36164
35922
28586
38823
61587
33630
22619
45607
23245
23905
42518
6550
19920
49726
46007
20940
32288
4276
7402
20103
59882
17774
8247
31500
6381
12558
21690
61056
15832
62642
33849
14085
22338
36359
29795
14275
54844
24746
47836
2600
42053
60666
44744
30880
16963
41869
27396
14697
60521
8578
11718
29133
18440
64041
20729
24029
29527
15762
19161
64911
18737
52436
62164
3727
58068
17154
43294
54997
36576
58806
50460
6229
24541
47482
41941
63652
62993
22870
5120
60183
11706
17518
14074
29471
57764
26686
32091
22414
30793
63198
53746
55648
20425
21158
52497
14628
62112
15098
37392
46661
7490
60267
48455
22215
718
4284
23545
40967
63719
60977
9919
59060
57991
28292
59539
27196
14305
53480
38152
5191
36992
43819
7177
32960
60329
46233
39139
50419
31722
54368
53844
50956
44750
60331
27703
39356
63011
19968
24309
57356
12369
25052
9975
27530
36067
19707
30828
28093
46627
59756
55879
1363
37011
50869
48724
25775
1574
44739
37671
23767
63069
34061
44609
14256
53202
49281
53014
45250
60655
19813
58012
24682
34555
2164
54969
2037
48866
29243
45016
65501
4725
24701
33855
48763
15897
25079
35873
15366
51252
35960
39611
22901
5124
16575
5969
1039
16843
7876
26023
25367
15532
28128
2950
22528
33241
26450
65306
59611
4760
52438
32619
6632
35382
38285
54401
56271
41985
28605
30125
53180
45569
33850
62956
49701
21414
58882
8470
59730
56231
47014
49503
21152
11168
61999
55422
4379
12622
54360
30161
16837
22759
11385
31139
38876
34385
39623
33297
19649
10454
50642
45698
53499
59683
15827
5074
44449
5346
41088
46651
8042
33457
52637
7327
2585
8511
39825
51459
5164
57531
58366
17424
50547
7060
27603
10548
524
12325
31903
16839
1481
40696
28594
35273
31828
43728
60137
23007
35831
14104
27915
31191
46321
50576
25574
12036
19556
44352
52980
36249
36203
54634
33818
7885
63023
50886
40249
19040
10761
29618
8536
3596
37635
27991
16262
3330
63497
55558
11118
52832
10813
40236
21725
9135
45274
19999
52336
28753
32506
11771
11325
19825
45167
19296
36664
36361
59474
6265
59020
63497
35554
14691
38366
53275
39369
31682
22198
13117
18258
27788
5257
25958
32330
56743
12984
54617
26682
11517
8267
29444
48629
58131
28436
64485
35926
61195
64570
35952
64272
7843
13934
33906
41439
62897
23829
20691
13895
37098
35427
39975
52012
5001
48232
35317
65223
53041
57316
26973
42424
19542
54293
32519
14759
43223
42710
52404
37385
54940
56080
23072
64188
9904
8892
56764
372
24956
13790
8101
2372
55642
10660
43408
41963
29811
28778
64266
50022
1183
28397
65498
40459
18771
9216
2746
10210
6897
20864
950
63170
36239
29069
48206
29813
14727
62563
13465
60662
52233
60455
36707
9941
28786
54869
22120
36447
26902
52615
11416
13446
39167
32604
61592
52781
35290
5754
33739
44797
59528
64907
32222
9953
5666
43915
30342
57738
41716
52592
38405
2774
63497
6671
61663
48038
31132
5136
51396
17415
18633
43329
62467
19454
30919
14658
51063
1280
33311
49664
2026
25826
32024
30498
17519
64720
15594
40130
47960
54338
43206
21598
26174
48654
28686
50322
63142
54578
63843
51514
5718
4659
49882
53765
23061
35465
53372
22786
62151
42217
35347
40916
60450
41686
61835
21685
33320
32457
55
21863
3006
1936
886
46742
54913
33648
41869
64187
47417
56554
43288
8510
4910
56054
12255
34954
12452
6761
21057
25292
49474
64800
63064
60419
5185
6789
33293
32719
60388
53575
41974
51716
40501
41129
18031
47318
13366
3058
13252
4984
8887
25349
3183
65497
25958
48830
50149
39828
64662
17110
1082
12183
10025
46086
36740
48703
15143
26605
45642
56135
17765
30764
57759
22467
56902
12096
45613
56284
29360
44019
15943
30953
21619
8570
12610
20539
27166
25148
40897
43496
5946
17524
50367
20867
2482
56463
46971
3067
12016
53736
61662
48643
51356
33390
64357
39840
65177
1359
64218
19919
18997
64989
59261
19507
57112
45328
42946
42204
30712
38511
3493
3707
55384
7275
20460
13572
62051
45424
27364
44374
13968
34589
18359
12074
22861
41953
28200
60732
40638
31074
2181
48319
56261
8806
40347
3838
10956
61137
41417
41836
43999
46988
13585
60614
20423
47918
11274
40799
15194
19907
37866
50497
13090
28536
47825
40343
51628
31578
5232
5889
37181
46689
7900
37184
7189
57440
12695
47216
26069
65167
5154
32375
10813
4605
27797
20627
22419
17957
40585
5047
36719
35356
54419
26067
29501
28266
53950
21142
815
29618
56967
5734
48782
23717
58623
42646
54360
63005
2923
31245
2581
1615
14276
4310
49121
6076
2980
44610
26873
27431
39112
47903
38685
38077
54594
33105
63991
10493
47425
58812
13528
805
40432
45533
57293
4394
1890
61788
29036
27447
32057
35635
31746
60462
57319
36233
37647
21338
48155
28500
18589
30897
48101
8000
36142
56828
28621
7384
3691
58286
47489
29043
45288
27039
36537
21398
16852
12528
37999
24423
44885
8928
25035
26551
29155
15126
60432
9926
48273
32621
20957
944
23858
36819
22552
47052
35279
21495
9683
4234
31411
63516
1372
2881
43228
18272
32722
26370
54023
38568
8721
63668
50589
26960
42938
17165
37516
27019
1521
21072
5967
19783
19296
16068
27524
22225
9626
36733
47418
62249
11094
11257
49927
50144
27146
48923
33313
39122
35904
49467
14268
48210
16050
34770
14770
12791
32705
27489
3223
22200
33433
49666
3932
13278
42287
31018
24564
43568
26933
47202
14356
43550
34904
6249
36072
29249
34579
42364
28282
29756
58872
13180
34384
58920
35321
9758
25844
10133
45463
38565
58049
9146
63812
49484
4736
40057
11492
19275
35204
11288
2417
48298
61999
50878
56655
49772
17547
44858
55763
23320
13573
60009
21260
32445
58668
12502
49124
65119
9635
60583
57104
19688
56053
10783
10690
62445
57034
61577
57813
62559
37810
57276
29161
49321
47623
23827
49244
52582
49088
22830
51617
17668
25038
5188
29728
2522
13325
53280
27391
61275
20858
58390
14348
21928
26803
41313
44503
16720
51823
63302
36624
38943
9882
27057
8554
63711
59401
29426
7410
46384
63272
33743
60619
54775
36608
38068
22141
58046
37809
51792
6705
53528
316
49285
9582
44953
52970
39665
44750
21992
228
18568
30997
20713
20994
56512
64460
22378
52459
64897
56647
47129
39311
35186
60646
18481
38744
27656
19914
58201
50813
56698
11395
20788
45278
61148
12874
39281
57564
357
39280
15359
64355
33495
20193
64678
34351
53595
26615
33333
43745
13476
40442
32552
41120
30765
48142
56341
20772
56433
35417
64237
11504
23314
31690
37299
14892
39062
54403
51371
33424
7128
29253
3547
4808
49008
63735
46459
38385
23615
36898
44728
4760
19608
4308
42410
20338
59290
65501
39883
10918
35341
59447
20260
29273
64898
60725
17707
4660
6642
48513
18194
25569
16784
18202
899
3751
53210
11400
24296
10439
46220
10508
35918
38794
41854
31710
45035
57034
58556
14419
17877
36072
34831
56878
9959
32045
34475
61435
9669
10858
61536
50797
31558
18666
60501
39875
6873
24338
65447
57254
22708
33556
53012
30597
16126
59297
56155
27372
23327
33247
34835
57037
24558
31480
7978
44226
51158
43068
50292
35980
15918
35773
56156
63290
1591
42277
63077
51033
14499
26116
25393
55052
18552
22764
38695
25071
54035
17916
38021
42246
17302
38507
32692
38647
32791
57784
46505
7360
46558
53577
62772
44435
46242
57458
13537
49918
39788
56781
26459
42391
41702
31255
45811
30820
56182
19898
56885
55784
46742
11346
11793
11804
41543
46248
59090
10715
23226
23843
37317
39085
21225
24815
22532
33221
39498
64391
45009
24374
54346
63752
30133
49192
43313
27626
5419
57206
65515
51776
59373
61928
57763
48887
2043
56922
46375
1108
24483
33727
4243
58627
4812
39183
54810
48851
8311
47679
2077
38879
7905
53003
7631
48717
10634
23402
18082
49192
37478
38412
13057
39743
60087
50769
47052
49053
34575
1639
45003
25841
48273
47515
54759
2082
46641
10064
51142
7560
65464
23858
39983
44057
55101
36256
47487
34109
33062
18604
47441
24642
17246
51149
60566
3681
14457
4843
14095
17067
55176
62879
44826
59206
32920
58378
55826
47284
58572
47781
8037
28693
49823
65531
39092
20671
53386
33325
56043
11320
37570
53041
24426
22162
62243
51639
36899
28398
4036
26541
17859
29601
23609
38794
61864
37622
50154
37205
55738
46817
42880
16624
44857
12762
43979
43219
50206
28737
36248
42754
11075
50990
3936
53970
29118
59292
2037
30536
19160
44215
2370
10223
62419
33564
28287
656
60889
58260
63184
18186
31499
31575
18199
21955
61677
59445
50036
58015
26288
35677
56290
25831
63035
61084
42144
32901
37351
61664
43568
63280
50936
5423
9921
26685
33846
59662
165
28416
44603
28106
6189
56570
9994
29586
17625
17030
49475
23109
43827
44592
55306
48526
57985
38743
17015
37005
40594
47168
33821
18780
1468
39645
46988
47085
30267
59503
62997
55760
4995
44536
5458
55903
37221
12691
51875
38078
40141
10041
34765
13066
48340
63209
12219
27503
15181
24083
16338
41328
33572
11405
41485
27738
65
6518
4034
11490
55340
44224
1729
9590
64356
9601
55471
41406
11417
13854
20729
4333
47994
23562
31042
4120
21064
26915
19905
54015
9718
47982
54776
6929
44373
57460
7320
13467
10357
48019
32727
28327
7198
30233
5383
8722
64298
60942
16135
41377
4997
21083
34891
39888
5844
7503
9141
531
48240
56700
58279
3804
49842
46651
22972
41010
6663
15624
42107
13384
6701
43796
50218
1482
52542
47161
5806
36702
10772
61763
21645
25348
63355
62445
6517
14786
3659
51547
62965
32291
55207
64386
7960
9982
25408
34987
31005
58726
20537
34317
43642
9076
23318
28442
27864
59891
62623
20397
35739
21584
20177
5615
46196
59606
55010
6166
52334
45533
23749
42206
3640
46881
25474
10290
16572
14479
59516
23436
32889
28862
36884
62627
12957
53947
27699
41170
65127
58785
19022
22286
49981
19988
56889
55231
45959
16376
31541
2610
11051
45082
11620
22425
1917
113
31131
59190
54264
50650
43019
30079
42283
19899
15693
60856
57227
13955
20213
44122
3698
3975
20919
38855
65066
31846
30092
20839
43636
53357
37487
11928
54682
8189
7204
16869
53979
1443
43934
27573
25156
12344
18774
9193
19861
65136
17169
35304
58816
29552
39481
64405
19334
31167
59598
46954
47440
15698
49508
54812
9027
35043
9574
36563
214
46901
49237
3349
6814
26669
4804
53389
5493
11661
51613
20792
63873
38775
3027
59298
15770
25346
56195
33144
3369
19952
30926
15339
43114
9707
59725
18339
36885
19762
32723
22544
30555
43392
37960
41742
13541
7264
11058
60400
4280
25133
36500
20744
33027
45325
37094
27060
28051
1887
37396
7555
33602
42999
49907
28617
14295
13807
24665
58760
31495
55592
59504
43945
12378
22544
54384
45522
2353
63513
12270
5919
31602
37639
49696
51016
14010
65461
7671
33200
8948
8540
119
33964
35642
11256
23230
50762
39654
15554
44009
52851
56851
2556
64849
55438
47495
54326
43507
32431
8532
63368
21075
2687
35447
49429
35662
58766
8674
34430
19939
13981
65062
47635
50833
11039
149
37991
1617
45162
22070
20609
2957
1109
33028
62790
37437
30932
18213
42348
34508
3817
47850
54559
3117
18890
47716
38525
12269
24796
41886
35204
24680
2731
26014
17649
51527
65442
63723
25845
58936
48085
23724
32754
47429
2243
39746
838
41496
23159
59080
2471
12843
36805
47484
37350
48365
23338
54764
55735
38887
28635
36677
3074
48499
55473
27727
49311
26603
28570
56590
62548
16738
8606
36269
9763
10423
43842
9029
24295
35654
57094
60646
55986
42965
11640
3618
50525
35015
14008
46626
21301
44423
53779
31962
32354
37955
33376
336
42551
31618
25751
43379
61811
63703
12565
35092
19312
55868
43702
17561
56279
25524
43145
63817
28993
42046
32326
12722
59311
30878
6860
65471
25
55075
50382
21772
14832
5371
23115
16633
61118
7443
51113
60099
56036
20838
6531
4584
38621
13723
11719
39054
13802
43478
44101
44228
38735
16325
58537
31802
37554
53508
29365
61702
33628
58552
41937
28434
24393
45420
23211
20511
29089
35225
61099
28374
27777
45565
59032
13506
34235
37765
64364
41778
24531
30348
32755
59191
10287
33244
21967
321
62185
33862
8838
55666
58231
30118
26210
3073
9373
50151
23507
28964
51519
39487
54268
27546
25543
65442
46460
22828
24235
34381
16512
10210
38456
28956
56539
56888
11444
536
4871
58646
27538
55964
17566
10746
42595
56888
57553
35086
61111
17951
44193
28325
41725
39231
44429
7660
37915
25311
35642
51757
27001
63284
25331
38489
3509
25297
10930
30131
21701
33099
4243
59914
51852
47478
9384
9710
41481
4682
4655
10809
18760
24884
26787
35799
46768
38170
18534
1968
19498
34333
64000
61083
5857
19273
23557
45760
56654
17826
30185
2966
15137
46620
48372
2906
10150
50516
59696
43167
16864
8577
16679
46867
10014
45962
33050
52740
3253
47016
50497
53087
13081
26595
3736
12944
20395
28707
15496
14600
42907
37805
8848
24559
59567
27171
16485
50912
9477
58173
13665
10947
18481
6956
2869
2238
59502
20427
23706
62272
36637
7829
42341
62856
22789
35628
19284
32197
46684
63238
46210
39746
61493
43191
55443
11763
17967
22321
40779
44096
34874
26151
7119
59535
63244
54408
60979
34002
35085
17656
55214
13547
59446
36675
64426
61889
56863
49090
58820
57389
17838
64421
13782
8032
4238
22767
26823
37931
57200
23365
55261
58897
33389
59483
62476
14320
40124
29041
4985
65415
24574
63719
31165
55992
12627
33036
49406
17013
6080
23701
14195
37405
44753
47819
45260
15747
23821
344
65283
13013
44362
14841
16337
45279
46218
55587
9509
13579
23498
13809
36678
57406
57453
26247
25105
35108
47649
24028
43312
51191
62953
21428
35638
27231
7636
22033
634
54067
57507
44630
49727
35337
59328
18502
19549
49820
5082
59674
27487
23326
2664
30611
44422
15893
22675
7988
16188
12605
32443
42610
43877
63589
55535
54785
58212
31439
29692
5122
10282
458
63110
16002
13306
47004
25636
48785
16450
17367
25254
43155
6204
51173
57037
21494
51061
18808
61624
56797
23332
18
31168
3666
25499
8303
0
55787
3660
46876
47583
62490
39925
38934
55913
58272
20187
61536
40056
34931
58900
11565
2021
10884
25435
26295
25376
51102
28334
10809
9977
33487
52789
47957
16536
50729
57169
55530
16473
35523
42911
45744
17517
4586
56092
19494
20709
53753
12055
14823
50712
60654
30177
40902
49398
54047
58957
60859
54733
22576
2927
8076
3168
38931
17332
37995
38551
55786
31136
23270
48094
14433
47203
35683
14834
37924
59713
8863
27142
22608
63667
6377
49241
44256
20987
619
27425
45726
4040
56984
48880
44441
48926
14564
61965
57506
7523
10171
26819
20518
54600
9994
22144
22329
55725
36403
6225
4207
50927
14857
39408
30237
59516
11883
42949
18146
34459
12068
50228
2000
34214
3870
54131
61256
51551
29418
56858
11844
10157
6419
14643
18712
58265
29689
57151
11437
5157
23320
5420
53200
54287
57000
50607
19396
13182
44093
6732
56204
56731
27164
46906
57996
44598
41498
6461
30632
45137
62753
8450
7698
17624
11315
27322
53591
38611
10828
18084
33439
24115
49984
29498
35939
27398
57093
16932
24960
3831
11678
8569
3930
4139
12390
59563
1233
23645
25411
41605
42007
47898
19547
56848
24112
2715
18580
28797
55409
54964
53296
30442
45441
42219
22405
41187
22775
54466
60496
60594
42671
39225
26750
8742
45159
60293
16569
26057
12677
27665
16580
46194
34484
30318
58536
38867
4093
10329
49119
52756
43167
37079
16907
37962
36021
2693
7114
23709
24667
37507
15050
32832
2644
13781
22196
37345
5250
50691
32847
64190
42301
36303
38637
13874
38888
62434
46313
50346
15889
47389
27601
47690
59825
14804
37560
27427
21315
17186
40038
10984
32509
49173
22113
1996
40633
59600
26307
15337
41772
25245
59342
42998
31052
10151
54673
61493
39939
55835
44123
32227
36341
58206
55095
23592
52306
38038
39760
11226
10733
42249
38940
4810
23244
35905
40272
24276
31547
21495
42341
15466
11096
35088
61600
61855
36818
55876
40157
41714
44383
20759
14045
15396
24236
59334
53820
62956
13523
53574
34086
9330
54315
37371
33496
5501
48491
41680
3577
51084
19733
44618
15540
29719
21074
15428
3900
49799
60223
54599
7082
65374
11488
57943
25220
48493
29431
6171
17055
65515
14802
54547
53147
6846
14100
54440
60615
8864
49243
4954
45436
22303
33981
17265
1230
64606
53069
29594
47840
26578
3077
10373
19204
42372
26353
15311
41778
46312
28100
21906
30431
43699
33437
36795
37568
40565
50033
2838
36843
6364
43299
61923
46487
44393
17283
59006
27944
16667
60465
15508
35000
37829
1574
28669
34118
18486
6982
39639
6426
63423
7068
62370
55421
58105
4792
31563
60169
20411
23530
7561
45627
415
1865
43113
13458
23004
64425
2144
46318
55874
34007
60299
37285
53811
63304
40087
41194
57455
21809
44386
31434
59082
53755
21700
42139
3549
11433
61255
27603
32621
45354
52996
51321
19156
62331
23732
13028
19858
46224
35606
44665
4125
8424
49441
25054
4604
57134
44173
36175
59446
1999
53775
15471
45487
15641
28161
1727
32387
25301
20253
23654
57048
48698
22392
64979
47598
6768
23403
10818
9860
63179
62508
62190
18023
988
15053
28159
2530
32486
40201
40594
39418
27314
33297
40698
2170
53464
62791
43352
12133
61331
36607
58581
27691
50832
12295
18212
58051
39755
26107
39143
30167
30040
51834
54567
56452
17794
32548
6779
48534
1445
48831
52688
30987
32765
16154
19188
7938
12721
15141
42042
46184
48991
63557
36776
6790
15467
58626
39943
3216
27846
55201
61155
24645
15181
39157
37161
3721
26544
44680
40300
31180
41153
64900
41096
2327
6524
21069
43730
12046
27240
16978
6415
27014
62709
16262
33083
5577
32354
28969
60288
64003
58983
14121
45195
63954
40101
47902
45604
17005
14387
11485
33298
3484
45847
49513
1547
54373
12113
32648
53400
43061
9210
54708
10608
49872
35791
17339
60266
56902
2557
7121
2125
49483
19962
32982
47645
50636
26745
10423
4273
5014
46378
450
4127
7951
17850
15066
6050
20306
23592
29469
32982
7370
62795
40718
2764
33493
32942
40622
17907
51160
22393
48606
36770
10617
27385
35
7343
15
6297
33884
46603
14646
43739
40518
5923
37999
51221
14423
56329
40529
40349
59015
15447
46546
62190
8397
44457
15809
56876
47255
49184
46467
49028
29055
52206
42678
9171
58820
54283
28361
18452
36088
6638
19390
37291
4329
59840
12719
1194
37974
12112
11238
63682
32840
31909
10043
7694
52324
11174
19366
55442
2984
32789
1354
2891
58665
9065
34676
45524
26553
49643
52744
12091
41830
32210
38496
25772
9591
56116
58791
39400
33859
76
15752
14682
30024
16582
47613
40678
40382
14516
13696
1412
16130
8587
49
7354
1489
2554
19371
4236
62053
38850
6823
52616
25
21446
26789
1030
27045
38419
31757
2462
56877
34844
65218
27713
62446
52329
22690
36817
58158
32400
50571
21451
64611
64238
15582
4509
8867
4227
9194
28550
49860
41558
18593
48454
36143
3798
28119
56352
14497
16473
58502
16160
22494
4056
16591
31318
8508
37924
43033
36407
61258
12869
51804
30113
34215
41169
55978
45979
28186
40997
47406
25048
10408
36060
62132
30426
28061
49471
54897
60574
581
2661
45318
36387
26910
23298
291
32243
13226
15355
11636
59164
40914
27894
59979
54579
1413
3579
49930
53491
32623
16446
61380
44468
13912
9878
63816
5716
26541
44422
43745
37039
3827
11532
4472
4776
35303
8194
26880
3831
36894
38447
54637
53127
3364
44563
58088
12436
958
63112
45828
13461
4992
52913
15549
47168
4971
41420
64933
11469
29221
41618
54417
7695
64628
8487
28258
43885
6773
36635
30879
17897
49016
54536
4702
53825
47077
51332
39031
65262
9174
8893
53622
8181
28659
25858
25776
361
28853
57
53386
47584
62832
42925
65158
6995
49097
11025
20245
54465
64664
42944
18952
48359
34889
25635
18798
64995
16544
5996
47562
59226
23450
17387
32361
25160
2414
39935
4810
432
31362
63690
46888
36866
31406
5704
62015
57069
64099
53149
61751
38116
42487
52552
39846
34072
63111
19436
41226
15511
36485
4990
2714
44983
18841
55292
55118
55914
50026
18566
22402
22638
18747
39553
43830
21137
14937
31982
36993
13980
60368
50233
58760
1848
55738
52024
19683
30040
43816
26296
57483
31912
35798
35481
55104
38042
33862
60351
3006
26516
20247
40768
13033
10926
48839
1178
57611
46582
61292
23426
11248
20143
42538
59003
17139
52770
65238
4147
58386
63784
10347
51535
49820
57247
18918
31266
33302
55088
43457
9944
1457
4136
8481
15437
40781
48283
61470
49317
33294
16765
30471
30541
53230
47283
52198
30593
28699
8215
15322
22147
16113
18940
60860
44248
63482
50605
4558
9230
60859
25617
2500
61933
58611
58615
40402
20626
7501
20966
15395
8647
34833
33364
3139
39254
60985
43653
7642
16966
64079
35911
9302
65371
19151
15455
30313
59453
35234
53266
39817
26123
49592
13960
16718
58418
53906
44351
54307
31515
21781
60608
52034
26767
49017
8806
29923
30763
40843
25410
35132
52175
19872
17829
38998
54774
62704
2107
30270
40354
32485
26800
57752
22802
12474
34490
36907
35340
45469
8408
32163
36349
13797
527
18296
26859
17144
48759
5149
18891
35488
45031
28599
45688
60173
44070
22178
19115
57432
20331
47490
25024
56378
32077
6139
17735
24010
51918
63848
55890
15606
6412
52351
39496
22281
18700
37796
23712
21112
58819
13940
26355
15691
25835
58664
16143
56956
13840
20988
65461
31241
9390
37916
34309
49332
15902
54123
43213
49750
16174
51657
5791
216
12511
4026
32592
23541
19681
41960
37092
47752
47090
31488
8946
33576
4987
58504
61044
9488
34345
12736
48711
35069
3109
62376
31229
2111
45037
49049
26452
53338
17224
27882
33130
48310
24855
59264
24055
8064
33138
3312
14228
46994
37780
5202
37002
38193
12462
11577
15751
35504
2563
10289
21257
49712
8118
32928
12782
16863
61509
34540
22049
60121
43507
8091
35285
50366
20781
40615
47778
15557
18425
50538
37436
28908
4212
39156
64012
48884
51145
25776
65094
29907
4880
10029
43
6405
37203
56942
28242
61242
61077
24561
22726
60148
46903
27434
48520
54803
21737
54754
8762
24809
38692
7704
2061
57769
58224
26016
20544
31648
45435
41656
3346
31843
27100
64421
56104
43589
18959
57216
6290
1399
1760
52735
15292
20775
41263
14081
26750
6201
63416
22873
17549
33607
11655
22477
20865
28035
45676
28901
34600
32581
53466
36549
5421
12497
49155
29287
13589
60278
34738
10697
965
21893
36820
13610
49458
28222
30214
48974
25735
61837
42964
31072
30832
30936
54086
39009
56149
7889
20459
2608
40447
54462
41007
15682
6741
55748
44928
61618
53985
10530
52291
63950
46488
50033
7216
55445
59901
160
949
7207
46089
45189
206
6984
30965
21303
24961
6855
21637
44303
50498
56183
44771
1624
64762
54325
43773
26393
63248
2410
23109
48731
25616
5837
42404
58199
61244
37195
27281
61721
21851
57908
339
6485
6616
6346
4666
33606
40848
55729
64837
2847
5752
36920
23261
490
37217
30009
12874
18274
2584
65273
32768
8100
24577
49138
54500
32114
27444
35280
42600
37422
35461
6564
23397
37385
1891
41896
33378
56872
10275
57707
28492
41489
64426
35923
18188
61615
647
33392
4147
63926
39756
17674
33392
55644
34845
47181
29112
38527
4198
49909
9760
53609
57867
39603
31147
29409
43867
63531
61656
14216
38733
52461
39083
22573
14115
4165
20803
55827
7592
52890
4128
47656
27833
19436
45235
17690
62377
49117
58100
64628
20809
6984
6387
30088
36607
10443
26832
33957
12807
18207
7422
53849
5631
50654
23773
12169
57131
5427
13205
39994
30412
14694
2924
17927
42405
1365
37439
33130
12442
22530
6430
43334
25377
6061
23859
13470
10900
35079
30822
31009
21312
10781
63847
6612
53332
19463
47552
50274
26855
40383
39560
38931
20666
24295
36191
28628
61454
16545
8054
35919
764
56774
5775
325
46306
18406
17554
10362
53870
6865
56811
12707
50074
39530
65511
42139
19022
22315
56486
25689
3513
11548
5276
37183
51736
15074
4870
45899
59499
50505
5263
43435
12614
29197
5684
47791
56995
12175
23902
7720
26357
40748
59929
60879
34981
35348
61716
47517
25711
56550
48651
32560
46808
31081
44600
52010
3483
24109
43008
32664
24842
26870
8399
44532
39443
54182
45256
41899
47784
26993
1127
48858
46760
51165
43340
50151
33966
20699
45438
56012
28259
61563
55648
9628
18702
34473
1729
2256
54409
43769
52261
21432
23489
3861
21172
32047
34446
7254
4135
14623
61234
20150
57896
30909
47056
52353
8258
46714
3614
40436
10183
4986
58368
58858
15799
49434
61635
25137
2935
60075
12518
38994
26096
12144
14697
10842
61778
53095
59031
57227
31800
49432
32942
9231
20643
23610
65323
4927
48502
3804
63995
44338
32489
62226
24611
4833
16731
6938
30258
50227
8187
11432
37360
58521
7554
43567
3929
59423
62306
11065
60937
26293
28742
45568
24149
32558
18748
12549
60817
29486
26250
58304
46259
17684
19417
43837
33841
45191
864
25451
22604
23808
65432
55430
1256
55523
37710
30478
14692
39471
57964
46855
38228
26441
64960
25680
55572
26515
5599
36410
59374
48325
35552
35395
9353
47884
25871
56160
30423
9290
40348
53394
53725
61307
12292
6161
42530
41163
11198
22297
49510
15161
11865
22476
30183
27969
2031
49238
12392
61017
23320
43534
63271
30817
13439
24507
7417
52028
609
39880
2634
54660
53529
42872
41498
29058
20158
5715
6876
38240
51902
19122
8712
10552
23641
17207
41097
59255
57819
5827
13573
32915
49037
57879
22027
26315
53753
50628
12940
55338
26616
20714
48968
42327
60211
3070
11569
50449
28145
8391
56860
13446
37062
45686
59191
14707
35021
50925
40498
42593
9364
18726
62607
40324
6100
6233
62019
9542
60508
65461
47715
47737
4426
30353
10048
6234
23528
1982
22549
53785
18919
49942
44441
22417
26091
57764
61441
51565
28037
54268
51715
10009
47008
45519
44572
54603
59666
61960
60432
37295
5920
60236
13784
46031
32224
11968
14421
57690
33031
3034
8470
37704
62354
48366
47769
37559
20415
3675
41343
47580
18253
51883
34313
23009
10302
8181
34632
44871
8128
33003
43739
11865
43089
21542
60044
57475
22991
21424
55036
42205
40733
13434
14631
13001
59630
18795
38787
39163
58325
24059
1671
51156
5503
5414
64173
11215
48206
42994
41657
45400
38489
50044
53462
2945
33326
25469
919
55512
39627
23254
60782
7189
62346
20688
55882
40641
14448
46448
4735
54871
22421
17619
48054
51797
28605
13636
9862
44590
64151
41665
27007
42852
55549
62628
45844
23994
59984
30541
60007
36836
59918
47118
3082
22633
42449
58516
16772
62064
59286
838
15920
63994
15047
4163
1349
53691
10163
15026
19317
27945
5346
41983
45026
7670
29189
58372
50192
28417
28202
42167
38690
53405
35742
3993
14628
58902
8948
56177
4866
55288
21828
12669
7620
4483
63497
25580
45491
40108
42873
16693
11752
40728
47136
62286
57716
63943
3165
12888
34277
56689
47681
30326
9297
19406
26903
44817
31453
26308
14
33766
55806
10108
54530
19575
24606
10380
39153
60643
21910
45478
56176
7516
64218
21344
4422
8316
62847
41333
43925
60477
58758
34792
61778
54572
35349
2515
10738
24514
47980
27700
21424
12332
47008
10989
34744
50350
14442
25192
52196
2267
41450
28325
19436
12968
21538
57099
8091
8403
48482
19898
17974
34186
30891
42710
21252
7563
48630
55340
40092
23265
62537
50974
41812
60141
15119
38135
35055
63760
15858
38835
21340
50801
57256
46074
7855
7918
50608
43473
57623
28041
47197
57793
16171
24428
19938
32258
19446
2739
22965
21527
29451
19146
12497
9155
64009
17772
21674
51690
54854
17622
6437
62748
9836
56258
41193
49133
62904
30517
43134
39889
55320
18617
29561
20769
37057
27852
63479
31915
58992
30979
30355
14547
23806
47670
43290
46301
44922
49103
55238
45719
38825
50690
17884
58178
17842
5749
9902
29379
9859
36931
2562
6930
62045
18080
36494
21487
54715
48158
13987
24353
50967
264
26606
40255
24213
1195
50255
6937
10510
55033
24112
20106
63763
29807
31521
48484
60159
44677
33639
65427
24422
13696
3261
59433
64504
40617
63915
29909
6584
17451
10501
52815
42644
4124
35356
42656
36205
31323
28609
756
31550
55822
62702
46595
45774
26716
60856
35531
5138
41165
13151
22190
53265
63990
39890
51078
15479
4823
53102
13447
22725
43149
9518
48279
58637
25047
19491
22690
34302
40208
31515
41869
61335
49357
60417
51761
37419
12544
17250
52393
29867
20810
51832
49403
5836
714
28443
57321
5033
4920
42583
7694
31471
658
36057
43620
25168
29420
30048
41641
27898
36694
56442
44560
10164
55368
54461
27178
61206
16637
58985
61333
19270
26560
41710
60003
29394
20568
20704
25606
29669
28870
55681
9603
13037
55593
44124
41824
19180
44314
53141
34381
24598
53899
61528
16075
20702
61660
52785
2998
47830
24568
10785
3035
33703
54089
40597
5530
1455
32969
60012
42202
11548
23811
46499
14054
24440
44225
5453
10113
23493
50030
6870
58795
7519
61419
22442
54190
31233
56121
49813
43272
26894
47086
45954
53509
29502
39630
4291
58484
7221
37002
19922
51904
21792
3802
47295
47010
44893
56905
33019
2569
5654
24244
7177
26534
43562
42835
44379
33641
8182
20519
18898
13198
53533
48827
63138
42196
22538
58202
32364
20836
22232
28014
50088
30165
54962
49176
46921
63465
774
18595
48831
19069
44182
37
33361
11021
35508
46876
34566
30957
55647
58797
62398
26464
2283
6659
55907
56480
29605
52521
47000
57500
39325
34665
31117
45486
44840
63127
31916
49384
41699
27289
48670
27849
61683
54627
45428
18725
62172
40709
7232
16574
27348
63315
8562
48234
49413
40079
9806
33292
13042
52082
7930
29453
8043
2157
8355
42074
57465
55403
34863
22157
48522
32752
45754
8722
30127
29345
11835
19573
26693
37234
48407
39562
60605
39685
44111
7459
33854
26879
54481
30493
62830
27798
46559
7372
44369
19475
2559
60491
30782
55601
51420
26402
48969
26690
52099
1625
53907
22538
10191
44623
31018
26842
16477
56518
33328
58390
13300
646
57443
50613
58560
65429
18578
60740
10685
12904
9239
19843
21359
10630
52109
4286
34124
64801
16587
17485
29667
24340
44026
51050
10420
33572
59134
22986
57304
36591
16572
10683
15174
17882
43185
14661
24870
29093
20466
20775
23919
37802
32205
33911
23484
31293
8733
18928
11659
9983
55407
23588
45273
9813
28388
25823
32584
17067
20559
11454
25691
29000
47982
8717
10561
16000
53697
45245
22068
33848
12296
36342
63560
35754
9195
24664
11477
8954
8773
20557
61225
260
8151
50525
6042
59286
5919
52878
218
32098
30799
16898
13492
6345
45240
5885
47099
52997
28457
60033
47033
53040
44316
53734
16851
27394
51421
33390
61346
54131
12156
12684
32210
56237
63147
17726
64475
38640
49284
24097
58015
28139
30827
64157
37877
39927
28387
40960
6189
39629
33869
4639
54288
21848
15477
19020
46087
59925
33115
61029
55795
9339
5616
16893
58970
54034
31414
4167
5607
62113
29928
5507
11038
31473
44916
13904
37529
6040
37254
35159
4403
5609
30297
2209
31741
62667
58779
57402
46266
32515
31717
30620
45309
60193
61116
49797
49823
44833
12221
52927
19666
40106
40440
43986
37623
9667
36070
42194
64180
28328
33791
21142
8043
11409
27295
47192
54615
5176
1335
42686
44321
24864
48281
7560
21429
40147
54771
39220
38121
30983
573
44751
25169
52810
65192
4148
61260
44339
46789
57792
48076
12816
13800
24624
20487
46318
20076
20721
2983
2098
49804
41292
18997
57552
10210
34604
59889
48879
43587
5398
16958
11870
14962
43178
28575
44338
51946
7608
24535
54118
58182
2897
39300
64421
22342
9888
20682
42997
44239
32031
305
26386
2216
53171
32329
12838
3185
5970
62342
14320
62406
25849
56256
6762
42504
18637
45837
52556
39951
20599
38
14183
42917
45499
21391
12768
32231
46194
54930
31292
4494
13434
41325
15394
3123
26247
40707
7167
20062
10537
10928
25733
760
1133
32718
18490
25554
39693
4778
17820
40691
34592
56571
17605
3503
27371
16926
30080
33520
62701
47595
6574
20830
37810
21573
12395
24460
45357
63147
54422
60100
42957
56639
45387
49102
13728
45598
51379
8657
3554
22301
54780
41350
61803
16782
840
27895
4812
53180
55230
40924
62589
46797
40241
41602
5154
63359
43555
3239
55323
19922
38476
48690
50324
25500
33739
65365
10430
39419
20853
47277
48322
25916
32057
10341
21595
8306
46497
18083
36934
32699
42321
55828
30664
62070
45974
43114
60493
6832
6150
18237
10442
1902
11434
28969
25510
15531
27202
46
21715
39404
48146
29671
40459
35284
15047
41571
56208
46910
5275
59124
36189
46597
53572
61880
24959
45564
64016
49397
43890
41734
23968
4689
49532
25402
31702
214
31402
38104
6803
60963
40599
39487
42765
57303
58277
49831
57334
17997
30875
42681
54063
43381
11110
21941
36578
1146
54176
54822
52747
63881
141
59311
42817
18245
22323
62479
34692
13825
58203
57428
37303
52859
14674
58561
38226
35341
38752
37910
40226
24740
28552
6331
54410
3193
16085
63883
22010
37173
36976
1805
44668
27183
37680
32077
58636
51941
52226
64183
22397
46277
37716
11971
60239
43903
12854
44102
32424
34184
21224
22670
39045
36916
34221
3155
25914
18072
31996
64115
43396
29538
13461
61372
33315
27529
14438
9671
18907
11751
28834
49328
6611
4948
53809
8172
12841
41093
7869
47332
13870
3637
37246
17878
62230
33057
55087
56348
34380
55595
22396
63352
23362
33373
58718
41661
38785
46437
35471
52386
12253
23406
15311
6935
36016
41283
29597
748
46310
5427
20757
53667
24634
48918
57835
41987
44616
53600
27562
17764
26209
39670
24139
57479
61975
52178
30088
52619
15111
44114
51840
43876
18265
2848
57337
38100
58166
35957
15132
20259
33081
36000
13988
14372
12480
18632
48463
57864
9700
58784
22220
5887
61458
54415
33355
38435
47368
50930
62689
9396
52016
36062
53289
16453
19290
53203
17814
47994
3227
18815
62319
42169
46568
19391
14839
49114
27579
31740
17049
37753
33239
63032
48491
449
17283
58516
14873
7567
21343
17312
46680
16085
36123
60196
36771
48546
47599
10774
15067
46732
64950
59047
39314
63464
59841
2336
4367
34256
50036
3437
41
62519
27760
60375
33730
31068
64142
61517
6437
22250
49012
3067
31520
12686
64216
48951
34014
34614
54154
24430
46929
18826
21062
48848
56228
21566
62684
36683
56677
58321
26848
34205
54169
4505
10383
36946
46806
24087
58009
3830
10710
19928
35606
58642
2285
34518
48839
32386
59278
63266
10393
63033
30621
43528
14605
50955
23896
2351
11028
6380
28382
60258
42483
23437
39040
50531
10567
23850
29034
16830
42638
20350
20531
47099
14218
29974
31212
7311
7117
51344
27422
6938
9043
395
32103
56980
7281
18947
26783
16031
27124
37129
51953
18709
59635
44713
42233
23427
58887
47579
23127
20100
21357
27627
29299
21523
23850
60136
59643
56241
23421
24817
44793
20049
39836
6626
54111
54179
45970
59484
13540
37615
29036
24495
22259
26629
9811
17329
57099
43461
33158
62770
36943
33766
12651
7444
13904
52997
42226
9728
14498
12016
31734
44369
10566
22558
22658
52474
21419
2502
44080
52006
29868
18559
33647
13791
48257
43742
33465
12530
12604
37470
56002
28222
40593
56878
8102
22497
3742
2920
47908
41761
62313
8419
57890
38841
32469
15180
9201
11962
58231
64174
41076
43179
53799
39063
1753
25375
3395
15819
25432
62315
30268
48921
16841
61988
6327
60623
40340
34659
28388
31869
47097
32529
2656
63585
55498
36251
51464
47899
309
64792
14336
58962
41893
40867
56990
28442
20329
29207
26093
41631
21101
7729
57044
7602
51881
11714
15054
46391
59274
15610
37620
12875
29713
14942
18088
61597
17575
29477
42033
34077
33767
15958
40857
3077
51311
57386
35942
49019
17416
2719
31078
53883
65220
36330
59892
29304
14543
8637
13413
35611
35856
43128
56942
14986
43320
1167
8048
54277
35100
40256
27314
43373
12920
11787
28055
14676
37246
51799
5773
64178
59821
4802
44889
40197
35371
18536
26694
60810
20258
55081
28313
55660
12973
1324
61648
15930
35327
25465
48348
62608
64453
20448
30224
32129
14394
44945
56521
43989
57566
58548
23613
59415
37243
22524
10727
60062
44104
9549
7297
33584
39933
54076
17410
47957
28714
61025
7155
17219
56927
20358
16375
42923
33324
49788
40424
49949
63058
60842
36768
6115
40621
62149
10761
43918
65297
19514
638
59869
8491
54431
59684
36964
28970
57729
36
60019
11910
31827
9937
48695
18010
35922
55785
38295
65001
5082
56724
7046
24831
31971
63216
12021
4673
38557
46956
36304
7233
11473
53965
23676
34946
6411
47557
1521
6269
47304
40082
6556
1123
42587
33506
33174
195
30685
32621
49949
22099
37439
2612
23607
50613
38513
54396
19824
11639
10311
15292
59629
46904
32508
37889
37521
53170
59956
13344
65456
12722
27264
53282
2066
56724
3171
34243
25218
40791
44388
28548
59942
38172
45420
36083
15288
5473
19965
36036
43029
11122
12490
53459
59473
29007
40476
35793
21646
35173
61054
53300
15389
21152
51041
52801
50973
42789
29254
20429
7385
30907
46329
38943
64842
53822
31655
19556
39105
55039
57519
8995
54042
41404
61498
40365
13520
7003
54481
42628
50416
63761
31966
22746
16578
13667
4636
12505
10938
12636
30031
15443
41009
2975
28846
42479
4533
10279
59042
45200
8851
25809
398
339
9909
48364
64061
36171
3322
62572
9833
47086
30927
49027
9673
946
29718
41480
18071
36180
34723
38323
6479
55309
7153
46533
29388
41486
54104
18635
4415
47093
22296
53292
13404
48557
7081
11930
63360
34834
25708
27158
24857
12287
3805
58412
5837
36594
26971
54321
45197
2114
56550
63847
62077
56143
8689
23730
65076
30517
2709
37139
4172
10582
26480
25861
24229
37841
40251
18957
38512
46503
30295
49620
44820
33927
56837
43407
63404
47107
51353
4865
21459
41906
29697
16825
18482
25391
22481
279
8352
41235
46009
48687
10044
15038
45620
18197
43834
53664
27968
20239
6399
47423
52933
64188
63416
54918
51505
17311
43045
6383
1956
11627
16287
6222
31768
34430
57497
49253
46442
25454
7921
47940
45421
40027
61468
12137
35640
30214
28003
22815
40756
16317
60234
860
48617
30316
32350
29524
27895
62907
62474
27258
47272
20594
41256
11447
59692
41523
53605
50608
15300
37816
37664
16753
34340
33984
2135
57667
58022
22638
21950
43013
41972
62072
36965
4626
61821
47199
2899
21213
797
32638
25413
38518
40534
54908
27430
60016
20446
1744
48870
8326
56961
38191
15299
19514
65462
34401
3652
7417
59390
22751
21626
62140
11434
55506
46385
52140
13893
60982
35105
48073
16475
60827
59632
10880
22909
52689
25949
47715
43603
38484
11333
59694
51069
55169
61166
10929
17442
49551
36806
60138
22412
11607
58548
27785
53326
55839
60603
5524
33485
19173
49888
48002
20257
26215
12134
3846
38318
6957
38294
52990
58790
49237
16995
41001
34914
21717
42752
38502
11138
52258
53170
63696
32878
41588
27351
28634
30586
5933
42077
44168
40928
23116
57887
35771
63692
53196
41933
10209
33922
30787
45432
56513
46749
34349
11284
45674
46801
51665
5700
57508
34976
37567
47824
60749
52515
49105
1788
2868
55041
64564
56407
28944
41898
49774
61483
44000
20463
40962
54999
14812
59815
58986
64462
63299
19783
17444
22314
23275
38409
13338
14805
20398
15992
35935
59730
50394
35085
63864
20140
50201
15781
12186
40423
10379
27143
64469
38027
49546
19295
27372
24936
53410
18645
49435
64350
37637
34973
47609
7076
10143
57267
62802
1193
47610
56986
13893
56406
26020
54640
56803
41716
58814
41217
28795
25263
23613
18146
51468
41275
51894
6982
28579
17192
5687
32953
31532
16684
27170
52749
27391
13838
27148
34462
54201
33129
54426
18059
2038
11948
38255
14481
3016
51241
22307
30675
1175
47266
33105
45144
64246
1397
38667
44341
20226
17301
32200
40145
36020
65072
64914
26712
28068
36062
49113
16740
17807
30314
47716
22898
38102
18132
47123
1202
23461
29290
22014
52939
32198
19121
9134
15567
841
41577
26558
14329
2253
46740
57711
15654
34752
20806
39888
52944
3500
5116
44734
23771
30401
39862
5370
63309
12379
46478
5174
19626
6284
4687
41438
18119
60630
24147
20719
48160
7688
49548
23356
55647
61066
33313
5695
40368
13295
58300
38407
59742
694
27207
55661
40640
9878
6922
40441
13168
5919
62711
64067
59038
11391
28779
43401
48577
62432
4769
63238
16102
34537
37945
18044
39379
36096
6400
30304
43795
50777
40449
64921
46520
21785
18008
10084
18919
53800
50491
27085
43030
418
2038
59370
49116
42572
40619
60297
40798
42015
61602
50713
19473
55264
1185
64619
29460
58830
48187
34080
28666
23540
50931
63565
44394
31611
11619
368
57771
5294
34632
43063
63884
8774
56926
31268
19029
16849
21594
26692
43217
20751
10920
21777
59058
64215
19262
5094
41764
54180
20089
49405
54201
11551
6095
29769
2265
22487
4616
37365
24790
53860
42922
47
16921
15871
54390
60379
25878
40393
20433
52090
4410
35605
22534
2133
57055
9846
45156
59795
8639
37533
64091
47407
53934
44354
46666
62409
11433
33654
601
35210
58373
50066
14977
51251
34823
166
17997
57537
55850
18975
22647
32365
18448
52151
61590
65444
19195
33639
9273
40579
12619
65267
54204
51378
22350
61808
55517
42726
32520
17879
13355
6741
58161
49204
28089
9175
38818
28503
852
50392
9109
25104
22363
51393
59185
38800
54591
54888
61376
50195
12046
1842
18788
13686
31034
41122
26072
56785
48514
51263
54620
21056
50782
14492
30618
56017
11196
44651
2740
6273
33392
19740
46138
40400
24952
21235
29300
47602
16943
60574
26804
30623
48936
25800
48115
50551
18246
43807
48546
59973
14236
59205
34661
56337
41466
22564
17063
56043
31871
45405
56017
6134
21815
50850
18107
13934
19711
59621
13979
40879
63572
41884
37567
11238
29496
18462
6877
10429
32019
31687
42235
39969
43647
32779
33587
57297
11667
10106
59161
42305
20439
58982
46183
52477
388
35367
42596
37682
33696
3201
29367
9757
49565
59629
29014
14145
59398
63734
38224
18711
50525
38174
62339
33219
26596
45965
19023
52305
14730
480
10535
61972
25612
64794
13010
12761
39297
43685
10049
24181
30707
56917
3850
56681
54543
43368
47845
38786
54262
44670
53272
24893
49039
61789
46473
41545
58911
30459
32791
13580
11281
40774
7026
58624
24544
27492
44680
18877
55267
21086
33506
56349
56154
6883
26512
59967
8984
58543
40137
1400
20708
9894
30324
58290
63082
40032
22848
55405
63910
39049
49793
46363
38162
34522
33132
51701
48962
42483
15693
64785
47753
16301
59361
2385
41465
44004
54604
8520
21413
48496
22615
44650
49265
57683
48664
21347
46604
38738
3284
693
10401
33711
1843
32410
60765
60838
5347
15215
45334
40574
40022
38855
50461
60487
60503
56327
13985
50063
55424
3664
62817
26148
14261
41209
20214
48080
43216
13085
43030
33314
41946
49096
1382
16807
24575
3360
11736
65451
43942
56525
55850
15812
9340
54530
58737
47170
31215
44
5789
9764
41360
36839
29838
44679
41043
55131
18435
61914
33769
59472
61876
60134
29044
32912
55385
37272
7647
23726
50461
14895
48943
40468
53973
62787
10454
63392
34869
30052
27467
11278
8504
41096
30640
8029
64492
3913
36326
64524
64504
5904
49050
40237
24450
6615
13259
4145
43355
48546
10095
1622
11815
44443
6692
36748
51189
33540
24508
24340
23791
55471
39046
183
38986
46935
33956
31110
31056
10300
34672
27238
9762
45303
14018
59240
11987
57355
56587
62884
43614
52018
41572
57302
56262
50256
42777
8903
11548
25994
18334
64244
54701
8783
15127
29108
36787
28070
30831
38285
4500
58414
40842
9146
1375
32295
64819
8459
12777
29862
53133
33132
37464
50962
18321
48968
62290
37643
6685
17568
11341
31020
38130
56231
1468
26041
28318
13403
37011
56785
32110
58808
63249
26794
21050
30353
14179
14181
8256
50836
44621
11808
33935
42301
17340
59651
35515
740
22662
42417
62300
18859
44124
57526
53528
38711
6101
22700
6239
4044
24902
42568
32618
57594
48726
60805
34914
28195
10831
58077
14900
34070
5093
35093
47387
44862
21330
6183
27422
59415
31560
6409
2052
51120
28337
29050
17308
53672
19520
12952
62219
45022
1836
51365
23092
41995
27003
34559
39342
41294
53155
64
64878
16668
27419
48809
24344
62862
30043
58451
22855
54283
44405
28517
22095
63773
62620
2775
49399
48936
34143
8265
55980
165
56037
12507
44068
28901
18817
22477
55001
28210
7289
43852
15424
51871
46920
54407
52297
4065
43010
24894
28526
35199
56770
27787
17121
1266
58303
40218
4968
60122
46738
35138
4631
18156
45564
19895
26816
52931
3195
60612
28523
63862
31761
50770
48196
4926
41428
38720
59139
55425
49856
6865
36003
7437
28596
14533
53455
26500
62787
56302
24054
55204
30249
45739
53092
26928
13642
27795
35002
28729
57359
57243
60228
55332
36849
25378
21676
30494
30805
21233
785
55277
59195
35415
20610
41894
5950
57878
23279
19214
7962
40605
24822
9258
11992
48227
60305
58375
60763
33071
11037
42438
3504
47215
30716
51702
45320
64616
32966
42499
56549
39526
15403
12719
15357
24079
1835
43243
41752
14924
17904
47346
53259
14338
53326
24380
978
50351
39625
46874
21485
61570
34472
24809
8173
56793
59704
46088
38934
23841
15097
22277
33956
56736
38302
13804
60098
3641
5418
25136
8312
49040
383
56948
50844
32399
6497
29296
36711
7635
29655
34543
21304
2350
20907
12770
28608
41887
52063
63430
28995
25502
15416
9750
37420
44556
4331
37505
22989
22091
48721
53838
50053
42458
36311
43843
9297
43233
16367
508
18152
50482
42627
25703
43318
45527
30176
33643
7979
22822
7988
54098
16326
40692
6140
18430
23357
41848
835
34372
162
46305
39073
43839
49708
25685
5120
54151
14841
24879
62281
3274
28520
59902
23996
1653
52163
48072
56907
48097
40843
23275
9900
65511
23627
59603
51701
22968
10001
41701
1479
60617
27051
27012
55056
38473
8501
41447
45122
39184
285
38542
4409
8067
16025
44531
3143
46058
16748
62066
35865
7484
43027
25650
26413
3406
17292
5999
7995
20414
16990
19714
41978
23621
5958
21827
45610
28475
21970
62677
39374
65524
57001
3147
32461
37675
42264
6415
38525
52863
25625
19285
10170
64807
7992
39942
50864
27600
38770
35045
11172
64435
33838
27400
13939
38442
5512
34525
45876
13462
9200
9594
55745
37271
46126
63274
781
50081
9392
21024
34089
12107
58382
36927
1901
42026
41041
26242
62321
33398
49646
47051
16186
55111
23602
1443
58720
5486
32707
33229
35525
20756
40607
1720
16654
33854
57163
8019
10957
64247
53195
31700
12553
21607
61954
4802
58653
60387
58322
55384
25576
14859
52375
32024
26233
27913
56531
55267
31911
34333
28948
7919
41069
9382
33386
7566
5331
54107
61696
24411
41252
27672
53354
10555
46183
43929
29497
8780
41298
57845
60054
23219
17377
50394
65441
16677
28542
42784
29652
10074
25595
24577
46558
41299
40970
53455
35495
29570
60198
31854
2238
64074
62583
64918
38065
9680
58615
9327
50453
23268
51559
417
32395
54872
31873
32838
11102
803
59872
26427
40825
6159
51353
13042
13051
18904
30211
54296
520
15344
48433
12468
48409
44182
45519
15846
40812
45551
59809
55603
54502
46336
61717
57219
23565
4678
52793
43432
28369
13579
45761
14491
43087
7853
19297
49251
57995
27406
44180
8730
23535
63837
49995
62910
33019
1017
43865
34624
50606
22855
61794
18375
62942
25963
24289
59326
17310
25471
17250
28079
53944
52791
31946
28002
57720
33142
56802
60368
28815
15328
20938
26358
56161
63088
5211
53937
3353
19738
65509
53899
62365
7427
27765
47308
43585
50064
61374
42731
18738
63012
39107
40849
26763
49700
39669
4737
7315
35730
42923
5259
17885
29576
50881
9256
7076
33528
52536
65311
35713
13383
1030
14984
46757
21269
11889
51429
8212
25169
21533
9623
9996
29108
3464
35042
18779
44884
53816
21639
40281
40980
58004
58415
45385
48711
42608
63625
40207
4007
4578
34172
6202
9644
16481
36361
46680
48816
44332
28703
65094
22449
42791
54595
13340
65483
60778
10010
15284
25254
33516
7941
3080
38228
42546
22137
16400
30951
64353
63916
54988
37213
60438
18267
12262
27778
53724
19161
11214
24102
62175
24991
28279
11520
44309
37782
64376
4840
51989
60387
28599
23453
11392
25167
55020
23137
63366
42780
64902
63330
15914
36910
23798
11685
2153
55667
57548
37794
9891
65344
23905
6747
26272
51712
47064
28159
22456
22334
50019
60271
37107
4727
14525
36532
55119
13306
62123
19719
43250
53982
26184
51380
32655
12828
19844
39949
60730
50742
48256
61050
43427
4867
15586
2205
18616
61656
38380
1021
17997
38639
19450
27934
27091
913
61650
46657
50229
14273
52825
45898
1222
46535
62298
28037
47852
39879
64335
49733
18379
46517
37665
38529
51474
35256
7832
1269
32159
5616
36644
48736
39070
3679
60455
55421
29645
12078
30227
2863
19995
43466
61560
8634
40515
57535
24939
44258
33044
26351
65262
48317
5326
51815
33992
42442
53293
16724
27683
2150
1651
43038
30046
29356
31723
51655
12610
52847
51893
8222
59150
57715
43894
26464
64604
48553
21660
3495
25644
21760
53333
45992
19369
51307
34968
454
50513
4849
16947
57239
40451
24562
34584
29423
5129
64495
50865
36960
23835
21552
42370
41550
51255
58153
53043
22477
26912
43041
26519
49228
59667
40664
4283
33907
32867
56544
55481
31519
36673
52161
16290
35241
44154
4200
21416
27836
27830
6425
29752
37571
50605
10919
61655
54644
15548
60924
13878
27336
28769
63837
55022
19063
3377
26810
59622
45936
5069
3629
17373
54428
35389
41172
58864
26827
59198
31362
27479
36178
47299
37875
35198
42381
50476
14579
11693
9894
51524
30390
49456
22338
24436
62047
32549
53942
47787
53075
19455
60184
40218
33201
60342
31101
33263
49521
15092
63084
8173
18233
65161
64285
35314
44366
63530
20574
40393
13933
64213
57820
34309
64647
64536
3799
23556
59342
2209
49893
45480
56061
450
41319
11079
54195
41616
7581
12073
9771
34684
59463
8553
40359
16994
25351
42413
58525
53223
53471
12369
46102
27212
55390
738
7483
52821
57346
54293
61965
61170
9031
4987
14476
50565
65484
43588
34194
37318
9617
14661
28109
10007
58312
23545
46646
13567
40812
12110
34205
11053
33249
2702
13648
61697
46090
2755
36761
41886
49838
62775
6064
28653
61971
5024
16715
45449
48263
5188
24360
686
14334
54069
6466
18656
47164
61378
39
23722
38755
8748
48330
29342
58622
57371
15730
52711
46610
28448
23386
41590
772
47691
16968
44852
7692
58375
11718
46936
57111
6556
20227
14385
33818
61637
5722
53898
58068
27045
56528
58962
18688
64020
50311
17575
48982
8906
34680
50005
42407
16255
1145
22491
48070
19013
56603
63197
57244
49816
42353
20847
27486
14353
9206
62024
5532
54280
28290
37708
63513
1998
45837
39905
50167
249
26576
2539
28579
41017
14258
33335
45630
3488
61291
46605
11511
30694
16232
13756
24567
7020
24842
11240
43267
4968
58912
6155
63650
46581
2832
28544
7264
12793
42923
48729
59194
61776
36084
53874
4018
61403
46575
51431
55347
55597
17846
19919
23264
26236
29741
21738
5502
45337
43947
53625
30377
65484
14459
45301
24109
47334
16767
31633
32296
25606
23114
4962
52931
45283
9140
3128
17825
20765
19409
47781
25516
43846
61808
54561
23573
46453
58320
39340
51705
37843
62050
61817
45648
14278
58548
2525
60247
55317
2949
19645
62798
18630
21043
5225
41358
51800
10901
53617
17570
48628
245
4624
32080
30653
53613
50710
15895
44306
41723
47266
4024
5685
16781
57547
23192
1938
46807
47908
3018
33774
2441
41158
55797
24533
31971
52516
23988
6968
60004
2655
47793
8154
10322
63784
8636
42928
29838
25602
28738
7839
42099
30397
3615
48382
56375
31689
31523
2114
61561
48736
35911
24642
21807
52852
32325
23458
53718
43675
1344
63589
46488
64510
13248
57405
7633
18405
31494
14797
5931
19276
30554
65498
44118
65182
7464
16621
6765
53851
48137
14422
40457
33359
4243
37386
27016
49651
52372
38794
34642
63878
32900
52904
5262
22080
9489
61131
45428
61008
9960
3064
3420
44423
52546
39570
62895
50255
28485
50682
46179
9606
29313
42301
10813
64267
32348
29844
49343
56195
56797
16640
30383
46148
44038
2873
997
62322
45529
51506
5916
22579
45635
56169
31802
56473
151
5891
57561
1386
9615
42406
35479
51928
8342
4970
16894
20094
7020
13251
18372
25357
62999
33828
21102
39574
63108
53709
13349
54399
8940
4841
41838
21236
57863
28266
43523
43427
40912
39940
60287
41278
60729
65270
25202
47332
7488
12485
41221
33811
54480
18192
50362
24790
9224
33461
61685
13915
23635
62453
21511
14116
39282
51726
58671
11481
48295
18214
54975
56287
35797
16299
32720
48697
3700
26998
60515
20976
63472
8551
60504
29868
6199
48492
36242
17181
43764
38611
29969
46868
50166
3740
33923
38483
56170
27118
45357
18624
13516
10106
62810
4646
5126
27460
36423
25732
59524
36314
54259
17530
43467
32395
63927
63561
25266
10452
45565
39107
33304
33556
46666
61715
31555
9395
59202
46236
17157
6783
37390
63717
16897
44443
45348
12396
45978
49934
32731
10167
26442
8039
42627
3388
60388
64046
54400
11764
30060
47759
60876
65290
35882
42837
61599
29202
11773
19713
28050
10900
11202
57647
22952
49542
22507
62397
29440
23139
54548
1363
65151
12825
51142
61281
28027
2312
32328
19800
42314
54053
23796
11621
10831
26467
45201
1607
50351
16215
24309
20662
49431
5919
11268
30855
33328
139
59920
45437
61178
64937
33114
37082
486
56398
31502
54241
4058
2818
7878
62491
39754
6602
57999
55956
63996
52811
19749
40556
36112
32541
55776
44153
12693
13054
44495
29852
55675
14503
49312
36458
11267
56437
52361
33572
36015
63261
36347
55405
61091
31232
33357
4077
47320
6838
17536
58635
54385
46594
42703
42860
14396
46673
1720
33075
26490
62689
60747
15466
14951
22279
19054
45221
1964
3714
53120
54740
30257
13353
30573
39525
44859
38492
43732
19334
21684
29183
5236
6335
23464
6548
49549
46324
61756
7276
11875
43419
49643
28066
35590
17003
8195
52317
27293
47675
41441
13643
33827
27333
57040
50965
20729
47782
29960
64988
1546
47981
26257
36954
3211
19362
56989
15342
25485
30452
16494
38140
16314
44398
49333
5602
21792
34828
64828
19442
45869
52443
45715
27641
59890
61467
15180
52305
22388
14264
64142
53926
25658
19659
46333
25348
55438
14272
21258
4806
21911
63784
43903
52444
54768
35097
52581
48941
4886
57660
9259
11510
21260
24111
25941
37617
52445
34332
281
41518
30039
7298
54227
34120
41227
44667
44443
34670
7940
20095
147
26590
31217
36432
7612
25207
39248
58494
59180
64143
11362
38495
15424
61364
37615
21046
50797
18447
40576
26490
4379
18941
31969
5578
57790
33241
50230
41649
13899
43660
176
22761
21194
44694
44141
37698
31766
47215
2666
40415
20483
9868
65342
50500
51302
62516
10319
31025
1592
7125
36593
15353
39924
31285
61760
61241
37723
14047
50293
37255
19612
59732
40966
34387
5976
44725
33931
13724
38634
10510
13820
4244
37788
50442
5351
51204
41358
19451
3694
25002
35445
14855
38617
55108
34818
39558
53446
64811
1080
11940
48038
9510
30692
12280
34321
23558
62279
43662
3617
22180
5518
41111
6614
19162
8160
26333
6869
46750
54588
10506
4923
25721
18749
24331
14355
6621
48835
19990
62499
25098
19205
52013
17413
23326
28616
50060
50112
23740
32734
27048
36999
2027
9835
9236
43673
17029
61299
62874
62181
49016
18906
32777
36516
57981
51777
6862
7361
25624
35248
24533
27327
15696
6556
37688
46713
6178
26239
22243
57225
44488
50932
33112
41764
40158
20032
21077
61446
13292
22570
29604
27108
30346
4098
37170
62971
44321
19944
32336
3582
14863
46610
12394
24848
11305
4454
14455
45492
10393
23259
33467
4004
59954
37265
65120
50365
39525
51364
21240
46611
41230
53588
58404
35935
9600
23790
12158
14923
51676
37948
11656
14012
26649
10482
4604
28161
7023
61892
36288
34454
53640
8615
23154
369
20380
63028
34197
62304
48020
64776
16175
43695
30728
11963
1776
39546
3220
17786
10035
31737
4606
28074
44775
4767
35251
7896
41104
48402
62740
52572
32337
30930
46297
38877
35426
41199
24932
13093
57502
611
12912
3711
48722
14833
58344
35475
14037
9088
21302
13946
34752
21986
44677
13469
6373
35733
44290
16065
30940
31071
45028
4454
19474
50430
54786
30478
26858
60821
60961
13531
21291
17182
30837
2300
11583
49330
37574
63085
7097
58645
29166
9399
7928
61727
59906
20666
61689
40943
63866
26317
2193
53405
29805
51709
57765
40332
53175
12308
7593
16623
47846
19078
58715
63360
64636
27480
54864
3218
37692
47832
26510
19007
53052
49882
27010
40532
38809
20418
28017
13081
6911
28062
14309
21206
45555
49621
46783
38966
46837
1256
20490
53760
57998
49187
37379
58406
24218
5410
60356
24690
60069
33588
30648
3418
36252
10268
54816
6944
65435
26881
25564
57411
36590
27957
34121
45956
50621
63778
11588
31129
58163
6324
26844
7050
51710
55579
54684
25797
41362
20642
2871
42927
5543
31728
49782
37203
36913
45064
29884
60575
65108
14584
29832
63269
8828
18010
42192
29803
51839
15226
10473
44169
51146
30231
4590
9269
36525
33051
41516
33484
54494
237
10153
54702
60756
42227
25529
5938
45715
52996
44108
38321
57423
47673
50095
22985
20959
48505
23577
12052
54994
21652
32018
5625
38468
39972
8864
61927
60483
34780
52072
45021
9559
13314
35378
48579
29269
49303
14949
64615
25650
53998
23727
15647
59030
8650
40722
10662
61829
43668
18474
14179
57681
16894
7511
29507
29688
22512
30581
15210
47213
57860
27089
11601
40866
58384
34896
9909
40856
47391
5684
39501
16487
2010
61624
53562
8886
2414
65129
61925
64175
30046
19959
44027
37234
46480
8489
26670
31223
47399
59342
13855
37104
56947
8572
22815
38225
48325
6233
48034
25945
20461
41167
59632
49864
8828
46207
58976
6699
56581
37268
11693
41675
36357
38653
35841
50649
33558
6138
59772
27712
47238
20109
43666
17972
6011
11121
20534
63929
47802
24910
8001
49965
22767
44286
25864
13087
2636
51326
43331
51497
5669
55066
57534
23906
33157
64060
44302
43456
24819
64730
9327
34172
5345
15051
12124
12479
26931
59055
9408
64645
10269
25190
41259
23427
39396
61050
41363
43337
59158
45507
22158
44482
13715
31261
27756
4833
39354
44942
50832
23423
28606
22780
251
56920
48118
19109
59902
41122
32356
44574
36608
36087
15345
36262
51587
36343
4806
53511
57184
34813
33165
39148
6768
52134
9576
58373
17116
51980
55841
32043
15926
33928
40082
46014
52351
37356
21073
61126
55959
14406
58752
20538
14389
62580
10811
41773
61470
43819
14522
37420
37823
27149
31247
57136
31663
34818
3969
22734
33662
58805
6299
46476
57238
41449
45397
33822
56673
12978
36030
1189
53296
24234
8150
4091
1841
17183
44533
19076
28579
11232
39395
12702
16074
3547
20262
45379
1624
26126
9059
1540
59864
14916
47840
24838
37137
28929
28811
57213
4628
24061
58369
46181
2585
50152
28214
65082
5581
7291
52333
64724
47190
45892
47100
5107
31205
6935
61311
6049
24178
45722
19219
12794
938
61250
16095
6339
58040
36744
31588
41290
22441
42711
6153
43916
4932
8379
43099
6523
8037
29944
15208
56114
38692
34162
63089
23888
31793
25207
543
3912
49768
29521
50794
47868
51273
32060
4639
9395
56679
43250
12514
64164
53824
50427
26191
59104
63675
3356
62130
43721
62291
64269
41558
14593
49458
3344
48594
7187
53818
63226
29308
56238
1360
22852
40293
3912
52922
16068
55684
59074
37311
9258
27608
34182
22649
40397
36054
25161
39101
57391
29200
561
55296
16250
54868
50385
61417
27804
26262
39556
37244
14890
55612
276
63717
38969
208
17256
58445
55862
47231
42082
49702
18810
53104
20369
26468
4341
5700
57746
62733
19456
11800
102
22052
22961
14389
9372
7765
29004
44200
2594
1856
43458
24009
37089
50246
39124
17586
38775
51797
51472
41761
57919
11419
52112
46277
45991
39
50620
45355
19611
59151
52697
32131
62322
10830
976
33636
51128
60912
24781
33779
34779
18328
13349
27885
32345
42319
13286
7834
38430
46522
10266
8591
36340
64212
1735
14254
1877
24840
7180
6071
18598
39812
17984
61009
37409
9759
17161
49291
31541
55130
13388
20517
17197
31586
3701
44684
57539
9887
60095
56123
18118
18443
47534
49236
15136
38167
47133
11408
9809
6147
36882
60393
34426
51406
44040
3180
3792
22102
1522
42594
57065
14912
23460
4036
61696
889
12237
13477
8549
58536
63000
29587
40486
49607
42333
21054
26800
12763
59717
14137
59734
62737
1456
30170
33764
46495
569
12953
7976
22460
47956
32980
20143
7517
11532
46229
1597
39062
19045
12629
39205
46345
50820
37833
61744
17168
768
39992
4368
19744
45422
5847
48274
22417
56069
33560
37491
17912
49854
61349
20075
4539
727
29134
13417
33596
60474
5848
33980
3808
9563
6738
43912
10902
36821
54112
27113
30547
43343
47499
17606
48354
20006
52861
40854
46807
32761
49900
14135
16609
26010
61297
64378
10259
61854
14398
50880
26737
28890
65458
13907
27176
7791
59827
10504
42911
29681
39730
18920
28822
50335
2539
39410
51150
3508
22588
58474
47389
29744
60082
41460
10528
1368
2263
27262
58461
39037
8459
16494
13409
21628
6478
36132
47803
39364
39675
1977
44606
34979
37145
8533
49859
9171
41962
50506
33548
52797
27900
18981
64568
34683
52352
36072
54945
55299
29679
45822
60685
7539
45160
58178
64271
19476
29339
54318
1765
53849
7646
38204
27842
64271
50016
58336
41339
47174
30729
50588
55875
21323
21944
56690
55815
56936
62665
64589
34993
27160
65205
9
56355
30988
60563
44706
50801
29568
51486
42796
38659
63447
56014
52994
65224
4558
37239
65384
39258
19362
49193
59633
55802
61003
24802
33207
9154
47174
30456
9372
32692
44669
43758
9152
2377
57192
8817
16555
50888
64011
4282
39852
60073
46906
8586
9892
63192
18094
65258
30540
5102
29982
34901
10987
27672
12815
1419
2770
45469
6903
51465
35749
31714
51941
17022
20661
22069
7276
22389
5724
34486
23879
3820
55221
11729
45468
20480
7483
44316
47949
29247
5261
49481
56698
20568
2191
59015
32979
40911
25391
30070
14907
19895
34754
45518
57851
19439
55551
33989
52207
64864
6341
36678
9651
407
28210
42328
46127
32585
4560
9064
24577
62169
11499
23809
60492
17222
33038
50515
59050
61117
60256
33317
30554
7420
34544
23658
46010
47810
29237
42247
34456
54718
33911
38972
45669
42729
22912
58948
41255
1779
36218
45440
29394
65463
40725
40266
51649
46843
23098
7278
39027
21761
51532
25317
11533
2306
6525
10464
520
59539
48694
57104
45171
57515
64986
41664
41230
58192
15885
9700
25728
18677
61402
55427
30610
32540
4863
56627
53966
16344
50344
33180
14570
49075
47881
29637
2974
9091
11812
60541
30390
50968
63741
8045
20831
35455
52205
35610
45679
32024
32919
63600
17541
30161
27555
24572
21500
45078
25325
13152
29756
19602
61076
3463
27701
14456
36276
38366
11314
2053
29442
44340
18102
21619
48118
30367
63616
22724
25057
27056
33730
44068
8196
4401
27211
46970
34866
29122
65116
60383
44172
64506
45162
55333
63705
35769
48162
31690
55086
63508
35331
11918
23816
42390
14361
61803
18132
3027
43924
51403
44359
57028
1501
11823
54542
47860
40781
27844
51253
10729
22589
58642
22827
5343
31806
13177
38241
39010
8454
48996
61503
43932
47147
5131
22014
11360
31634
40412
16750
65011
18839
64510
34309
48539
33305
33869
33053
40003
14870
31030
7858
15120
10817
2128
6898
17136
48121
34544
6889
57617
5876
61781
35239
19288
17330
38985
19588
23374
21207
30581
65168
7405
53818
8455
57445
25528
34998
8742
2658
65129
64212
63482
37263
4141
26289
59929
53851
38532
6820
18219
65439
36822
33080
40771
4177
54205
34437
45756
38556
416
51534
36432
59573
52308
65053
58446
32092
48227
47009
55139
59317
20195
14305
37132
35395
1324
1326
51527
37563
17374
40056
48753
37293
8226
21045
41227
47405
30437
12610
14230
46336
34360
16819
23952
56905
24819
6892
33291
19908
59822
38118
26389
59070
56211
59916
34272
57276
8630
56756
13507
54529
29211
10873
26469
27694
2801
41864
50942
47089
20455
39315
26909
39996
56230
41912
26558
40759
7664
7820
56458
8248
22871
48135
5139
37975
57910
9562
36718
16306
21685
65200
25128
64753
38249
55965
46239
38057
35986
30608
36339
49167
65123
10962
4786
25655
704
64431
14527
48744
42434
36776
14641
226
45810
33314
34013
23576
29125
39140
58180
5255
58846
63754
7498
4360
27110
30508
9862
49311
6248
32801
988
6070
36916
120
21097
7648
57348
58727
24627
62982
25884
29337
21164
47277
60359
53697
14538
12376
37329
3313
54198
62930
65022
53152
9356
30045
45952
33010
63230
49416
47247
18939
41503
18383
54058
57031
23019
41851
34722
12894
29801
1406
13371
60147
14533
61261
29107
32031
13994
51011
56360
37349
1128
49463
50713
18934
33198
55037
38779
30235
63831
35544
34270
58747
6210
26580
46550
10083
43132
17518
47192
20116
23632
26203
39886
40213
7133
18579
57568
35440
26405
52327
43252
50742
3969
7428
43628
34209
23215
49867
25412
42915
52558
9264
56666
42811
61469
242
22242
52842
34125
20575
26270
9
12347
20303
8340
58157
28759
43743
14619
13650
23028
59414
36615
24621
21149
28944
14610
20111
14428
23723
53208
603
51533
50845
3490
60255
21278
34179
29407
46347
30195
32341
61564
8056
38542
16971
61992
31960
49146
48397
50628
3445
8184
51725
39500
50685
48249
65035
33727
33321
34231
26782
18207
41663
17206
3804
140
4181
4726
7610
3962
44077
8888
15020
20667
26571
27057
21387
30914
4040
5988
52858
51844
11838
38304
6814
8564
37528
43429
52115
51458
31400
3134
56487
31173
8778
9803
36402
36936
61298
33582
44664
39712
6160
50741
38188
46116
43863
47697
29337
11825
20341
10175
20512
24448
11984
14402
23764
56930
12964
41663
48409
62591
21772
51241
11059
50306
52879
46966
14455
61967
54173
28781
14177
3419
30198
61914
24278
52812
9559
55968
22051
64768
7046
44050
5527
460
48044
7305
10832
15488
52183
19904
65277
241
10093
31243
47037
18397
34541
51628
5097
18418
36742
10954
11844
4833
20048
8222
59967
53137
37295
37160
39150
60213
35811
30810
38479
13984
42641
16700
5616
4343
15582
46280
28000
38887
52124
29044
24995
16013
64476
14730
24584
12924
35804
51604
8996
46969
11747
2484
5977
23260
7339
31295
63025
64156
54557
13270
61502
34192
49237
60895
56957
5805
21896
22123
48820
13534
24282
63927
7930
42159
9091
48262
11485
27466
634
63184
31018
29845
4099
63258
9996
16693
62241
41987
36226
44934
40550
5242
13250
49988
40670
34621
24145
33486
36296
54276
2085
33826
13616
21862
9534
37822
16728
19084
38104
7402
37950
50110
40952
10716
38712
13715
9472
62556
63871
59013
13052
42094
52330
1439
35130
11496
35314
12723
49550
60851
16660
62542
831
37242
37846
27512
24546
19188
36957
46193
62494
25563
60170
40943
18733
42361
9340
24160
16550
47915
11780
42068
2041
5981
30397
58161
46788
21004
32364
32078
51225
12884
5269
13749
42675
57278
59265
7482
59686
28586
52162
54679
12156
44847
57237
53250
53501
52148
4156
10531
18754
14139
376
17204
21110
42287
15108
21922
62678
11701
19616
45162
31588
42916
57146
37571
38184
64611
33057
2071
65321
24105
7740
2908
7329
33115
3514
32923
10417
34000
26474
22951
62687
46182
25223
52845
55029
62890
2937
35206
9312
57082
38484
9648
4176
18527
34814
6775
62024
40628
21122
42419
54003
29437
15468
26508
20895
32131
12209
49061
49023
43538
8917
62008
12548
62356
25726
5358
5752
17765
9944
64608
58734
27895
52012
1321
1809
60641
10128
25762
59140
6421
320
53512
22208
18100
37136
45235
17482
33619
54279
53640
3631
6453
41325
59409
50793
29881
48750
53127
728
33136
63590
4287
65209
397
9802
61811
18711
34052
5221
42299
23511
35887
60706
2068
39257
29073
56539
8404
21041
14228
280
59066
44672
58792
12862
58272
20946
52572
45323
53569
4262
6823
52940
59230
32827
2422
33923
15941
38212
38158
20711
18682
154
3024
57396
13591
65189
30287
2557
39362
23550
61380
37328
25610
36757
21326
49614
33370
10142
39605
176
14409
55183
149
58178
16065
62018
33446
43324
36298
26270
48583
24234
31310
49924
54889
47586
32966
44875
11900
18795
57123
33883
42340
26733
13525
9635
29511
2989
41173
19066
7113
42669
59910
30761
20358
43689
52764
2007
48152
56616
43849
16628
48446
55568
59198
10396
26457
33336
16137
58053
44473
63331
49998
1928
62405
58377
45046
10162
7502
44506
56853
30596
37611
64366
15785
46223
41417
58679
16228
62051
28574
18889
7720
5928
55119
35157
20548
26873
817
23150
23360
6478
18220
45103
4685
33638
57045
24314
12468
57216
6552
14970
2692
39824
48956
54254
28070
20215
54806
2877
35588
24172
34740
32520
54725
6459
26527
59381
35446
23283
61979
14693
19862
2793
7845
25856
41407
45927
29431
49727
56984
57302
32347
54678
8837
13990
32709
18063
9551
31799
947
16024
57836
13201
64104
39315
64024
43944
757
24255
42613
5971
20385
17870
1786
56350
11425
27017
40811
2871
47043
36541
58377
36335
36167
13150
33588
22772
58789
7114
21365
57575
51462
18318
13040
12750
39372
33006
47530
29145
34344
135
40258
27842
50909
63133
644
61171
698
13323
63677
61305
9676
29664
40992
40918
13454
12670
8593
4027
48503
20388
12007
19811
6151
48063
60221
53081
25059
10411
60191
27744
22226
34920
58554
32775
42190
32930
60693
18146
22739
63309
17531
28165
7459
17020
63639
33322
41057
42053
61415
58958
28129
43186
5472
27469
65150
31914
28471
53275
49615
5241
63509
5925
46241
44287
4967
41384
13318
15702
40894
56326
31571
13592
17516
65335
34129
34107
47636
33519
4896
9939
29219
265
55159
37473
38948
54004
24053
13833
61834
13612
35044
37491
40184
48324
56285
18203
28799
12738
36229
5288
20573
9264
21027
2689
20211
14346
10140
7791
23274
18026
43685
17189
33977
32626
47608
3025
16286
19222
3161
62423
5539
46967
5353
37556
57152
17536
52220
2975
29511
51341
54684
5528
3761
12437
28270
30234
47632
21741
38625
65187
57821
35921
27055
60476
8051
25240
250
4670
35430
3045
7027
38251
33784
16717
358
44869
53926
12114
40658
42472
32752
52469
20216
14617
62696
16142
22578
56512
29280
22966
16183
490
63542
18098
61554
62223
33819
9979
53320
59047
25964
13251
32100
15905
41702
31918
52669
11665
62413
655
23788
24748
55139
23450
36382
20642
55776
42000
4373
62372
8656
37152
34121
54782
23070
15104
9880
58668
56405
7922
6844
59343
2871
25577
57475
16278
7962
12030
33202
202
7547
585
25642
33827
59110
18790
63428
64436
45061
46519
24281
54134
3316
59827
59533
10222
62639
40659
29734
36575
58344
41515
46949
39317
55056
40756
24314
11449
14894
37430
18056
51586
54264
42478
32936
43945
65242
8116
3605
53763
28898
37829
37552
2351
51921
42960
65290
48279
33502
42265
44160
34500
13577
4381
14061
65275
30216
28684
57982
44190
33600
13298
27544
54641
50024
60755
14985
29571
39014
52182
42453
47740
32656
39316
22277
19267
60164
47094
26930
30034
5710
19741
39231
16679
30601
61666
29470
427
13038
55612
4993
59155
57661
3168
21676
45111
64761
50207
17870
12232
43924
45605
23949
1598
62075
53264
593
19576
28273
39846
21352
50357
22308
42829
39601
60177
14518
47969
24090
20260
17723
31411
18628
36774
3599
30386
5983
50638
40565
13494
15452
28986
4897
43114
40989
14943
29707
7613
32991
5668
1219
15536
54648
8514
50530
22433
34850
45412
22615
39702
25907
12442
52124
44950
12622
48151
54690
17894
25355
2918
39851
16796
29491
63281
59739
20676
22568
186
23466
60965
43989
55579
36565
64236
7786
60346
21294
20206
34424
51232
56162
2735
44008
34040
41179
45495
33392
7920
586
61041
41733
27519
40179
5122
44515
13145
40305
52937
17643
35931
15499
64662
15422
19291
35733
11798
34505
39051
41346
22202
20794
24503
27063
12773
24459
43578
25175
59330
29541
46344
30473
1889
23892
10867
43809
835
15666
61384
22000
3811
24368
38068
47818
21305
44783
59414
4526
44896
21836
15282
55689
25989
47728
31003
60900
39738
50358
28932
4339
26725
25586
18081
61583
44115
33596
48729
11775
40440
24989
21369
12761
50630
58483
54197
40755
50682
784
29385
36917
18803
32644
29511
20433
50682
61732
43428
42711
39900
64178
47513
64234
9721
29851
54847
5540
31965
57869
42015
41397
25148
53335
55499
11137
56430
31552
37351
8264
25353
17279
19346
48703
52004
12789
50523
62382
35361
6282
35877
19949
16034
21739
3123
54122
36193
21391
51065
28478
18778
13613
9943
39111
24530
5236
19045
63060
718
32811
60662
20434
1993
46392
26919
41010
35229
18562
59880
4459
13501
17761
42908
53618
40759
43117
44359
64780
37812
22541
32366
28957
40040
40299
25788
41834
12489
19070
50572
48128
8967
49329
55695
45175
40346
17708
61716
53274
24804
23833
45289
50772
4428
4303
63025
55220
22524
34150
43604
25945
55533
25283
43364
49646
36767
55721
45171
47361
14880
50737
36437
58434
20241
44610
14735
12430
28245
54760
35953
60301
29743
12457
16317
23862
48924
51893
51018
24791
16037
23478
34611
12929
29235
35920
19675
38740
44831
9736
63075
8991
31105
53603
62012
23351
32160
43012
41962
1718
1823
61600
56001
58489
18059
274
20026
58995
15318
39811
19157
4383
22985
32234
20642
14755
58199
62814
64418
42439
33609
14868
16079
56047
3098
9236
12293
18466
29065
5075
11710
37621
33956
17982
27847
2330
9941
14117
8642
1683
38547
57914
45916
43057
1058
34811
23686
11824
33898
56335
28442
39736
7158
59105
64465
49217
42217
52585
47301
10824
4775
14765
20596
61381
34092
6881
51647
32462
31437
59322
6045
7924
4806
18105
32131
37698
60627
5340
22512
27737
41025
28608
21759
31041
33372
40380
7053
58326
30235
52876
38313
6311
20806
45523
26197
54883
43721
48755
29698
63244
61730
62261
44766
35708
53447
16022
55303
60794
37379
61072
15448
57257
15225
10511
60299
60660
61846
608
2468
10037
49771
27605
15703
3117
52271
60417
29704
32040
26374
34964
29422
50533
31483
6331
44057
35112
9047
12800
65369
10803
46472
10460
24476
36108
44443
20788
26178
20943
38000
50327
42505
26602
5803
53248
14573
43081
4136
41375
33010
390
45049
9621
28564
56791
14595
9842
36351
12673
56612
21602
47978
58465
12886
11237
38759
2490
34562
41197
25720
25745
10265
26327
4908
48528
5001
64975
51218
37617
42924
52500
20578
28266
11285
16263
21912
7663
59001
65357
58545
11488
9435
61638
24997
37693
42198
37158
58398
9035
48227
57257
35445
25051
53108
6420
34391
14349
17951
49526
19268
55468
53715
58155
6654
49273
17643
15836
20811
15909
55866
37190
23155
60746
54225
23402
18664
27744
42676
9322
60768
15834
61308
63462
702
29737
11820
2791
17888
25537
62284
8138
58263
37841
29346
10143
2765
63883
6886
40015
58778
370
30741
64547
54798
25104
20631
17168
2164
8278
44853
57043
12439
9404
65386
737
44262
46035
28253
10608
59352
39340
59605
41797
64292
23603
41087
46535
9995
10294
2112
24195
42969
38512
9838
26375
51759
2360
9406
5547
22753
14615
31921
30735
25699
1584
64743
65436
62427
5846
29446
60384
25895
26587
29794
51294
36263
42154
25206
34356
4792
48999
25953
59710
27196
29410
53300
23080
38766
3778
54406
57237
9090
36119
32898
58076
28558
35915
32350
3805
21295
19650
45571
16126
26572
33820
42122
35715
56327
16921
26293
22430
48207
25893
15042
37287
31836
32718
14210
2914
29767
27394
58644
1569
2601
16347
20157
29073
1239
30979
29525
60797
20377
61768
44939
55660
43440
10973
7057
5669
62960
39464
60300
7816
3001
48945
43794
29504
7157
3523
15350
6350
2080
13953
14997
53287
11512
51850
31574
17261
13523
65305
22073
3270
59989
63071
60517
65318
24990
29710
40067
21855
30401
48963
11592
32548
28939
3899
45836
65407
29411
34258
8701
27836
39449
44609
45390
43894
25174
5262
41687
16395
33189
15399
37570
60340
50936
42093
63370
48680
47958
29439
41879
59280
45298
29598
26962
65040
55715
21468
44306
55881
52589
38859
25800
60752
48017
22624
62608
39063
14459
50479
1926
62641
29236
64188
49317
9575
367
22639
35400
57947
57957
65208
33311
45196
33794
43024
13259
13203
22811
12443
43279
19876
9218
60857
40001
42428
32618
36500
15887
45639
37903
31077
65177
1410
50867
56417
58533
44517
6678
56087
49463
40877
3090
6507
2115
27057
25745
22806
6830
35440
7316
29157
54456
54754
50359
46971
3018
8943
44814
62495
21161
3340
56320
27644
46739
44652
43657
40342
35425
25957
47794
46095
41025
27541
33182
63429
2170
40965
26100
64663
25130
11216
5084
45694
15077
12524
39458
24201
40379
45230
64077
26550
21044
19380
46868
40614
29700
870
9214
8053
45341
37993
47092
12332
17316
14096
43773
1360
48652
21862
65506
40907
28637
36778
61853
33811
26683
17189
6672
56541
52664
51066
15439
34712
44812
25302
63498
20112
53274
55735
3155
1933
20477
56374
1737
10316
49870
14190
10522
39177
54425
52227
56448
52146
6646
35258
28569
45975
22055
25098
10941
33299
13586
49937
40561
25964
59073
49298
55615
35873
20746
5127
4173
51866
20561
45267
18545
14600
34475
37341
51378
28639
32784
1399
27653
15853
17902
11186
41176
31800
29296
6352
34406
27405
15839
47514
25745
30924
13974
5411
41738
2838
20684
26863
2636
53336
51920
47712
31406
42386
55660
17511
51424
49568
10951
50835
12083
45488
4410
36262
35131
1736
57626
31844
9687
22393
62014
60482
49761
45226
24067
50391
35745
1746
15913
9373
61448
16456
30145
31332
7512
9384
62964
46576
37898
4136
55908
62454
63544
38180
8520
38587
8057
58382
49317
3891
7400
14796
45539
20045
4362
61482
54867
17272
14315
53228
32525
47525
20283
5146
33620
13142
19904
11729
42512
1217
53504
63242
53635
59735
25553
64432
4849
26770
21707
40958
38257
2888
15458
58860
34841
51404
451
64885
34973
34161
12341
9954
28089
36808
6096
8123
27153
44999
8259
3410
41252
48242
36414
32351
17014
2729
26427
32252
57075
61314
35872
50535
28254
34866
32827
30657
54461
19669
55456
40002
3500
43639
24406
10502
11593
24628
44430
61302
50692
60721
51410
28318
35653
52980
56882
43140
35501
40378
290
44019
25896
30371
8466
1294
25702
25087
18102
28502
48348
4175
51008
63716
5586
17015
3592
42639
22967
54946
34172
18873
41014
5800
45031
45802
49317
51257
35644
38618
52873
44735
21158
14237
57918
20178
17823
36472
53416
7107
42513
1397
28573
61988
62238
8595
150
17005
18828
14677
9871
35398
21377
19849
21904
25274
64009
2170
14582
59123
19557
29465
10033
26825
57375
41854
38311
46732
11839
9901
39977
50353
52175
50123
5299
52075
8557
49342
12947
47548
54893
12106
60442
25067
55445
57786
57113
33495
25562
56854
20569
18662
20548
60120
64096
50952
51085
7633
10227
63257
46902
8521
7340
26580
27071
41582
23877
23657
36639
7984
33570
58486
52101
22978
2240
31361
50655
29440
20534
48476
52384
48659
26257
39828
21316
49923
27513
441
21961
24346
2552
211
43741
61265
48437
59057
23635
12821
51614
15352
45254
60272
12218
56683
23813
28805
14498
63631
57398
24721
33505
15881
39170
39040
37358
51152
36276
10378
24044
7431
20066
62800
12145
11817
10548
52443
54722
7133
48113
14513
3313
24570
13673
41775
6698
27739
61196
1858
8395
60026
24348
48033
9743
387
36899
32282
25527
882
28883
38261
60470
57041
46990
32230
13018
42280
49957
55217
61720
28766
36112
4057
21338
61116
43555
48628
53926
27598
45453
19609
26071
65408
32985
44194
64255
15021
38845
36838
17907
4788
34343
52082
925
59601
53282
27762
550
13949
17479
54602
919
11689
3774
55144
16841
12168
35307
64057
43523
54201
16624
47588
40632
32312
13325
44967
26575
20136
61794
3676
10353
15140
54977
40456
42497
15283
52231
28688
1418
17956
14414
38835
27675
42644
34003
65392
52902
23153
2413
53185
32700
22124
17033
13440
9620
35772
7786
2549
33846
11439
13421
16570
464
21438
39162
42277
7341
2930
58209
42985
51935
349
19275
17112
21169
16133
61506
56976
24415
41461
24078
12033
20609
37486
63767
29684
53132
17728
46401
5687
16601
57547
33394
29496
10241
36715
27874
34869
34939
58671
848
34797
12975
31838
51193
3771
63865
14255
42029
56388
21188
5181
45123
36021
2290
6507
62791
44123
46249
26391
33431
29592
11657
30125
22969
41592
56827
7829
9759
57584
53368
38476
50498
40834
38537
13950
48654
30273
13000
65436
50013
57839
2532
30554
46199
49250
48973
48489
2903
3830
19073
43877
5146
34544
14941
58962
3982
45766
36010
37845
41889
3363
22474
62906
55402
23598
9272
55444
41024
22307
64312
61266
31126
44533
43350
64539
32317
17504
4855
61336
3741
8775
19520
4010
39405
56932
33113
11278
22160
10793
50260
47240
15493
9422
36433
38771
31141
3541
4927
59520
18878
6454
13523
61778
32709
46105
7036
39612
6073
27321
10539
17484
25048
32403
28884
13486
34986
26898
13598
13827
50270
59623
25515
36300
53084
15725
32174
56052
61363
18329
54073
42491
54776
60249
56578
61972
18139
28275
54783
3429
15029
7384
29242
30470
35610
62396
3187
49359
49167
29006
7070
32473
64246
52908
62766
61963
33697
43407
46642
4073
11322
47817
64970
41033
60681
49411
2765
59909
22019
59895
1810
61231
63444
45952
21116
52827
40401
64287
46480
1413
57974
18390
3629
14779
45973
49033
6028
20525
16571
51480
45583
37534
15169
48775
3453
64659
4949
24917
26910
12896
32238
4037
49093
36426
57768
15037
665
19930
40749
57324
5322
46500
4699
26320
33257
305
22990
8187
30952
50647
7707
47561
11494
46053
25307
20447
21078
18598
34889
33158
10495
5787
21695
24146
58521
31191
51446
59813
17378
30128
35660
19913
63802
3993
4440
45242
46566
38768
63492
35866
26659
41428
25772
46151
51822
1725
19166
59132
55088
64901
29795
32168
46774
43489
31613
59565
62222
22043
490
53558
50194
9463
50408
30739
12251
46577
44924
22478
39568
62052
27479
21617
29818
34549
20661
32846
62277
32356
24550
33984
16081
29996
14910
6562
9861
38171
20741
3703
9822
17231
12383
58603
41566
22870
49348
55473
43879
25232
37294
57982
54356
22585
42301
56602
26917
28466
41138
41233
9152
26282
37262
59631
11923
1688
33317
13790
41345
52887
29759
9057
38567
57853
3501
64730
12000
10807
14008
17769
13585
21614
12331
21293
48259
14939
3847
4589
10068
23787
51019
29018
28890
37386
13112
24662
30876
59810
27474
28770
20583
7630
27322
22572
65139
13482
26806
63148
48550
24583
34730
33907
56065
60165
1983
35813
5803
62192
16353
47729
48499
34479
35522
56311
60007
51669
47827
24586
49034
46491
36398
9645
41580
64512
14624
65102
37137
16082
21225
11884
55272
5124
1114
29531
18942
1790
57475
41875
60483
45967
59450
47620
15069
35911
15490
35299
33515
5773
61548
49742
26984
23215
38883
15415
2712
50029
30514
21487
2681
16653
7491
61629
3881
51690
62381
26515
44012
54736
1945
21569
63121
5414
34532
1586
52353
28173
4858
38428
17476
50227
36759
2307
41848
36883
52387
55450
43160
62122
10125
30910
65185
16047
54757
40052
43529
63355
3458
5082
12312
57403
51722
53244
52100
40507
16853
41797
16105
46782
32608
43280
47599
3585
24948
21741
1367
23236
59535
42132
3418
46275
25589
1988
45851
12109
7525
14247
44917
4833
58884
30356
39146
52553
51056
41585
55612
11956
47179
15913
31364
59703
64757
44283
64349
62347
7778
8381
52290
24748
23307
57856
48697
25524
8712
55093
25745
8567
7521
6488
61020
21167
30555
49829
46714
3188
61357
6272
55422
58284
19824
30343
10258
53825
47136
53789
58575
39215
19657
5830
28609
50003
24940
22953
18199
8816
756
16703
34618
38472
1369
25109
22348
27787
55200
380
61842
41652
63653
45490
43351
17168
27475
46659
44740
12908
56093
1220
39641
4233
8547
52307
28069
62326
15507
65115
12041
29368
6959
24743
2810
40886
38905
4607
5752
19209
25998
46283
63872
49109
22394
33843
52021
62380
52690
33051
44938
13768
10627
53005
28944
14709
19549
13556
34832
34627
40529
37923
44211
31708
50515
22415
25758
42557
31440
56763
58050
1911
34402
41294
8137
6024
26736
1846
2810
12356
36434
28684
42140
17691
8248
18054
63181
64877
59657
19762
50901
42471
63707
11324
9456
50010
28011
1456
46247
61836
28989
13135
53132
3721
5905
40006
16553
44013
21295
60771
44809
49461
49909
28222
15175
57549
12611
64873
47925
9545
34459
10655
46459
28729
48335
28402
36265
13505
6186
40696
43129
51534
35665
21758
43861
35639
5765
59803
22494
20431
51234
16672
6763
51746
21988
56072
53469
11049
54720
61582
46845
57174
48069
2868
36811
35541
16617
62870
23944
17761
62053
61377
13840
17974
26627
24776
51591
62986
49212
46586
8007
5442
43789
25586
35700
37613
34656
62105
31793
46745
63844
26261
46965
46112
38168
32954
58558
1644
18242
41350
17808
46232
26867
47120
57224
7008
33666
64457
11534
58208
37590
4859
5864
8884
29559
36079
12410
10996
8466
5133
17335
11937
27563
10860
12414
63087
21844
34741
46698
15988
64039
30011
61085
47905
54474
61991
43906
24052
24442
38370
56439
60869
52919
16405
57915
51268
9336
48539
10694
3955
3051
39354
61693
19789
51001
20189
45846
11645
21644
28312
52610
676
2593
39568
4204
50999
15276
12208
25937
19075
55718
43973
580
64816
42288
19013
61509
38629
15906
13787
36624
10359
44004
11705
23857
57848
58651
52050
14057
22471
11921
43655
43650
31434
44141
7710
63514
8945
37349
60596
53005
33561
36914
32169
34764
33924
57163
49310
44108
55476
15231
49598
48725
11689
31295
8228
12299
59553
49907
28655
22524
54912
17728
9925
6150
31199
23365
15172
6099
21177
5423
23307
44270
14437
27453
33449
30729
64450
53859
7770
62427
27457
49061
48971
8527
42874
51701
14883
21078
24783
21874
34469
58182
38923
49429
21009
31389
11204
18047
12430
14075
15982
5662
1478
42616
19148
49613
22530
2154
42168
63188
5486
30897
61547
24020
28742
56742
58859
61304
62512
47942
4454
62671
21454
47515
11723
59315
36994
23332
56605
63830
55512
39922
35402
4261
8348
27457
7900
59524
7308
37347
29345
125
29153
27063
2423
20849
13166
57178
64064
8587
16595
20148
48884
63173
27542
8550
43480
34238
30466
38558
29105
4676
12489
11515
7700
54827
8221
62882
52482
50195
46253
54867
493
11218
38682
38248
21568
3201
29098
15201
59963
33677
7395
48861
10539
34679
44447
35897
10382
2247
62378
62631
40962
22389
61207
460
51868
17433
61985
25252
61334
27971
18997
17667
54626
296
1660
17355
34973
35883
27823
15611
46746
37012
15470
50411
49265
23174
46843
8312
64714
13478
11293
27847
38667
34601
35071
47110
15433
63419
65366
13638
25953
33506
15210
12358
2844
57413
50321
44367
60043
16526
1369
44282
39636
65310
23994
34918
51446
58158
51434
58558
56179
8299
20280
24830
42996
5123
54570
9938
65254
11169
7006
22025
14483
53776
38966
25902
40146
65258
31623
2094
41849
54129
39637
28528
46352
13562
64856
54833
34613
56549
62624
33242
64549
20106
58817
32281
16161
44542
11006
31415
53589
44825
30237
17138
52282
27751
37068
2434
53877
26909
51536
57586
12661
60920
20906
48798
16198
57829
54993
45565
47378
55229
6946
475
35316
47524
17186
7694
64068
51279
21469
9127
49197
28810
50571
14514
40154
54843
4299
22517
16273
31329
38616
41339
13193
48672
39239
30247
30161
59774
12240
1643
835
29129
22330
26462
53191
53764
40367
27503
26700
24211
62010
6605
20101
6494
65265
32071
9965
35605
19930
19015
42930
39886
25376
21434
56332
1513
15658
7385
45698
27718
52464
59183
23466
12570
44579
23432
26916
54174
54464
64921
28416
5093
9255
48892
37379
49360
46747
64549
43288
17387
17008
1988
54502
48575
18337
18385
42836
61366
54246
41786
20757
59568
9871
10763
6352
16365
32074
29394
58461
35806
9265
9126
56145
14583
1968
41184
47619
23520
22272
24515
3377
14796
10495
52460
1702
15352
40301
48685
55620
23835
19933
47620
10646
15732
26734
33854
54937
27553
45902
41573
48062
49423
60219
40314
21397
28749
42188
3544
34582
51032
59831
33746
27283
23803
40474
64560
45873
6396
57712
62957
36956
45386
55650
5855
946
687
31908
32101
13915
57060
6757
39185
55113
57625
23802
34100
21201
62801
13161
48407
19808
35780
63874
7928
55959
27724
31113
30611
18803
24323
61446
16881
28328
29010
43609
50127
49159
39751
51989
39403
1370
33688
55554
48410
27745
10466
28436
416
4549
61693
9738
31772
4481
60601
43598
33117
39245
65067
41836
37593
61245
9571
37621
33431
7906
60822
42516
41592
28930
36863
58869
346
36308
6564
40576
15465
46313
50401
18486
26603
34811
11551
56049
38842
47109
16948
1955
34492
52763
57911
6753
2090
65314
24859
9753
23419
50462
5472
55074
61472
3980
40066
31169
57772
51279
45428
24937
19267
63217
24844
14278
40043
64226
41159
39819
37631
5753
55246
62816
56966
53709
41514
49878
26046
65198
27219
62710
42255
43628
41572
36078
55706
33817
48920
33173
63575
23602
47859
45901
18115
52392
17583
10441
26525
185
4851
65527
17702
41928
28175
30313
32406
54890
331
41502
25623
4717
10367
38094
34379
31628
45554
5851
58602
46973
46169
5460
59849
35110
50512
26675
1558
14531
65043
54975
53631
31095
13735
10609
2394
49358
42992
17041
60363
44858
48449
27695
30532
10051
34500
27311
53486
8245
62166
31156
20085
20026
15162
35860
58751
47397
14892
14240
55246
35122
24347
13700
39519
13324
24790
48443
31654
22741
60295
45817
59343
21539
61430
28683
61822
39529
23274
46133
20113
58500
49607
8396
14183
6576
51929
42475
62981
22835
29585
57367
5191
3032
61881
33625
59405
18211
12914
13699
61379
9285
49941
7250
55410
62598
47336
63727
42857
43952
54592
41022
30797
14807
15581
48638
32432
6117
8157
52877
58920
16208
26561
26077
60703
21537
50931
57439
58765
55935
37208
32745
28164
28937
54376
20494
39317
31395
16121
16820
34219
37506
18245
17129
32616
16212
2853
5616
53041
24446
40644
29751
20586
18327
51869
49100
25503
50595
7228
41673
32719
50694
48149
18783
5160
44650
24535
41373
21823
38763
44844
49477
6484
8304
6774
54793
45643
21343
1943
53405
34596
12149
60697
43461
22127
89
20254
27692
55023
57469
39553
60565
51812
45117
34732
57589
58473
3765
46689
3665
51158
42632
11419
27501
51967
42219
37652
50756
56918
4243
48836
63794
43475
27007
55090
3800
13480
64720
57960
14454
29432
31502
46488
16574
42247
60438
25075
3311
20853
33107
15140
1630
64635
35430
52873
55880
9825
35510
53680
7738
4513
17762
30372
26253
52629
1193
17306
28130
43979
57699
48796
26758
43371
36429
63194
64434
38983
21601
11881
6287
14531
17171
50708
48898
3229
57106
28440
36563
23919
41641
17571
54478
46963
43067
2659
6777
23229
62650
30416
45329
14145
23757
24613
20129
31850
17605
61497
38234
30325
33846
21371
56994
2262
38635
52732
58797
524
54688
37629
61376
31185
52640
6166
52095
2462
38967
33206
32126
57391
2337
46535
46985
44920
22184
10785
9748
50254
3679
45246
59356
23716
31964
65181
14879
29269
50403
1555
12574
20642
17811
13435
28561
6968
12896
51132
28437
61127
7714
35919
30271
50769
23824
13778
10847
40581
33781
13520
1406
2490
29646
60332
55911
40350
18292
57026
37732
14561
14120
6523
52747
35228
52097
55316
40802
6024
59095
51576
18775
16527
32628
22801
46504
19589
39816
57299
9688
58846
49328
20258
21251
48761
40871
62762
60586
30198
29501
16433
31832
59962
61205
49439
18865
34787
43935
9390
28729
47596
62958
56033
41731
4290
59493
42333
9671
32557
9483
41380
27242
5481
24534
5581
39096
59655
12993
57799
8696
22507
2649
18947
3131
8663
47371
48607
18396
32483
21390
51867
33318
53704
36572
56507
39268
52765
5353
30285
44652
25720
37420
13999
48190
10771
23904
61737
45628
53718
53063
32392
15533
29192
58232
15052
38610
16976
59309
12313
19647
31239
46468
37787
19963
7118
51175
478
18022
44497
31282
42242
683
49849
57099
20427
39080
35362
39579
44985
30506
49980
24099
58371
49520
19125
38680
22594
10099
9528
11879
20189
58375
39068
26507
58864
62126
32358
21022
15596
44100
48704
37773
18760
46814
18481
38777
22720
11016
24418
52295
11949
41356
10240
52214
30917
33287
59906
25586
5092
3950
24572
56368
24551
792
48636
1333
54977
15051
51963
42465
56582
32112
5970
6817
62191
44043
44131
37479
46035
25138
2151
33824
46333
17138
65147
11914
18561
33345
48586
59442
38588
35233
11238
4570
12709
38151
47538
27178
36514
56062
954
35927
19140
32420
4745
53080
33053
59030
59989
2637
61821
53373
30264
34328
5971
41280
5502
23811
42166
50757
104
30914
51133
5935
3763
47765
27894
32416
55098
56546
13271
39221
28066
7092
34093
49137
32173
1624
41064
40132
13364
21632
61896
35423
38601
21520
22633
32614
20788
18588
21049
33668
38452
19218
13184
8522
57474
311
44545
11216
49441
47395
8350
57384
32940
48745
53012
62975
45077
13993
33626
11607
64860
22776
3698
21179
45153
51857
64672
4114
42830
32238
35923
18556
29244
3340
29977
44428
43986
46801
28396
21981
14755
59871
16205
12290
55327
40917
17948
15465
10343
62577
5975
34847
56505
32363
36890
61462
4349
10345
12132
55008
24392
48488
51563
59411
60485
30093
33765
64928
61445
25240
968
33668
8257
53708
52330
53738
28436
60813
27128
51489
55802
35669
8241
23568
33757
55591
55216
25405
1719
45924
16619
62286
2514
3320
14447
29794
2482
5212
61348
41452
25673
60289
60297
14432
53665
61485
2636
12243
25870
9743
55714
12401
19296
51649
24962
48748
33909
44468
37306
49868
35629
21026
37249
31507
35220
40771
28206
16263
30915
21078
12065
28895
18235
48099
13315
21605
44748
57927
42359
43863
25885
1738
6346
30821
19750
37649
34820
10988
17858
28423
36137
2419
48075
48186
21738
2463
64926
57170
33610
4297
30744
25442
21506
20314
63238
8750
42084
31372
61195
62846
19662
29925
17468
1361
26751
41744
28803
24827
64586
63223
36550
44491
23511
59015
28500
8767
54340
33324
33741
23061
25014
16952
51022
47656
2497
41927
36807
39316
53651
11961
2146
49511
38858
51991
5007
13646
54139
7982
44228
16095
28886
47428
25779
57558
14724
61198
12676
64147
30177
11828
47568
63978
11359
3449
16686
34779
41372
35753
21035
45585
4672
42215
25867
36675
60293
54940
4623
61243
18336
51091
65174
5120
35411
24475
18788
46489
48889
40462
33960
60431
56804
40842
30063
14036
28060
1538
18202
42002
47749
33926
52592
32778
60881
20186
19476
6963
22981
44531
205
49310
18309
5333
62170
20521
318
7691
1589
32247
21939
15465
17628
23878
1042
35277
42429
16021
43317
26276
60183
46960
49145
26425
47172
54830
33098
51387
24697
55412
7183
35193
49071
56399
8631
48419
245
7565
32053
9902
11481
58166
5432
49093
50844
30084
33523
37692
39441
63978
18654
23324
4191
31687
6082
7849
34825
13684
50257
42120
46682
20766
21760
19982
3573
2850
27839
11665
14939
44154
58358
35787
8521
8494
55767
35661
50652
56423
59264
22829
38527
16618
61424
35133
39379
61809
17005
49728
64284
44728
30834
22492
4436
56619
54454
17225
5371
51989
41563
1453
9988
32214
35930
28478
61244
60241
28919
5722
22398
18501
40988
1149
36000
54262
19792
27514
53823
63779
58337
27957
41174
30936
84
4731
42292
27295
793
29025
65432
24629
38278
13224
49789
4024
9555
36698
49192
63325
19667
36979
2812
26211
53312
23010
52480
45815
11869
22059
28303
49377
57955
64927
58724
41895
19577
57160
15204
33893
33998
17968
50838
2880
50838
47899
741
3126
22372
55369
666
48006
62562
2349
36359
39147
39741
11657
64472
59880
9295
21209
25151
64556
36542
593
4334
531
16886
52434
39387
13609
7291
30797
3619
32688
32051
34996
23821
12881
25000
9239
20843
28030
50164
11987
63684
58988
63135
58897
39337
7817
1283
56414
42461
20586
18014
35070
23729
34092
34741
12594
64593
40727
64950
64467
31030
33532
33239
47350
55693
38612
12718
28665
45324
5000
56649
7444
22094
3712
29964
56229
54689
36485
30376
18365
42278
46293
61916
43054
11305
64029
9649
7605
13457
8695
42842
49999
36215
692
28974
26665
18211
27438
17288
39991
33365
18833
16097
25405
55193
37506
17698
50348
9806
6491
24242
10693
8426
62531
60852
59772
409
25120
39539
7947
7120
63343
25441
330
17634
12630
24739
43624
25868
57089
23
35349
65518
33792
34740
23481
13711
3434
18719
49769
34407
57384
12133
38707
29126
46160
43763
47139
36430
15568
14782
12710
26635
41994
55957
34432
15941
43768
60508
23197
11248
59564
10689
62693
48894
38515
31608
5300
43732
34376
19294
19177
18560
53443
63160
60002
33763
63883
21026
45565
20457
20594
37604
22957
57396
35919
36337
51302
7130
48325
24753
31424
64918
699
57496
8750
44897
36780
55821
10400
17963
18153
28283
8321
59029
27761
51747
19762
58646
45232
3582
22278
2804
37213
51496
26220
14970
45314
48466
64824
39187
4325
15157
33795
19550
63973
1321
4577
62682
52533
32338
37288
40230
10095
51240
31878
45371
24940
12121
40876
30025
13913
11081
18970
24731
50171
45677
21569
23358
58573
36990
30571
6063
61914
37807
49094
44812
59630
19177
65272
32959
37347
48357
28139
8287
37556
52055
34710
174
28785
56106
24955
51084
2137
26495
30120
38003
41969
22310
46691
50126
60139
45373
19740
50536
35984
19503
7012
27466
162
22645
17505
30793
24412
36411
19316
16347
10212
46275
12266
60737
169
51885
46758
25493
2074
44346
62472
17484
54964
60539
25157
48956
9533
16026
37029
44583
19026
43773
43519
34933
54949
54973
17009
19494
43414
2350
11360
52458
32408
10136
61835
52743
64345
33627
43732
16793
22014
39339
10935
57812
48296
50930
29925
8708
4713
24671
58638
21121
46629
29864
57737
33763
15228
44366
38812
20706
51930
40654
40851
51298
12216
1415
9806
13789
46525
7212
33606
43385
9154
28266
12730
50030
7141
57113
5186
18199
60463
51
41694
30387
38769
55167
46742
20364
20562
65226
17198
54118
22480
19969
22073
5920
43186
63902
7015
57786
47400
35128
60251
63751
28006
50996
6881
27382
49321
15144
58234
57903
14202
29417
4400
48378
39437
3965
22997
18207
54528
63049
48846
56956
22575
16928
16149
50794
59458
42519
46162
52643
10277
37105
61797
6100
743
50007
29099
54025
38826
51880
34450
34066
28430
52663
32794
23624
30286
36821
36987
16440
42950
27042
60963
33402
46356
17899
23600
20261
17360
33239
17752
56226
48556
35704
1996
39214
7993
24413
38664
13926
57992
38728
44148
42195
7460
62992
32316
63015
43338
50295
38994
54398
32445
21266
44346
36869
1390
6347
63089
59523
54171
14241
20399
22606
12646
21802
40520
7290
55470
4259
11192
42824
39397
13889
58157
14506
59114
13691
6353
9533
42791
26726
13789
5675
4070
59844
19116
60275
13669
18596
15899
37469
36212
18849
8899
28988
10289
32999
18797
2965
50402
16576
18764
3402
31784
24193
62246
6987
53554
23089
5118
42421
2791
33605
17417
58811
56540
30004
37012
10628
54990
46120
12491
31133
49570
5967
38764
38617
1349
1956
10228
229
40083
19505
1001
33230
24918
9162
12242
41885
22274
41323
51875
7916
18262
50775
26243
4937
50529
49792
22699
22834
5776
64897
45043
52842
2921
15087
13135
33025
3838
33633
36824
19531
10587
490
21730
18117
9688
8721
8786
811
32747
9263
12366
34062
33160
62129
62975
38722
31495
47401
11663
7308
41894
31051
17067
49535
55834
51919
44955
17720
57995
46240
21634
12865
20142
47423
14753
4976
2557
59472
56101
43792
63187
40087
26254
46933
26929
15006
39370
37770
38034
35465
44509
40389
48659
33429
19248
46638
54492
17279
60802
24751
15215
24164
34671
50230
16063
43839
37084
61890
15479
10166
63810
36490
18398
5131
58091
40555
28397
47531
158
33967
48381
25358
2521
34917
21054
18645
31304
45270
37493
43726
46454
48362
22649
22529
46917
45975
36633
31477
16870
42071
40415
14648
64034
55277
60882
40607
58004
20683
10982
31026
30341
34376
25471
16965
32034
35323
29381
43442
30253
40543
11637
30519
18363
55419
52461
47571
749
46716
35566
13017
19979
47269
36339
59699
64433
33800
16990
27184
48739
21380
61038
49687
15821
40232
6869
23068
6972
41458
9895
18774
30065
12541
13797
48017
29947
32189
35437
1579
50171
59585
5694
21723
782
52825
64868
1611
2116
59719
39945
38118
64027
6358
33413
16617
36017
36296
38148
28616
56828
19389
55609
33829
10261
36100
8811
29092
23623
35892
14038
42950
51665
7410
50355
59055
24624
43548
20831
37393
7393
50715
36408
16704
35201
55838
718
33902
62848
13367
54423
43231
20054
14876
62704
15566
33583
56287
40804
2924
14078
30323
23186
23916
29334
44118
1846
53966
48886
20253
10495
46770
60725
36750
45459
51986
22847
33899
61912
37548
552
22250
21830
51948
45214
63572
51205
22191
16388
56636
27341
40628
40301
35018
9736
15799
24949
11559
65202
28710
57491
3669
50951
2999
57759
1804
54815
54835
10507
14153
37829
5029
35074
29795
63263
19961
39287
63892
21728
21967
7962
34144
47729
17847
33723
30961
24562
15751
51544
55793
8727
40020
21025
13910
47895
12516
16823
43320
24244
36803
11387
11564
24354
7863
30240
30516
9944
9630
57357
34521
16742
2085
24158
63115
26922
1998
13827
1879
14739
31896
2240
49509
33510
25081
1053
13140
56611
58721
39994
52001
16968
64497
17072
35743
15608
38923
7254
33091
64891
13186
63492
1701
52078
16866
23022
55492
61959
2863
52879
27733
60821
38710
3355
13961
23625
38415
35881
7107
6490
20899
4503
7068
57805
28568
13069
52096
55170
49930
36353
19611
40356
42115
57604
1621
65043
21690
13173
54964
61853
33179
29151
24546
24110
63220
45008
42103
46802
38753
10827
55239
52070
57020
44548
4525
110
5106
26518
32939
58920
48497
46795
35087
12523
48256
8948
22225
54381
3801
44045
46840
8181
887
34196
43313
9717
56763
2943
18583
28024
18725
17788
55901
15819
50532
6079
23480
42796
2172
913
18839
14106
10760
27496
62318
8374
9608
19584
2376
36415
33588
48084
41659
46023
53579
16331
46057
29055
63334
44946
62411
1544
18325
43664
6685
8720
29208
47341
24428
56840
65335
53335
52125
51454
39476
8152
11718
14176
43536
2208
55263
5268
52281
11003
35425
33938
52139
16021
63850
26194
20564
51961
51206
57878
28439
14702
22731
5368
17453
37790
14594
36775
50889
54340
10111
48181
49382
19447
15271
31992
5971
366
11074
55940
31414
35849
60689
28962
25883
4560
36461
21270
22780
47085
25206
27192
41811
52765
49465
33023
35484
19270
64925
5607
19755
35448
27567
26529
20870
61311
19856
14620
29768
51723
36366
29907
10633
37425
51321
3095
61777
55288
29229
44372
41021
6191
24316
6561
20680
57832
5827
6348
7968
24142
61933
64506
62291
64467
31409
63472
38248
18899
7353
59161
24116
24677
38604
20912
44612
57117
29800
551
5813
58543
55703
2809
22919
32519
2693
29595
51715
64309
14258
60357
45182
46170
12577
19496
18068
46631
53475
25027
31622
60345
25613
25937
24803
65327
37056
9251
21967
30610
59313
58531
6337
41077
13579
49852
29891
58740
55347
17419
53535
30433
36019
49757
22537
27736
32273
63735
50958
8743
29814
12708
43320
47271
36516
29156
62721
13266
10191
49605
15553
47951
24153
43441
15818
32521
50589
8664
5797
6491
35320
37430
1759
15441
61785
15306
36303
13007
8977
24468
50556
59030
45898
49565
47989
34906
42665
18688
52975
46979
2749
47896
54133
10844
51467
48075
2438
17337
53623
58227
29267
45002
34
16159
35273
50906
45048
12391
57074
12328
16623
157
65297
39794
29726
48196
12848
28680
43921
47402
29173
63928
3295
29217
44887
33064
46472
36222
45802
18712
35251
34209
14467
18699
22207
26412
41945
1122
8099
27656
44452
62146
63247
48464
2506
48003
22863
56228
9501
53920
45187
4448
43600
29792
37545
48355
26663
29529
34723
45742
29476
14579
43585
22212
39850
19672
64174
31657
3754
2621
2773
50214
180
45657
17644
15263
44928
32862
41298
22556
37823
41306
18599
54880
43184
14252
62750
12204
22395
52186
24637
45468
7670
63363
4805
43929
19466
62957
21555
33227
59112
43480
61449
55818
57564
35913
61238
31309
17902
20786
9840
46032
10391
57640
54973
64594
19569
15827
37133
27959
58894
48853
39495
59539
47801
54755
44197
35124
21867
57878
40239
55680
1591
58430
1
38809
5005
29291
42673
40940
21860
28059
3172
23310
5267
41379
26667
856
13569
41359
21114
8942
4921
51091
31868
57830
17311
41735
36835
45274
19915
17707
36892
4062
44329
12678
51115
16294
31171
4001
43154
53656
957
22859
24788
41275
26189
1509
38298
16259
63419
44314
39299
53765
27762
63881
25947
34633
26440
20825
48188
58661
30445
5363
21586
57835
39108
64394
23621
2950
45150
17153
55449
47647
34201
57433
2643
2595
53676
20740
21851
58663
45950
12340
18046
37139
56171
23607
26096
60083
32552
30739
22168
16258
56469
53315
10058
44948
18948
12731
41255
10353
39761
31004
60943
7765
16634
56885
37535
21599
5478
31381
45484
12352
55595
30171
52142
13314
23125
39523
18421
31909
33152
44836
39914
12374
14143
55614
18079
45716
56535
18044
13398
38091
63080
38043
32627
7752
49360
59570
39733
5833
11321
17379
9446
57726
8346
44062
11942
41506
46684
59244
11867
33993
48679
44022
25759
58710
26540
51474
47669
49899
61327
32482
13222
26591
43530
32011
19883
29537
56953
61722
29532
16045
56517
30522
24123
57184
14167
62936
57152
34875
64318
56657
40271
31547
19672
15069
18743
36149
6493
44611
39330
6609
181
63232
46463
96
35738
61057
48411
64707
56226
59913
37000
44364
47875
37467
16367
7375
20306
4522
23185
40432
20049
4156
25558
13594
5292
648
49213
45350
61256
25955
2024
39345
4374
10462
15416
1836
29507
48104
24566
34413
22560
19562
8573
10618
39364
7105
5556
49308
20682
22992
64251
20585
36827
17594
14837
35869
17774
37494
39765
26133
11417
51308
26425
30262
22650
14122
45483
6339
25057
12377
18694
22686
47002
25667
4367
50512
61952
36841
34017
49640
17386
35540
52701
10690
7218
37925
7455
42682
46766
47990
50307
42864
45285
13287
6079
10063
55816
41473
53807
34585
30747
28711
56843
8986
1457
42677
43644
40854
62440
44347
26703
6037
22191
37939
51104
40298
15767
5585
48415
34135
43411
48172
13137
24161
13002
17995
22589
8734
14303
54363
35921
60755
29493
55861
15929
63110
44826
28798
12095
33675
3100
15749
40965
61361
32624
38165
43507
39666
24669
6317
17002
5507
47369
40097
28654
47744
13359
42148
20120
7886
2101
2819
58840
1359
44405
22697
53371
17251
42849
8429
64898
39407
36913
37471
40522
16118
6643
4024
45729
47983
43166
51064
30088
54875
10739
61799
22095
38580
49193
43194
175
44006
23548
51121
35032
38390
55942
50606
20158
338
47151
5578
52108
11025
62418
34301
19245
52990
7446
47526
20253
20108
50577
14455
38617
34659
6253
47579
22129
46351
44280
35061
7510
26189
26225
50909
35688
53689
56493
25054
23108
28881
25926
49503
52961
9160
29629
45123
60021
43668
6164
21943
34046
19890
324
29448
56042
41306
26282
62482
21359
28709
47427
36662
57818
12865
43277
54166
63487
56016
21850
5434
15968
35135
6054
17084
61250
35862
11322
28262
30451
53564
14378
18898
40963
63242
61046
45522
44416
33577
60124
42663
8114
26896
40865
31663
11309
22224
30007
31744
53676
36322
17532
31889
42079
38135
62610
31011
34168
36086
34657
52966
19185
45795
45789
28779
29863
13215
16969
5002
16009
30211
11421
36932
55340
37397
2494
24181
16099
17616
14109
53102
30010
48169
7366
59179
1719
60873
37843
59739
12973
46752
13086
12103
33763
62704
3286
26540
30694
717
56650
8808
50135
7840
35295
17321
59720
25576
16204
34486
20725
4777
63483
65096
3787
37755
47287
55981
33565
56416
23407
42491
20818
21733
33062
61256
34235
171
9698
61201
60911
6920
5324
44495
4736
27335
31227
15433
25240
46695
40666
50799
21271
19649
18670
59537
40021
31864
3922
51472
16440
52829
50700
5575
8828
17898
51726
25580
12621
14248
54731
6290
48403
18851
37611
31525
23250
17703
7521
22059
47946
7512
45865
4109
51446
6391
36052
30589
3011
38623
13973
63669
21907
22360
53637
3342
64849
8586
58445
2010
32224
53623
6131
45212
1152
39327
39785
27011
59416
37624
63509
32605
36756
28007
25638
556
17500
22929
55887
21435
43615
31822
4786
53261
35272
7266
27606
7733
31852
21719
57463
10280
26692
63401
7855
47452
14316
44100
46093
31835
31770
32571
49063
63304
47707
32705
16549
28368
131
43539
14760
48701
34143
3622
836
54398
30563
20011
13558
15690
59233
28455
32429
39137
31482
54633
35632
8966
39920
12417
55063
22957
37824
47688
52155
14639
53836
60126
15438
47962
48681
9606
57876
33193
53614
9273
29999
60750
2794
6830
15201
23195
53863
59898
39760
20637
14698
50092
30853
30763
43153
36492
26428
62887
41307
50992
4101
39391
56486
18295
24246
53370
43632
19923
42598
47260
41560
20574
60722
29119
286
39362
6649
48809
22355
10256
18009
19334
50327
8918
37796
5101
61140
50440
29820
20265
53509
51152
48434
21931
63359
32254
61138
38448
7064
3325
59485
63530
22997
5098
43033
30370
33863
22507
65372
41816
225
57189
56546
15990
51694
5278
24253
53053
51374
37191
37800
62465
9826
60201
6980
27937
64328
27368
63604
31733
16718
51845
45056
35077
23168
34749
42427
21641
23242
22981
43605
57829
30581
29360
10528
54136
48509
2782
17371
45348
21005
13174
55909
34376
60377
32215
35343
36512
11035
47929
15547
16092
49339
62693
37125
19043
684
3446
36047
42470
4301
22992
48694
57594
4572
495
8733
29932
60501
27920
34066
36477
21228
5482
32690
31255
37190
24779
48782
1080
52772
35371
49720
40401
40411
32013
46839
30870
28199
5267
50092
58951
20421
52898
30572
30392
37744
52941
8418
31281
19500
41730
26766
6082
50147
13907
8258
9187
33956
5924
5874
8499
59671
18393
27422
2837
26161
51421
53578
52610
51987
11591
45554
28401
25566
3912
54092
9564
31809
23738
8067
13899
27426
30108
60826
15772
59540
42184
36717
33801
64612
25990
50092
7780
58679
22324
50014
10281
34039
62205
54822
30904
36246
53315
47878
61448
9569
13288
12385
29670
51244
64939
56609
50525
23177
19460
59475
61578
15883
26027
34520
15095
30811
39844
49769
3432
30669
9264
44373
9885
45786
36250
9378
42024
44649
60565
14453
41321
38235
21714
7528
4980
26288
52768
56916
19194
36044
36717
21636
49955
45335
42464
63177
1175
56899
17093
1795
36779
57117
20886
20024
14787
13629
12017
28539
33195
24406
19985
63474
55140
15129
44764
39592
49014
55624
6771
62289
18274
8416
20833
4754
40374
60955
43096
50806
55414
18701
56592
28591
50492
33792
59263
33283
56973
27533
54012
58296
576
57766
31021
5275
30353
48333
48178
32667
43759
23727
2005
98
43315
17539
38754
59094
55817
59318
16075
40897
64216
30007
47736
24349
51016
46797
39920
21655
40103
17469
14791
18981
25772
46893
47946
61731
58700
9866
53750
15136
24625
7000
23875
14381
64472
15680
60210
32294
7534
14033
31234
52296
63144
22317
61747
60477
8882
47451
61765
27169
20943
22559
20276
17190
26472
13392
7194
7334
62554
13469
51293
54371
60150
12830
19086
570
60933
35059
52603
30454
26864
50757
40953
2895
57651
63859
14379
37776
18168
11836
5033
64451
34068
30642
41919
38092
46196
19762
1859
16808
22197
31572
16271
28773
10710
27277
14837
53635
19220
12668
23125
30766
22567
38949
7283
32123
21529
61948
39637
31114
60158
9648
30266
20625
50971
36866
38485
15450
63536
65141
49350
38485
44479
27044
13421
24683
63036
6529
16563
38525
54719
44281
53436
33628
33178
24738
43345
15269
4980
32712
50866
4884
45384
26715
34005
35629
63147
57760
31194
4106
45049
47755
30990
24040
57428
19782
8927
60014
46901
42952
54638
28820
32298
53524
17331
56144
9544
52706
2386
20815
44598
10067
58211
762
50664
47379
6034
48432
24097
1971
29335
45488
15765
38462
61844
13481
4803
27710
8111
16990
47311
28787
50237
11854
39843
47251
51841
21549
15273
52488
29754
5056
22948
1172
5029
29519
42650
64785
2642
18758
15330
15001
10068
1826
56438
59339
7923
6414
65053
160
54127
41007
64336
58747
24512
42565
63902
31631
65184
34971
44875
46578
56041
7730
56610
3742
27718
45429
60612
53820
25795
58946
59001
46753
42330
30132
7566
22064
43187
61949
11677
54234
15798
4998
25055
12456
24562
3435
2610
56465
18988
50231
39189
22325
2367
47366
30797
42995
43490
1060
59979
65384
313
17697
55921
38301
52019
11089
244
37470
44993
30293
43894
51608
11128
32620
51511
6255
50823
27974
56161
5104
1866
5333
53228
48187
2875
24644
50293
37379
30686
56905
22225
29855
8367
42052
24477
58779
26164
25931
5648
7577
42373
14944
24470
31895
32747
33476
56866
35062
10168
29550
7193
41262
14570
26142
4567
12507
52641
58445
15158
57132
25797
7546
28565
4213
50120
4068
31555
63675
46554
51055
27851
11955
51765
33550
23986
43747
22351
47796
63021
19133
52523
17237
8096
23184
22425
11015
1626
33858
48391
18153
47161
50112
7108
43526
38244
55881
24670
55533
62793
10530
42515
34549
7845
16776
8069
32412
48056
8506
55440
61172
15816
56513
56893
22592
16165
44360
63469
9853
51125
61261
46752
14292
50259
34373
14266
57338
26441
49030
43134
59610
9050
22763
45893
18078
27402
15788
26731
65357
45934
64541
5937
46384
36587
36021
1056
64613
26935
15433
49438
15138
32844
1541
23130
28531
5808
17886
30907
17618
64692
47114
16223
13580
8737
21936
46026
17709
37654
9444
58050
54971
33676
1556
61789
38550
26801
22666
54050
35034
40455
60511
33188
57446
39424
59802
44528
61323
2923
13432
18517
50120
35575
58121
41972
43768
46397
59465
15109
57312
48398
47971
14317
39616
4442
40241
15834
63716
3127
36843
12523
25655
10695
1234
37783
40793
59294
3199
34076
16151
34257
35213
12407
45351
34795
47153
344
32333
20903
13246
41483
39536
34975
15980
14865
25072
45142
45830
36591
41482
25613
47994
51336
51466
63011
8892
15020
806
52521
30011
46370
10479
7081
56899
8923
60706
57530
58465
32724
3800
56035
56145
34807
53263
1947
33223
53358
56000
17949
15114
26533
54205
34065
4247
17107
49348
35488
9732
47909
18637
44200
37037
45267
50336
52186
61923
21744
31675
15770
4836
49746
6099
1650
30614
44585
19976
62447
3750
30323
2099
47424
8423
39022
46109
35078
53349
48657
27093
7580
7746
31468
39133
56767
35242
2006
12566
11656
26251
27691
29108
26543
8577
31269
14762
31335
35665
23462
26908
57680
64948
38699
34448
25130
39710
56118
13796
50111
15781
33957
21389
20606
7960
9678
16353
1169
12345
24788
4687
38572
38191
29570
54397
40631
46997
39522
56285
51525
25656
43714
17516
46272
41593
39731
20770
53169
57030
4184
9978
61744
27793
17405
23546
57798
33385
12680
44616
41030
16589
38161
36724
57195
21407
8347
10301
11704
29272
48953
892
20296
43941
59249
15659
56103
1589
64402
43225
62417
4638
51949
64182
32320
49854
41337
47357
17289
42792
35673
48495
27061
61166
32460
48956
24837
41155
17163
763
21704
48441
19546
2751
55160
53693
28298
31440
37000
55796
1172
7897
23622
64523
54182
47140
34694
16141
40185
27095
17712
62569
50655
63059
33144
45726
9802
19200
46877
11395
31955
25485
31395
53003
26817
50972
5992
12005
34069
10072
43754
60195
60303
39431
26115
64385
14893
57410
55561
36711
62491
4560
23737
26052
7986
1971
50910
61489
14680
48793
62525
3161
41611
7819
3478
64670
55992
22537
64993
25203
27360
19180
28340
38683
59719
60675
39116
20598
33226
42066
26264
55792
25993
31821
33446
36361
44596
51299
48329
4909
43535
65139
19285
52777
12787
59785
13828
64867
37437
22653
15862
22174
11806
9465
55609
52583
49489
62806
44064
61871
13338
18886
15032
62553
40282
19493
28730
46485
38937
29098
27816
13280
61334
58011
43149
19555
41080
45634
16634
18758
62311
3733
49019
38946
36310
33211
58548
134
24651
17375
53933
50805
19917
31105
3990
59119
500
19608
57234
51353
2326
20768
22717
19574
20133
56866
44642
16998
40391
61843
19125
43335
23615
59945
2259
41917
38003
3087
15798
25166
17934
54537
24946
59232
17880
57985
14692
59477
53661
2469
41299
60676
22884
26592
46002
51481
18089
25479
29717
60969
473
13545
14680
20090
6411
32758
24546
22599
41796
57079
25092
54903
2122
63361
49211
41561
27994
22681
6567
44427
49102
1018
53338
62819
52300
10415
54632
7610
20343
24255
30148
20310
7457
19575
58687
43478
11478
64504
45236
60497
46915
49160
1703
44854
46121
44899
55718
39915
7109
23585
26308
19831
36529
21849
47205
14470
20243
57586
5784
8915
45901
16866
51830
51727
49295
46013
24899
47889
29994
1614
58053
20842
13169
35295
57001
53696
23957
36209
55422
29693
29897
13569
3771
24926
33125
15472
43188
56691
52861
59789
40468
9585
24341
4825
35327
35284
15070
35836
40105
48231
27782
49476
7928
16543
59546
54549
41383
50266
43834
59027
12116
45289
32741
42306
13701
23895
31155
62965
10293
9493
30141
32959
58165
17344
54310
46480
10734
13000
46397
3018
6789
36452
26410
24091
15200
13744
52707
65015
22790
37976
5284
12798
31264
15525
49842
20001
27663
16241
18035
63926
10292
9563
42310
6904
3436
11444
48924
24627
31117
55555
24362
63174
26140
60566
16361
27105
9962
27461
11384
63290
2376
17362
16722
7712
30278
10662
60198
30701
51778
16768
52254
18396
33886
19787
51554
10098
3666
32687
17950
4651
50181
4243
37832
38898
2826
45616
42215
27245
22187
47107
26875
10582
65240
6052
48119
36156
7616
31705
26742
58624
28539
33673
44063
23812
27310
17762
63049
35692
30443
29585
15793
18687
30110
59923
48619
24783
63554
57481
51275
17581
25791
20896
12825
47720
63891
54055
26404
26485
47286
46585
48224
256
30828
20188
31659
33626
36447
21007
51917
28899
46989
28764
56899
50718
10543
31862
56514
45108
24492
97
29458
21022
42946
9133
64567
25622
23099
22594
4915
19664
8962
43383
28396
1043
50266
24150
24455
44346
31781
44732
15236
21032
20625
39186
1640
57720
51613
31452
12925
8424
41309
64147
54137
43927
60149
28962
62320
54523
43400
42875
41121
46265
63647
31219
8994
18178
12581
47812
39604
43213
35953
32872
4048
62780
63825
22555
49450
36433
16211
31991
4454
9233
29823
43566
53402
46853
8262
58661
36602
13856
15931
18836
18792
58520
35829
15387
55406
13115
45309
55364
33883
2995
33667
1878
19471
27853
44077
13588
2619
55994
55120
57990
63070
20224
24546
56531
35454
28897
22145
2526
51057
34717
26194
32814
11215
26208
27847
54497
50763
33130
49527
22248
23766
24207
17373
23780
42054
52481
61663
9331
48079
14703
22595
28246
15690
54673
4885
50395
26519
12205
53395
38879
26533
4691
51462
32042
38555
24004
17679
4277
46608
20350
57792
9574
38292
2701
20097
37547
7761
31272
23748
16991
53387
24330
35702
6029
18523
45449
33266
64142
14787
63213
7736
25917
49356
45358
15654
2046
25527
52601
42965
12530
49720
33895
13421
61813
32099
42695
60772
47416
53398
47442
61105
44015
53816
64341
13509
16043
30247
57253
34346
61305
32070
63872
40683
44746
49683
854
24304
65435
33739
1700
11666
567
35323
11135
24321
18515
63019
8312
29866
51438
63046
35662
64373
29212
53261
43536
59904
54226
16325
62428
41813
10238
15092
20500
2909
30654
29460
46605
56138
57738
56158
9833
31793
38256
23871
4675
14566
56917
22859
3944
24648
26284
45946
3427
50430
50635
30562
15227
28922
19649
57993
56509
23249
9079
22235
3957
47979
11362
33313
43437
47049
12354
55673
4665
4790
12467
39299
13352
4475
26012
34368
60282
23969
16826
21963
48449
42953
16502
36301
31840
63854
32191
22876
15020
44385
22843
15088
18426
55300
31386
38890
41765
45013
30941
28834
54985
21620
56153
42139
16462
61434
4544
14706
62183
24559
39260
43535
20227
53183
18540
64833
61495
47131
59591
10007
57401
57710
62003
28145
7259
36463
16339
42372
11225
9840
61563
17976
48626
33750
53455
58046
54096
63592
31138
11307
17680
18430
11106
45492
38740
64333
19498
21616
22783
32444
29003
5118
19420
43371
37839
10978
9977
19224
34687
53672
18721
11931
59030
36565
11274
40465
16405
33213
8945
2828
638
17430
4598
6308
27776
616
57257
44087
25677
6680
64425
49912
2863
63284
26706
24190
62035
46817
37952
47610
46614
5913
21906
25078
7908
5474
20771
50838
31782
53652
13805
6012
49908
25951
23549
18953
9742
41463
14629
59913
31438
29417
31711
34831
44687
50685
45267
35455
19092
17488
61597
52730
11162
21862
35373
52475
18478
46002
28835
43292
17734
39796
10616
60215
32822
13749
10824
21085
15491
37408
18663
32420
41726
8894
59796
2122
40161
64085
50880
54831
33853
4920
42661
11441
13725
8137
9039
52876
13670
35151
62925
8375
40199
42588
33630
22031
56292
11684
54772
51225
3891
42563
41748
48987
48272
65409
14506
5110
60275
48670
49349
9244
21007
52568
254
35952
61342
57452
49766
24797
56092
14253
19604
17667
36176
3797
28428
12168
6807
65256
13181
21470
5643
57039
53715
15462
38182
36210
53129
8812
28678
55196
4855
34864
38624
46447
3760
21152
21733
45957
48698
17819
25167
36698
10110
13800
53235
23900
61391
47480
15574
25121
39439
38178
57141
22435
29334
59122
18135
32573
4346
22345
42767
50048
44064
64528
10602
52483
14090
51330
8215
30149
63740
2139
50515
1422
38817
38420
34638
49039
46947
21692
27993
17201
65200
55301
27686
15161
51006
14880
54256
57576
14559
62630
14655
23772
13992
63641
2734
30728
49907
28787
64079
33057
4828
1058
7308
31534
56447
48735
10200
29724
60665
20097
31630
8157
19375
51923
35604
27634
24670
53893
2051
8961
4779
5546
22029
54180
26112
13492
47296
51068
19713
10067
5163
49751
36256
30946
35763
54384
61943
56259
13722
43505
62465
15845
26426
5825
34325
60205
26914
29719
808
59749
42000
35828
8409
24722
27476
18454
5886
18863
42918
22031
12122
16392
2487
35799
61906
38615
10735
56174
7419
1040
32535
50627
39761
47434
51306
10073
53660
61603
62633
33072
23110
49860
19062
60843
18596
26519
14208
55602
51665
45802
9135
60252
28884
7718
9457
19342
54825
18237
49955
57934
36784
39867
13999
1184
61240
10359
50276
22409
18133
24649
55642
64267
29430
58419
7601
46950
49950
14103
14706
55464
36248
16794
59941
21023
43420
58300
59349
39857
38091
6003
62842
63137
4606
65188
47086
36346
21640
51220
65351
21022
6837
23440
18787
6988
5970
21019
60924
59466
40795
52519
3973
33182
62797
21826
26991
5672
32017
44780
49817
8531
28914
38401
51498
21152
23099
17946
17363
46891
18600
19188
44566
39039
3388
49139
22911
18074
32973
50462
40444
33118
39060
23230
49212
5580
55742
63499
40787
15771
40586
21237
40039
15073
27426
21181
17676
55962
2944
38964
51928
29512
17796
51864
28160
54856
30169
13648
6370
34764
15538
3406
17808
13810
30480
29872
14398
58789
9709
45404
34875
29195
9109
47935
3019
5074
2972
64407
52087
30863
103
41570
23298
1042
54947
8849
36504
10600
39495
5855
5846
57324
24593
10702
33112
40203
34891
6774
36792
34173
10233
64723
7254
58766
33620
62714
9760
41303
11227
42378
65410
21010
40856
57279
60017
7244
16546
17439
54737
39646
64527
33870
48775
20178
14862
34765
49043
39480
62006
22777
12123
33886
24150
14819
65534
6264
3859
59504
41079
24272
64309
58513
11143
34120
18474
12256
2329
18233
63334
52295
50598
4097
63390
13477
41102
15726
55226
34463
62557
21598
35114
26798
41095
10461
33896
6473
37330
3397
53726
59597
16418
15670
40629
9130
60403
21476
23840
62733
39951
59831
11503
41131
2379
56569
45046
19397
54523
15743
24094
36970
36560
52064
48986
65332
37124
37438
23891
18960
45493
46992
55735
14889
757
34915
55045
62545
56128
49754
27030
6485
4798
46859
31830
54224
6876
23864
65080
31652
23828
42865
59619
65074
46147
1169
52002
62750
7470
60570
36459
18342
44118
36296
64422
26205
39916
43394
62271
8562
44531
15565
7358
62488
183
18512
39919
24208
9125
11495
45975
26183
18348
37865
44642
15682
53823
34772
48708
54051
61254
32902
13004
13115
72
22431
46673
23295
41876
25274
17477
15044
17523
46207
59955
13044
19868
49401
17062
44670
29176
10871
41971
52648
48085
30657
37899
53742
9967
50590
4285
7680
26663
40471
59036
43717
6719
29116
42336
34775
19565
9192
10001
22584
7000
25775
26488
36719
57009
60205
14439
2647
8104
55819
7310
9930
30625
64606
35569
61383
11894
52714
55983
26222
29566
9063
29049
60977
48807
46294
28596
16731
22055
52758
64890
43398
58365
18891
62149
48425
47290
22296
14325
47799
3384
17931
28843
32863
54607
49859
5595
47481
13397
16304
54686
3121
43826
2475
27558
11441
11236
6303
52074
48666
58226
54093
33306
35186
46937
26163
59485
65080
46388
11775
11381
39224
10029
22733
31522
37977
7604
19619
46576
37765
46306
42035
54676
38268
28269
47206
12106
42779
4895
26267
50656
6397
24849
52272
12197
49048
13303
59811
12443
27293
37641
56208
1836
30123
54003
483
64553
48540
57161
18956
37280
51755
5282
8987
42027
54508
56052
43418
39166
50470
54717
34439
29931
21424
407
34882
29694
47812
7884
19681
36443
50198
12746
53345
37887
52036
13500
16743
47144
40562
10828
57449
36847
2054
32703
57758
13094
6522
2850
46643
34151
43682
32093
60323
1310
31150
61876
5602
48963
22997
63913
47665
41296
35664
37823
43642
27414
11751
21894
39799
35937
38050
57504
34580
42189
59343
47002
14881
48971
64216
61587
27958
28906
7579
49228
37465
59938
62909
18320
46927
10368
62375
53262
10603
28068
30210
32933
3055
37746
6003
16095
11739
57555
20666
33413
6361
8879
17787
42653
59877
16480
51864
583
21000
36541
39556
45824
42706
9466
58686
47962
19674
40245
48076
33436
19400
56265
4055
11074
41475
42267
6664
4254
50315
11823
34782
40352
22993
13825
39499
7424
57029
48814
31948
28124
23289
50162
62292
20486
47606
53324
63380
15869
54136
31365
55726
63850
3452
54631
37738
5735
54717
40276
57720
60474
47968
18486
18675
29992
64813
1698
39190
33031
21887
49722
56830
3964
40538
54970
13157
31372
57586
36273
44011
38951
59626
2861
36027
28165
43022
33882
40469
8711
42909
17384
31208
16219
15844
39604
16909
62423
1052
6985
34734
14555
48379
62659
11326
561
42463
2460
22831
40661
25755
37305
3460
54707
53258
38333
18141
3738
18014
32852
45550
65430
4367
25941
48386
13327
58422
51833
20393
31352
34077
27805
59051
54928
12736
58514
22065
62930
8808
46222
43703
29304
52750
47864
35674
50685
58565
6513
63656
5244
30487
56267
397
41941
54401
60780
13887
27415
32210
14646
38665
1841
29632
14482
51650
62484
2776
63362
58800
57554
56720
16574
38164
22659
27444
37792
30958
17596
24032
14053
56050
37260
6124
28113
46674
18872
45551
9909
13904
12862
35084
44855
39511
17784
51997
4995
47267
9965
65259
59906
856
49564
54221
28258
1657
47340
14575
54988
37253
15869
48952
65260
17817
10354
38928
8503
32567
17796
2913
55636
4004
47699
65105
51054
42401
58090
54605
60266
7985
64671
31535
39824
33151
50003
7477
49865
57469
2435
43524
40381
46774
22862
35419
47263
2446
9242
35731
405
39674
36817
20204
25084
22846
23941
41427
37533
44489
18472
36779
58664
31452
62136
65418
54022
38662
5500
4408
3791
60139
13329
33392
26151
48467
56585
4375
47819
60315
40640
2975
58585
41918
50751
28780
15102
7543
14570
65012
33230
47091
15655
3092
41918
13425
26248
65499
47102
8052
44602
32881
13447
43364
47934
5844
24095
44707
35459
63497
15908
50695
58357
20563
61352
27237
38450
23827
12954
4611
39227
7225
18973
48763
37127
4397
22934
13794
14773
1796
34660
42594
27671
13698
15037
47464
64970
12867
47921
50927
56488
32444
36413
29159
38530
38091
43213
54745
50810
4827
33694
56409
42076
35881
8311
51319
28612
46382
47656
20081
35960
15164
12162
27741
9956
34644
55242
25024
30036
58605
14796
3371
26620
33527
55649
1498
39624
17933
59832
16346
46586
65331
24265
1554
57758
36368
18599
54703
60781
64620
12301
14893
33533
51836
60625
51560
23234
58434
27049
14132
7861
12579
13442
12403
45361
50868
16307
64797
13856
59907
50415
503
16659
39726
24173
19730
65138
51171
258
11815
30661
51472
10006
46479
53344
62659
6839
54304
53765
46174
58808
53716
35550
22105
11103
4089
6039
17873
13026
8953
43903
8175
1342
4543
45225
27987
37559
37063
7420
41439
36585
29825
33191
58297
14178
51994
14631
2884
52541
53362
27414
21569
3008
516
12997
31154
56287
4564
43667
12226
30754
12776
19275
32105
7727
8508
7700
11831
36964
31584
5924
49132
47824
64485
9722
57692
8157
62813
63345
45466
39131
2702
21288
48570
60042
30306
13190
62687
1578
45419
21241
52918
26458
18894
16648
30394
48895
55353
40089
49847
31570
46804
23665
21664
23315
12818
23371
30411
30656
36349
33958
13846
55089
32148
40534
56909
19606
53979
30849
37948
28785
50974
29363
27217
56553
1770
31059
1862
23024
30704
22616
36559
5171
53802
28249
62843
50372
53947
32330
22535
35984
13573
45548
9416
30075
63484
62413
48025
2247
21181
28221
55927
24011
48045
4480
30584
55797
10866
19113
21842
35966
54881
52267
22767
32299
1457
19877
11778
6292
38833
61510
50043
23796
21536
44955
16145
16535
7926
12397
2115
30945
1620
57495
55319
36929
61871
16803
38937
35575
46266
50005
29708
3123
19709
56362
52041
17200
43821
48161
13803
24385
16265
22118
23593
39048
38342
12987
3104
61875
25910
41278
57678
26832
51308
59999
29649
49890
53082
23183
21374
59694
39166
45890
50120
4447
57800
50978
60514
31627
6825
58359
1512
35221
14097
4043
12685
23462
44787
30773
21048
32178
29065
47930
44922
44456
43010
26630
45564
3841
31298
63402
25347
16699
30636
51481
7250
21297
11709
16279
670
12356
62650
26366
4212
45153
57895
11816
27995
49178
62992
58106
16351
30978
16306
45003
32351
14760
3789
5676
32664
15675
38597
57647
15996
26051
55834
26374
57476
64940
5410
36595
51032
20909
51889
41461
43849
60044
450
64363
10587
33023
28824
14280
5538
49186
5571
8590
17878
25652
53901
11151
54565
15928
61316
64109
26006
50675
23299
10116
33871
37573
13276
9665
64474
33047
60097
27357
16326
49627
60509
58959
61090
26507
39485
30422
55330
61329
40446
65279
27086
60797
42290
45227
14851
20815
32153
8484
64420
22956
2765
49018
13232
10131
44153
1456
61252
4544
31271
59614
7973
40546
65184
25826
52287
34693
22716
32720
54185
32834
3442
55567
52062
13152
38903
34497
9430
34380
55625
15265
58906
37206
6860
47435
27797
50744
21382
57986
32786
27414
16806
7687
33124
62730
16724
20473
40512
26581
41236
26072
51908
21063
58602
11491
62254
60476
55859
8116
55940
26085
35069
2906
12451
22927
9135
28081
61160
12908
36576
64903
44480
36496
18770
53187
46263
37824
20231
62701
25526
24832
19783
26304
24145
29984
31121
2605
55897
53369
27313
7916
21514
5041
15083
20369
61207
65220
9143
10181
29292
26828
47995
31243
39163
54587
26851
23057
35881
63331
65293
16227
36454
4928
48625
20815
56744
20372
45678
11481
20021
63869
46058
15290
62037
25510
26964
37779
21404
12371
33429
57150
55167
17144
51184
9979
48890
26271
27489
59963
51610
20587
17704
42821
34530
32555
13837
7697
992
27764
60604
59505
46248
59106
39321
59296
51266
327
6754
4216
12486
7194
16592
59175
14648
34715
35536
63777
51900
53497
41735
15136
57983
51979
23140
21828
9781
24084
2887
22533
39808
41747
12178
35303
19481
41664
28247
25237
47910
33120
50807
65231
27080
50832
11162
41484
62594
19337
34947
10362
64023
40002
26389
24800
39725
34787
54325
52468
47164
63469
8287
56952
56409
9025
49128
58686
44518
43636
60771
21369
21226
1550
63824
42449
19647
57466
37259
5138
30831
29412
17318
37839
26772
1865
63688
26514
42165
14808
52952
1063
37760
19101
5281
5993
7905
59543
58230
14855
12891
59657
16498
19589
47536
1503
17181
3022
36955
45553
45486
6316
38943
43779
49293
39232
50126
33771
62823
179
23728
17482
7611
56655
31668
16471
31424
5074
9644
41096
4157
63855
26753
28850
843
37355
33508
53374
18437
18397
51570
55367
23457
31808
51283
3918
10851
32616
45679
17682
52681
2403
46800
6801
38872
54472
26279
65383
54911
27768
6567
43640
9503
15993
10950
45763
15915
22161
42395
28696
41300
53577
18376
30469
59555
56941
60525
36265
49683
27628
51698
63670
49850
31426
27949
8597
5507
32325
49304
51446
11348
31703
1767
7186
38286
36407
23298
56925
50648
41212
46277
46841
25561
49868
35718
29888
10370
43231
2308
5536
56461
3807
18847
58343
56948
58830
61717
53362
41811
42296
3185
17263
62174
26559
54917
38496
37110
7550
27038
45494
17170
25257
64757
54257
11031
20167
52279
52647
50266
4164
40734
28387
34827
65099
47443
60454
47190
15741
57016
33304
21000
16924
12841
18207
7284
34549
30010
29617
64415
3975
31002
9489
3398
55480
19586
1
43696
54412
33505
46863
60292
29049
40421
37424
17374
18825
27351
2424
37574
52421
13759
26721
12632
59709
28971
39004
63785
24916
64193
19520
33462
18420
20942
42030
11620
25986
11217
58057
63884
18182
14568
23701
12540
28128
39768
57647
5348
21367
21011
37290
54910
21740
57525
229
13797
46205
53594
53368
33115
32003
35624
34897
54216
1364
20014
38591
20619
7661
33980
14712
9253
13106
47826
57938
53317
37153
32435
20789
8481
41421
60205
45641
11895
19655
59263
1394
32611
39767
8716
45415
11631
49359
40711
8447
4861
35689
52035
28783
42639
10968
3932
40735
45691
33312
56571
5969
9717
57906
26759
56935
22815
13071
45196
10627
17231
13623
11672
19195
35065
732
56152
11589
62322
24807
11938
16198
39840
9723
13217
24543
60163
39487
11225
22610
6427
48110
2038
31509
39894
37926
55750
43300
53878
44791
61862
29408
50110
31194
44719
12612
51680
21305
35478
50340
53087
62496
38262
25536
26099
21722
37667
58838
15747
36578
49037
52804
38265
51057
36659
15178
32320
4515
50191
63472
22851
7071
17144
13554
37523
49813
6077
26635
13557
14904
3289
44973
56597
3784
30063
36248
6555
39064
60751
6362
6852
44331
27439
22816
17385
43804
36900
31477
60602
6316
62912
37483
31892
19632
30998
56024
29787
28007
19900
38359
4187
11517
19319
39701
15173
38642
11923
15821
33038
18394
16044
62886
12035
13666
21024
17124
42340
16736
38066
15871
20490
12522
26452
56470
57200
35903
20032
53602
34348
26105
63993
48547
1169
46421
57678
32999
37651
40821
32830
35083
5639
57212
38600
48965
2912
17029
65199
30718
18792
8489
7658
54896
23727
35650
29350
55960
8264
54245
19845
1858
25124
39592
50454
60351
15627
29420
38059
29792
48590
65503
6412
7093
41705
13518
13398
44724
48897
60730
19285
63722
62536
34325
22258
15678
41142
36624
55247
51890
15895
17100
41209
7277
14223
39506
34497
38370
19517
12616
19929
1112
42001
54566
4263
53424
62389
3528
59093
13935
16423
59806
39229
50218
49063
17943
39572
8278
51524
46813
21418
21369
32752
11840
47528
45278
21685
32248
27428
8971
22412
57426
4265
52620
46091
20885
52909
23591
48327
17881
7193
4993
17172
39834
15803
53011
7186
10400
17668
29173
18040
8226
28758
43899
37755
1668
4383
2881
484
44973
38840
17855
3158
5573
30662
2031
803
14332
24695
19452
6421
32379
17296
10579
15614
51417
52887
22979
63999
506
35036
42628
35899
26449
26715
64379
34169
9645
4623
29362
30067
34329
20331
26003
6180
2886
25161
54909
14057
26408
24424
24536
58917
12234
30368
57369
27230
11393
26801
21893
34155
33025
39750
24238
54517
2711
22789
50674
17304
38289
30275
15871
40208
34209
46367
53661
43806
53946
20489
22119
62227
17310
641
7296
48773
37546
17162
18875
50808
14784
13425
33900
58375
63381
56885
3763
52607
35296
17176
58412
15129
50442
3396
65297
56642
37480
8404
22874
6239
26581
11085
13244
58106
29589
50220
8857
52850
17342
33729
59752
17025
61256
36012
23363
55032
41760
29251
43266
41525
46099
1045
7924
18799
21994
9523
45321
14236
15534
2861
56291
18049
50531
54971
51583
54724
21987
13303
32771
2324
60885
48575
65078
12214
30052
60923
4356
50730
20696
36032
25915
13908
44521
11999
44439
35364
15971
44074
63413
22784
29241
13774
46296
11862
5372
56609
33031
32133
22659
33323
45420
8249
7202
60626
23023
54047
62675
63983
52746
8690
59670
53484
39631
43706
22027
317
200
62360
36772
37728
22635
64243
29215
50063
45576
31420
60149
13214
37121
26474
8205
13409
40117
50660
8659
18857
42112
20393
65248
41227
42254
28529
30571
12910
55718
62580
44171
48888
40214
10420
42987
53812
18589
26202
23954
49775
22732
12621
11633
33177
30566
28615
5001
14889
45707
53210
7296
43491
23848
4074
38626
55288
32815
35276
7965
59537
28689
44759
3797
26972
57324
1816
60766
25402
30149
50862
4603
5092
10571
53547
13043
57873
19670
42757
33125
59323
31936
25165
21718
26967
8463
10482
31281
42997
55916
62270
24533
27776
9886
53902
11033
5557
45209
53035
26495
31731
23907
25562
19794
31280
7579
43076
1055
26300
10845
55636
52223
4798
37409
40847
43170
52230
28991
26521
24116
13857
21195
62596
14779
43867
55019
28751
6938
48383
51218
34052
5803
37959
4513
39053
36343
39409
64135
64678
64646
1276
12692
1089
10996
53321
26294
55417
52149
49107
42838
35805
56213
26001
42977
21551
19282
9152
44379
14205
12000
36262
65509
62081
11027
20649
7685
59252
15233
56675
50697
60520
43104
24377
7648
37065
42164
17824
43811
25658
38709
23791
59219
36810
22253
15662
36686
19742
51082
12999
54464
34016
60852
17774
13949
1930
55896
40894
37732
61488
16551
21714
49406
39932
29920
8966
48878
50330
42797
4107
53178
6922
47153
42481
5875
26554
27108
48804
45781
25481
25075
60358
12224
58774
64671
48094
18981
10075
57963
22891
7840
20106
42997
8109
9667
45247
10580
53076
45405
40997
23944
60111
22433
35927
52556
46582
62553
9105
2362
21920
4578
43352
40488
30359
62487
4913
56202
57788
9837
42960
49885
12853
4760
10089
8375
49647
2629
51030
5784
63168
15228
11672
22573
40928
61134
12375
18925
53612
6543
35007
14692
61463
21558
42255
59639
19928
63564
47252
7644
23869
3363
16474
38232
43002
44559
15134
51081
44528
36576
24268
53827
48557
6459
23531
45670
45055
3964
61014
32330
45228
55426
28573
42051
3078
7099
42793
24748
32483
7470
41476
40042
26730
29800
39310
10150
2419
39553
57811
13243
8377
16529
28458
56705
21643
57715
22548
19493
31772
12985
15466
19809
54963
35502
40229
10027
517
60747
27799
27928
19441
53205
30912
52599
7623
36401
935
18145
50732
18435
18890
15908
15664
6875
55407
63253
47317
22435
1156
58283
6074
31360
32342
33377
22538
51457
55519
60933
52165
8999
38165
2192
14142
42218
4636
49417
37756
4624
50405
18219
56668
3758
63473
61644
21556
36771
11423
15206
60862
64543
40897
50954
55492
52033
64529
22328
24031
12282
53150
47400
22655
4763
63382
49361
28392
6682
15988
24371
33479
23601
51869
1072
11745
16285
39479
14423
61903
55785
65301
46096
39005
14551
31942
61114
62114
1000
63119
32243
24880
43708
27939
39318
42622
43263
49519
14908
20023
49094
30204
53234
49789
55820
62283
24491
8428
30327
39992
13639
59370
11574
3380
30354
43276
36218
64113
29711
32771
32750
45951
23830
58767
46818
21851
16937
32588
63333
37855
18941
29720
18681
50786
51272
34515
44778
51560
39482
64368
47901
14661
64828
34091
57333
3105
2691
33415
11977
63101
50808
3405
33418
63807
35552
62249
12569
659
23781
19401
25739
47728
46398
348
58406
12371
36198
59953
40725
8310
44670
52810
24881
13174
4864
26265
41520
25266
54219
50862
30638
13703
36165
56501
34410
30164
36601
58027
9038
42121
12835
35336
38049
10231
50707
55572
5801
29693
1833
34792
34483
32026
42248
23471
22123
34781
36077
38549
5409
35466
11177
18122
27427
10922
36125
59617
39740
4911
19182
25338
33685
42420
19325
34172
24502
62272
37024
18228
52619
26311
38993
8703
58607
46032
27633
54418
26053
12946
48270
44263
20821
54655
52499
57199
24426
38133
30497
49934
26555
17331
58167
36292
37242
49651
26999
7996
62861
36496
35891
28745
49443
6614
62056
21963
3000
50155
8793
9928
51184
18416
41768
47710
18
50660
51701
13360
59737
15764
59612
60966
7397
356
16635
40281
18224
2490
17253
1599
3346
57604
40875
18510
54100
49602
49308
37224
23516
49883
61626
37909
49788
14597
10160
39444
26097
9395
29708
16374
49634
16866
1589
49395
22351
11255
5521
53160
44981
56635
39261
33893
32567
32434
32241
1899
54564
24223
49165
25401
7051
64599
61814
14930
4772
10731
61372
10091
27346
43886
49613
64761
63120
5178
63073
46523
23355
38211
26857
2213
19363
57981
6686
15557
6296
47418
33925
8392
43031
56180
13377
63803
35567
4755
60822
49772
62482
28835
18381
18285
18380
63959
30155
51471
15594
10071
40246
57253
28675
49391
6678
44523
25097
28135
17643
11532
19989
52685
38959
17537
29098
49834
23488
39111
26562
57911
55492
59688
1861
41504
34916
34764
47499
34193
29103
18289
39910
60164
49884
12177
42466
3874
39871
48895
58754
57766
45231
7629
44654
42164
56309
21256
36207
9917
46066
44684
35648
37235
50491
3326
49221
51676
20889
47199
60917
27208
13759
7470
41249
20594
8840
40501
50129
48234
38023
12728
29468
33021
58887
39431
16383
30211
35667
17096
23511
35305
57240
5365
40000
987
26563
50094
46726
44561
25124
11110
8735
48068
39442
60178
15932
58484
21237
17534
26835
52914
63052
11224
27492
9786
30824
38040
28633
45798
28587
53251
63651
24246
40024
14208
25829
11612
31643
60356
2860
20910
53714
50473
31758
60999
28982
11295
370
48130
23204
50281
55719
5608
38110
55955
36904
64540
27940
57048
8034
33946
7275
39472
41291
38407
40418
55045
6792
5385
17805
56627
13506
15709
771
45237
1873
42237
50804
12386
63138
29618
5615
63248
36587
58512
59629
54661
45598
41972
55776
37509
14887
53808
22769
32916
19216
46146
27243
55408
25437
53433
43665
26411
64717
49290
45312
59743
13594
33704
7333
29410
58551
29062
19043
58504
32000
33995
26806
55523
64040
7048
37560
56737
4040
48287
59414
30605
8431
3252
46756
40333
1913
3162
32303
41359
63010
63470
51013
39342
18847
12586
6739
41209
34527
3099
36637
55397
40578
55478
10840
53932
41905
44169
44816
17861
26240
9301
23461
53810
30126
41374
24315
21065
34620
55279
32897
25835
39819
64107
12113
20675
28703
41658
61257
4408
13416
39402
47011
12134
4664
19180
54027
20005
10783
12495
33263
52138
339
5025
10394
21596
26673
30502
51898
60544
35131
9918
57951
46457
16370
50353
40612
27784
18234
18304
18863
58542
17728
24247
37631
30461
667
12936
18540
41746
46315
59385
21435
28349
46417
42580
43576
18785
32616
29844
21355
47017
64273
52253
33097
6492
8560
38012
49815
22688
3252
46259
47263
51399
9212
38928
54093
38623
39793
47937
62814
30537
53765
16727
54155
11575
42741
53008
22444
22134
16081
1111
20342
58779
61248
27836
17810
24673
32221
1787
36380
65395
24563
24282
62204
24482
35353
47968
36424
35836
50189
52388
16109
49541
41840
19765
49638
15398
39904
16812
24175
26958
57190
64419
21524
3162
43520
22164
31742
15766
52049
42636
16305
5138
39354
44007
13589
61504
30226
41618
30388
47752
36163
51604
51460
26595
13179
6658
12886
39512
54014
38898
14003
10906
55671
37519
1720
41237
9637
49388
43999
59302
7609
41246
38185
46397
39984
21771
15999
8532
27480
36843
28057
20602
2668
16340
47864
2350
55712
2221
23383
37489
22134
57146
62943
5303
27998
35854
4165
9242
7542
42549
63135
65073
8160
35322
17475
52530
13652
10295
23555
38581
27358
49931
48713
35077
6537
33331
11991
42754
41453
25636
41961
31468
25957
54869
41153
21014
20712
5659
43169
8707
33187
29063
52247
55482
56281
57030
3704
53302
28539
15162
6631
26199
13815
42720
14838
36215
53733
31583
30696
30311
47407
16195
38787
48860
42072
57395
34558
31620
15137
1625
27846
62066
18762
36149
8483
15625
53822
19899
41559
7574
3459
48499
62460
22931
41439
3395
30345
21701
59174
59158
46174
33307
31294
23004
14226
2035
48206
41708
45301
6510
39899
57535
32865
9254
11959
23848
22720
10798
51631
34854
7286
37225
10363
18021
54691
33226
56959
1410
47470
11292
51458
50504
31369
10105
57970
39992
30422
11106
10687
63036
5308
729
1453
5582
31186
2641
46080
32856
60108
5963
38373
7664
47724
48203
55412
27004
9384
57506
22427
55069
63060
14542
11006
50916
13217
36343
63488
44782
4571
1837
45476
59423
46183
9945
325
10639
32041
51515
60045
19262
35728
10116
41480
30023
3458
14739
61821
44484
56194
45997
58980
17567
10876
13570
47922
25994
46757
48222
16437
14203
7524
22744
47590
20807
31527
29317
35844
29363
18408
14706
43379
21775
45340
26303
35958
18210
60457
52806
37207
32539
60957
34388
35176
40640
64720
50543
42141
42028
53171
541
40881
63169
9347
63501
22268
9742
3434
3034
1586
43133
39179
52463
27774
8450
23483
1050
23064
23316
63951
58724
18875
14264
21339
45193
62451
28778
14166
25130
55756
63402
45265
16372
30789
55326
24075
28093
62741
20734
4934
60740
8265
60701
37734
9454
41372
41163
46258
22713
63976
37752
63383
24614
20815
57915
31263
22909
36283
33139
62879
29163
10382
64798
33053
38465
34210
50863
57019
2800
64683
3868
53878
8335
62254
64831
21461
28745
16744
48330
6256
32618
21201
56464
23877
8900
43310
51616
25489
41402
9419
31320
4263
58571
32747
53269
40496
24435
29145
51623
33425
8827
15827
43170
50835
51099
20964
63888
16728
18411
48394
15170
29904
55241
4268
5170
14535
45800
46646
46855
42905
13672
9683
25889
62654
29929
15336
41760
36311
14051
36517
37572
45491
12279
44846
19397
35189
45487
53504
33329
14410
60159
33833
1142
10806
13707
39115
41783
60101
22711
61000
17539
42426
20339
2383
61656
32207
63050
1862
19695
60431
25873
58540
39772
17510
47255
14897
56223
36935
6929
35390
57876
48555
39761
20405
54692
45353
34787
5391
35730
13336
10459
13906
47964
45122
50114
43852
57095
840
44230
30018
2154
18085
6872
30573
51356
4064
33381
20545
47831
46306
63511
53095
2173
23181
21927
63370
59116
31165
10772
34744
53218
47029
47430
4899
11901
49576
58339
51379
62811
5691
51079
7233
56033
25771
8491
17388
731
56074
43750
52030
41210
60928
670
27835
16763
38264
1679
15336
6780
64335
44893
17012
16888
39600
8502
53017
56642
16657
48074
6938
41984
34602
59480
55534
54716
51420
33789
18584
25971
17365
24902
31346
16316
26983
5679
55267
10869
60568
52892
2018
21604
1817
37464
35264
1058
60059
39894
50339
8878
29618
44956
34603
18423
59175
4098
59709
21943
38218
41383
18829
35110
13197
24439
41345
26831
60114
45498
44589
9383
37712
41238
7210
28296
57816
57482
21790
21634
46139
11434
5489
30545
33876
21764
27886
3199
47806
53521
46031
19737
59286
27377
39818
32739
32448
62490
58346
60338
14141
46252
8025
2910
38903
64307
38332
59131
36389
3585
7123
11581
35507
18014
14964
58242
26976
55603
3279
10565
7145
24494
12635
58470
31401
63696
63266
31746
49809
27258
5980
20512
40361
5987
3123
52671
10624
57093
43825
45549
48576
39471
37734
54672
21947
9277
15527
64089
35634
21014
52524
37820
14136
59556
42486
43095
27727
49669
8737
23466
10965
31922
37879
59073
83
13288
57470
33594
57277
42636
15874
44283
39355
3450
43543
6639
33890
57160
47742
6126
2359
58257
3331
39060
65186
9861
14316
17945
17831
47608
55241
14341
15564
14230
2371
23102
29563
52885
11932
11160
63328
64144
45800
30900
61287
19222
50045
26956
18236
2868
52701
29960
58865
751
62190
45170
14657
61201
43996
58442
5962
41331
44101
20982
45250
14924
33873
24145
8405
37088
11779
22802
33597
50598
42517
20366
33945
64470
3098
41069
6133
60324
3613
20301
31136
42846
58534
12771
59507
43728
17578
38195
37746
57800
63063
51767
33098
7655
47504
44584
20584
54923
1596
46441
9996
29321
7279
56111
24776
7435
16860
35841
23489
41249
38094
30768
12104
61776
2269
41888
30066
43894
15213
50123
20573
53864
41014
17240
3412
11867
51317
28768
29072
45466
34975
53081
62325
7194
34747
36275
49996
56035
12746
46074
13286
27251
55664
59121
3452
35336
53239
64666
62446
29326
7605
49553
24557
50120
15729
53296
52559
61067
44094
46514
7180
28531
8246
54440
4689
2800
25778
12214
40053
663
30511
22904
48735
16863
15605
19700
31717
4544
8320
64777
1142
63438
21493
22997
32832
53547
2656
27573
57699
8608
59447
50803
26402
59418
29618
16982
12380
11840
19042
5500
21927
29276
52220
2454
26499
65007
4658
20917
30758
5656
7481
64333
22625
31759
17440
25256
44790
10523
20633
32552
38492
23143
22748
38581
11702
23092
43286
60888
16887
51294
36434
61042
46611
28748
49635
32271
5811
13880
51257
12393
32655
33084
40667
32511
49216
49200
15672
62269
33503
50651
48857
59172
65076
19289
32841
58441
18476
6783
15716
58446
3220
34717
61139
7853
20298
63154
48032
615
32300
18213
18434
46724
47483
50122
53033
39832
52514
39341
18856
41502
4541
16378
49493
2338
39000
21540
45820
24098
12374
46782
29349
20672
36030
17002
22986
47842
56060
28750
61320
14152
24820
8445
58085
12023
13046
62991
35500
56207
49956
36875
9907
53787
47966
1425
10473
36640
3527
23978
50183
14714
57458
7835
13314
54605
12757
55780
50851
34991
35241
38203
42309
4770
10631
23889
7591
48866
38985
19596
6726
54137
20540
12773
16539
50733
1063
7937
2304
52338
7397
19746
34164
63161
40466
6948
64240
53232
18913
28218
63717
51332
59123
3707
43574
25285
52441
63106
5011
12281
6352
60674
33283
33788
8949
55005
15281
56293
29449
19852
30746
47573
30831
11729
11615
15414
27564
16825
62416
1751
24438
59556
63494
41048
64031
26793
64901
47463
61284
63059
57535
30368
50587
52097
46100
39780
27892
43066
45300
970
12529
60478
8689
28853
41905
9744
49347
2402
32505
34450
30317
4531
12907
47889
14575
15771
33119
14635
39507
31099
23022
22411
14874
42609
24448
57978
8536
41220
1689
14555
35443
5075
16651
6758
23723
50444
58837
21860
27843
19074
42394
25538
38012
15378
7799
24177
20009
49388
10754
57489
33842
18728
20270
43873
54412
26331
40210
10173
31058
44613
58112
29077
12744
61486
45925
44926
1632
59321
25351
50054
29081
42459
29884
35084
50916
1025
35389
33627
6090
55243
13211
14080
64710
52370
19371
38238
52392
37893
50132
45327
40291
45353
64184
1006
47354
8896
26536
8768
14137
2305
47385
32845
37245
31794
4702
12937
23078
3050
35099
32370
46393
45061
20442
26351
7157
49780
31693
51939
50706
61234
42606
19824
15284
21091
3662
59937
54449
39536
5341
6811
64379
19711
37733
24575
10323
55849
28698
54491
45020
58507
19851
27216
62256
47406
26431
20794
21062
33897
30284
35269
38999
21315
29390
47300
30022
55016
47628
17553
44972
30910
12409
54717
3929
52088
35679
43886
33707
59655
3454
48477
58129
22773
32823
20605
59236
25256
37313
49690
56368
23826
14938
33723
56698
3648
1198
28224
32292
47307
27597
64588
9278
13321
20001
36606
37111
52662
11934
64478
27368
38938
37232
54100
13683
12954
39164
6151
38510
30279
62235
10540
58109
30340
45360
34826
41986
30147
4346
8743
45763
31888
20294
27326
43803
41255
52539
63883
26248
46448
41190
8003
4086
3653
59782
14623
44790
56416
26
11626
16298
64198
46651
60964
2342
16275
36696
5211
51351
31218
19158
17614
22665
34394
10381
26513
31093
61186
2661
31537
49871
51883
11622
22079
50709
31149
24211
56822
40161
11779
10181
17416
3376
21740
45909
63388
64356
14728
63084
41374
18026
13121
63750
9801
6714
47699
57117
7506
36517
40637
35533
50611
612
40295
34055
32813
63200
14800
48588
12667
5400
23847
27948
45758
17980
20680
49208
44118
18773
3851
1185
15610
6820
49006
3592
13257
18817
22749
35815
49544
41368
37872
1109
51544
43542
12878
5765
22661
38510
50850
50175
12441
17132
54213
34707
18717
35533
43595
56107
8048
56646
61336
4488
52525
3899
61551
33387
38504
3291
65454
53601
9520
20806
14056
34323
13357
54251
40415
4158
5656
56836
31926
3004
10827
14186
29772
37404
33347
54985
42476
1210
21170
44990
310
9008
15302
48138
41221
49030
30040
23034
16107
47406
43220
57499
1946
59464
23052
19664
45041
29831
28543
45893
11748
7575
65056
41653
22847
64673
3564
46385
9467
42795
56552
13590
1467
14738
27429
18060
3007
54902
55690
39393
31570
50677
58753
54164
61158
40008
64511
64378
61720
27621
64492
14740
50190
52415
39969
3219
60503
5929
25270
64081
39275
54562
20652
46123
42103
19190
62200
63907
6153
64731
15104
16696
32981
15110
26948
22213
58357
21448
11130
45582
24623
14575
57443
12845
45342
11364
12112
39562
34421
65335
26016
55756
57894
11442
4764
40171
40808
39653
4403
36766
6204
2094
6594
40129
2676
33210
63629
20482
29963
48773
64101
294
61759
42862
33512
3033
52553
292
49596
50492
30690
4099
8882
38614
54696
58378
49642
2058
27971
55803
17948
25488
41293
51699
21896
44979
47529
19158
10183
2416
59724
62321
14914
57646
22994
15990
43302
14820
27366
5496
2548
42863
61745
5970
33742
6185
60773
10174
5633
23736
14521
3039
40754
2603
35371
22974
58929
52352
36597
5170
1035
41985
57616
12521
12489
33534
15280
52371
45581
54264
57661
8402
44200
10469
25121
27336
53064
49980
51475
36185
1829
36623
12874
50358
46600
47354
26794
58347
46743
11692
49139
4183
19331
61875
54966
7408
32661
39888
62755
59107
56171
50916
22413
46282
3227
36106
43672
24206
44767
29885
8934
47319
15183
2388
36984
58835
44692
59148
28806
34047
64070
9548
21666
26825
64080
13915
46698
44285
4191
9198
23513
16576
19160
40669
11993
12381
10928
32835
47082
42372
27749
55378
23119
48299
45013
62328
4967
1931
13709
60667
16993
38562
17545
26496
10102
2673
20614
18556
60541
17174
38329
36271
64775
64328
18729
7017
2274
43204
28109
14589
50779
64283
37735
1541
5214
19537
53744
46401
60774
33948
40373
31138
4792
19000
24624
23728
8606
25763
57326
52255
32510
52793
49386
13845
42829
29392
62149
34004
10053
41035
9181
46024
7404
23815
9507
19740
54721
8824
57754
22649
40842
47525
6858
37310
37108
56374
5466
23717
15108
63428
65268
64071
5777
58741
43205
8220
4879
44346
12766
6193
37868
56391
15282
6574
42305
3065
58735
34208
45767
62547
44592
64282
4420
40788
37195
52625
54909
28889
51302
50344
14657
4885
18817
44565
46555
45645
60203
24331
441
47790
34505
48414
51375
24161
19751
33133
17714
21010
37734
22933
50675
65250
3642
5316
62556
46907
16390
12373
13299
10627
23862
41842
25131
10180
37337
18902
42241
38204
29742
22939
1840
26957
55919
19299
45860
57162
45504
59657
6941
38613
49979
3964
4134
11617
37133
7205
4616
17011
23893
7056
62311
3884
61199
1005
23717
24605
37710
23857
9320
21057
29791
13808
40833
21690
10584
46327
30372
15374
43110
35935
40257
42081
17758
19162
27003
12929
44529
17304
28223
24591
14549
61510
37580
35633
25036
2950
35495
62571
18006
17142
26391
5616
62365
65209
59720
20934
36124
63831
51647
17849
38937
61650
8196
11792
43666
5580
59360
20532
3567
18208
48347
52255
30059
17004
48371
54356
13311
11458
28545
42437
52371
49407
58538
914
49943
39993
49582
25079
30705
57897
5255
54950
15986
29576
45284
33104
53510
25535
62036
40886
30634
23951
53936
64458
44406
52846
43035
43798
61916
37714
55075
35480
29197
13418
25012
63675
37747
24279
19670
40922
17488
46374
10075
45699
50570
65523
22040
54104
21111
54863
56332
38813
26348
23676
4975
4976
32178
64019
35706
8724
14158
59119
21265
37782
54893
14986
27696
36147
56678
43985
46363
50926
55275
42242
52605
1236
32472
51648
55282
26596
14367
20706
26860
42623
48891
13842
63015
10732
18238
21543
26171
42726
48033
42473
23568
39238
9779
1141
18740
30781
41414
34562
45187
38875
37388
51908
12130
42831
64711
54571
47894
62525
2967
21380
28043
43429
20480
48372
55814
14750
33614
18376
38874
9537
44607
39442
45443
28960
32945
29173
36594
37091
59896
45206
6683
56282
37435
59686
16830
2515
10125
56441
19965
18625
50329
4319
42732
26118
30262
4901
55590
29682
63222
902
43024
5468
35556
38532
44493
11377
1853
34671
4318
55148
18230
53676
33932
19035
24454
12217
29268
55805
34860
58739
48483
34974
42503
48139
38821
56135
49943
58077
20462
9067
35842
43283
22139
63786
22292
1265
46041
11849
13128
32641
24980
54199
39332
3664
35527
22155
46174
58595
51271
14757
59703
7909
61491
12675
20081
63330
3143
58279
29525
20756
14816
42103
22651
21648
55316
33253
24664
53965
19465
13383
26069
31841
54630
21524
19999
32329
25972
27655
35918
45825
47310
1497
47604
60517
62779
61893
40323
18105
7712
5545
4602
26275
40608
20687
36137
44867
10470
1968
12108
19102
11607
62415
35670
54160
10457
29411
45542
37262
26164
45506
61923
22498
46700
46600
45573
533
18290
23034
18612
56124
36056
50736
24011
46275
22387
24701
33765
53924
1490
54866
53449
62507
42533
51053
39101
7325
44419
57721
41085
52569
62658
41978
8589
53158
36390
63601
15815
10220
50756
33202
31196
57421
24687
8850
40446
28246
60837
17361
11659
4529
52037
56162
18425
2177
45431
13949
54763
49421
28507
2063
22591
48469
35217
23991
23481
22510
2094
6438
15217
12725
14588
35185
55424
40599
12404
22244
49909
25958
45572
63515
39148
17737
54708
10831
11064
5637
24272
33080
24250
30693
64917
11827
23620
49342
3011
17187
25636
19863
48492
6273
33300
24321
321
19650
22105
60858
22681
42657
18920
51254
21745
7062
768
31149
19546
14037
54663
32622
28038
40826
56840
50348
28767
4685
39458
13260
22765
28350
37350
4457
43236
46492
54276
52062
45396
11055
22448
61846
63255
52682
15513
14263
51071
20476
2518
33667
51775
54383
48983
49242
45862
25489
58945
48914
57117
65307
21041
15352
3871
17583
27227
45347
24128
19720
60296
48906
15407
9827
34383
52030
6131
26634
25517
55059
42049
17488
48809
63476
16725
34904
59927
53149
18059
46649
62456
18466
15428
21737
35991
31844
60986
47096
13408
32039
52738
18191
61787
31943
289
52507
32248
17789
9119
2766
45689
11633
10110
39680
4847
36878
39702
34625
52149
47670
10467
57470
34226
41651
2974
59604
55115
15774
16594
31074
1009
31331
22447
24712
18591
2771
14810
12379
35350
37805
51968
36274
16895
10760
28521
8195
63891
4254
10819
19427
57487
39984
43440
56497
56374
14650
15396
27567
38295
16158
35506
50487
41047
989
24913
45500
19756
3834
20743
40725
59749
10273
23409
36970
26181
42091
8163
11253
14501
24618
39167
11441
53928
18813
1507
43504
65190
38238
999
64418
20622
28800
7710
11209
44146
39966
2792
62289
25536
41375
39682
67
12100
37781
1557
43825
58985
56241
51401
45905
10133
39877
9069
46429
36244
36235
15143
45664
25955
53606
9465
55054
19122
57252
22595
15453
27551
50184
62823
7560
7609
41882
4954
33382
49558
12900
27139
15799
3161
32557
35819
1324
24890
52089
61780
51386
14936
47936
30261
52942
51752
3046
21174
46406
52161
12952
27530
14850
11175
30350
29559
48616
31935
51027
37563
56000
45849
19040
63759
23870
50218
15506
32937
31005
4309
59513
25962
36126
7250
54800
63765
38733
19689
61965
59862
51746
35970
43622
46680
43663
9693
33005
37786
15106
40972
22037
44281
109
5380
23660
2128
36293
28491
1649
6918
52607
48748
52668
56134
4051
56856
56492
1852
16155
23038
36038
26904
14536
13766
16589
65134
57134
2804
11343
30016
9972
24265
3600
65315
43002
3466
29782
40431
44167
39759
45196
56579
26289
14915
40329
57541
6025
62174
50906
34982
1892
40455
36934
7823
60627
21065
4210
6133
11350
52572
49283
48240
49280
33025
36207
44262
35631
63139
33997
55647
52478
40271
593
44065
58190
20802
7287
34164
14368
26381
21422
62432
32924
16655
23629
39242
61694
41628
54374
23859
7053
65294
9212
54417
21508
14649
28898
9368
20121
55823
63045
44313
17525
44339
54494
50350
10247
17630
48990
61908
58475
15971
46954
28119
63986
44427
45830
53891
43337
41993
3253
52115
42567
21176
62112
20197
5811
2112
56959
43505
17745
47322
14203
35742
60163
47093
18852
26673
1571
1168
10959
51162
37739
57021
37470
41576
48676
29043
64991
45577
3804
45656
59817
42698
59405
54266
52098
30802
22251
37080
41617
45146
64284
61644
37504
53424
18566
12130
8843
8672
4085
57221
63258
28269
44293
62401
28885
12374
12676
17663
62241
52234
45382
15285
41724
971
45189
41186
5618
44125
7059
28621
21618
25752
49353
7258
39462
9134
14107
13007
48940
34395
14239
12582
23446
7505
10911
1192
37685
41391
40195
8239
58689
40364
1817
42315
17787
43111
16512
11336
46437
13884
6460
3447
35660
54036
56898
17946
44104
60971
26205
10734
51106
5248
28454
61431
52677
20823
9710
43695
27987
21102
49855
57877
63790
56815
27027
39998
30776
45678
7558
27221
59253
16981
34845
16806
2022
43370
62771
49524
40511
44156
1123
33823
25485
31247
12096
13571
37900
17874
63040
63731
3565
20556
49750
35855
7911
26565
15413
51274
6352
63715
58684
39378
49581
58728
46652
13672
36258
3423
1682
55470
16968
26733
31627
56720
50180
11602
2284
52188
58818
8761
22245
56727
15240
34095
48560
36871
60489
23758
41927
8955
10383
16007
47110
31970
46800
28134
26873
63289
31908
16263
43071
57765
2396
46140
31237
60146
59364
6965
39986
38344
18810
47493
46070
65082
8636
18222
6145
15277
36561
30827
54895
25656
59912
10239
25070
20789
8303
33947
39018
46683
63097
22687
26148
60659
17421
13490
51145
20368
33971
50776
1056
6195
56076
39825
37138
33505
14132
20991
33426
29384
56756
19274
57105
8935
34166
13422
3265
28390
28207
42376
23984
63672
25323
51487
32320
36933
29030
64563
34045
5186
61643
10457
47046
24002
47614
3896
16460
38474
44753
16042
38124
16418
18874
41683
9543
43800
17030
62690
52913
234
34529
14147
62297
18012
20152
6493
53687
44
55544
15811
62002
8433
57803
10978
7125
14235
22530
28347
61833
34142
54704
54087
42273
37940
25739
29514
31158
65345
51
14272
24067
19224
45465
13571
63498
22968
45728
54186
49761
47629
58916
27809
34300
24932
47130
33569
59644
52511
55274
15788
940
7524
24450
25799
60353
49705
28903
15820
56594
40599
57739
23641
43724
51240
59749
40285
16737
57331
46782
37255
18851
16916
33190
44813
48001
36362
34752
46964
3359
30860
4808
13908
61230
35323
13715
17907
11362
45105
61104
56756
17163
51787
55268
4327
61187
20220
52154
26557
59256
7884
14607
63487
30571
9454
32859
25362
38989
17437
30167
60370
9283
35851
59806
11654
3511
2042
15615
47003
18114
37927
64688
9695
54069
6239
26322
2845
19660
61201
22879
27501
50971
22447
11700
51986
63768
32165
20112
40983
23385
37800
28852
7828
51616
25490
22675
13462
53630
40454
25468
60177
28012
37326
5076
52067
55171
43636
24977
16724
26922
25238
5797
59357
28475
10412
56294
57052
44843
35453
2256
5491
19897
37699
6768
24570
59694
1030
62076
13873
9673
30092
3209
17238
32784
9550
4912
37362
48757
1370
47038
58813
44517
19833
24776
46998
48693
29553
64586
523
60081
19455
40583
31549
14380
53019
35362
44367
9421
9890
7807
37566
32395
7276
27314
51490
63916
28512
53151
2654
7309
35634
40391
23737
24397
29600
46969
48522
39630
36013
28804
26225
13822
4699
26605
30046
7683
5229
28852
50813
50407
12689
35547
52693
41345
63817
563
16950
16876
47897
3700
30218
51183
41115
64070
12274
37741
58808
9910
40788
11655
60870
16099
64199
33441
54842
13480
49172
61352
47417
13634
21543
21608
49464
1991
53268
11556
42645
62615
58266
53619
30646
47357
40938
15363
23505
41197
65396
42164
61235
56605
23209
62297
12887
63539
47669
49496
65014
45017
40963
10238
51051
17201
23980
18849
23507
1573
47698
25567
43566
61904
46863
54126
41246
10110
37168
58624
27478
19321
16048
56102
59299
38171
17731
34908
34068
1865
19423
12323
35284
35818
16407
9757
47159
41194
56990
47303
54017
58736
33137
25669
5302
14692
65000
62670
56834
55741
61024
13033
2384
6019
51654
40617
1318
20290
3751
44933
26129
26849
62354
37525
20460
10472
51625
60507
18789
46783
64473
52646
670
23211
15229
6109
47706
13790
4831
62323
23722
23892
18894
62004
48193
52576
6937
53827
15706
29439
48942
5984
53805
43192
49898
13941
64824
11001
25566
25136
57569
62129
40327
20517
27293
53380
47028
49024
24668
48368
22068
48753
3795
60643
14029
10871
5693
36900
51925
59639
56218
21375
44443
62042
22168
24472
52934
62952
45484
35128
19588
60006
19901
32449
27119
64991
46344
55589
4309
15081
41322
21459
36267
33037
17249
6139
61298
21264
40351
7950
8072
61428
62986
43281
61615
58223
10538
3216
59327
57969
61447
10543
24166
11467
33589
24179
7104
53439
3156
51239
39585
8129
5749
9021
27187
22114
1307
35919
7025
29764
10506
36432
34391
49598
28559
21753
36209
12573
33280
15694
47015
52906
43583
48519
13932
46557
43845
9006
41079
64832
27063
13161
24143
63166
60686
55468
49105
32688
15345
36352
58491
41673
35116
25606
20627
18146
55753
13197
42819
34716
37808
42446
20173
790
36196
9812
43984
54037
8392
14
49687
3226
17113
12246
9009
3462
13609
55527
39977
34746
31078
18569
2823
23458
57478
8696
39281
10714
24092
21207
51346
8643
39420
30561
51643
3079
27011
59282
45606
55556
52833
2752
16755
9539
44171
31304
29235
58366
60434
3185
64526
54496
55024
36381
57214
16740
43989
51392
28586
47693
32994
35617
6385
65147
43401
31792
10975
35544
46323
35547
6102
64311
59100
10157
54365
8589
53220
36080
45143
60300
7075
11441
29084
12428
43949
61191
30195
58782
37305
64871
45397
17116
3376
35704
30182
54326
49336
61113
22965
36307
185
2348
41770
28275
52808
22709
62264
11081
41673
63939
60912
43304
26852
25130
23246
36247
30930
63808
48195
34208
10411
59159
39362
57737
19245
54645
24799
14223
33423
25212
40502
391
26895
12282
3411
6593
18444
51920
10110
46372
37237
20438
61640
20503
41825
1176
38625
24631
49417
43748
1973
46434
65385
14610
57868
22876
3274
37243
21731
56730
20123
47596
2565
33827
58459
55398
8500
21746
59076
61037
60015
18470
60845
5189
7852
3224
6831
25013
42300
15940
29450
13668
33468
58293
64224
27361
11482
58995
6603
47229
2068
59713
31876
5578
10284
29341
20345
49309
53175
5011
30901
41646
4054
54268
54523
9823
52080
24907
48316
17483
29633
37707
54689
17038
44676
35015
64525
234
22104
8959
51660
36906
31867
60402
31657
46419
38826
50165
53776
41729
33391
25099
19377
36895
21114
15231
3596
9281
44711
60832
40181
61063
25739
10412
27610
50030
15438
57980
18529
21433
28087
7314
35540
24620
10890
33865
16559
40737
14802
48448
58714
27536
60996
40192
16711
47900
16568
15113
315
8837
20222
5254
27555
53260
18033
47539
7507
51636
7585
9605
45187
54133
13658
49315
4425
46424
34654
41764
43412
32367
21002
58960
27316
57023
11030
34330
44768
52179
59273
27256
39168
28102
46738
11283
1876
23147
26019
24542
59764
63711
45829
57432
15258
20225
56147
50865
25252
24079
59032
44167
63448
25642
64915
31673
50716
24842
64999
63629
30002
62104
11410
20409
42164
45881
37945
56700
8699
57826
43483
51773
28383
35989
37998
7580
9011
59460
57319
61709
4933
14023
727
35285
52515
44298
6876
49677
19890
35653
41035
35843
18288
32615
8054
7775
17171
51845
6891
15443
2010
3208
11969
1941
15033
39349
33369
10503
57306
31262
18484
20726
26450
23309
24453
8619
47576
40421
8585
28220
43563
47092
52708
3022
37876
43028
63043
36085
54369
57112
7324
21410
45701
55262
18854
15160
54380
41023
35538
60222
3756
33025
39428
25678
12300
54945
30192
39803
36296
14759
59330
28671
6258
56029
52287
20169
31065
54455
62621
1601
6557
21322
3398
5107
41430
60019
55062
63518
39698
31661
58041
10091
30420
46856
27533
64094
52947
63249
10249
25913
44113
46514
34559
34546
16101
29278
6317
44588
1053
10670
42277
40152
57889
28006
4493
50433
33955
28831
14501
58270
13351
59693
16983
17939
12413
28486
50567
16612
20283
4
61566
48989
50951
1419
13369
57458
57735
3533
52581
51567
10059
60277
59945
2124
21591
38079
60523
42232
15735
25324
2425
32853
47442
16768
43925
13211
57890
50114
3145
37988
11862
60392
31558
56959
1774
18895
50719
24520
57346
65166
62039
8170
13476
60064
19978
47364
41828
62701
41399
35640
21792
62945
6037
49791
9761
64693
17809
60098
25032
39707
19358
41297
58366
7599
38730
57939
686
205
57714
2466
25956
52916
65075
24425
22022
7266
20111
20702
27749
13728
26460
25767
63142
18522
11957
51884
3418
52908
57932
8723
20873
35350
11054
17708
56509
22520
34223
22998
26985
37848
43029
17772
13701
63949
5671
41818
17168
13671
34329
22788
49373
8500
25567
44804
30512
47671
21214
52643
3123
5826
24642
27456
18242
42500
8113
61000
32116
42881
42944
31210
22386
9129
17299
43342
49635
51857
8085
30768
10918
29923
8815
9458
36820
65375
63362
42423
45521
43062
1720
6075
8719
11592
13028
2039
46980
64517
39563
59832
48249
39422
52863
3651
16543
52113
35126
2820
8042
4099
56684
27834
42571
21659
27833
63339
55661
22572
43736
44334
30928
60157
39949
55967
31314
32955
47229
55191
6761
2601
18494
3262
2668
34852
43866
64337
42059
11111
2424
61463
40728
13037
55294
50291
52837
62117
53466
54757
63667
3916
717
18170
28394
4412
16554
21137
25839
13005
21669
26115
50695
62670
43255
13177
37560
13810
48753
4324
34859
23814
51462
4371
58428
6669
35727
15239
13893
46171
30815
39450
11764
49072
3956
36218
32163
49980
9600
40425
13252
5492
3257
46061
62340
11075
34887
4377
14552
18570
48165
26982
46412
35850
34064
28512
64319
20762
43722
27044
24503
24858
51788
48296
63022
40864
7852
40859
54455
17038
13493
47348
22665
11129
5307
35732
39525
38693
63132
35180
33419
28480
32816
30026
48661
30682
34662
25983
38575
28773
6080
29246
39790
48839
24546
42107
32309
17919
63162
49484
47063
3715
27766
12073
30327
5605
27193
4573
51285
28941
43646
39052
17472
4699
23030
46749
48262
18861
36314
63571
37521
28798
1022
17582
43409
17036
23011
18303
8938
36113
53090
41524
29059
32635
31604
31817
17753
23712
25161
34420
17612
44592
910
19510
50069
33219
47584
47090
48723
37466
25378
42783
10408
929
38325
46298
47490
52836
33946
8573
24963
21327
50510
22414
6657
32947
7200
23987
3718
38059
30163
49247
28372
32607
32820
42696
62894
21402
65393
40179
36790
42451
53878
940
57466
64100
10547
20446
38681
17337
30504
63856
5333
45523
64294
33302
39431
39462
30815
27790
48604
6028
11228
18273
20629
21814
55146
4413
11330
46096
59965
57803
64537
4207
60445
42516
29537
61536
31265
21290
13118
27318
35929
41544
55302
10405
35777
34000
10138
16043
53515
58800
49990
6405
37064
61840
1061
10585
30611
47765
48542
14920
58760
6259
2474
35766
53458
42956
2344
61322
10012
45000
19601
13592
41603
13243
39737
47825
14521
978
35251
28690
59981
58961
23258
34695
15221
39555
13602
31524
47209
15383
11342
32391
29304
29737
55966
48815
44048
30230
4010
25655
10953
26550
16095
40137
57698
3334
11335
9348
15728
4993
39697
8918
31488
51168
21507
26082
50653
51596
8175
21811
64904
65463
37153
6443
64752
52309
20270
46073
44314
819
60302
6567
4135
21941
43808
34791
34855
18696
1499
5401
1159
29649
30900
59542
11147
45405
35020
15431
29799
30000
5898
33015
26937
7123
28984
49062
6585
63348
40801
16080
3834
53246
30062
23209
37870
21086
42359
2768
11656
9949
47944
64614
52493
10360
63288
53775
10128
12557
33037
27150
6841
42
16397
39585
29151
23745
17800
9036
40921
63233
27981
8426
15778
39293
49029
59718
49332
12147
55583
21852
26884
43928
22025
37041
22302
5214
3800
22754
26983
6308
55313
42652
32102
14141
7454
22792
23878
4195
21121
24627
13856
45570
27711
6394
36801
5009
39454
61198
62935
34803
28379
29408
8535
22418
18908
49999
30876
29610
14627
11659
17964
35838
24624
7120
63921
30406
9577
16111
63859
44836
24701
8322
15041
54939
39176
38886
2931
1387
8061
37223
7743
41260
44967
61058
55905
24829
49713
50788
60883
39003
19398
7364
19834
49309
36475
60318
38572
59264
43840
51239
43061
24370
53189
12952
57469
6445
53189
34594
46560
36597
44118
10693
33818
27677
58931
14627
3236
48670
10250
58166
7877
65190
20318
48419
32988
29813
13823
10520
15876
47294
39914
3000
15634
37890
51587
30897
7774
13023
21981
20415
14404
63469
60241
9598
61649
61993
11141
24143
11592
25939
14513
36168
20027
3474
41361
47836
53913
26656
27086
26624
33172
34019
36867
22081
967
22546
56915
52825
12306
57984
22869
41615
4920
57821
60880
58625
26797
4860
64873
27753
15063
54581
6794
40282
14516
45191
3101
30770
49151
55349
11208
6217
60751
39515
18400
13872
44343
54689
26817
53867
46164
39923
9552
56790
36475
62079
5370
57786
45996
56002
4676
53489
33553
47394
12525
37302
10773
63504
65138
20186
53365
64368
30996
36331
19048
24858
27391
19740
40792
31102
54031
20008
34782
29232
25244
48947
14710
62961
22516
17759
4547
49438
24606
52113
22188
38848
8128
56862
17781
63512
57125
20110
17888
29243
59587
8976
41861
52661
8687
16270
39650
47490
2472
41634
13936
49655
2056
12043
46916
30073
56731
8923
41146
33176
22242
53127
15052
30809
61394
8422
44198
324
12991
54852
26171
24629
61793
55908
42004
3385
48361
33049
2381
13489
38683
3488
63709
39201
17014
58608
63274
63448
12479
62081
3962
40816
27047
22887
195
60235
60018
48773
63736
11472
34128
14588
21993
15693
10467
63343
51134
900
59553
22023
38822
59121
45532
24752
61473
7276
47106
3994
36125
31372
18590
4478
8290
10706
49375
20439
35089
49724
5507
62953
20770
31561
23530
10510
14306
8353
65496
59500
25174
51021
63609
45211
33761
22755
18324
27610
13318
50363
9204
3705
49088
2252
5261
38067
4001
24541
1006
63907
17377
62579
19085
49423
39974
33805
37042
26357
33816
59013
11734
12467
62591
39194
61523
32358
58250
5531
19593
60345
38499
51484
30301
41327
18977
30141
22849
32111
40113
34187
3334
40562
15850
43047
24284
57548
46144
34739
6147
19584
17185
37357
18919
16793
8642
46824
39098
20549
33223
43096
57111
16929
30218
37436
8089
2146
46612
30348
19508
40223
44470
33303
16643
16208
1951
9948
34954
54924
3624
23598
19632
56041
34984
4902
5488
2112
38890
26858
25799
3955
54059
59135
60208
11246
52826
21505
558
43183
53641
54085
51184
33894
22128
11443
15501
8737
4123
11741
4668
65209
27464
5327
9277
21800
26720
30176
12787
16980
36553
8979
36001
18388
54948
54631
55593
4318
35227
5627
22608
21360
32276
59992
25832
61781
47568
40618
19877
59462
39718
31755
1009
55118
28816
18855
3517
61953
58166
62553
31772
64397
43490
32219
17694
34678
39362
46675
27331
5227
9980
32374
58149
9748
39364
8877
27395
56524
14589
56074
54095
23890
4114
54222
63141
5904
50749
10881
21701
37437
10078
17146
53333
18976
45966
38224
45041
30369
31965
17618
30526
15083
35940
34895
16346
28533
48355
59703
1594
65163
30956
54247
4336
36402
12730
60492
39140
9242
14162
22257
56957
21212
64290
7359
11156
27394
16872
50839
1695
25187
4133
18510
39609
1502
47098
19002
32961
11545
48989
16600
49311
26314
34684
19700
25843
13569
2634
14226
38368
32961
33339
13642
54053
36740
1755
60709
19579
44652
51280
40807
21590
26572
52574
9459
32758
26748
42015
44543
59223
48594
58647
25374
56098
63161
49200
9364
30156
63353
23821
21386
60559
8899
19636
49098
8711
60690
29150
16917
20698
11730
744
17102
26371
64491
42355
48855
44112
16735
49046
31712
53523
29640
18329
55894
23595
40087
12946
47835
23139
19496
319
491
41859
45262
35073
39080
35100
3982
53829
1262
63290
29196
10861
8657
17611
21005
36064
55310
59343
51898
40742
14663
2759
56820
61117
60549
32093
37640
40524
59705
10144
62905
37740
54151
49504
59983
14739
47636
12389
54797
17935
43819
124
61132
25413
22413
10541
23092
37921
54479
51654
37232
35603
19076
19655
10005
32368
56363
33717
27825
29157
44683
36272
47164
36933
57225
53613
63699
36511
2917
1258
58211
10700
51384
14590
2020
42521
6456
7403
55674
59736
12782
26886
13791
58135
46171
62622
7460
63520
62509
34909
39183
58917
43644
3387
25030
36722
14011
37125
3545
43601
44170
50252
20862
18315
16309
62251
17246
41557
47866
58367
19888
23229
21105
48417
13161
44350
11429
58334
7982
7163
64277
46554
4892
7555
30022
35088
39134
28721
55662
59062
24125
57752
55971
11603
60553
7437
33809
30992
38129
62629
54532
56219
17975
122
1658
6729
37387
23630
34928
52625
56570
30598
28597
18132
53815
26333
3600
11595
50488
45795
23926
56747
14810
28702
50929
2391
10179
35657
21946
25270
6955
13698
20169
8998
13008
53535
1425
7492
24999
54613
11541
63442
13672
51491
2525
41079
39441
25544
58049
4319
39001
21817
34786
29195
52758
3052
46473
11585
35844
47196
24676
9780
58276
21338
58193
14681
29764
49266
2894
6479
18667
28091
48144
11119
41747
1484
8517
54837
7800
62081
20990
5886
4404
46548
39292
63918
5689
17818
50913
55560
16245
50587
48227
62891
32954
50072
25302
60108
59835
22447
31976
6951
9986
8652
20103
59809
60262
31392
33075
11186
61280
56592
45022
50430
41078
5768
26334
26167
23067
39948
31491
45703
17992
27796
20267
11879
47371
60354
18154
9696
3782
18955
31452
50809
7064
14926
48806
1149
8406
61975
45301
46268
20649
11221
19780
27445
51238
29997
36946
22370
3054
53720
12063
44559
22558
28923
30839
25507
20582
2611
558
16316
15301
27056
8909
28579
30530
40704
14
61112
23996
19010
33571
32966
24248
14569
15463
25107
44672
44863
29148
17389
1337
53616
10712
5180
49574
46432
23279
3026
52791
8321
59078
43170
65414
57095
55983
50537
42989
63625
16117
36982
32173
36957
10019
42491
38570
65051
65013
41674
38188
65004
56997
6240
34351
58810
55056
2064
34023
6976
44854
46067
48464
8495
5875
28273
28089
41852
45454
15034
40432
33549
32325
39368
52909
30108
51189
49736
34866
49712
43021
3809
28734
4105
46741
191
26716
36453
15322
58928
4986
50370
54284
26321
3675
13411
6808
8135
14913
565
9390
5294
18924
17449
35646
27997
41400
46845
25182
11444
7766
6941
50781
50984
5986
57174
12008
29781
16078
50980
29650
23096
1619
36424
17083
46394
60624
47494
34461
30662
15819
43207
16887
49194
2202
34
38004
17135
3476
12868
57676
63249
19812
28711
52237
22820
63935
41691
37641
47772
48560
16187
38109
41780
24224
17319
38315
36139
14759
31669
58399
11390
42542
54315
9362
39108
18360
11114
21429
4641
62219
55767
56186
26486
11676
16428
11151
50548
62400
36003
13203
59283
2666
51847
14040
48922
8449
16146
50804
35370
39453
59016
22944
2129
39135
59547
37701
28455
2479
52156
63053
39096
46272
21217
23401
44209
61623
64129
38054
33703
61523
23380
44981
22611
45077
57731
31677
62130
23457
61892
31977
18591
7252
44807
14519
4358
26969
43685
47888
15872
36694
56069
572
12162
61429
5348
60989
28026
60518
52416
64974
23238
18692
9233
36627
44645
35419
16249
29029
58704
3136
13841
23979
4067
33199
16553
3855
59102
21121
55251
9704
18515
16773
38440
51842
33335
56820
54213
40001
7122
56813
17483
55541
7587
24176
42689
3171
64371
12829
26628
50376
3301
28862
17674
54484
51623
22519
8490
4330
58440
29026
44867
16085
8598
56370
6839
29066
6516
28520
17496
40491
27201
52482
45299
23254
62693
4296
40708
35646
7043
14991
65419
22639
18189
31941
5308
58371
5392
52280
58225
11569
55973
43303
31210
56236
64051
28360
58106
55866
13928
13955
22082
14943
45248
2020
5598
37051
36510
8187
5152
24925
6730
40855
24890
36181
44122
38646
63243
55612
8057
10835
55176
43190
19969
26541
44393
49881
42977
24981
4212
49253
49699
21351
39212
34872
30109
61564
5288
34816
31244
6964
56587
13739
1925
23423
21091
51905
687
21249
32613
54913
6566
36752
27547
8861
52438
53995
25771
50886
58154
54274
9372
29742
14639
29925
3136
13111
17787
13403
3134
52870
3725
31545
9141
59082
47419
47583
42288
12877
10121
56613
4431
38704
43822
58070
46689
48718
35227
62573
6644
60251
8876
6331
59727
2204
24849
36384
7605
30747
64333
49178
35853
13576
52362
26336
28136
53941
28408
30759
29186
62175
483
49258
77
28887
23737
29530
25172
40872
41301
53930
19754
28961
27561
48360
46883
8754
46306
28696
46712
36079
45086
18441
22394
37534
3413
20656
7775
14718
23023
56385
24398
21127
12408
33275
64029
45833
1327
51556
16558
54754
3358
48025
3786
33342
35427
47938
61613
20157
57962
18970
59726
17399
9101
60302
36073
16387
32607
23947
33083
20723
10307
3929
13854
10471
13719
46654
16024
13873
1757
9753
65430
21638
17637
34257
17800
17870
17700
56980
2639
6484
54531
45192
8467
48192
14077
21636
1733
60391
30719
29091
6836
54755
6975
62113
51277
53978
5359
48218
37429
41880
42642
2255
14845
62575
34075
372
56702
32564
7152
31225
62186
36544
15950
1258
47254
58642
32847
39610
33736
13509
12253
49495
57256
31489
25380
45866
45153
6531
50533
60007
14776
51868
51542
30449
45933
64022
50112
33046
55775
15544
46371
6474
6551
13375
28604
59028
39500
31546
54537
34535
39430
723
13734
54908
59774
57222
1693
64073
63926
53606
56788
46528
26283
9602
4123
43045
52872
23297
62246
29838
47030
36135
49394
42329
2085
44671
24413
2560
40890
45992
255
2866
27273
34115
19258
20591
38179
23566
51647
56183
1692
61065
2001
23357
26447
55158
62078
11005
35302
54985
43609
63658
52205
50530
18046
481
40237
46959
43718
26681
51455
44877
57967
59150
35417
54829
59702
11816
37643
55655
40309
22037
15331
34030
34596
31565
59982
64335
3708
58055
17695
39282
25459
7608
54301
38614
27975
47245
44737
29318
24597
207
40493
23986
64593
59271
38088
60688
23026
25337
62386
42415
19249
47558
47820
46375
18959
57606
64404
27820
60001
11666
22973
21994
50094
16353
47074
26896
50878
48835
407
63292
44123
18683
22601
5762
34675
45346
49339
26823
37131
30390
7445
8440
45379
46890
11352
2241
43906
6936
2408
8909
63832
13705
42084
18027
6469
52315
54636
7256
10136
13119
3935
33385
32888
25260
2200
51266
12661
36037
10386
16353
9365
55004
45903
23132
40491
42294
3732
56500
57716
2140
54298
11472
45156
54427
45189
23330
17415
27051
23493
22786
23195
28566
4372
28921
17789
19033
45419
60221
44736
43300
2099
6892
16707
12366
28593
9637
3414
1978
19388
46441
57780
9127
51516
28352
15128
45345
12231
23437
47822
51998
12978
17481
56627
57846
18297
30779
30731
46168
6298
25382
50281
33636
1141
19556
10776
31732
40151
61802
18374
52284
54716
46132
49769
21685
13920
11548
43536
61671
35931
25042
60099
1225
4214
6173
635
28613
44822
29892
25017
36046
64043
53291
21617
57292
31883
53353
25658
7995
12401
58638
10425
16120
8429
63500
18439
9364
33161
10229
3531
14809
48536
47762
7130
26746
51436
8231
31134
21794
41770
14595
28926
45979
46934
18756
49381
16886
4984
5665
61855
26700
41510
12903
50652
49026
34995
23425
41798
61645
48759
54562
50908
19857
64297
2056
59321
56476
32118
52290
30179
47383
3767
54147
19229
28725
60829
30554
13673
30839
9757
28290
30211
17809
21221
36153
26571
18865
9178
30160
20887
15956
57478
2184
26991
43209
26375
4904
9719
17718
63699
47817
59559
33609
23770
1287
41649
21862
34767
32237
6031
38605
38822
45146
17009
43237
5487
9835
2355
5418
17976
50421
60936
58378
1372
31467
40558
3481
36521
57254
3037
47061
11020
58957
37386
28161
23906
36125
29388
55816
25573
38888
21503
27888
29708
5766
39842
26284
36736
60493
37946
9551
60934
43347
5065
53423
27596
6905
65302
18172
45312
63815
62355
9629
4833
38850
38720
60889
27509
48817
19046
30978
20412
14592
39976
2272
9372
7292
10817
14642
37304
48669
21482
25850
35227
60487
1082
59862
22088
41501
10420
61029
6168
31577
53055
24562
30327
17220
37472
51295
996
6629
54544
4532
49808
7876
16418
2480
34145
9050
47770
32265
43285
50730
29566
44787
13584
58997
36665
51839
54360
12579
28720
3716
10789
32457
13171
62668
52334
834
53564
63070
7921
37612
36669
8769
64373
50829
19716
15158
21669
63528
5590
41628
2192
34798
51941
55941
41631
21197
4020
23527
40963
33015
39076
61970
39716
53531
53412
9050
18212
7755
13405
55762
54043
12399
25100
26087
31529
59468
32704
32235
38883
5577
7506
63926
44903
48927
38553
53348
57211
2337
36597
31009
50164
34892
8940
24198
3569
6659
38836
24316
42871
43652
801
13323
15913
65385
50414
63705
26840
11112
58309
43626
25401
8577
44039
18057
34752
41389
53093
2365
56471
34908
56925
49702
51472
46890
15276
53813
3183
53727
3326
46125
56935
63303
24973
11307
17019
16551
22064
52185
43558
27410
53129
20872
1923
17530
11997
2556
9347
12435
9896
37707
12683
49370
27752
35533
20490
12561
38732
55751
39788
18546
18404
46267
18996
15631
2942
15037
46256
59377
33144
11570
5469
14188
49965
36406
44602
36044
45293
23365
47411
37099
45424
3377
50117
57547
2752
16943
26352
58573
3972
33512
1390
49357
13987
4543
65220
64893
28281
21656
55551
972
27503
28397
53157
42159
6478
55272
32319
20343
27964
28320
6808
30443
14988
7314
52250
34178
44067
5422
16602
27737
12778
17977
40391
24071
46266
51535
761
37873
64697
18875
60335
29178
13350
40073
19928
8404
43336
31909
8586
46595
25072
57153
39606
42093
45865
30674
26324
37858
38791
24941
48244
23236
14154
2951
20239
53362
15797
52415
28141
55257
9565
30299
49218
58500
17054
61233
57928
62560
42602
43225
42572
26898
51070
43696
62609
20941
11802
55723
50705
14161
1160
41735
25530
20520
3583
31638
15328
57121
45309
56623
27227
40778
33190
42366
59275
20765
50719
20673
13997
51318
51929
61597
43138
44002
46918
42012
35349
217
58064
65477
28168
52345
20961
22963
22828
41218
46426
64405
38534
59276
30408
57442
40854
14881
32714
53196
5652
20838
38954
33871
29608
26883
30622
42508
23624
2829
24121
52649
28358
37802
58416
42086
40279
50777
46536
2664
34580
34548
32525
52052
59914
34633
24418
9526
34561
4759
7467
17456
20757
10346
13768
19680
20298
31606
22254
54610
30160
49192
32205
35830
30006
49435
47696
32536
36649
16513
33677
3294
52875
13912
8987
52874
35283
30501
41099
40653
62594
36058
25824
46275
26988
11061
58021
12917
42117
43857
13104
29791
35171
58170
36137
9328
65427
51873
288
6182
15164
2698
46966
48292
9840
13694
8486
57001
58432
51192
35590
33858
12283
38611
38556
30919
61358
62378
31504
54089
31183
13299
35433
17269
16962
17172
7101
28992
18498
27337
1258
63825
43447
31156
60179
20396
35756
30207
6391
13056
25412
41854
64546
15490
51745
40132
54931
24324
4792
27255
55166
12764
40498
59590
41604
61769
61425
5185
13332
59458
34239
53424
8834
55066
17991
54968
47728
45960
15488
44638
48329
45362
45301
60884
31753
19927
63182
26456
64363
4542
19621
40526
21275
35300
47667
62846
21237
43904
8154
679
50627
13564
27991
58150
29701
52226
51546
44734
2178
5362
35567
14957
15214
3713
47664
13401
50325
24632
10911
11162
29637
10516
31954
38443
46090
23468
54051
42963
16642
54410
52324
6772
50672
45553
21300
45435
45058
65208
6396
43120
38814
21507
62160
4331
46925
40032
48899
25334
65036
22224
62907
22596
50773
43606
34007
62
21220
1759
17329
33478
7460
29640
33905
43406
20330
1510
48905
14523
13406
33423
19669
28703
50973
30275
36196
36301
54397
54249
63427
52968
3534
41338
4202
12694
30337
17670
17573
25795
33104
583
48887
36480
45377
60334
2274
64570
40002
49002
44091
35140
35554
61691
18377
21182
7114
55672
61235
39195
6178
44982
5131
19031
8694
6237
18338
41970
47687
30232
20965
35107
42013
59506
53201
28202
63332
64333
19343
55791
3804
25559
529
6266
7713
7879
44250
13043
64902
37885
48757
7550
14322
4332
35776
56745
49356
45695
3064
52984
36791
59626
46749
55262
58885
13874
22280
3585
8512
51558
17107
56801
39869
31235
2554
40052
26728
1476
58376
14818
8896
33342
39378
26378
3055
60838
30879
13461
28225
28364
48007
46599
9179
25222
11172
23756
63482
57765
42283
9049
19388
48847
52341
54332
24173
31123
7083
29014
13400
31502
7388
38452
26160
43837
39388
36268
43115
27743
38113
29271
16339
24759
57840
47117
42103
28196
24277
15646
16656
45542
57708
27109
49179
37847
44823
35029
45062
42217
50139
20255
10253
20483
61245
61828
24744
19509
7918
41869
3954
57255
39202
25363
56963
8391
63482
57800
51708
61814
46082
56131
19541
17143
57726
13583
18374
54789
52101
62376
10952
54026
21755
16216
52698
41427
29636
16789
51518
32394
4989
20655
19697
33365
49071
5550
8566
12066
7673
21931
9541
40946
48281
16725
27483
65181
27896
8243
766
35160
29043
60155
25622
2015
10968
35565
55754
31377
14275
65318
57443
10246
7927
54401
18358
46166
41675
29972
29076
44143
47323
55236
55612
24101
13673
30199
25904
1865
26097
14463
7294
52293
7228
27029
18698
21992
37110
15179
44645
24736
32497
12350
39355
3385
30613
28285
14006
63899
37011
21282
37040
19444
34372
760
50273
53269
15476
21136
27488
34564
31317
47125
43362
62360
33224
27928
29037
44845
1048
14751
11973
64713
16785
38295
43294
38538
57612
59830
63175
5335
12271
20109
51360
53475
58169
35325
34482
53261
20408
3334
60660
21405
58273
31446
3247
26292
7779
29588
15687
16877
25185
46405
259
4755
36091
13337
63074
5136
16588
26471
48495
61321
52810
52224
41523
7253
22695
21066
7034
39929
40246
38728
41757
49740
32235
56203
17488
527
52785
12520
39306
41166
3145
18574
21511
10314
39097
63820
48083
31740
58735
62289
59521
39331
3462
17093
9865
43407
37915
32536
2243
7993
16854
12142
63886
10789
1695
47118
32324
12774
43390
28520
57351
33436
14132
22291
20881
15149
24149
36684
41565
58777
28555
10378
12021
56898
39390
20642
32161
31863
63793
22921
46844
25068
25587
32837
2338
63476
54258
2694
16445
17684
37428
30053
20822
14144
63619
9151
36534
4798
50685
29690
45795
65437
7887
7772
59219
16579
17694
54525
19390
51773
9247
9836
53850
33516
22245
9931
1732
63398
44666
18795
64448
13670
5913
42236
54797
844
40685
41665
26050
63815
2692
17996
62702
48209
42062
12108
30695
35438
57441
44124
3140
19652
62018
44398
36815
15381
3803
13088
64728
11752
8590
24485
60133
61885
33021
39281
48837
51082
43531
10030
4019
19329
36842
62040
55968
4962
45347
4130
43121
50739
51015
11622
28524
34861
43311
19511
60004
38115
55897
22215
11940
48823
24915
22384
47822
61199
26191
36565
65310
32437
6441
27832
17461
24959
62765
27566
58138
48424
49392
34042
11833
34222
49866
18729
11971
21583
28644
38540
55376
59696
59930
19024
20344
23397
42210
15362
45183
57113
7697
22459
31753
42350
48287
41389
49264
6639
17894
19719
48302
59397
7921
34530
34923
1843
39196
28826
42489
34551
50232
21736
55983
20912
53632
22762
51047
23870
35620
53909
11386
34926
28777
16869
45268
26974
33102
41948
29271
30319
34382
61621
55681
22258
17789
51925
24526
20773
50012
46159
38535
47132
5981
14014
28024
52211
32242
43468
64461
47599
31327
57370
15914
65034
59373
49825
8170
38102
62064
19979
57297
205
49980
63427
33708
39793
20113
54881
1763
24949
23377
40133
30403
41313
40697
31694
19977
1799
51416
3698
47747
22216
61743
24691
59781
22179
25616
62782
11641
12829
17915
5772
2094
12469
62938
279
51149
4011
6450
64017
5488
19007
29442
23463
28828
58051
19415
26292
40880
16070
1673
51906
3814
51087
60064
59609
45704
53619
10942
28667
18947
44663
23551
50247
61160
34039
14730
28986
44601
1406
1898
56429
1073
36750
55488
57937
12653
34791
13936
3225
38398
23024
31227
18448
15855
64489
53313
38905
58346
17534
38034
43010
53248
29002
37823
31269
61846
65112
49447
58844
63493
19150
42621
46671
30214
40392
27040
46023
51231
32010
57847
25618
7020
9319
40384
16562
63024
13236
30566
12640
60841
59528
12529
22784
51436
46144
39366
47407
64826
37293
9196
15964
52808
23759
25220
47878
10788
44124
53464
33429
14985
19730
25567
29564
59635
6011
10663
15565
44916
47705
35135
58320
7243
8351
30170
19807
51580
52105
17513
57704
2581
1816
47484
24929
64524
31158
40118
37460
60198
40040
28172
49200
6592
30776
59192
50311
34420
5803
51644
22502
3806
30289
57028
49834
60280
50737
46824
572
7245
189
47296
58992
10248
18253
5060
42331
29439
26965
64261
9820
40326
23877
42727
19151
18805
19866
18507
25053
18525
4522
55670
42276
11977
33108
23613
47965
51594
31226
35496
46489
43124
31603
54452
64544
42559
61846
11807
33475
5629
210
18612
55501
9767
24748
30593
33227
48181
33888
5124
22072
9022
24898
27855
48655
64030
46625
1780
34940
17315
35123
61627
37604
60468
25071
34583
54049
13086
33567
20671
22690
14156
62586
62141
52409
51963
55602
63379
27510
54797
52214
40752
45629
50017
57158
60763
65057
769
14429
21809
28737
13478
29955
29601
21196
22579
29563
64063
7360
3169
16257
25485
24866
58494
31540
48985
33080
23571
63183
15963
5100
46328
34895
23061
35135
55387
59536
9641
63726
34755
20179
10266
29673
49911
5101
13650
45910
45975
11608
37260
18868
1333
8346
24127
39162
25924
58664
21093
14188
59401
22873
6694
63393
38570
9692
20373
21697
19688
64055
38139
15631
1300
24176
43512
29818
44636
27973
63889
7463
4022
2207
58893
291
43915
1954
57246
25765
37148
60285
7920
13826
54791
63894
20462
2051
63975
33059
43867
56832
49508
10527
17138
28301
28263
49608
33240
39629
60859
4666
58882
21951
56450
63349
8064
26344
30079
55731
4646
13693
25686
21842
58118
35306
5865
47186
52149
31266
52734
9441
23507
17713
23087
62702
27649
49296
60760
33131
8776
56850
43093
7229
48736
30858
19721
51793
45346
58817
6796
55485
44684
13029
64913
29985
41834
57865
34507
23209
11819
10635
63646
44499
25730
53208
65219
48230
60777
13269
4344
13526
8878
5373
32229
40099
28372
13176
33242
10981
5259
51263
50667
7217
17033
4212
30140
33264
37245
48218
34600
21637
39882
48629
34898
61664
62309
29505
3180
3855
31002
11084
11385
48110
30625
15109
9923
61898
56336
60158
20019
50238
27184
20423
33526
43622
31353
48242
32095
49736
29911
22939
23590
16243
63602
38997
47925
41929
44014
27869
16047
48607
43265
46270
13187
5530
9817
17087
4425
42509
53456
37595
63549
1182
43766
21257
42223
5254
49087
14025
16735
56878
19758
18678
47361
4840
39544
32852
59044
53683
13849
38329
703
53872
11714
338
36616
6431
29298
61510
22367
5749
16962
19306
7280
16442
43257
32572
8826
62220
3600
59320
6651
40745
29891
8933
21904
28516
14793
23892
32450
44920
34699
55866
5381
18080
37109
49315
2933
28500
5
39174
23224
37599
61477
3162
50407
58857
26836
47641
44670
23232
22896
46047
44175
15576
14164
65142
44647
54306
32496
872
2861
38482
53346
47900
60526
62385
5650
789
29395
54548
1617
10642
54947
33096
26124
43304
38739
60037
42214
4923
5250
39426
390
38667
8238
40363
10060
56948
65218
30831
33937
20192
43399
58588
4741
51417
27840
61783
715
6789
649
62285
10259
3651
49165
25393
56604
41400
47478
5967
35815
54369
31194
43008
10659
43606
23081
34158
40317
32854
9954
57491
37685
37840
54723
46107
48111
2379
16451
49242
16059
16789
10580
15485
35910
23859
43804
4166
51386
27092
54449
48218
12138
18598
11779
45395
55595
17286
51968
27413
13417
2732
59255
48876
14074
42774
39983
17498
1372
59124
2627
57670
43569
1682
64791
30858
12243
11908
61373
1753
2763
47459
61855
60948
17644
6915
22959
64300
25910
41120
50665
22834
18160
30428
14966
46317
26192
16538
44152
48472
37488
14875
8660
62301
59444
54004
7056
2875
25621
16252
61568
34781
25141
10344
62000
32213
31737
60523
50312
9922
3007
43820
17742
46511
62219
45655
17854
43221
58478
53924
20971
45794
21763
64492
45584
38474
51193
9137
33613
17432
53405
3153
52712
35338
27212
21514
53921
1749
25524
15589
14663
63879
31592
14668
12642
51960
55948
14720
49457
30651
60444
59474
60634
20938
37821
43850
28470
32054
53334
22102
26948
58346
26709
13577
30750
37248
56262
56611
14073
56770
48968
60139
10922
9466
52596
27110
29840
17276
46585
38903
19955
60980
65055
15497
50741
16442
55944
29775
39899
30021
46708
40122
18206
11974
7960
3855
9411
47673
57150
11351
39960
48071
48397
18142
46903
31363
65005
3619
27902
22986
32423
19058
50525
62385
41805
41545
61390
50016
25515
33134
6907
45383
42233
38321
21385
57940
38425
54583
42895
61172
54858
29999
9190
36751
46883
52846
44087
9844
55886
2912
40600
38232
54249
53634
61351
57832
56000
22093
55474
54780
59529
64574
60242
36404
5708
131
33891
54598
32826
6153
30427
20089
57941
33550
62478
64082
62703
28337
9906
56595
31717
42558
5853
64080
20175
42426
19882
21692
37205
5039
31936
65215
64345
58382
17770
42858
42918
41929
23235
28585
28798
42373
39778
8931
7437
43286
21610
49150
28770
55670
27271
24500
46161
9480
23832
12909
6465
15767
48842
62003
15007
19823
59986
17204
30479
28782
46842
1632
45241
12052
3140
64478
27609
45242
44852
1787
64188
32331
50668
64896
48656
42664
53827
44155
54084
27221
56368
55798
9831
61270
51877
11631
29692
41639
40056
61323
32743
27528
10146
18192
6542
51794
26210
9378
14534
45644
5844
32739
10062
3706
17467
64949
12793
9264
12834
59690
64920
59536
13507
62419
31490
62237
55645
8810
43688
32179
22407
7548
65092
3850
23769
31110
48097
50129
13240
60257
21971
48107
36263
50735
7749
49083
26984
15155
44145
30549
9686
18101
36358
8751
13155
37436
55687
34586
49480
5091
36869
39618
35533
34951
27172
23991
46727
52090
47376
37095
64195
36875
34754
43272
45120
53081
55932
6280
50104
1271
18900
37998
42848
16562
33440
28445
28594
47669
51021
14976
498
5845
62208
47985
2451
1922
122
18338
60316
47421
22112
36355
47212
21322
44144
53575
40489
53354
57029
64372
24388
24863
44995
2837
3155
4579
26613
45567
59882
13215
35092
60474
14986
29580
18625
46736
6477
4177
64956
59041
49098
58899
40178
26489
16331
63549
15051
48171
53089
42263
7641
27210
48647
27664
12066
18855
11816
17952
8953
46757
50696
49789
46454
43934
31762
14921
39155
28358
47430
9621
38697
63543
35858
12234
62214
12436
16923
50309
1844
42165
65378
38815
16984
57918
42535
6097
53794
41577
18102
52102
35288
11879
34110
55508
33720
45855
57618
60563
33729
54
4279
14115
34058
46764
47394
8126
11113
60925
38443
34257
59567
25631
45200
5801
3941
7224
60522
24290
37466
62673
39975
17242
33537
22874
6677
38097
4676
17323
61843
12844
28151
39202
17967
59391
6357
47432
25180
42213
36070
39704
49176
7899
18928
30919
22946
1696
28179
59555
35995
25352
37885
12093
29612
46915
21372
21728
40825
47555
10381
60930
31175
58787
47258
61701
35741
12725
13607
27482
19552
18407
40877
49116
24248
31734
58521
59099
6277
46438
58504
47250
61625
10451
49462
14455
16173
58515
32809
3229
24779
29186
56367
21630
49920
31182
45397
35155
2730
23508
45688
60668
32039
40654
59221
18769
38106
48126
22937
7638
46660
48501
36540
45990
49247
29075
37217
3173
31690
6537
54526
1523
47199
46689
63312
541
18447
39695
21950
36108
36343
17188
14183
21248
45171
37781
45282
51720
18330
23873
13265
61980
13166
37284
55005
38317
10237
35528
2874
25135
49098
60866
23247
9761
6380
8391
1617
52535
53148
10206
17039
30674
58384
37921
34445
50022
14623
45567
11908
35081
23586
25109
56395
33735
25274
13200
559
5951
52986
63988
27130
51149
26064
35172
34945
31245
39496
22959
38436
53599
29020
59870
29488
33805
8340
65349
6667
55943
55466
34233
48171
34387
10623
27059
21272
10835
58874
63922
39414
3541
62749
57513
13465
58157
62853
57387
21226
60002
56207
52873
53809
24870
16278
63751
54963
39598
34431
5256
14763
40189
56679
8398
4085
63274
31314
43568
53064
26164
20976
36927
24459
59038
29937
796
41136
57702
12337
52298
49266
57902
42492
50240
9901
19093
45386
36588
50400
26749
49088
30409
51629
28622
1429
55140
9310
22939
46835
57839
40114
51468
29787
2413
58612
27514
9975
3423
33738
17210
28789
34714
42639
59973
39818
35338
2586
46368
13324
2470
19671
26125
34979
28212
9401
48168
21924
30216
43985
1657
48806
22260
15305
2859
18228
60188
155
30646
15030
25908
53555
290
20619
21066
51311
49307
17596
12360
48296
57895
65534
12143
57987
32837
2618
47048
65483
26998
6959
5882
5665
20853
26251
3578
53066
33127
13113
58336
1097
30778
16769
23248
5799
26210
52377
29495
17629
18409
34725
23365
13977
33490
49308
48738
58069
3909
40546
17034
34707
47677
12212
61026
59095
8977
32627
52105
32721
4481
51001
37281
42396
17079
23333
23808
34973
26823
23664
9540
43466
36508
31720
51246
37642
55463
30541
5426
13068
33121
31609
3764
44833
61712
17462
13831
23394
11631
12591
62727
53025
37683
5153
35042
5400
13789
37625
2801
18263
7701
61310
19100
9764
4894
29044
13721
34354
13315
44776
10555
19755
61404
46237
5657
21669
44881
46779
6711
7827
2335
9583
53734
11907
32885
31980
45305
13053
16316
20634
12437
54505
55222
53386
9762
23641
396
36494
57975
49043
60895
56449
4126
57963
14045
28352
41471
16102
38582
47564
16215
41858
25439
63954
47738
24171
46500
60425
25475
34310
47528
59310
29193
50281
24195
37684
56842
44323
26302
61656
29525
10616
17730
62279
34796
26917
19861
12157
2180
21190
27574
63810
52120
12620
17781
44137
43555
65209
43880
46669
13418
6706
55763
686
51431
24666
20283
16975
39086
29037
60543
30306
25283
27587
26990
18266
26895
28223
29727
34025
65215
45563
12686
20485
7431
10632
7974
30039
20309
33833
3058
26262
56055
1504
51584
41710
6954
42647
52917
53663
45128
44589
56418
25984
10661
49587
2041
23804
55749
32849
34723
11370
61864
27853
7676
59187
3054
17665
39036
53629
41813
45364
35501
62772
37665
60189
5997
19671
35828
26577
30254
18471
64629
22719
39480
32099
37659
15409
29939
14833
24011
30188
49324
17979
28005
59277
61392
61118
9793
50938
36120
19259
12437
14381
41189
45121
1647
11133
28212
17009
16385
21196
56666
20936
11678
37529
65535
42893
12174
55926
9042
56833
31205
37574
43181
15323
53483
23029
45349
57126
55327
33555
33146
530
13162
64711
8720
56906
5791
44312
5810
47036
39857
61024
2305
51824
52614
34133
5641
58715
36504
56209
21613
8506
18629
13336
18507
61599
16445
19024
44211
43097
40666
30538
33088
59854
49448
23669
26776
38565
22120
49312
53533
31539
24785
60943
18524
27726
4735
44800
57883
59239
22678
54143
1471
26426
48979
54264
63023
10494
33237
27050
52597
49515
47840
40674
49214
8562
32739
18520
45232
55499
17730
42178
44570
1089
17593
44138
64737
12081
11019
46833
27510
28829
23374
44150
14859
42455
62492
25035
56156
22125
21448
35621
50273
9443
31445
8826
46291
58445
47952
54608
39589
22711
42589
42877
32176
43256
29125
36672
61986
873
41748
43088
6237
9239
30525
5628
34254
26014
8058
46955
687
3538
40310
35532
14402
63273
13140
58055
52945
1132
58799
16796
32472
64889
45777
21316
53814
4899
42334
23478
39343
25433
40498
24067
63511
61402
40380
13545
23131
54082
41534
27191
9154
24012
19783
51118
56337
18725
1768
3547
43963
9
930
9632
34611
31228
14096
45185
59793
31895
41956
50174
56090
17618
53213
53318
60223
41186
19809
7743
17087
35567
16768
32275
650
583
23178
42827
16464
23739
60078
17574
51719
34527
6226
20415
46858
63967
14258
53159
35563
61178
22046
41565
53746
64091
55801
25838
62016
62533
35595
25976
36621
16972
38374
1316
12102
35527
14952
44406
59212
62587
233
6625
38977
18521
64770
25106
59995
64757
16937
23671
57926
57785
7281
1861
443
8258
6968
57631
17536
57371
22887
30199
4288
41265
26656
57963
27587
39540
21447
43715
7677
49519
33596
32234
30058
60008
41466
62152
1565
23075
59253
63307
26060
57739
24344
23225
56344
10986
54000
5887
55760
15685
4998
7634
63621
62521
14458
17958
60264
57189
4090
8570
49653
30501
62070
65508
428
50839
59510
57794
25993
8859
26631
20121
6500
43525
15289
9998
35160
41475
58455
8936
12298
29776
40048
45704
56655
36230
62571
61005
44690
27613
1265
12287
31053
38767
20703
34949
19771
13608
29092
57469
55153
44525
18047
56364
42462
4873
20312
33760
54870
3041
59472
37486
25976
25470
22293
12035
20694
19229
49166
64920
40175
20056
3248
8092
39099
43558
42131
58069
3111
26958
9048
33136
20375
2627
9305
4493
58166
4717
43941
20543
38825
33089
26693
13270
44566
59106
60239
46203
13836
25012
4750
61325
44131
198
15500
1127
27594
34716
59655
38031
33074
3897
45116
55980
31874
53392
30452
56331
49527
46077
19524
56087
36610
58088
13196
2546
18158
20445
32243
14452
46156
5742
18225
17590
59524
38247
47532
64669
12480
57210
39521
2842
53120
55993
28707
48748
33007
19598
47875
47484
8674
15079
38737
33403
18317
33181
46810
1815
28696
11933
7763
27192
16542
40814
42851
7756
19926
64351
20467
51208
37334
22127
9504
54482
25902
56783
4281
32922
63690
51656
37278
21523
43729
44839
43452
12813
21548
50938
27879
23726
36935
39915
65160
33875
17301
20410
56425
10192
32554
64061
39607
19879
48403
17540
22243
48732
42354
57239
44076
27373
25088
42337
49130
39674
17490
21256
10217
12411
50032
35547
25330
5662
52996
36167
32443
32626
36783
62434
49517
27422
51740
43599
18464
6700
43814
44235
50644
43639
44263
39086
14611
12670
23215
27220
13362
50826
42787
1803
52649
21898
1721
10328
29086
7061
10249
8586
2864
63148
17993
4133
19137
14567
50057
31664
39724
4057
3837
46667
22860
25430
10862
63054
58794
39404
57129
15029
23987
49945
15153
11770
48082
52935
48045
48177
6430
36800
52064
22770
48309
37552
4983
23142
49955
53377
36785
20001
33454
32731
39749
59102
20738
14609
24751
24380
20228
51669
28974
39246
65021
49441
32803
64120
6133
23223
46557
25549
41092
62094
13278
53252
14693
28493
56769
31811
28177
43512
18301
12161
49607
45803
31410
2197
23556
12879
29628
61386
14134
2798
26028
14286
27965
62869
1884
408
32618
11076
18373
4173
47353
56880
13126
48074
53770
42500
3057
9143
32144
3315
30608
62537
39765
46751
27567
48981
50
48704
33813
53647
62450
13413
21431
28701
42283
50138
35396
10577
15879
23368
16837
24627
52369
21266
48401
30540
19927
7355
57396
45334
9309
282
59411
25724
42554
38984
39153
11217
35934
44880
39154
1882
52259
47804
19728
61366
8528
6437
20695
3120
44577
43272
44216
3635
60244
21637
19342
62486
60028
46868
50897
10313
39310
49033
31848
52897
7220
39553
44134
16283
59017
28933
61611
27995
3552
39713
5429
16487
31994
56488
49799
47932
13079
63801
9853
30009
60910
58920
58079
41107
52634
16460
3387
9888
52595
46874
64582
27651
40475
43421
41672
25413
18134
52931
23820
46131
30948
863
18241
2561
51135
52248
30549
39331
5265
4420
28275
49068
31905
17172
29924
64995
51592
63491
5625
6232
43196
41875
53482
19986
38903
8577
56004
5370
7777
24713
25294
32749
30961
13324
38898
30457
40950
5655
49376
18659
1710
62910
27776
57214
4479
21818
35155
17284
5052
24104
42196
38075
8399
49356
10824
10683
61387
36096
48604
3908
4414
8678
50241
42118
16556
21040
12302
33549
46910
13818
15583
16221
14527
52693
33152
12504
48107
30461
15855
14256
42576
30634
51899
45846
44813
22251
44645
9308
51777
51772
32287
24342
47858
39076
43805
29417
25136
61431
25424
26437
42660
16036
24186
62764
53782
41240
9809
46180
43011
33017
6928
49780
49527
49333
23841
35735
40051
16792
25736
12770
31478
24694
50250
37344
23013
65523
2035
8028
32591
44010
44069
54776
51029
61869
44527
8779
30869
59069
32375
29972
49047
7365
22425
59267
51730
4634
64988
6705
56045
7010
13044
62978
50654
54177
9467
13585
9711
34453
9894
27898
9159
42121
19934
25813
63958
64473
52324
42577
41549
29248
36294
44154
45643
23033
57595
65243
58075
3749
6755
51485
45620
47517
26897
59072
36431
28388
46079
47507
56783
13770
51362
30931
51042
50080
35786
44599
21041
25568
21118
46735
35520
33848
34695
55228
43657
43601
6244
42520
15265
9527
23350
10907
41837
25139
34411
48887
57695
37687
61686
7843
63320
26999
23761
19817
35008
30608
9223
58099
57213
61201
58670
11208
1008
38677
9098
92
31147
38760
55764
29220
6668
18648
17273
9690
45839
23250
47298
57997
29298
16561
26839
34323
35490
27543
58773
8063
4186
60722
32881
1007
60718
22077
61114
57130
36312
16914
15833
4435
14743
26010
12656
14932
45244
33040
28001
42155
63100
6756
15024
28167
28117
11578
7074
18588
45003
53483
10673
63044
64373
46551
58724
34858
1085
432
59174
42666
25804
44182
51124
64714
55537
23201
48773
62102
38682
47915
61156
61158
4713
24662
59365
8366
43930
28704
29906
5099
55520
44035
43366
48510
37063
61778
14519
39689
65497
2829
33980
31905
50901
20487
58598
58193
54729
58914
18665
56199
14980
53965
23227
44529
20053
17706
29458
41287
42749
40352
5872
10519
61352
45834
24019
14938
44742
16164
6682
55316
56488
52633
37731
20429
49463
3847
65004
8136
25665
4453
63422
15047
7009
11839
41307
26435
28088
57173
17540
29164
52725
64689
19357
27821
18276
56512
17566
50527
31325
46252
28410
15827
42513
2522
34886
18973
11070
36883
9007
19854
8593
32549
51218
4126
8759
44907
24733
43058
4668
33769
10333
54523
1734
11580
45981
21031
9252
43960
50797
32761
56725
14685
41439
64018
29067
12710
48267
16290
20223
8895
54391
10191
47737
12528
10766
46442
33899
39467
9689
46722
12291
54548
186
16471
2405
46230
36878
51257
52392
49032
505
46004
7169
28123
34651
656
18009
10796
57350
52532
22532
18535
7479
43461
9330
59441
11694
11862
15150
26558
49360
21968
62006
10543
61163
18636
44656
31954
58731
49028
9928
46538
10238
53751
62838
51449
27117
4916
49558
43766
60678
51910
39066
18561
49929
47513
54683
63162
13761
12824
53855
8022
1278
16356
64955
21721
30649
11677
57882
35928
54191
51965
47150
40509
12604
2338
8475
49489
44139
27634
46972
27521
24991
47417
19349
5019
61332
28734
19973
64857
64542
15189
58982
4115
59529
15555
36517
61152
17538
49005
51713
37410
28771
24847
62884
21414
2130
18736
55432
9079
6488
39371
33513
32637
62404
46216
22490
19825
50913
8620
38330
62261
51846
46778
19271
50541
36787
10222
31021
47668
282
58653
23486
32213
55960
35839
15771
59037
11902
14337
38736
8110
8985
43680
44909
57968
42129
59799
65453
52580
1157
31187
39726
32001
57525
3247
8897
513
25174
57252
22966
13413
7796
19533
25192
13028
47300
24536
10090
33237
22192
51860
38919
4637
5651
35677
33418
50925
10917
17500
62170
34412
1843
44645
40660
11523
14197
25166
60020
33530
1523
5858
63017
42231
49108
40826
11050
12821
24873
58747
13614
48315
58978
56458
48079
18521
34151
59386
57588
1391
21984
5242
16778
39762
9133
14811
8846
30080
59520
65158
59168
10061
39569
39777
42465
50306
46324
46010
20867
45445
57161
37297
4037
3359
1074
16474
8657
57824
57802
20042
24250
8838
14100
32627
60764
63596
34988
14936
6625
61024
13672
20356
53592
9715
53684
19181
50028
26520
17216
35244
57558
3553
39231
18401
19511
9691
1774
22213
33268
57651
59150
23097
40709
4345
41237
37938
10637
39964
9946
20710
37956
31543
15932
38063
53016
33618
2195
58437
61788
64483
4893
29714
59167
26494
60272
54855
58240
6219
15945
24418
59431
27449
60604
8822
3037
1968
9992
43659
35032
11584
28628
23410
21855
65050
23014
16417
57290
5379
21954
11579
61696
52976
46392
59951
5843
9678
36304
10281
31203
52052
8668
52023
13647
8620
3877
16988
60002
51566
4053
61344
58918
33197
8824
3546
40114
24024
7434
19730
3521
25778
65434
55223
26167
31174
62023
44497
62648
32847
1865
25632
59726
53061
58803
35897
20292
47323
26595
27428
16491
7982
13300
55386
11328
16129
46129
64615
15644
46335
40050
41477
59275
8992
31827
8526
31497
50028
11123
48132
32165
30729
10616
61405
46212
14551
26014
53898
60887
18132
40940
710
65098
49425
39006
17602
62252
34590
62155
2123
24949
38625
55400
26704
40395
14563
12746
12056
35206
27339
32427
56121
59311
63517
27674
28896
51132
26229
33977
41607
54423
41577
42757
42056
12397
10570
48945
27610
46461
22851
10821
55869
17254
28966
21266
17306
7738
33934
50386
65305
43089
36026
52863
28216
2647
5307
47042
48367
3698
21167
6108
65221
21688
9438
25200
59505
52586
13761
37426
7588
47603
20936
43170
17324
3923
22375
6790
62922
41871
52071
49864
21773
45937
8595
50117
47095
47054
30288
2778
3693
28711
19017
21599
42591
22762
30162
64343
1617
31464
5589
58918
63640
6652
53869
19568
13757
31639
39394
3360
11648
24730
65250
49324
60025
10806
887
25427
44809
11228
33429
32019
7013
988
6932
1827
29492
53412
43731
43405
8817
28574
4576
7398
8234
63940
34973
32346
42540
50403
14711
50206
8491
35172
39972
42215
40133
11094
14032
12086
6398
42374
39658
63015
32673
25645
12687
40392
30624
37975
5886
25030
6740
26134
257
56484
40840
5818
45855
1888
49443
8364
56521
35471
41255
6440
33850
47001
22869
3426
49130
19018
63954
39154
54373
60891
24327
8573
8111
13146
15504
63987
19286
30196
25616
45841
54107
2801
16137
32081
25570
31362
61861
30849
35462
9979
8479
4793
6761
15563
16635
5281
28398
56941
20361
33029
59586
58426
63298
27740
48432
47212
707
39872
41083
59114
45589
28314
56822
44232
63362
29720
11715
38639
43758
49686
11435
43418
13252
126
28661
48899
11839
41910
30219
41065
12809
60488
55940
18794
57461
18904
20899
33081
19633
35237
204
13611
6628
51194
47472
37163
37261
34142
25859
53028
49143
34333
27343
5070
24897
26260
28895
45818
48319
5206
27193
56451
60322
23439
11946
32229
9159
26177
19434
28489
48039
38989
17641
55650
35889
52304
59779
56585
56543
20127
27538
37429
46907
26638
51790
63188
9741
49933
8629
43034
46761
35331
13703
12274
32849
36985
2821
62766
47485
26126
16265
60866
8840
22838
57770
47408
11343
28175
34727
16423
8931
7119
19549
36838
43963
52121
6156
44127
35908
40288
23820
5179
28593
3869
7693
44534
10774
47353
62202
7467
16028
14892
25318
12048
47626
19553
7697
34535
3774
24237
37412
11830
29113
62508
42708
27658
36970
44700
14704
24763
51926
26437
54651
60701
16359
40022
13355
897
36412
41866
53256
1675
6374
50797
10158
56463
55945
12541
55904
16647
12814
53828
28817
8623
50260
10746
7507
26183
47718
30033
5090
6914
21717
2330
62508
58311
6047
58260
12439
52816
29558
24162
63536
32750
58671
63354
1530
8516
50397
1089
55982
10076
1496
46589
2100
46865
16286
4408
42713
37137
27296
49371
4072
25332
39027
9815
53936
12309
65320
55760
26510
48516
59800
43479
64301
42031
26003
17751
22339
60923
32108
62663
1576
25832
27139
40224
36172
65319
5014
63969
57599
12333
25582
7584
53593
59512
31555
14827
31743
1608
9246
17450
21921
51617
54019
2974
58805
18748
64537
42180
17825
50442
44526
31424
62705
11058
17911
33060
34760
16438
11146
13542
55880
55512
7516
39062
58789
4090
30506
30209
15998
4142
47566
46701
43729
55004
18012
64941
17098
26535
6845
11422
22792
31536
31232
22486
42825
54827
6417
33468
47404
29229
37191
62137
31560
23765
994
62337
24933
59642
55672
38750
28947
48512
16008
43499
9892
51801
7383
10002
16479
35945
50672
39895
30154
17666
50454
37899
6106
15168
51135
11230
64340
27847
48117
37270
44078
56234
63159
4949
36152
59056
8121
21355
51166
25572
18618
62494
52536
12027
31277
23346
1536
55662
30020
422
64253
17983
65344
24197
33443
7116
47810
59016
1780
13825
57964
26798
62997
60318
11825
47963
24858
10727
3988
16197
11517
53300
30613
4822
55854
51745
32278
58235
52682
37301
6886
54888
64505
5341
38733
51429
51342
26775
7700
63602
23880
8715
60259
60087
43914
48827
15005
57938
50425
49133
13223
4251
56213
32343
8656
63209
60372
10192
23472
39289
12831
21911
22798
62714
54707
34213
12668
30537
41574
51120
41494
38434
49714
21648
33612
27866
32415
27934
47645
62202
25004
31859
42453
23638
24751
31730
25694
50916
63606
45756
10381
33280
35444
59397
14205
34649
7755
41583
20598
43440
59107
14667
39694
16607
22832
22778
49268
49897
19411
25719
35763
44446
49480
43541
27206
7038
41740
40668
49906
52210
32618
64924
61599
64982
15071
5007
6448
13879
17
8906
9196
22846
17221
46419
4982
25949
63676
31851
13330
14056
60051
46700
36734
60036
58878
19022
57183
60782
24152
55099
53953
31486
7455
41422
4126
45853
58111
31154
62854
50796
26655
36795
43135
18534
11674
42878
48084
16572
38738
40834
56959
62100
10717
36060
63350
13591
40842
13593
14734
19282
50634
14141
48581
4867
44838
58653
33320
10024
33674
10470
25183
37234
23908
13989
8748
46718
60745
40065
53062
16491
42317
59201
48120
44712
65502
41253
32718
13405
36438
45807
36094
58872
59914
52566
48994
6748
9811
60746
47755
30287
9700
10544
33575
31140
57677
34399
3576
2625
2970
45250
17157
32166
20031
27891
63655
45446
59712
36657
45696
17623
44450
9388
56047
23546
33024
32567
27150
26896
61493
42326
28283
1331
32007
62215
51029
59303
49574
44470
45688
12780
17593
43616
54819
8139
1565
8628
55390
35002
38627
23390
58521
60759
10120
3035
60932
3366
31866
52740
24125
9379
65219
47744
6495
23826
40544
52176
45652
2740
35525
61873
31760
17336
49168
64631
60333
37564
6497
63353
11756
39753
41607
32597
60182
51033
60863
58165
61071
33369
20312
65474
35457
11972
18851
16243
16540
26066
20568
47891
57854
37397
59269
30130
24457
26054
63196
45345
58706
34227
46785
12437
58523
23638
21610
38138
37443
41105
56361
27214
62056
34844
51840
19757
12734
60738
27238
15897
42181
4734
3476
18000
58076
58772
376
34872
45064
43177
51716
25789
59185
36813
21032
55914
61373
10652
12758
29672
31220
24320
53647
21999
8878
43881
39777
53945
14372
5765
49099
57229
25943
15003
43480
61172
42076
13699
28679
30459
39579
35604
17550
43576
4180
16708
4801
34175
48392
53371
1619
3624
45468
20236
7741
42394
34175
991
35095
21760
2945
55557
33663
20266
42646
17828
17118
42579
1362
25032
63392
8020
46465
62091
32151
48263
45294
12203
30307
62573
40578
22656
61552
23963
13380
24682
63464
55850
49568
21401
47349
42578
65086
23955
17951
56187
42172
26871
8432
34659
54712
33562
336
61353
38271
17900
12583
52525
22663
31245
58556
44037
42730
47171
6564
19688
53674
2181
18566
61918
9105
23612
18403
60049
4405
38281
10063
6735
35263
37458
65035
30224
13591
706
19855
5854
36673
65090
33456
43673
12596
57729
13217
15895
41931
40884
20705
4791
11762
16984
48131
37661
43222
31796
42672
19383
39853
53212
38001
13084
25057
42946
29660
45287
57425
37131
6341
2925
64765
19790
65441
48692
58462
14992
27346
65495
41877
64783
46329
41156
22473
14949
15803
59864
29435
16483
65213
30677
14475
13864
46440
54982
42146
4635
33404
5724
9958
42864
53128
53589
33171
30117
45302
20737
10608
29980
61574
8111
9636
59229
21024
19500
56830
30853
14396
59662
58761
42182
24647
6711
38696
15792
8120
63763
21156
54457
47002
58417
57174
7544
9085
7345
48525
30962
60326
40523
136
58925
37957
62285
43267
44294
54374
2823
3348
29185
58645
16256
14628
53890
14108
5362
30785
31080
53366
64001
18550
57983
341
60837
268
3518
1174
62012
46550
8206
57762
1166
63257
25816
6645
7187
63200
37473
25029
40231
52785
52804
50573
21725
35253
40149
19405
36864
32106
5213
10966
28633
8814
58991
41022
48980
11353
17208
32824
24646
55771
1100
23927
30435
24505
36401
39632
25158
41723
48719
60336
34297
42883
6093
10657
51691
6148
63786
1398
25707
6438
59792
16401
20670
60339
25974
39605
33395
39495
47313
33189
51164
30993
15157
41637
64497
4645
60697
23854
52317
58204
11226
18490
64578
12163
50139
47103
32511
32288
10475
1335
12740
7734
15683
46467
6584
50296
39814
4296
241
11976
697
8034
4582
23901
23447
64549
24107
49094
50994
34967
19978
7460
48664
36655
57602
31797
12580
51498
43693
33977
25945
34486
47608
12317
7992
64361
11321
63170
24730
24363
25984
38253
18672
45757
5924
36953
40936
41665
35618
9381
30737
19054
41442
14074
37165
58856
52002
14003
36905
47520
63610
20689
43899
16869
8616
10110
32006
21411
44697
40851
56498
42563
15914
52392
55771
34518
6973
3492
21935
14039
4330
3967
41752
24897
17654
53275
30323
58354
56130
34871
52848
44095
28620
45797
27994
16221
58353
60000
8014
10466
52716
29219
15900
54477
56401
33868
30546
1616
18137
3280
7226
22212
7056
38333
44066
43253
24194
9414
41010
7847
16648
50090
45718
60390
19819
41087
41373
64286
26405
39093
47336
62904
52509
32728
1215
4852
34067
55560
57977
22831
26909
56609
60573
7431
47304
14546
25404
47057
46872
29252
44960
52121
31517
36416
7704
29030
63616
139
56416
191
62906
64554
49899
10525
48569
3110
32219
1387
33180
42407
34256
43670
19491
7482
45907
44207
38951
12056
48569
3589
17323
19957
20333
12895
8669
11450
59477
17276
61436
15533
61129
64783
64763
53929
34735
828
43137
32553
14769
30191
46391
51834
10202
29237
38997
46019
5779
28088
26066
1094
62861
11626
56763
29263
22539
63024
8757
36188
47631
39235
28170
63774
12176
60570
41849
64316
4052
43882
46077
64328
16088
42453
2694
25141
61783
11392
44379
7096
29293
57135
20101
11156
3900
65259
54004
32084
5358
42401
56422
42237
25974
38120
24031
52334
56140
52093
25876
2150
32830
48341
24523
27661
20538
38263
33929
49406
23008
24106
30430
20524
38832
50954
10875
11940
24873
43330
44835
34999
61476
57796
45057
43331
33595
19322
61888
9921
39726
58594
26367
40666
55531
20308
23069
45447
55403
50027
40726
28780
8076
5505
40817
42591
61944
34061
32910
42680
23307
59340
62598
37635
6801
39023
20315
39409
58991
52854
33580
9814
26647
51460
927
42371
54466
28234
53076
8594
10538
18070
35853
52676
15718
45943
12546
37396
34476
35651
17671
19014
11414
47831
35554
29015
62827
64880
38625
7970
33300
44421
58196
51182
17869
61227
26271
5163
44468
29001
29577
63798
35257
19266
57766
33261
9118
25808
16355
47319
62268
43197
5180
3560
23335
30323
29110
62992
60863
50912
51440
19068
2268
52772
37973
27858
29491
23235
41631
40371
28520
24335
22969
57237
5423
13079
47946
57721
41888
61070
14464
25045
64564
14315
33714
51107
6418
12624
44974
20206
56192
12956
33959
18784
27988
13231
52634
25766
19972
24084
50005
59016
19540
8416
34274
9261
23973
14344
44193
53136
10884
10004
372
18999
43457
30016
31266
44863
29997
26557
9047
41579
36029
60431
44312
33327
61983
59373
21663
47742
21871
39540
16132
21379
56954
51905
4034
45047
26451
26929
32263
62524
18073
31072
36670
23487
33059
51805
27657
38995
14923
57471
35545
4772
4607
23437
30992
24957
261
47818
47226
32946
12125
5084
3001
15668
32213
62479
2222
56222
52069
40700
18593
3209
23481
55608
37602
19878
50500
18199
27630
25812
13915
12988
10650
40226
54302
62362
23181
18851
9465
10152
22713
7308
8146
35536
41657
2587
38656
64148
37563
50019
36682
34140
65396
41998
13662
65081
58379
50186
30800
10614
3781
58944
32360
24560
47157
39511
17346
57166
21436
62674
44271
62267
19056
16467
26210
34532
11770
27207
3830
47510
12344
25572
17544
1728
33984
45514
44421
10106
28985
21924
9558
7529
41748
7832
24667
55331
35579
29400
57304
32922
2744
12367
12512
61076
16593
19455
51215
56265
31965
6465
60757
50026
45365
46579
30533
56703
16651
38023
23496
41348
1595
14026
25737
18438
63657
31963
34171
7107
34335
7132
28653
42700
22745
46290
7221
27162
54066
60648
13180
61481
35042
39988
37446
50601
15111
37928
20139
13907
31748
62020
2813
29915
53526
53343
43379
23541
55537
60046
44074
15189
64109
46403
37011
40030
26612
25161
50587
55938
1789
2409
54836
58406
42189
4973
25942
60799
40013
46262
20554
34892
26400
56372
19852
36754
52713
37936
9901
45573
48948
1657
50463
31467
55635
8178
1476
21547
45210
28898
60832
56377
1632
60446
54243
6387
8818
33540
46480
12827
187
52218
59720
43967
29524
45435
1689
22607
21203
62932
62659
38794
36055
57118
37074
15103
65307
25214
15113
45457
4150
41210
24628
59427
48647
9721
62161
31550
46706
5660
18462
39457
11501
23057
21869
6821
16919
62483
55387
45549
3567
2496
59385
15378
12335
31219
36550
16473
4351
44021
55770
55546
52463
60317
53216
34161
8757
41696
39168
58128
38173
34727
4356
729
9136
51513
52065
63780
7114
43626
21052
20557
55227
29780
17386
5307
16008
56917
19998
4663
30699
53397
50899
57957
37291
57258
11876
23240
9693
21544
10799
60740
64705
52499
50516
29045
993
60120
45549
50520
10005
49911
30679
57096
17055
59259
48106
1234
16449
21496
23029
37308
5608
54604
9425
38004
22135
18863
61274
20109
6677
18746
15409
15358
51289
46203
53154
14389
47513
39769
52185
5606
8335
17189
11907
26812
9553
22499
8739
8956
16626
27397
9902
7075
20200
844
7589
63373
42693
1531
22547
60605
35861
24636
2645
50918
43497
31234
26272
60561
18435
25228
11021
36114
54720
1170
14344
38411
36478
27484
61229
58094
41039
61414
61961
59177
51980
62557
48056
47709
31275
37007
6994
51621
13185
29543
62398
35295
13765
16431
19938
27098
18283
38617
54075
12489
38009
14095
47581
22639
17295
33694
14135
11993
43820
57543
2781
11114
56580
53959
41676
27254
2075
22117
35348
61817
8599
60215
20921
42749
56974
48646
41700
37676
40026
34827
38500
49139
31521
28071
32751
20118
24845
41869
2414
31626
4235
4303
46278
60584
3094
1509
10715
61378
32769
55972
10364
15012
44462
23237
56395
31158
23138
41818
20068
9484
17621
19745
57895
5251
9054
58980
38785
2161
4001
6338
21323
43494
19674
31015
19162
61101
8833
37224
5565
29511
31398
2842
64218
61290
31550
37899
45329
48304
17266
55297
5168
41988
51680
12311
9926
64774
39687
59860
37413
18658
57171
53707
30976
54702
64312
46049
46496
42214
40483
1816
45892
53924
46458
46496
53394
3664
22858
59323
28779
43843
28231
44235
33203
48857
64196
5827
60851
32632
28079
65307
60248
41376
17368
57265
62470
10076
53829
23908
17719
5073
3547
16026
1601
59183
30397
18844
1253
40911
8021
56743
25773
30386
43409
11407
24196
9857
59224
22029
61676
16385
25622
51787
32058
40690
56363
45115
57842
37864
4190
12946
35127
51906
40637
5283
16388
61853
60708
53685
19105
40554
48641
4682
58159
28804
33013
48341
22248
17179
2126
22795
60062
28414
58380
46471
57249
37095
35363
40693
4068
3859
26322
22573
146
29128
33764
59745
59227
9705
38854
61283
63010
47971
21852
65076
48550
19534
58664
38816
17238
16346
29486
53084
59202
19861
29422
49162
51039
5288
32247
23297
40654
48861
30607
26430
29694
418
62737
13611
53501
56785
39156
22875
2629
14159
20651
42550
18861
38695
60542
61134
13343
28422
19690
28338
42778
61348
63820
608
25383
23191
15264
22277
11256
54801
34175
54055
49006
11772
1737
25885
23340
48612
53346
1829
17534
12714
1002
61534
8024
30391
45899
8989
32485
23223
4945
2502
61943
35549
55532
1289
64115
53395
34458
47542
21612
64398
13098
50301
56871
44342
49798
7115
61110
2206
26471
27406
46527
48888
3456
27344
28065
3019
39506
58817
19678
27944
29864
61680
33586
8062
30765
64496
46135
28291
56244
8375
63779
29816
13646
52934
670
30345
20330
44562
6618
50955
52890
54237
6767
32872
53545
8083
60350
56243
63386
22229
20227
21077
14035
63750
44496
1488
62205
10727
41139
32520
28624
57928
14311
57496
35071
756
17612
61987
27349
53451
46414
13892
56749
58246
8816
59465
17591
62681
50401
60444
698
39855
5388
3235
51495
10304
10904
58202
60646
38344
12438
38911
18262
459
26318
45662
38442
19922
55040
29978
33461
4980
55411
62532
40929
7120
30088
45805
8570
45346
37374
64291
4731
39993
17559
60913
22896
18819
3795
29068
13941
24769
60825
26913
36735
31642
19352
47861
59858
29721
27828
38102
50681
33917
9660
33139
16375
9581
50639
18860
47033
29260
8372
31228
52732
37601
11024
12475
24704
61341
24285
60512
50199
3386
29432
4692
52598
34351
56322
48312
2929
48035
42973
9573
22110
14778
45281
25864
24326
56693
58561
53024
17978
35384
56999
27951
59660
15000
40735
4150
31926
50181
15322
64813
26412
43256
44581
60752
7861
34178
11437
7269
35278
37596
47153
16810
27943
12870
25287
22879
19239
59246
37371
52450
64231
64218
45943
49448
60924
47413
55257
28377
10514
213
6268
2589
49809
24988
53568
6374
50637
2244
53685
50665
40730
64342
45185
4073
49708
7542
60255
13165
43416
51016
63598
27657
12577
61569
15959
1451
65307
5017
30870
1986
53824
33208
13961
32145
54612
985
32656
42885
12649
5198
51510
8538
34395
16796
9722
15004
17259
29785
6099
7438
30086
45055
63382
63614
50634
39980
50146
10025
34299
13429
3730
9860
11165
38402
55541
6882
35984
12045
62962
21089
34840
26434
21759
49695
12062
16621
11811
47270
6543
19966
11883
45284
61281
59465
10567
8579
25810
16358
50700
27329
43054
35924
39513
7515
16006
16336
18532
51370
55550
16811
16963
33972
62648
34750
36272
43621
16629
18359
29065
57152
59335
12521
54137
34732
63591
9980
38461
53372
31615
37822
19904
31358
31872
51481
48498
47554
13680
37014
43697
15215
59330
44036
24892
19169
25434
57137
20700
52384
11219
58562
13319
32338
27763
35933
61139
21575
48303
11239
40607
5802
26893
525
61736
29614
62849
63827
6458
34937
8966
63757
42459
33828
12890
31382
59281
4967
50825
64596
57822
27757
20699
59538
41908
42675
39246
6093
61756
49470
26887
15322
38057
32141
544
41268
41216
59928
18398
16352
10677
12313
8127
18013
58136
6621
46023
13178
24320
61694
58867
16840
33749
58009
42232
38915
7648
49125
32703
21458
44613
50767
44660
29577
53554
25813
24366
38280
2231
22473
28295
62203
830
38229
31522
56771
42915
42881
44617
26167
25871
29035
65118
59737
10882
23837
19583
57721
49936
25106
59089
19816
18161
57278
16789
56227
31807
54218
18811
50918
35147
40415
23701
44008
29802
5803
1067
24122
11715
43740
10336
23930
33313
56999
45580
32318
31182
64359
11759
45787
33619
61561
58341
51533
14672
23423
36978
3673
38030
3406
62203
36754
54204
43700
32779
57440
41779
34363
25973
46879
55636
944
17461
37576
38877
17008
28408
17828
47164
15311
56908
55517
52577
39682
55474
884
6531
56594
17617
12186
55914
15557
44365
63543
21220
13714
12157
13477
34205
54424
56570
20384
44799
20670
41952
20858
34092
36374
15030
58511
42329
47346
46101
6052
35186
6227
42375
7666
47014
52249
12101
40780
62556
43896
2604
35494
7868
10478
45763
22513
49420
13928
60667
31122
15610
55331
31764
33434
8332
64856
8136
51978
51149
539
4546
27476
20768
43078
3042
18144
34694
21066
51801
63642
50310
56610
36429
45154
45361
64123
25767
45062
7827
52748
4495
19576
44451
15348
28514
54232
26964
2872
62105
62225
33480
22176
2913
61389
12295
6710
42614
49976
41686
33940
31480
46226
48753
11916
23959
47262
19790
58043
15543
28548
29226
11317
12910
57498
30453
55487
51451
45096
62546
44443
53216
17208
58826
33450
14226
11650
55795
60215
13205
14695
4391
41364
7923
9704
29011
7228
58772
9049
15599
30527
4719
13577
16363
29829
55286
5975
413
51575
11946
19688
4940
54022
19924
63028
42692
63582
30015
49033
59921
34313
45740
55767
13340
2124
33721
9202
36003
37010
37258
2971
59280
39858
58667
20841
4056
29339
16038
48853
49621
33396
9816
33373
9325
48561
26996
12069
20442
25363
17851
37813
46529
44861
53814
24721
63707
11957
56837
55821
12041
5525
30999
7396
29636
60572
53556
62416
17169
41266
43615
39795
38460
29011
38524
13759
2436
19088
47124
33634
63083
33915
6501
16357
64536
2227
36471
47846
60029
1802
48987
35272
31675
4644
16378
44403
31937
9364
17698
8782
24390
23071
3582
17735
27243
38332
54525
20101
39110
9704
41584
41231
64360
19992
54818
12277
12386
1881
1069
59271
38176
52468
4321
45764
58985
16574
43621
44024
54223
24971
60556
40491
31397
4437
29112
48546
55326
56633
39795
15514
46494
45711
52534
23232
6283
39265
31471
4056
13357
47630
14709
49934
40752
42244
36752
64330
3906
934
776
1510
8263
59653
44557
63344
26067
22376
33195
35742
30678
6329
9963
57760
32230
39264
19282
32209
58179
62443
41519
57014
12388
27741
32235
18727
6300
45402
25491
56867
23804
63856
35276
3481
21425
29108
62130
39149
21105
36781
30331
26347
39572
17230
42862
3554
32622
44841
610
58862
63994
7866
12133
36782
30019
9231
46462
39253
26650
41427
45080
9851
59898
45513
57249
28302
34046
3995
27601
21176
31952
50037
29677
48192
54165
3056
960
30451
58717
60716
34169
50224
10599
35077
51535
49709
64954
7125
30468
14298
22490
12737
30526
16054
1720
44780
61422
11635
22325
13948
19079
4272
34280
22436
61833
16046
30459
47989
47330
16758
26833
11403
3444
34842
57019
18623
40747
26444
56268
1048
59046
33722
29782
32457
26330
50919
43723
35995
39457
34880
49585
61392
2059
24471
8010
19125
38938
10100
41077
63811
29745
2683
16474
30956
20152
24036
7487
39674
30554
48596
60699
37055
23487
24192
14770
42755
11259
11836
52442
46780
46292
4745
14362
18754
48316
14161
46639
26214
55580
29713
51956
3849
59895
27595
33745
59332
38730
14438
49989
22144
58598
53343
41339
10927
18958
33207
25472
40753
45766
51801
34466
16481
20959
52681
42682
10108
28264
50456
62448
4718
40929
42910
15002
6407
421
15232
1522
10466
22000
11564
61241
63827
3571
19464
45017
25741
19529
20622
34322
345
50316
2417
41931
58086
52585
32354
38625
20218
49926
4002
8158
30738
35479
19637
37641
51711
42224
3922
47222
49512
3607
4185
15197
64691
62200
40907
11093
45862
13648
53506
25257
26163
65487
22664
14052
49379
5190
48687
50392
50458
18268
881
34341
32424
11909
26089
26662
33064
49366
11128
44999
40319
34102
50149
45461
42446
13872
49153
63495
2487
29744
29606
32653
59436
14188
49457
20283
39107
19844
25870
15585
14396
49046
7180
16918
7278
6424
39909
9855
18844
11692
61616
1950
24081
45545
56592
59544
41108
7615
48580
46158
11469
40900
5644
37551
55451
54341
35868
51582
7981
4274
62361
3595
49128
40668
60255
59568
22753
47243
18936
48851
28587
33617
7084
40874
60326
43443
54948
2610
40132
8091
9092
5188
18548
24733
51291
35699
64817
14593
38658
402
45895
24959
6019
56484
59968
276
63931
22564
48855
21309
523
50101
2222
17558
55137
40854
61803
14829
40054
62670
35983
19860
4341
64535
6273
42718
31525
12664
38822
16229
61776
57424
2608
42881
52182
31652
5980
41267
6453
60402
19346
64232
1696
19775
19735
13868
35904
37984
19854
53889
65040
49523
12287
14817
12627
446
11147
61915
64344
44981
34223
25830
55652
29454
34736
6648
468
34774
7678
1814
9778
34199
59915
29905
58567
12900
920
17739
52176
7587
58733
64252
25254
41180
19000
30551
31487
45779
48048
20136
57919
57198
39533
51578
35909
15961
5273
27219
16845
23492
13735
56298
29442
11566
24825
19718
43374
6277
64779
25908
53004
28008
61023
32425
29046
61441
53247
56131
56660
24505
355
44380
55846
47857
14932
50129
32581
38863
7912
10604
5549
56513
3475
32049
55539
6498
32019
44153
59615
48561
6261
58874
59281
11006
32693
17269
58010
20848
38195
62465
16709
45981
57400
24685
41677
31638
56671
31599
32782
26250
1213
42467
35685
10739
46127
21190
54862
25542
62813
11777
44115
55839
30411
57952
98
13422
765
39092
43347
53103
6388
10907
47213
57240
6701
16386
12994
34394
40057
31084
36641
14129
5770
41835
40358
9738
2065
50665
36834
63733
20307
19906
18376
31438
49832
1469
8281
48363
64628
19443
35967
12331
19588
3367
11221
16674
30022
19978
52918
56453
31139
3291
37864
7057
21706
1250
58473
20173
11208
22938
24381
64246
7460
11783
3964
24518
44626
20132
33030
22126
59429
53524
27504
30515
32143
62315
43212
62782
20478
4960
40880
31310
26662
62354
21462
31990
46511
46375
32276
39774
62177
25684
26454
21783
64336
8089
40233
63110
57833
39888
24950
50909
26881
2026
18726
65497
21533
771
14997
12269
62577
62074
23876
44827
29459
60797
14133
3873
9029
62624
19995
20446
16806
18062
34234
8890
43364
18341
2568
57648
47126
41609
43968
34464
12805
49466
44346
12673
52351
4491
51956
45406
36796
54021
43138
60880
41356
34675
21999
22972
44142
49618
8595
6574
27341
24833
64494
14284
42343
44435
64182
27013
50146
8698
1489
43914
58618
21124
33191
7077
33883
30523
55678
44074
5376
46075
6282
53398
14092
55697
29458
39019
34380
62925
6600
27700
20203
46446
65420
31500
24196
19130
35712
41956
45444
50816
143
8398
46027
57888
18507
25482
26475
29749
42527
44129
42775
57991
49697
21881
10039
23150
6443
1926
61612
8701
36369
51428
25514
42712
63980
45553
12103
12196
17965
48977
55349
2088
57545
18165
26789
61486
17306
26230
34994
46409
7668
17481
34618
48673
34979
13083
5694
51569
44393
10024
59857
40249
10431
37921
42955
42065
2480
58227
39865
28078
28979
44295
40148
46908
5490
64194
3580
16458
56971
58233
14620
21150
49059
23834
8214
61306
58111
30556
49306
13903
50342
60275
36099
13417
55249
58488
11804
36558
12798
58078
41630
33888
33143
45009
12141
20185
4461
42865
64587
34731
5619
829
30440
60231
25701
19944
1233
54491
39476
56065
37920
17352
45161
6540
12515
12239
8647
1859
6892
47737
10208
55145
19919
12805
52877
34237
52817
12969
29003
22470
58595
771
46709
31969
14159
22616
6675
27038
55238
5008
43064
28823
16604
5139
49001
9265
59056
4863
20819
58554
8067
51490
9388
42527
3348
35799
33398
26532
33270
45294
13768
24493
63795
49094
36920
29667
50473
43381
36677
53105
55630
58581
22223
23721
25289
1644
22185
20026
45550
43908
49518
30361
43009
7623
36989
13153
20915
22531
14491
2906
28916
47782
45004
47777
41214
51541
6771
53277
4958
31976
5133
29628
33066
16347
60359
22172
36193
36471
22726
62336
31858
12964
28231
48372
63285
51576
20820
26518
5756
8349
42569
54905
65301
27407
24392
16902
13724
53933
25728
10677
65052
16712
49976
38741
64724
16780
43814
19706
41613
8288
47365
51347
48520
10275
21549
34697
45489
41015
50991
8377
2013
23064
10441
32938
18800
41962
3106
43488
12285
9539
21501
16393
48715
59806
25181
14786
19180
15462
25285
29548
56666
1843
43536
34659
23546
1058
49615
32551
17323
18438
26278
32272
13364
60831
28677
15844
5486
61403
27145
43568
38184
13776
47749
3858
285
53402
33689
58613
37282
3331
32194
15130
56523
9637
17387
735
46176
17340
7537
39703
60123
33486
55500
13632
18913
13904
65240
37688
63744
36792
12918
44167
14364
25240
57618
59662
61962
35690
2259
60861
821
25594
21838
16692
13265
61248
58924
4418
49797
7281
900
16830
18012
63223
52504
61668
62672
20905
24383
64081
1499
15191
19900
45278
1336
43979
17655
14108
51195
40950
50020
28300
10143
55395
7555
23246
64586
44471
34610
48771
55859
27620
1178
29951
60189
36890
43087
13850
5382
38057
20435
35877
450
23013
4560
16645
38682
65470
17233
20612
32474
18873
13153
61698
2927
23002
38738
21238
34885
8447
34572
4982
45021
59546
50063
57856
28006
30108
37021
34535
64302
48453
121
4223
695
37392
5505
30442
31363
42869
47408
16283
44381
39471
7535
38739
46401
16856
47059
12131
59903
5193
54638
54514
46421
9958
18550
63078
57803
30536
27991
63560
48550
492
5195
46023
59083
26389
26880
25828
17537
33400
12973
36239
12995
18850
58523
61012
61084
43947
23969
19284
39541
60049
35467
13208
62207
54302
39193
59504
9208
46989
64922
8526
50870
18382
30740
22285
35836
50704
53978
53938
50787
61284
14764
31550
21003
47332
52394
43112
9957
1649
45985
55931
62849
8687
53535
34761
62335
35889
17154
10804
35431
34220
25369
14162
39389
9821
40992
45133
16643
53846
54137
21896
41862
34738
28225
26089
4345
28748
44976
59947
17452
35611
60640
35492
18440
58716
33228
35024
14073
12168
15173
39843
31715
19765
7543
34500
40819
60420
9637
22180
48269
28315
33281
23199
8022
48896
32758
60804
26372
23187
257
6464
16928
42312
27248
9934
26390
44937
49950
3751
43489
37709
28703
48760
1939
27874
57756
21421
221
62608
57705
55532
44440
9434
36185
34785
41040
59552
23206
39537
51276
59926
56738
62956
48543
34063
17558
51662
56835
19825
29814
26607
27866
35101
55497
59130
12232
59115
54954
3823
8377
62500
51720
54737
9871
55610
6967
19615
60804
35565
7027
14824
55775
29047
40700
60033
46626
60756
47478
1114
21064
8823
41698
48168
42025
63834
61465
36562
58914
18320
8515
57393
48014
10318
41702
59581
38727
29501
9228
34480
27904
57830
25875
45483
1795
65346
30989
55452
12092
43468
28506
55066
40594
45174
59535
15289
63470
43746
568
24887
495
28059
35124
21365
43555
9112
28140
12563
11375
25513
29043
59421
50988
9539
41886
14322
26628
23359
19292
6598
1002
63751
23654
63536
4134
63051
40770
51783
62606
22755
42007
57387
45259
41085
3059
48423
42693
38791
64732
21112
56133
41816
44021
55277
23980
5332
3872
23004
59516
42838
54605
42768
16203
3199
21223
50488
17178
12045
22061
29599
32718
19030
27937
56954
7425
37341
29702
24536
16029
14207
54935
40012
55716
36405
62903
30081
2083
35228
63008
56603
2676
41802
41852
48597
2861
34669
37740
10178
27944
56326
60391
31894
23684
5660
47141
19514
23382
23646
56238
9829
9340
14369
23124
22065
40082
5665
23064
13983
13706
4350
61219
31402
35138
45690
3817
29380
42538
12971
16588
46383
44390
35113
4390
34694
40547
11532
36067
51397
33626
37486
25014
65330
4067
9204
46828
6257
14153
18536
50637
18652
54988
33102
54370
23624
57077
56631
27025
35273
701
39122
32852
42930
30291
58854
3139
4869
40990
3584
19069
7298
35854
57628
36729
760
58043
476
53275
8333
50051
60391
5562
61856
49213
47124
56020
5995
30180
3600
29263
16789
21658
58901
6880
58173
39727
40127
55601
29478
58618
4547
10807
60654
39064
63378
55861
23704
14749
40178
10861
36887
37028
32010
54421
60800
64140
60536
63216
1803
22679
19477
34571
27036
31294
58739
28765
46782
56013
47082
51224
26786
49676
48269
40164
47147
51900
55865
1577
49994
38060
54017
18148
28540
33526
24684
17556
14514
22699
58903
27621
8097
53072
31647
14379
52890
30454
4254
42709
30731
46047
26285
64439
4001
36211
6538
60799
7051
36100
35630
59486
3145
57824
41563
36218
15058
48678
40858
5093
5058
45050
36685
10859
51130
18900
60609
27151
26520
33962
10657
11124
33030
49607
15392
20701
59788
30495
52908
53762
8556
50682
28583
48023
6205
65368
61802
61877
10258
53599
57757
30257
58973
52228
20724
39480
31763
28349
6625
40400
18317
55250
10015
24807
57942
61991
4215
17834
29877
9270
7224
27329
58634
13577
40481
4600
10894
43046
20809
17967
57984
32771
27097
19019
63225
17831
17418
43941
7270
20473
45602
44960
32887
54794
17579
56384
58650
8181
26787
26694
35140
27871
53799
4491
9199
50832
5667
59148
12461
20427
19263
5231
47108
8453
2709
21137
31441
60690
29413
12814
8784
3863
7694
48886
42633
64957
16964
55708
58787
15723
24473
45644
38049
54364
41972
51948
49895
22215
58051
46919
61593
9012
11016
1639
59875
55149
40161
10507
53532
65187
17184
8784
60288
24099
59568
18712
6104
47755
40972
49942
30858
8981
34636
28410
61645
61971
26276
33234
8210
8536
9366
57867
29641
27170
45005
42049
53395
50768
51701
7002
23036
61825
23724
34006
13263
29278
20265
54497
63346
52163
5756
57954
63951
43848
44708
43360
61957
29467
17658
23058
55598
4830
58770
62387
26774
5790
63016
10389
2587
22989
41534
56707
5517
37630
42868
63872
11569
1411
47439
43573
17581
34297
4484
55563
63021
29888
53987
20808
18155
42267
46485
48578
14318
47554
52714
26946
56547
56508
43047
45470
43835
42116
3021
27846
36967
17979
3927
59393
60609
1873
31775
15938
19652
31028
58052
55154
47774
60084
55486
41447
47152
50818
34635
5511
24587
18696
39422
56435
9334
8641
32312
6738
26771
22322
37648
39402
10170
858
43494
27561
14498
60673
48776
30803
58450
8094
43772
37562
31753
46508
4125
9194
2662
7733
24318
46074
53545
11973
58532
16610
39533
19753
9730
36118
39720
58329
33428
27283
35724
21533
11427
23181
32629
33285
65061
37300
12119
40796
22560
62816
33900
56002
49907
64384
25114
12678
48023
59855
53452
20464
3178
32555
62464
30305
38820
58952
26482
11110
28901
5410
8767
44351
26155
11315
38667
57006
59759
22718
40927
17184
38427
10955
9067
44165
17175
64555
62777
58587
11471
60395
1624
60960
37394
30455
22623
33842
6479
2960
4419
61633
60396
58043
18010
38061
13499
57529
29310
57176
11123
46632
60242
47041
46794
54650
55483
49173
44050
32121
48174
29183
30698
24839
10700
47670
2875
47719
12945
47303
14953
31726
8553
21557
28161
4012
14667
1197
23689
30376
14504
34710
33659
56457
11266
51271
13591
39757
55146
28103
10619
17249
46929
58822
2702
25980
6964
33911
60440
62089
10764
37772
38813
7717
60104
21269
61326
58412
14825
53818
24760
38630
9632
42093
52749
17496
6489
30431
64391
37444
28169
58809
25838
33491
12402
16699
16488
9530
30715
55530
35117
31901
5272
40636
6144
923
10738
48135
11439
30973
28624
31824
15346
37772
30137
520
41650
2195
31389
13566
15288
50845
63686
50245
9852
47039
53438
52932
57236
2445
31976
44312
35159
45117
56356
19848
51798
11994
54386
6262
13039
42417
5757
29897
51178
2046
39133
63905
59020
23273
48010
65362
33952
60733
41325
48162
49301
6842
12105
44414
7293
52443
57955
61249
59316
54318
20581
28379
32407
11493
12454
44605
49716
14659
43970
41131
15458
59952
3114
48564
13053
65044
48133
49942
16850
26091
29352
37539
65454
33395
37023
50278
20566
56655
39248
15793
35203
253
59607
43848
63884
4326
2168
59789
58811
59849
65001
42093
42605
7649
45436
29959
8459
4435
63240
63769
61672
3023
21291
47307
59837
32573
12045
62660
4738
25817
28645
7441
2493
41016
49679
10274
28814
22221
9679
62331
45041
47645
45655
19393
5755
56454
1922
36686
3623
6239
5096
15478
10444
6662
42864
59592
50282
49488
18755
8666
35252
18618
54112
51441
41790
2997
29072
5826
41233
58678
23185
20025
44178
4596
48057
23073
40836
9047
54713
16533
32341
12152
25013
41439
26691
15959
41238
17274
16167
44604
62245
24469
56702
62487
57290
36902
43804
11944
2623
58362
41707
40823
362
8233
56854
11013
25331
19864
52530
24530
8137
48470
14958
28903
33837
12494
20020
26210
27890
28535
38857
56467
2527
34489
37129
5814
36235
53942
62600
28110
10633
60872
13933
1665
55833
18179
11756
38020
49990
10298
8775
64484
22673
35239
22011
15589
22677
27923
8996
33837
43771
209
2957
11693
57147
39773
30862
57862
43245
39975
40245
54215
6246
54331
26780
53444
64656
42443
53129
57641
11168
24815
58579
12099
1497
26254
49756
36731
11887
41878
16396
22817
40504
6753
39778
2436
32613
23909
46461
48440
4342
40693
46833
23212
52067
17495
32283
29783
15391
42699
53666
10364
28274
56818
10577
46887
31714
22793
61289
1190
12488
37556
64988
23237
29337
11330
46039
3949
38796
24022
37807
63591
44803
7924
60399
16883
21577
11869
7030
61902
8871
37672
28226
1488
26555
33549
56575
37928
6589
20730
63222
56659
39089
26219
10643
29451
45966
7050
34845
8293
60466
45722
46507
21796
24667
35134
2755
18726
62719
51094
55522
52210
29275
40247
1071
31638
4010
32404
2202
57533
2352
47493
54932
50163
19674
41310
52550
15616
25888
46161
4612
5954
44190
3908
41805
30967
41309
36478
39027
16522
561
17356
53638
6558
40179
43905
46046
35174
13521
26389
31138
43753
17808
39053
1099
36478
42739
28935
19588
1998
9462
4967
51956
62123
28737
32478
61086
21098
10348
21077
919
17811
29611
11611
39989
31853
17949
38312
2655
23426
61254
49991
59685
10447
54722
19827
34804
24750
37478
44036
4381
60874
60535
55164
58922
30306
53596
41199
48376
18389
61758
15502
41125
34593
42774
37257
55214
35543
14965
29378
65424
22262
29725
21414
39209
37862
27539
6917
10884
21085
49421
2641
60940
4993
53061
59498
43906
53791
50714
45537
14903
59656
43219
48112
651
63221
9205
53080
42406
261
16622
51208
30108
35566
26918
58991
38475
59530
35653
4658
60490
26386
36196
64439
15037
40837
64563
24069
26213
13977
1073
38242
19032
22298
4234
21729
38366
36681
35971
57078
20929
20971
2857
13737
21632
61801
18194
17474
59755
43778
35437
40667
57419
54649
35454
6928
44460
52124
12248
20625
39658
9155
46665
36664
31806
9897
59840
2586
40544
46894
12728
34719
62522
12741
59134
39252
59582
50591
57842
26177
13165
2846
1942
52397
37579
36543
58754
64494
3785
4240
54324
579
35370
23889
62341
45525
64840
63453
38662
411
13528
48586
45374
49899
31067
5056
56873
40310
43882
51088
24063
24944
32472
24471
63592
34464
41616
4566
17272
52738
58554
64357
57791
61294
7218
16521
19220
52731
42052
48456
58273
14902
54698
13409
62302
59622
62932
15905
19724
40633
61029
41007
36099
42402
48588
60561
23352
40818
20576
5867
52971
30688
53219
23513
18773
6814
30714
6380
30942
2655
52266
59405
22354
25985
40256
48957
63581
36329
44681
56582
57448
39438
17698
28631
786
52002
23391
571
60847
45546
59820
2628
24859
64593
38261
9700
38880
36094
15927
61856
18073
52715
54861
14697
45220
37175
56672
1996
61930
22493
38385
20438
3530
49202
3922
37021
4611
10341
17941
52369
25373
15806
61905
2000
27503
20170
59170
14277
22326
62528
61269
45303
9047
63751
41526
27018
44593
51603
51480
17769
6368
40306
3311
16077
36239
46253
24895
21544
49898
27828
33892
41018
24084
2557
37429
10399
1099
41485
24818
54611
1553
54215
28145
39251
23638
21505
63490
52461
59504
320
63262
9208
55125
15909
58162
43300
14001
45849
19428
5645
28768
41496
32844
24398
48397
16949
42352
45446
56448
30888
22008
44939
27038
62537
26442
52683
30553
19975
30925
973
43661
51445
9527
59717
2100
27816
51836
17824
9147
26920
31365
20489
36223
32015
32836
48965
54137
17751
17638
46310
17131
16259
36994
17495
23081
13446
62716
52963
18148
60878
13508
15762
49209
28645
43282
26384
19836
43963
33667
6052
8054
7300
37291
22459
12479
14863
24971
56699
60831
16440
13519
37873
54020
51646
63940
60132
50472
25647
8565
12118
30446
59478
38987
56348
21415
3335
40116
50524
32348
43061
17031
2183
16676
27624
44493
15137
40019
11208
62386
42895
31766
4676
46506
27500
42188
17511
10274
40770
10175
35098
51794
43121
22206
44551
47645
9570
17693
28966
41125
26146
25318
1121
44314
28589
55161
46368
52317
38193
37584
24692
25527
9256
40521
19433
59136
19194
30991
30233
47294
4005
54535
57844
13307
46868
31312
18359
4507
57007
56999
28121
46059
5728
22117
39914
8649
16262
32746
57479
39222
43170
43165
55456
10102
25709
32638
55575
58279
48071
50586
55815
35298
17850
35415
55720
26598
56162
5337
33755
56666
57558
18421
63301
33851
12929
23826
55496
3081
53988
64887
8812
29695
42134
22688
52145
39387
64013
51861
47293
52127
50604
17225
14438
57243
31565
58471
60831
58979
20493
56071
27318
34115
27134
21638
5913
3380
52835
11829
19978
46937
62584
6388
26379
43559
55231
35196
43264
10723
50600
26115
58329
41902
11437
31886
25437
2700
49738
19677
28123
27955
46374
1377
59590
11444
65415
44351
19040
19395
62766
56660
12594
14564
61588
32556
20287
13077
60889
60695
18492
54891
2975
5729
56591
15687
50653
26189
47045
23518
39851
44667
58951
46845
38941
40802
40145
52203
26891
36683
64300
60517
12419
23677
55111
54338
5935
51005
64078
4731
26554
28557
37129
63112
62555
12587
63877
59798
61845
27629
25805
22636
3729
64333
9916
52011
32246
18201
51066
55017
57744
42533
65098
9428
17440
25250
3417
59654
34453
23554
5002
49475
56588
62042
65426
9236
50874
62495
7370
2871
54127
37317
23917
39092
27641
24200
18115
569
26708
26890
61367
43363
7656
26551
820
46437
28003
6766
52728
29687
9910
29528
43403
63741
57061
7186
223
2472
50864
53067
50853
64003
48671
26819
53682
30685
54457
7842
28449
7516
19879
43615
30036
19062
61670
29307
23998
61470
54401
11479
8470
10428
35485
65477
57576
26470
25077
31411
52494
62583
48726
4946
52682
8006
9903
64888
5643
52083
41603
7115
60408
2667
26426
18862
63414
65491
47160
55521
43102
57588
43938
6616
24646
3853
33841
58598
23520
14445
13802
61751
4773
46978
48472
60639
49267
46751
13996
4807
1656
23632
53693
26428
54501
2842
18305
52962
63406
47231
64794
58810
53528
63693
3846
23810
27479
50276
23891
31827
26630
2316
6294
5510
64263
13535
22573
54264
16661
24579
19506
52332
40991
58388
11936
50443
36567
31206
46393
10255
5560
22126
44964
22814
45502
19238
48073
24142
38173
4358
866
18464
10819
57622
45752
10136
64752
29224
20957
31545
24347
33800
62214
25419
14091
47802
61039
38509
34946
65316
22673
42290
49043
28094
31619
6990
38355
5898
14925
23485
25288
39396
12678
324
892
59078
28722
54424
32486
34595
28507
18503
55439
57398
30121
7982
29344
38807
24526
52059
13079
57629
52676
24445
53838
44389
37755
42413
22222
61717
59940
28912
50629
47377
14353
34157
30377
2808
41864
30769
47731
45315
6286
62066
14980
22375
11253
37218
51487
38465
65404
53236
21204
36485
47880
12622
32377
39592
57424
35427
16456
2413
11999
56720
63924
50805
14701
39175
29645
56339
47368
48459
31777
56851
14324
12375
46100
58823
51205
18163
55485
13987
15624
62524
25048
31982
25124
29752
49509
21235
25674
37572
40306
63980
10783
8615
15483
58508
24724
41389
8935
24545
22666
29432
63067
56379
29013
50363
45670
23141
16873
61912
17453
51536
25164
14123
54323
14801
5614
4587
48500
59491
14667
791
1140
9110
60761
49310
35077
18073
44530
3094
53485
61087
1128
31530
37692
33593
2614
43091
45884
5690
62564
44941
53770
42635
2882
3168
35896
42515
2062
64166
60979
9493
24569
21830
22089
38872
2000
24717
17853
22731
40104
50367
22280
62437
4918
44384
4698
5745
47554
19058
9964
3440
28446
24151
50045
40188
40980
18028
18666
18178
43830
62536
6472
18416
14029
27295
42602
36610
15385
16594
31759
3309
51136
5158
20349
1192
31973
62597
57753
63037
3450
7442
39522
42001
16855
35246
46112
702
45862
25970
49461
20683
43002
11826
53667
51460
34023
19961
9508
63643
57251
56508
7187
36442
51470
10569
37826
20514
59258
39176
37937
30228
39078
38160
1554
47068
24207
2372
4855
46378
18066
52629
37001
49663
59780
63308
13765
1482
53576
17200
49129
30854
4799
24516
2271
13172
34756
48344
19788
30012
22312
6773
38430
22837
26190
63297
479
37664
36682
60660
51557
12499
9473
47531
1202
53679
17528
12027
2849
54492
34279
15865
4539
18960
7610
18361
25693
32098
49782
28484
36301
56032
21128
24419
2787
61431
29395
33335
2519
11810
57109
50427
59428
4091
53470
63346
53521
9827
56812
12267
38139
47025
58292
20563
4759
55070
24624
41120
62321
57012
50210
53580
62450
4788
55436
31504
6183
8497
32224
48442
55759
55294
24659
11012
20518
9069
63700
16672
34435
16589
3372
16922
22380
42318
48894
13779
59094
3980
12069
37255
50176
58567
7249
54274
20817
63034
44604
44584
23097
25749
59532
65267
7174
4178
35069
20456
53989
59431
11260
4785
53940
50157
64208
344
16619
45142
17127
8899
43417
58127
44588
15637
17984
13497
53861
29413
4877
54280
3528
38995
60395
3448
7923
52489
57908
12794
23424
14480
2969
25505
59581
44241
9433
8975
5013
32125
5818
51933
45934
13865
32476
51911
59400
52845
35822
62547
37696
39501
27396
63421
48550
64337
39307
12272
24457
43272
16867
29255
12729
28603
7906
2988
20743
54477
7772
40826
23271
25182
26298
39863
27374
56321
24010
460
37299
7484
5195
7488
47158
58612
19240
9166
52017
36050
63991
23135
21095
8449
21884
3623
59700
999
13176
10931
4532
12528
33760
38155
30506
54589
13115
46040
53213
18282
7830
23940
56264
2063
62116
32913
6299
2227
53217
9541
33653
20464
60141
45017
27535
5711
31540
52942
33164
24490
39260
62404
45862
26708
41342
10088
64576
12317
34393
61361
24779
25047
15395
24564
15399
15130
62751
52921
7476
43493
4761
25370
5140
54054
1068
16079
61126
55400
50011
37256
49038
13675
64681
51571
54598
16765
27301
11125
64010
34275
42586
1832
55654
24362
13007
62086
26361
8220
4554
6313
24063
35436
3970
13195
2507
29691
31643
18012
65082
51383
10739
17589
36891
31387
41385
51173
32294
48904
22133
13235
629
65518
8078
11228
7057
9204
31682
44989
54820
6859
60940
27641
12055
14466
31613
7157
17095
7856
46960
60110
795
20419
7297
52140
10356
38021
28946
14916
54526
23758
15381
1046
43536
48755
20239
62306
32113
5502
49555
50787
52323
48128
4925
2138
61591
13594
30001
40778
62136
22441
19357
17871
25899
30467
2704
11375
51734
4536
33336
13419
28150
48532
1941
47777
21260
40588
3479
47434
15034
30622
36864
23827
65307
46160
225
36994
54568
33473
21783
44193
49200
3547
47466
35388
24808
45963
13355
26198
64994
24335
56545
29359
13303
63051
50113
60329
34091
26142
42012
63319
56893
52565
32283
30651
36229
39943
4607
65497
30676
4681
21656
20230
31182
60441
3735
61352
53591
61848
57218
53653
20967
5308
31236
24753
21453
64417
5453
52748
9100
56786
11108
27774
31834
17249
42122
35514
29300
40847
52124
34253
51883
2592
59145
5722
47580
15444
56489
39306
26939
36867
37619
15412
13148
3467
59853
62054
55661
16164
45220
20398
18103
20391
17190
187
16248
2889
28654
19271
61186
47503
9310
7365
628
10083
40376
27388
551
33866
45574
57427
61239
24098
21739
10262
59802
23523
32361
53068
5952
28788
27499
16568
43390
1897
32641
17118
11413
11611
38684
35450
683
15743
63643
19682
41953
4138
57260
61617
48928
29147
62051
40133
32131
44767
39055
494
25832
15417
33804
24827
64299
37525
55607
56830
50362
54782
23049
30344
26441
20880
40540
5615
42565
57674
29909
43624
26121
8843
64458
45966
63478
45293
34329
56907
10397
40584
9607
60
11290
30694
44115
24715
62599
1524
24369
54619
42912
46203
22916
33895
14912
23985
42003
30394
7128
22993
8129
1024
28518
64729
63313
20598
24192
59202
56278
63262
56574
32115
1175
17417
10882
40476
57332
54848
22500
3322
40418
50739
64762
26426
17936
62258
1263
33252
32703
54907
5149
49665
17190
16328
30446
53934
63128
45592
40959
10799
62729
51308
54181
57490
15832
7492
31068
22516
48264
17177
11679
48784
26975
59211
65043
52722
2915
28620
48970
995
26213
57231
42608
39465
14370
50902
51354
61906
9049
40208
26778
44015
17049
34829
18068
35415
17593
56219
64933
11840
48179
83
51589
60907
23285
40884
30581
19474
27361
60584
46397
38546
39430
15834
28317
27424
16887
61752
63944
5134
13740
27005
18417
64072
23502
16188
18369
61071
52552
30119
29044
58078
11753
6636
33424
38139
57692
5607
12509
32996
55757
53370
62062
46761
51385
32913
38064
5945
1607
34917
41129
52531
35458
25557
32935
27293
25462
32516
36772
57502
15796
6276
15583
14916
19406
381
15400
23216
35096
11171
18659
6925
14573
9491
13506
53053
50593
2612
32575
28683
27169
49885
24559
23128
2204
9737
30973
32500
53319
59242
49022
8811
33308
20795
5647
36864
51738
34347
53629
53771
17212
41799
2977
34456
65184
63223
3139
59270
51002
19641
40283
14620
22227
58967
50959
9900
45329
12781
17289
50077
59334
29598
25600
60798
36249
29186
63002
46866
10089
28766
40101
1865
9976
25265
20169
36921
47710
51660
34841
58276
21041
27036
54672
523
16579
14052
17858
22233
25214
46721
37570
20036
21963
20240
44347
1134
11229
37972
17971
18534
1330
10765
57672
389
2529
59475
13470
33780
23121
28049
50547
19872
34514
27570
40598
7323
56730
65347
30062
11602
42607
11226
45762
49436
40655
15730
26009
54169
32725
9758
5875
10854
43635
63290
61631
34778
40034
12820
62010
53126
15883
13296
50073
57780
16440
64776
63827
5415
16422
3185
27543
23434
35426
11564
11625
4593
4476
11216
50478
32592
13759
60620
17777
51905
16068
22954
4119
56710
11557
10490
62417
62344
32633
48447
44518
35236
56320
48269
57994
63781
54353
60280
62155
41036
26219
36891
54921
64213
5649
24191
22406
11416
9201
59880
37121
15999
32554
20924
19128
36472
46779
42204
58082
36480
17796
1260
4517
50695
49753
29778
20413
57230
19556
49911
33377
43228
56704
6175
18845
43520
24717
55600
56708
37017
34651
5399
50848
26917
24886
2182
60819
39844
63759
39951
56919
37779
14032
35913
27542
54218
4471
23064
24547
25937
49889
19484
10683
49971
43572
493
42141
35480
28214
27152
38442
55735
31411
39248
11209
38273
55974
38392
895
41944
23392
24432
12763
34550
16866
9673
64142
14702
16609
26145
62094
8307
15515
38055
19355
17359
12829
55318
61150
56440
17650
11678
54974
9192
58469
30478
49765
39618
12227
60508
7695
59889
57883
8585
34211
36125
25103
40532
56743
5399
27268
41360
14264
45120
55955
33115
40840
42629
51463
2490
16274
21254
3672
20629
9580
56237
16399
63522
41415
32042
1676
19266
50319
15901
14586
43458
44596
6621
36952
48999
3742
49988
12009
47393
64440
64263
16545
4100
1431
46159
28695
62887
43975
9773
13426
33510
8986
48488
60117
14716
24296
26365
17492
28846
20855
9377
15943
17179
29254
39202
51307
8829
50591
48206
24084
25507
48527
40666
53413
23466
42147
14390
41178
34145
15499
25964
4828
15037
4529
56920
27348
59592
12316
621
25381
23655
4345
33250
64028
62043
55816
48576
62470
11344
28643
21225
10721
6877
52634
60405
34536
5997
39016
2175
49311
38231
6839
28394
29478
64859
29985
60430
34098
24398
20228
29929
29014
31480
4624
64246
35746
48520
53341
52350
50170
22122
52694
62936
27894
36094
3373
27157
35004
18602
39838
6572
13265
32276
1316
40304
58106
2569
17159
8340
7130
9779
15058
55110
38171
6928
6397
44523
61575
15038
47964
10591
45641
35550
50897
5770
46092
25850
31468
31460
50422
46407
51245
2072
44480
27557
2136
1337
44865
19849
33680
27972
61250
47699
58404
49109
3408
45000
38997
24341
50573
12735
48788
53402
29454
57464
41818
57156
6979
9369
18611
59330
19972
14688
38644
50974
57785
40715
40535
33096
51377
60586
47857
35622
24534
55119
8930
63547
37164
50108
26284
15113
62915
52330
8083
7650
27760
43989
23981
31372
47160
46208
60585
53109
1931
49729
45328
15343
31491
51480
5454
39852
10296
5772
64732
28716
33680
15848
61937
36225
55195
27799
612
6311
43353
16029
37560
15945
9782
57733
46755
28254
26475
2837
45346
58918
30999
30478
15612
44057
4198
8898
42918
28089
45122
30439
15108
7264
31469
23279
28327
40767
12497
13878
10582
49879
37327
7668
44954
25625
44636
21208
10112
2170
34342
38616
32626
56688
16752
34412
7098
27011
1235
10669
36981
58753
33727
29415
35387
38062
27389
46676
31291
21695
25741
49152
26468
21152
36962
53363
7449
45534
32640
4734
37476
22411
49793
38730
43987
25036
13467
15232
13102
8188
43572
59942
5261
33142
57924
22213
1728
51314
30786
20655
44326
53784
41883
45127
14740
1288
40279
14003
4643
8723
4057
7966
24371
35293
47251
34482
14264
62453
38532
57904
46479
62940
27934
29147
31578
47045
628
60512
3288
40749
15001
10223
7848
2177
28717
23079
61111
36425
41277
9178
618
54763
47329
34400
38933
4336
24981
34600
45031
52593
29310
54184
27571
39501
24910
54633
44043
49049
6782
26853
25236
8167
34694
50101
27667
60463
56596
13857
35667
47886
48673
60713
2037
41401
15026
11384
21259
31231
34497
3818
3151
30275
3882
12753
8118
6350
37749
42564
49676
64560
61207
28233
41217
20989
6916
38499
27475
24546
17919
31959
42078
43577
32307
34594
13982
3956
25447
25190
35986
5790
64431
14511
40203
13317
40210
6863
22149
45472
57011
24120
28720
53145
49193
29781
30184
3294
24976
17726
26166
60698
11912
19960
37782
31314
5231
32679
31093
46109
61857
49758
52259
52028
11092
33768
49185
57995
45332
11399
39307
17309
60726
39143
51909
52979
52036
64462
43087
51256
53685
55504
19402
6118
44975
16066
41611
20947
47757
45098
12762
47741
52431
44175
6633
28236
21237
32455
12390
1625
62099
37568
38424
55516
12688
4346
49721
28110
26733
40047
6308
53662
30670
17863
41392
52787
19578
16686
32680
59513
7398
50692
35488
5222
31805
40340
49727
11704
4454
11723
2125
11991
22969
14779
30591
7084
50750
65043
18156
51128
21028
47839
46035
40831
31541
22333
27200
24329
63899
32323
62774
7711
13051
63906
61378
20858
59528
23351
6698
48957
28988
12843
6878
8945
23023
23649
6858
26716
35213
53683
5070
11816
51583
25362
50896
44300
58060
40049
4639
45995
10868
14934
13908
41974
34753
3463
24374
4981
18601
34377
19741
23570
42526
20093
41199
45875
54438
12701
20249
39095
4820
7153
43487
15834
38796
13440
5645
13011
49182
27544
27576
27711
26890
26642
36869
30432
43952
64928
14758
49318
9225
10336
26370
11384
13306
21224
43571
25262
21005
32794
26520
5893
34162
34485
15370
50416
57096
53325
45795
40836
27646
45435
34711
24147
58924
11708
18028
33668
11691
48305
26259
12145
27188
40386
55270
44220
9909
34741
49817
40829
28690
45002
14495
13572
681
637
7265
58474
3898
53244
27614
25337
1173
59665
57719
27400
34690
50217
32899
63624
3703
61899
10196
34878
15235
21321
20046
20662
10136
46875
16211
22896
24648
9307
65303
11797
52911
10850
63107
20532
28852
24806
55833
49690
39930
62415
62111
42512
16788
32058
886
30214
44849
44425
3341
8729
54663
7368
39486
7929
8900
9260
37419
5631
59276
35583
47348
53455
33938
24683
7892
8728
50310
12215
47380
34655
29920
42403
55485
47998
40134
44423
33213
8568
7780
3948
13930
32882
42377
59635
15366
59537
62647
13696
57025
21229
44948
28608
12298
23860
54186
55676
28170
54391
46435
22841
39989
37747
65075
32500
32535
43142
22759
41563
64769
10062
59987
18256
1822
24224
54900
9846
39175
4218
15217
26460
64191
60558
2559
14324
22287
28203
59740
25204
55123
8866
42832
20747
43261
47136
6833
34464
14711
29165
40930
61564
18530
36042
44245
38294
41190
7166
33646
23945
16188
23219
33218
15417
49092
29567
5204
16350
48497
15979
2135
42241
25433
25364
35909
44327
60233
40199
53433
11324
36560
53461
60829
62642
31938
5550
33070
26122
46531
10562
25227
14973
24524
11075
54272
24430
14909
56768
36595
63836
2109
48635
65374
499
60455
7214
22574
54859
43041
48286
52636
51356
29837
1936
46029
10431
38662
35964
10550
61524
34830
28104
26783
11551
45870
37407
61912
2424
10899
30405
38450
54382
1695
61853
10637
44675
38763
45160
27689
33116
30828
49511
15876
32927
11396
39230
9526
22091
58497
14305
30695
25744
46436
64799
14865
50290
32937
29941
47325
2218
20223
7759
27929
65264
56170
37598
31440
21225
34894
8376
8890
26589
3858
44191
47003
37986
9826
47878
53187
44798
38321
49150
26167
9206
38704
9090
61777
29203
990
12810
45760
4593
28172
44295
41409
49684
32132
26213
62378
41546
35284
43863
14927
3978
48425
17892
9859
32661
47576
36610
2684
16988
24719
11644
59089
10764
36145
51727
34140
25070
5143
64733
40072
62072
13677
37770
44460
59538
28247
7916
4312
25033
46863
10605
13306
37967
35326
2983
30734
4054
51597
60099
50426
54606
10052
24201
16461
43279
52745
42346
1907
35616
8072
142
17760
65503
4080
27322
13571
65117
2511
38675
49362
2799
40755
64166
51452
15524
29483
9644
57279
22361
10799
6640
4619
17189
45102
9686
62174
43020
22795
47920
8536
50702
38059
59454
12149
39326
24905
63817
43498
60222
15299
64807
10868
4555
10996
61429
45467
54083
36385
56172
11771
20483
18627
19676
53645
36654
25164
59032
62150
16292
32860
794
2376
3442
23241
63146
53873
3848
12246
31296
1302
3636
59545
19298
2625
58512
11683
20327
13665
16821
32746
11840
11714
12519
23154
12481
60040
19485
56096
19212
49375
46774
26271
63324
59912
53035
50114
34813
38020
31524
43137
1969
59451
26145
39642
38584
54002
12279
44862
28487
56607
17888
3936
59149
24311
35603
57773
2679
14690
77
57656
47069
9566
15736
18412
4342
53033
23148
48504
8190
59531
7055
48432
51717
5172
63832
62427
19643
13834
56552
15482
24696
48337
52406
56054
19955
32335
24089
42475
25072
3432
36570
55437
42519
45152
3717
47031
6746
10005
28641
1491
9890
34053
53495
61886
14262
34237
53348
3113
2342
33193
60111
23226
40083
24412
8001
59649
62593
46366
31670
49136
43206
20858
2337
23335
10563
58583
53543
46780
21000
35395
28075
1929
63218
16246
25863
15731
31796
27599
4250
29574
54201
29693
10774
21593
26592
31870
20555
7585
12150
29573
19949
37297
26600
4473
6880
39462
7486
20598
14440
63296
60622
57675
57036
10563
64095
21035
47305
45309
39867
47674
25837
37335
20251
55729
7639
16103
53677
41285
26286
22790
39284
9766
23338
40523
61391
7729
25458
59741
23209
44580
47321
51623
61391
15169
3393
31419
60750
20903
34552
29881
50069
49378
52219
52843
17451
25021
45441
56842
54240
49670
24255
35252
2720
20238
21544
37943
2755
5645
42545
31030
2604
37083
22437
26298
43235
18907
40394
25413
9777
8197
60300
9055
6927
44603
19587
60074
21778
26786
24472
57866
37
11357
15436
61897
25349
24104
56587
32878
48867
21840
6082
57748
63480
48748
20284
59214
30815
29739
13508
54671
54720
54884
1845
11314
16241
26726
38620
18532
11198
51840
61941
49076
39798
3987
45675
49183
13585
3092
6226
39798
19349
53936
52009
45318
6194
51622
38917
40536
16969
34833
47981
32664
26359
32068
7544
45760
33882
16523
22866
44045
46092
60754
11766
47842
18258
8597
9933
74
14232
45537
27135
52382
53199
24270
24389
49123
27820
32270
22493
27762
53245
45155
49448
40093
50106
52022
26330
32812
39121
18444
44928
13482
32151
11531
57924
38620
21142
1200
2193
60557
63695
54203
56324
54103
27590
25043
64444
44558
36196
59061
29891
2281
29805
36277
44185
36293
51086
27087
28968
27656
60344
7442
62000
26553
33990
6395
54295
51914
41842
22615
51913
22896
33373
48320
45603
26759
16255
25421
19557
47959
28127
15022
43308
32942
17932
48091
34239
24400
34821
50518
42725
9312
51220
16610
50076
45250
6676
28842
339
64769
38825
52445
4241
64763
44017
38262
29079
11441
48019
12461
24410
30997
50505
63913
42683
38558
5509
21118
17412
61513
20496
54917
29732
41767
39218
35024
17084
39308
959
31489
47429
30017
53968
18754
7539
13473
9143
62194
32850
64900
52103
12516
27011
59401
32418
27139
34698
9484
948
35407
12958
50653
38889
18039
55390
56703
8111
27938
25165
29524
35884
31171
31636
57904
58469
39599
31665
24851
56996
3316
44351
63277
17940
35138
30199
4726
46918
45347
52566
29693
44020
17464
20195
34554
48377
8186
47349
19362
53187
57469
25458
59431
11620
12668
56629
36176
29867
42669
56795
32462
38349
44218
41654
2010
2986
32975
29265
14109
54803
11783
39357
39429
13958
64343
13828
15110
34449
34507
43540
31896
49161
50431
48091
21407
54329
56031
43404
50923
42515
4144
2987
48646
34608
11208
26442
47856
63358
52671
42951
55304
58804
47462
4402
30401
57102
3664
33679
60498
25806
19728
57749
34094
421
10636
14161
25884
59817
20868
51203
43806
32927
60826
57105
31409
61962
56746
29478
41261
60554
64426
5623
64492
41528
26284
34824
29093
43879
18446
47924
6444
50288
30605
34464
33899
32582
17796
48561
13281
41094
64630
34461
45630
55466
20294
2992
1827
53884
40812
9691
20962
17972
48716
14357
54968
59054
33759
15964
34875
28511
45786
5231
25424
57783
41733
42382
60357
3259
27845
7246
55705
19052
42992
64515
40176
21626
53989
40320
11167
6671
5886
19748
30214
64033
4978
3645
6035
8381
46942
7799
57420
60668
50336
23417
47264
55107
59579
36335
7665
18412
33113
14700
7508
25370
6168
43633
32779
45686
55258
6155
4881
10418
26653
36010
65352
31487
8936
42379
28189
25479
6442
37805
20753
47333
16955
22876
52097
47011
30436
5600
42337
39857
3975
13175
34259
22715
37430
9847
28278
15755
32571
46162
29215
31929
37930
47597
52931
51101
49431
21339
1456
6665
18231
24953
53909
6135
25932
16018
26263
9213
60743
36267
53701
20294
56236
53175
23550
15617
15270
55299
19234
20729
54172
42778
20372
11862
2693
6883
62402
21200
24440
44939
39266
23486
4617
50062
37535
40485
54869
5421
18199
10728
58493
40633
27921
38400
59539
15624
46511
7315
3663
3442
25880
37430
61951
49302
24693
22055
4548
40670
52672
23550
61735
16426
9125
53061
25292
53026
12629
19764
61989
24350
54739
47845
6684
53575
28722
26523
42962
53550
43988
49160
52197
10220
43785
30204
57955
48695
23411
36499
420
35202
24752
13178
49083
26465
5759
26938
28536
54256
64744
47211
12569
33406
9157
43408
56513
62114
47636
12275
25243
21024
25965
9045
45816
37721
54142
12955
201
11360
44131
16257
35279
22709
53746
43016
2962
37026
63258
59526
4735
46256
61719
37544
7810
18258
44412
36102
59114
27094
53514
20477
17476
16311
12942
43823
12282
44220
53301
17514
14139
31337
55612
27559
13010
6328
9875
55614
44733
55761
31062
50737
55307
5190
25925
53611
46127
42464
47416
32633
47740
51268
48440
54879
27111
32500
29701
1712
914
51602
12244
19087
18061
34734
7550
4963
30373
40727
63463
49628
35361
57974
34484
12414
5452
56797
60776
4388
55316
47419
26486
46137
44595
19576
34303
47862
11107
46220
8457
64790
53039
13861
37654
5202
41197
32663
3251
56925
60209
3595
54563
32851
56175
35315
34198
60332
12005
56540
53089
1322
59235
65261
30671
22489
46949
58618
64990
50319
34402
36549
32763
19340
64746
28059
35890
32354
180
24125
37263
54504
25119
43775
11081
53461
3848
5559
27335
33300
43222
45902
14729
20887
46597
33716
31396
12061
28152
61945
32568
11674
10576
55516
64442
43993
6396
3048
34969
18709
60366
52289
65142
14911
32546
39442
3333
9799
31879
26858
30178
24540
1540
8990
8493
50270
15664
13492
55924
2594
31917
19246
63278
35926
18822
5389
29996
21676
54112
15101
2788
25008
13729
53909
14736
59986
40655
44479
10833
50176
34931
29855
52442
35817
31136
58545
46577
13548
30657
62892
46303
41319
57007
42499
39136
31485
55228
57921
63996
55120
27792
56765
18261
29424
30708
33963
24256
4378
39218
17840
6768
12827
1175
18977
26683
27185
65497
31167
14167
56314
23355
21037
46462
54192
37644
43687
59880
12918
31695
3015
6573
53112
6445
58348
54039
6103
36617
769
8732
61107
32269
1957
62452
20333
809
29176
34073
12783
19667
2366
12544
49908
2874
44243
36510
59594
8350
18164
59099
51939
33889
30553
31651
46918
43714
52626
45449
52872
8240
38139
38688
23251
28166
15226
20841
15305
58163
5590
58488
50425
27655
62490
42232
57418
21088
20603
12023
28281
33617
27661
3539
4577
33262
16621
23978
48945
5393
33118
64161
26132
30242
22916
61332
12533
44214
54342
1577
6370
12834
14794
7156
46366
12174
33294
30992
45262
2876
29391
46782
61193
39319
4018
22334
18273
44268
46723
36841
37526
24210
41105
29196
64175
39470
46515
35935
37581
23710
30159
11967
7573
21719
35009
47382
45815
37355
17806
51571
41112
28517
55427
35043
59485
14553
40910
43332
42408
38226
13627
16544
236
29235
28825
3744
3807
10885
53194
31105
6233
24174
45475
63144
27711
40054
18590
1137
6210
59196
25338
58631
46935
9794
30880
1918
17797
53517
44593
56581
40157
5176
7829
48143
61061
16198
37156
23164
59352
44185
15495
18764
19071
1494
15398
56735
29639
47300
33760
39727
41255
56789
4949
56376
18608
12492
28861
16333
17028
42023
32801
44140
1574
50799
9788
47021
22412
25375
61952
26670
62964
24226
19528
26029
56935
61846
11850
39834
41817
36001
48563
35956
21950
37887
3638
37008
50582
58710
23644
22687
42601
49401
57427
62899
65033
11800
64908
4959
42558
51503
59355
56320
11460
11863
10345
1429
46491
60330
46339
53222
1273
43521
46158
51194
7524
63677
23663
27889
35568
12827
5079
1769
63866
1067
15519
23728
2140
31969
20641
12840
33964
30688
21778
54818
21832
52996
55920
63665
10002
47526
1581
64098
11376
53268
12750
26220
27371
8433
48368
33236
10050
44054
14920
10041
5938
12228
20557
5965
3082
56823
50717
4725
15986
58117
64644
6945
64712
57452
48319
54092
26108
1197
53930
29779
52490
7192
44870
3094
16705
61213
39007
461
35408
49554
33951
31242
13162
1764
29008
24412
33176
15913
46871
53847
27052
25504
57229
65195
13486
34848
925
5536
64493
39909
2959
61084
60358
58383
45142
2004
41236
29812
11108
17097
59586
17230
52053
61908
41719
22121
39073
50718
40143
36870
32577
37217
60454
29662
62189
39536
47990
28016
3419
24943
20570
14738
47200
59994
31292
17042
37810
25023
12494
49842
62564
45320
13993
47852
32385
10906
54610
18087
34516
5853
25969
14857
56801
22669
51145
59059
30304
41829
23830
27916
20397
63769
32810
25054
36182
23034
54101
6555
16049
2673
37206
9462
34728
1342
13266
6447
16931
26045
32902
62664
23875
4908
9588
19384
22492
44431
45064
45593
450
40158
17907
8786
28452
54698
4574
23792
31334
65204
15800
33193
5707
10825
36150
17728
21336
29338
65016
9108
15230
22307
59929
15909
18949
60971
43836
36247
62762
53470
48648
28333
54133
38315
61418
53126
61740
61002
16103
32955
48614
6428
630
7474
543
43320
11144
64501
22804
5490
65119
62743
44957
56476
47435
41857
28980
41232
25158
7631
11417
14243
62811
45833
7581
39309
48817
47981
64541
20370
44521
50811
25047
47786
40150
63438
45488
48938
27608
8076
65442
10263
13650
29163
31064
2799
43103
8596
44301
34718
48109
29364
52439
50991
35190
40451
5485
23074
50803
46594
59637
35834
61007
17969
10180
36353
57855
54816
24631
56020
1070
26095
30998
4448
35775
29553
25021
47831
5900
47455
22865
9528
20490
56690
18439
52133
53696
48312
7881
10051
32844
39238
40714
257
61576
36349
58482
31241
62788
16242
12331
54954
36286
15284
42937
38833
14543
32446
48131
63702
42335
55768
40812
13647
22231
13647
12706
18884
60545
586
64761
60326
35585
33070
10233
27874
33039
38929
49095
47523
53979
46037
8120
16640
40898
7557
59839
57999
6118
61528
35139
64152
18442
8956
22642
28937
63149
196
35402
59444
50998
32161
45091
38539
41743
55163
5432
2585
13099
31060
41623
1124
43390
25487
1183
5006
8761
61459
11019
27434
18565
18171
38527
57870
15434
47845
59953
6693
30933
5693
7334
52503
24062
56459
51939
12935
11705
49706
57419
7595
50357
1606
8609
25190
49370
14013
40747
21442
39322
27678
48192
48475
56313
24853
59527
50128
48905
6211
23714
7774
39474
55288
24874
54472
65262
54081
25811
33783
22257
44271
584
15020
16087
4923
29492
34519
21612
4122
1947
31719
44162
55128
38426
62073
15755
38143
39257
4842
29416
43220
39784
14002
49132
53239
46899
29206
50646
53801
43366
63184
12903
19515
11271
38529
31512
26450
33106
2245
19812
22563
51029
58515
33844
25960
38579
29247
28894
53804
8737
17500
48154
6611
63743
9825
14869
57041
25158
11457
24200
32466
21977
8632
7841
63888
22237
38715
8438
34597
28655
49210
17651
3046
39861
55313
17798
8146
24672
12628
12946
59719
14673
44928
63374
10384
63315
15512
42224
58341
27542
50945
16536
16904
17231
55302
52353
34118
47140
3967
50593
22010
26484
7377
59158
29553
8908
18291
9300
34572
64346
25362
2612
24259
49595
53236
57635
4089
36742
18751
63426
63750
40784
18909
9157
46708
40715
59362
49747
25046
52089
41171
43055
22767
24642
983
22301
28073
30635
30943
28311
11385
11907
396
19102
60795
11050
61305
33591
46669
23694
42321
7917
42613
12333
13447
41319
7533
13207
35125
7860
22016
2589
28787
4041
22755
44320
50842
52798
16085
8287
64723
20247
49844
44043
65447
60716
46225
16976
34258
53832
13923
13529
31924
18576
27936
22535
18501
14087
23023
37045
44564
27176
50272
58272
34542
38063
6437
30934
21884
22918
47957
56600
32030
53897
61686
24112
34570
5218
2517
1083
5790
40060
60874
10953
7399
1012
30891
1407
22207
22440
20612
42729
62484
20402
5141
50090
26836
45813
58671
10733
32579
23932
3210
21152
19701
24412
33033
40172
5242
49828
26271
7242
11342
64447
21549
41730
27514
9904
44706
28431
127
6431
34703
17022
19322
41859
51826
59030
4521
38367
4082
5763
36440
11101
39813
59213
40460
15385
31570
47340
4548
5138
61291
42016
45841
36849
23699
58598
7491
54778
37708
18055
55047
47486
32745
23630
32644
39513
3158
29040
24307
62813
13914
34054
60425
31964
3377
55715
11869
37098
3347
39241
49961
24050
42941
44215
53576
37251
45418
9569
11450
23065
56556
41473
65429
60610
20161
46029
28416
11773
20494
54621
59063
11070
29047
57244
32129
39967
26759
1975
30119
10949
59737
51068
31600
45294
1602
52651
46973
13517
60682
60604
65131
31276
30127
59491
42714
35589
32272
61175
63075
63115
46841
11558
49045
60919
55883
44292
43904
17558
46748
18515
37365
9638
5514
42641
41104
49907
37321
55063
53354
59566
52715
60145
26759
15351
47555
12903
2248
55663
51886
45517
49620
61286
41738
32321
9441
57424
64958
37664
37641
33546
40054
17636
4839
76
35523
41784
12367
16140
15657
7816
47675
14563
42495
45672
10488
28769
6372
17766
59614
34762
49294
31668
17451
51470
63529
61762
8044
37715
49995
211
9852
28603
556
7016
14912
21365
31984
57435
31339
33476
9672
2327
31475
28488
5176
6940
34855
57251
42413
21345
13322
33210
63700
63279
49700
59182
60123
37670
19936
22409
41215
17044
39864
7147
35400
56354
63541
24376
3140
65448
35709
30726
54357
34707
31684
29799
61956
23126
33878
5159
39638
17152
55287
37333
22184
57287
28825
41821
33307
2528
32289
52693
12029
38172
65357
34987
24419
15275
31329
456
32750
644
34434
26502
497
36600
6327
25103
63832
31976
65498
329
1827
24860
40786
6519
2203
41915
48219
29807
60410
18942
33525
63975
9470
51482
1250
8971
45082
31484
24669
45852
49901
21143
33141
8609
2712
35947
39165
63728
27861
42732
56685
30602
1514
18807
61514
63235
9223
27323
8817
53397
53701
3334
13521
16683
15221
1615
61391
48133
43697
63641
22025
38799
37525
34163
56722
2956
32066
29910
12155
47278
14475
42545
13943
16812
58203
54107
3676
41780
25536
25607
20810
7471
44737
54863
10160
38076
43549
35750
26672
42076
30759
22868
44045
28364
35664
56177
50053
58302
8657
21822
64550
14696
31210
35871
8353
25792
40561
39321
46850
31692
11486
11212
47953
13924
57934
2522
31365
60077
62599
63751
2375
14072
34194
27475
30442
65052
47737
62429
12093
54310
34420
50544
49542
12956
63404
6869
50242
15289
31282
30336
33780
59282
51739
63033
45027
26103
7920
28138
19524
42139
63819
27167
57878
50971
26172
18465
60083
11925
30430
30693
21827
64598
19601
51759
52907
13487
9390
15336
10507
27316
47923
8404
39849
51595
2472
60701
7275
45244
5393
56745
25870
30527
5129
28970
56599
5421
33202
54341
60317
54621
31081
1927
25953
36861
61252
116
46528
7301
13661
19452
23597
15549
12241
15859
54878
26860
21420
8217
14696
27882
40847
46131
55066
9213
37890
6302
48925
24215
64347
39651
33239
38329
30822
17186
8410
45727
19871
48436
29404
24563
65334
8488
17512
13102
58500
32612
34556
8892
46363
61172
45589
15807
26867
1843
33119
8889
62842
56801
30107
48249
9288
57281
48823
9367
17442
28935
23611
27259
58802
10245
51711
3578
43667
24314
59974
347
44090
24184
14373
47160
44660
4998
43267
49329
9220
36088
46492
43592
7344
48178
59463
5712
47690
23239
16678
57352
45918
42847
7535
44140
17406
15495
42715
52951
20274
13698
55217
41360
38071
22105
60012
21807
27616
61680
59967
58980
25345
62060
36527
20191
47615
32423
21952
40473
21934
10403
61931
51624
36635
28118
61088
63857
19340
17807
42292
22539
37379
51080
23290
14009
50560
40521
33776
47906
43182
10844
62958
22101
1333
63190
13664
57461
64328
8635
17940
37314
41280
47032
34164
38054
19045
34512
61791
60658
46374
62390
37734
6126
14981
2630
57580
21658
22084
22164
2170
31102
35798
12719
39330
38639
54209
20095
20584
55716
46579
50828
47376
37427
55866
26310
47055
54143
31025
45862
6804
15032
26357
59977
3500
55554
45126
8907
27976
23233
26913
43297
49668
62866
51121
7612
58398
13038
57049
45596
56566
54601
12155
6860
42728
30254
63161
52222
52754
61610
25375
58066
39101
55963
9031
44170
55398
28845
14819
58189
45082
7252
58701
64585
47632
27746
44191
24278
10380
64216
12261
49205
50680
54656
33363
64456
63168
51779
57449
43284
5968
1857
23903
50437
48383
42559
15727
59097
25726
6441
49339
34174
13064
11295
7320
10844
20512
59673
2455
26160
30756
9320
12717
23233
16737
13843
11722
37088
28568
39366
26729
10550
16415
12588
57881
40213
59872
295
6279
2507
47029
35329
56579
49821
14849
20878
23131
22331
13111
64670
3236
60128
1458
59837
32410
12183
62263
18957
52984
861
52326
35452
6302
28795
64614
41899
21329
2946
34986
18372
53848
49028
396
43315
24765
21517
52084
35769
5504
41959
64432
56928
46101
7984
58794
4911
7298
55710
13396
32135
46347
32029
60147
6206
16061
2174
29809
23984
48822
7961
9067
16837
21601
1341
17099
44866
37133
22321
22741
58542
43447
59682
65108
6229
36802
49337
59294
25740
65078
64274
300
29685
61136
22870
42242
29063
11330
60679
7029
49041
24383
15559
9181
61242
55202
46571
64340
11784
31214
26308
55995
40333
52213
25771
6445
56955
49642
163
62743
30487
14612
64186
1323
32500
47482
32330
25100
49028
40285
34638
52724
54877
60275
50534
31771
8817
21335
4318
10746
21488
45314
48887
17620
22416
29755
65309
50651
54723
51879
35646
29942
55080
56369
28597
38390
2570
58010
6897
55769
35885
37428
30010
14147
32184
329
57621
45256
40093
49036
1717
17503
60333
10285
40846
62488
22204
964
23225
42800
35734
32815
39033
36756
62575
5935
8436
40264
51474
15782
32148
25996
29790
16656
32502
37324
3818
2243
13457
26699
19723
19288
57248
22227
34668
31957
42644
6831
27678
46449
27348
63530
39316
33796
27806
33089
3714
38209
55399
59423
33249
21585
18810
35461
59312
59396
11509
40733
2390
37910
27098
23942
40324
1912
17266
46568
22323
22208
64406
40351
48615
39385
45189
19893
61497
9749
3337
58182
4801
22993
59320
13395
25033
1340
12844
64514
20202
23727
6135
49794
15744
39666
4768
30082
19073
21400
21574
26483
24799
61280
65119
37577
3035
26418
39400
54597
21346
3079
60252
63726
59043
43450
39249
3239
58235
50993
62122
57659
32864
33251
19377
57482
9256
5310
57002
43234
53499
28071
48566
15370
12082
53264
60055
53999
42927
26255
46875
51977
33927
12165
5150
24557
39090
61065
4950
11158
40587
22552
57208
61768
63700
32942
6345
63030
51533
47121
12116
56319
37932
26017
12057
46378
7992
23605
62816
1386
230
252
48667
48305
38463
433
9489
47925
15759
51837
27684
56700
63788
284
20603
14243
12185
40047
62376
65506
20463
56324
47935
26375
64005
59826
52545
57123
16373
16485
44457
13827
37540
34448
14521
36956
28249
13733
56021
20144
47795
3111
35956
37022
24646
53515
60178
24571
27552
49701
61045
60734
24075
43343
49803
51593
8724
26365
28048
26716
26782
17153
32596
54146
39542
5846
47620
16671
31460
15004
9382
4200
37564
46407
11675
42659
14104
41702
1422
6557
28362
55886
29152
51877
55627
58859
46818
52167
28381
52153
29802
14246
28787
12415
54186
4768
45475
55508
62799
61220
3508
21230
35242
8475
23073
60736
21189
27553
55900
44881
40197
3389
45778
31927
33340
29422
44626
32838
18766
33079
7605
33870
30384
20996
58590
4333
58928
11402
12663
51462
14681
44896
47839
22759
54487
62589
28621
28867
31158
49991
21291
13341
8455
52753
21620
37139
37406
7880
37106
49676
63576
36019
10310
19267
42497
56625
39009
35929
60793
41150
58300
42181
52334
26533
19169
52196
14488
40945
4660
7383
34827
45783
7624
62007
63857
15942
7997
64832
57654
35675
60220
49478
24412
63931
46206
57335
64276
16882
56142
17886
10811
48242
40844
31762
5816
37877
21472
39987
46438
9188
59697
52582
64014
60284
29084
52816
43419
12811
16042
24593
57613
54603
39280
57488
42737
42466
9258
35577
37140
58420
36286
28078
60867
17169
54622
60678
33634
4844
13781
23976
5675
48422
2822
35188
12289
11724
14956
50333
10511
18115
33748
60311
39234
24795
854
1229
21446
49891
42219
64193
40095
37047
35554
64315
24451
60011
57122
11750
41119
60853
21205
53823
27160
40991
59300
49082
4562
61340
20141
29041
43982
15531
43225
17869
9903
17369
20333
60741
36853
33566
6774
16588
42317
53937
18082
11676
18556
32642
30854
12510
16908
52939
34158
39500
49958
61135
40701
56918
10302
40211
29918
53529
6609
36108
50012
50861
3715
28949
56806
14042
16853
44120
47185
42904
28059
26466
14553
51527
8523
16618
22720
29439
27449
9588
57492
50305
10358
23515
26736
10765
56572
51851
22736
33310
7357
32708
12010
2227
549
47685
17635
30512
41177
22211
19541
44478
52620
63479
57983
64494
21678
25507
7400
31842
10652
21108
9733
17213
27729
54297
39082
23316
13431
42440
9063
47402
65238
61248
62990
11979
59791
15241
49833
30850
34297
1166
59657
36916
23312
20066
23436
18379
31597
1017
16787
28406
2393
59558
39402
50755
5214
47607
34938
38231
45954
61969
13847
37120
30089
3835
18156
49062
29462
35720
33822
38820
43163
52595
50023
36863
3317
33019
12709
40828
55359
1774
8024
41449
31505
51717
21478
43470
32423
18560
36242
42983
39727
11275
41703
7708
12017
47805
10658
31858
52305
1339
5572
54596
4107
56284
46857
62955
39982
62049
56176
17577
55623
14093
22922
54532
6487
15970
30530
54170
14708
57701
2393
64241
13678
60910
33340
37014
58554
14383
61681
17769
60836
39209
33697
52939
8901
57284
55903
17972
50237
8587
40994
62865
51598
11114
11
19506
9191
2239
34932
39869
35644
51156
42200
13708
24076
974
51098
23321
43831
51807
38666
22678
6982
7076
412
44278
607
41867
3175
7160
47493
39864
13732
34013
23383
49777
31780
33048
39286
36061
23675
1543
37980
46760
37198
59953
4173
59025
57355
40237
54119
45539
57383
17553
59772
27548
61437
57873
15061
24715
49194
55369
61926
26814
21738
14040
3282
35536
41239
52648
20534
45389
36635
52054
49737
35108
44390
52060
52926
8879
30933
43191
46414
54856
17948
38902
62871
18704
1969
37586
3733
14802
64925
49992
57584
9213
15958
11333
860
47231
3046
37047
16357
43644
12704
27961
19372
46295
42723
58885
59422
23139
26044
61722
21455
5443
22503
12755
19293
63729
56537
39725
16129
64938
61026
32654
19043
49638
41450
19359
50107
17397
2904
54357
32147
62655
44600
29611
62853
6899
53735
11857
7759
9641
52939
36611
49430
49369
9015
34662
21253
46939
17396
34918
13303
43656
52499
45591
18881
16969
1949
60372
5084
36761
6848
47015
61941
14339
26134
55675
27177
9719
5392
33558
52396
14056
2002
4574
18877
60868
59470
51128
12379
19716
53545
51104
18122
15728
61127
34215
61378
6141
40615
2717
13893
9346
43971
38483
320
3884
2230
36105
6626
9253
47446
60425
36612
23917
26258
5773
55871
6570
2705
13977
26819
44741
6357
29976
45320
47073
15156
12658
28155
1121
36722
59544
26475
10697
45105
23956
47617
59327
15237
45226
44554
28507
50227
50886
47895
1815
32306
59446
6254
10119
60134
54079
30336
2123
16117
17943
14110
26233
28532
33360
21604
46584
59440
64281
6601
50817
13559
3715
3626
24811
34186
35817
37087
8699
53568
8331
7237
5778
2563
23926
56345
34017
29340
16652
40496
50587
64355
16819
35585
60430
16056
21613
28770
22487
36011
61446
30271
61561
34424
5643
26418
45170
18028
34979
39542
18175
55595
56496
15041
32239
38797
34453
25838
15028
10627
19790
63206
45138
46314
48652
4116
13727
37212
34768
33184
38459
53094
31955
54102
2359
54135
22090
44826
42734
42668
60822
5700
37213
6078
40790
50579
52156
43712
16098
13244
55951
37338
46756
28618
34703
51978
49934
26396
12794
26665
45024
6025
47613
18344
38028
28369
40065
2568
4054
31529
42088
5304
8743
44296
17633
32783
40518
60639
22789
24516
10301
13997
18846
20276
45453
9484
47225
40144
30731
24159
42730
59994
17660
12125
51402
62467
61908
45994
2776
9899
51457
40886
40862
45050
34509
9060
5274
57585
58734
55287
37415
35740
63224
26078
63376
45461
39547
44091
16086
31310
8558
171
49923
58380
32339
44614
61334
41967
65420
21447
57015
25846
30170
9479
51106
41826
58715
10131
6442
64567
61562
47833
51235
23058
43274
24116
25180
28631
8121
36206
19369
60378
34888
41141
28604
33971
59805
9869
20229
2894
10914
60317
35858
37356
7651
13057
36365
37873
9115
2474
13947
8260
9494
43736
11814
36556
41620
41525
33590
10617
57344
59107
56242
21801
8399
27109
30263
57875
62116
32097
9245
55675
39649
8065
2461
35532
16585
8528
13332
24399
13334
37292
10727
28382
48767
49809
47185
4608
63552
1579
29472
53008
50038
36589
63944
6665
57695
53252
62976
2845
33621
32001
58191
32581
13088
14648
40977
8849
38657
20594
2834
26573
3951
50130
5052
61451
4597
26151
28691
61944
21271
19569
61069
33212
23390
17035
24220
7742
38298
14921
45958
22635
43297
15894
33713
17955
14779
15298
15794
23278
27227
29107
44794
18611
48117
64133
50367
17754
45100
55594
36326
56649
35478
21682
34219
15531
32128
20437
55846
2665
64961
29542
52719
63694
312
31351
50751
19450
16925
35570
52292
64424
14701
62464
51882
24270
23454
35694
25035
24064
10873
2862
6391
9906
46640
7066
24615
16441
61277
28951
16948
51168
27512
57844
18481
15860
61747
38831
12131
35421
59788
5750
6668
57418
30933
13387
51723
51942
11717
19016
51291
3461
8537
42942
39650
44189
26546
51669
32532
39420
53595
16358
39948
58041
17324
25880
44235
53474
54425
12993
62394
15321
60981
28238
36418
57420
816
20060
22018
3659
43417
61551
9980
8205
24162
16115
27188
33832
6215
20086
24594
17834
23895
2381
24562
55741
39258
3055
34121
57198
41898
26443
38585
20608
5829
35926
62407
35535
52360
11446
65449
5150
29066
24643
40355
40437
7500
34306
21025
15610
59449
55431
32269
21434
12022
8131
48709
49476
18540
48833
37015
10553
55951
54687
36747
11694
24850
1603
61928
6432
60231
6807
56723
10077
49543
22270
41861
24436
24306
7962
33045
13749
14966
34693
18954
44801
22480
12813
52953
59744
3589
55314
23636
1444
11531
22681
1571
18120
566
63924
51341
3854
25880
41762
41733
3064
19061
40789
56501
61765
4161
48767
64536
8679
58330
4636
5800
20535
63621
40975
7367
51805
1646
62722
28069
3729
39589
47314
26521
27996
19544
45865
22545
21275
42360
59101
38175
50717
48521
46520
3485
27734
63201
19398
35551
62447
10965
5947
16875
14186
60124
26055
52866
4445
17873
57630
47387
42540
47771
42540
44892
36818
10107
1366
4021
7553
61565
12750
12692
3101
30390
49491
58403
46536
13246
45043
23968
42136
33623
45138
18655
3058
8811
3415
36309
14449
48054
14952
36934
47717
40115
24979
46408
41176
52552
29010
62375
46728
2411
38478
60981
63069
26265
29314
3687
37426
49333
52299
4325
42500
21313
40511
4783
36773
54467
61400
26267
18622
11233
27970
13399
33293
32943
60084
47329
4885
11486
11053
20202
20171
62748
34070
38601
42683
44318
47271
54759
22440
15465
3289
26087
24328
50869
6204
5225
45297
56328
54070
63709
30095
14588
13354
8735
65178
28335
61371
23527
10977
24131
35854
7019
25287
30381
42660
2385
60202
51335
57969
45318
36764
17817
61053
19928
22386
29966
40917
32463
36153
41510
31085
1573
21508
32143
54087
25754
38883
15248
55925
27636
55471
38783
53350
10799
18718
63691
707
2634
33928
57844
55362
57883
4852
46524
1607
52896
57962
10230
49737
28164
8430
3022
56717
36560
27861
59815
28087
37868
58393
53856
45263
56917
45873
4105
16546
3483
39380
50164
45989
51765
15057
35077
62558
23338
4581
50322
9003
1422
28109
28417
22864
39312
52197
3729
2667
5678
19877
65469
38405
61357
18017
32318
8043
41998
53600
2333
49617
5360
19344
11887
22262
52913
40528
12217
26890
31115
47611
37176
34842
4349
64779
49757
41638
44972
22803
22260
19837
8046
59884
36439
34282
23587
6592
9413
58203
2992
22556
35722
9905
35860
38416
39267
22505
34555
50063
3076
31300
11173
48741
21797
12832
25548
60112
37793
23227
52310
27695
55087
58138
45218
27832
6022
44740
63309
32290
9497
49096
19915
29774
58015
8491
27789
4693
55528
25840
17041
48056
43896
50816
59201
42801
47891
55310
50243
19722
58170
34936
17766
8439
32679
57893
22794
47789
53548
7203
162
50602
14030
34332
21424
64037
20716
65272
26625
7533
34785
28756
53542
53789
19058
54880
45588
63734
64908
18631
55330
24685
40088
64906
34410
836
23438
47519
355
21597
32144
64948
62363
38794
7323
40209
61691
42324
43258
19746
16650
19326
65462
61974
16318
22985
4254
48786
42004
43386
14475
19492
49645
57976
42971
37344
55187
27331
15065
33281
46013
63392
62611
59947
17153
43149
33000
11790
56996
63376
63767
5182
34397
31469
25169
65398
35591
65208
20176
50672
47777
40238
450
7762
27155
109
4904
12078
64057
49636
64943
28473
39185
65204
23585
28834
54987
17095
47577
16979
61645
368
33446
37390
24529
16847
19559
38940
62763
57586
62710
59896
40232
4992
49513
23860
55021
51764
55145
47100
25774
1996
16442
40729
8732
16872
54222
8005
60239
45773
31094
21854
42871
57051
7940
48771
47041
62288
25399
5387
45472
27788
44120
27204
42501
51852
10242
49695
22438
33862
17124
45793
31108
1579
58407
17022
46375
58426
20607
29744
7545
11680
2523
61519
51384
31602
38864
15050
37165
65268
25880
19709
15226
26049
59930
45540
14829
48779
26215
41065
62864
23451
47920
57429
38277
7831
49946
21157
7493
56615
37802
31401
55792
47333
62122
40244
17492
19668
48125
57393
48435
48387
59891
42840
31434
18826
61257
33916
20579
62711
31767
16584
32191
27386
38497
62854
50158
12691
38079
43832
58646
5556
36566
31596
9813
45935
60186
44912
53165
58040
43010
30185
43122
22010
32299
230
45869
14619
15062
52657
13720
45599
11344
55356
394
8311
46145
65077
23004
39208
31089
254
62476
58049
62577
59686
24913
4230
32824
25352
18187
15132
6800
12491
20908
19748
64138
54707
35523
32425
30962
55451
2136
30073
38517
31747
65429
25781
6852
15561
33740
46440
8109
16492
29585
23576
30985
14021
58841
45413
55845
17285
62242
27701
27561
13255
16089
20188
17990
58538
60792
49617
24481
21292
37893
51338
47444
53958
42877
18357
45972
3631
36835
51993
47890
39458
44714
43895
36378
29234
39940
48688
5022
51010
43713
37659
32596
32583
29961
11000
24798
42075
63172
11159
43755
14426
43539
45102
51523
54285
9388
18411
36822
19975
30001
56953
64655
62882
26873
37413
12769
7833
55391
62313
46074
16362
59255
10920
38851
42825
11084
57701
21378
43180
37906
6550
11858
58030
44388
25429
29621
12280
60821
62273
60278
3168
57631
46042
24696
20537
4093
57812
56540
40273
10927
29785
26043
64287
60186
4863
17608
29537
59464
60488
48786
53644
20140
51229
33212
38319
2984
6597
2261
34338
14300
21348
39218
62120
57166
27076
36687
684
37914
21396
26899
38203
16994
45993
19822
60078
6257
5220
3211
59171
39531
22198
14986
1099
58477
7134
31371
40039
45599
2728
62963
59890
53091
5070
45739
58752
6738
17277
53638
43831
62229
50824
12442
50173
23026
57058
12769
13518
41015
13660
63595
29663
38096
28949
49557
53063
28920
34652
31121
64441
27605
34492
8055
14913
7525
43581
61272
45592
11039
24772
17644
61395
42925
50513
33641
59677
33658
64883
18297
15538
40488
26053
5488
37660
50259
57629
34665
38361
14471
27712
9402
23081
27658
59276
24144
28351
14193
24630
34909
44391
2201
38742
42975
4629
35808
20594
11732
8521
51628
9863
15240
14391
22178
22204
22141
11407
24097
8788
63544
40811
49189
7041
49552
10644
46464
30253
4190
34517
7818
29669
73
7593
47254
12886
18684
61775
33062
61855
39540
37268
49396
56549
61044
28094
1842
59763
2300
60047
46395
61269
58841
15948
5188
56853
26647
41509
37551
45868
26217
26308
54671
36841
3646
6904
37435
1759
33670
55685
36128
24337
10857
60082
52516
40657
20932
53503
16045
33544
40590
22076
61008
20342
22801
15658
54596
48431
11832
19592
23210
49920
15969
53350
63978
58095
33346
12714
55255
5936
24909
16763
3912
8374
34999
26622
36782
58380
64237
3169
18165
56435
62623
12869
22114
64445
62627
55600
13839
40980
56574
27093
38648
2341
31338
8335
59152
19861
62291
1372
134
41075
48248
62100
33694
11724
29167
564
35284
40471
50258
3227
19568
1568
40748
58553
51954
42620
58105
59928
15731
38442
31164
63628
37934
6217
12099
56119
45995
42696
59980
23761
6999
50811
52643
46390
54439
47345
1190
20209
55140
10676
53409
26990
35039
53862
63032
53561
48510
24241
12107
272
59742
34367
33072
40600
61711
15048
4099
55331
31127
12137
52297
9349
2438
47774
29525
45809
40096
7196
22960
52866
53253
20758
32015
49970
7472
31317
4324
61203
55153
49681
30609
16061
41223
16203
49666
57045
1417
34724
6519
39169
47247
53967
18441
14744
51144
1679
60835
12972
28536
45944
20322
36404
59014
20289
61010
59269
11196
63694
57592
13820
23307
61101
7676
10737
13948
16280
50901
25469
58827
14751
3857
2165
6019
44868
33492
23323
59937
32660
36605
24988
32303
56283
33414
45947
46168
29042
21037
34812
33721
52689
4776
34542
50990
2263
5909
50568
43834
26383
11635
22802
42633
38029
8039
30072
62332
64237
37817
42654
42656
6839
27403
35315
5569
20338
65241
36507
848
26380
49546
41347
38383
41752
34313
41445
59473
439
44785
44308
28815
29240
44837
57129
33627
34067
47480
14590
48128
4084
2537
57559
4113
40905
40870
44917
27943
45855
23455
39962
27253
46961
14680
24855
37231
32735
7547
17139
61729
10761
48941
54669
38906
17932
55837
60336
46331
11776
43412
62343
21977
24417
59569
23884
19521
736
46762
64559
34786
48295
36588
1260
32605
7714
3620
7511
10433
22005
37171
60155
25907
51763
35068
40480
59262
65333
9188
65259
7765
14372
64652
5052
37796
17858
17615
50882
30409
15756
32044
63588
26060
19810
48854
5453
56000
41829
8096
32350
65389
36741
53490
33054
38197
1533
42346
28935
50057
57160
11662
54953
59209
65024
37178
47372
61021
44968
22774
53733
26878
25221
28340
254
36809
35447
54978
16179
38032
64882
42378
17410
11983
39181
35637
34087
1432
45554
35130
46776
18135
57633
50192
25770
26266
17690
9449
45064
51202
7076
52251
13509
49916
27846
2996
37811
9812
26383
5630
16506
22278
42314
40665
36681
44293
54013
58
6789
43802
52135
36039
18720
58516
41797
28188
11243
15594
9468
45715
3162
41872
1778
7221
33718
11104
5464
15296
56286
4456
56121
19529
29237
37717
29815
43297
19301
6027
58840
61384
27791
5370
44389
7116
28444
26529
61983
32585
5578
21827
4710
51003
5503
58218
32784
52653
50688
60033
32671
22667
22419
18359
48675
51249
39538
33942
14370
45917
28096
54642
34886
60249
8249
15233
15726
34868
16984
16300
43072
50158
64479
2160
50938
54617
57184
6960
12034
23474
48782
14674
31063
31195
24728
5600
10026
62733
32019
29800
19814
1656
21315
53773
59815
44227
44587
28207
37611
40065
18448
47233
41173
30740
35068
45018
43073
787
44619
65348
19909
4340
45958
45334
36634
16472
48581
55777
8026
43789
33996
57056
702
13173
64537
37524
31030
50492
19398
46033
30091
18783
9754
34434
19467
2924
2007
15430
29244
30124
13247
45480
53946
55727
21318
55461
9582
3865
44242
64342
29804
45089
12416
19939
1929
53812
64604
14060
37831
33319
65162
39241
48680
34281
36285
58382
41487
9029
19048
14629
35895
10582
54223
32286
3474
455
12936
59135
13932
42154
1182
30475
5633
32297
26704
47197
29202
25243
44904
38764
63946
54560
47802
49744
17529
11331
41468
34447
41892
12361
5228
35749
58488
19516
51876
42832
20428
15555
38548
13068
50796
52120
23669
459
9
26710
33369
56344
718
48
63581
34727
48947
16187
55792
50221
52692
61397
61829
49787
28857
10412
1348
48806
7197
44682
592
38138
44322
61121
57126
42894
38126
2986
39301
23964
46626
12123
9555
10895
26019
33941
50
10027
65223
41710
41988
2525
7360
40568
12190
44760
48166
5774
64930
18994
47434
10079
39395
34093
27797
32720
7702
16229
46978
39396
722
46039
52005
39590
31623
50704
33112
59049
24010
48014
40040
1483
49500
6745
37476
837
13128
55664
62950
51207
32330
64267
44001
58143
10035
49135
9104
30304
26607
11100
29618
19419
20631
42732
31022
5813
20124
9723
58808
17835
15625
42752
20334
60175
58373
20526
31907
49280
64968
17982
32236
13506
35609
24036
5562
29372
60858
50317
2973
813
26860
2617
46143
40717
25313
42527
32177
2138
33839
48623
36458
31547
54414
6708
25049
15698
5111
50855
24702
8147
11658
38971
39440
34729
12348
32953
24071
35515
10007
61630
30859
37764
63439
61961
51652
585
30763
58631
42626
4580
28357
2928
38804
9670
39742
38353
42748
49035
6081
11928
24198
50539
61621
24885
31154
14663
5442
22414
13974
19122
31238
1433
37738
41971
3191
38891
19771
18577
49721
9960
51568
56723
12836
44358
26132
28223
44221
51930
11125
37120
56477
30085
27848
25178
14351
2634
61791
11749
7117
48947
32564
23559
44749
49106
25996
29902
45144
47938
35913
23160
54229
38792
11660
25637
39921
9132
20366
19800
51358
20402
31536
60276
42636
29143
21287
14963
9950
40543
13995
27356
53494
41583
61452
35391
13392
41091
22910
61696
56049
10945
18892
17943
50199
2857
20370
21062
4396
39228
35808
51305
55952
10803
64222
26101
15098
27462
35149
37314
61272
13459
14175
47452
42734
20972
45966
16629
65099
7068
53523
40577
39313
11242
25110
43876
43769
1092
27587
58774
30912
36261
1541
41699
64089
65179
7401
13644
16287
40803
31036
46435
58379
30358
57708
11137
53638
20265
63070
52788
47318
57883
19176
2347
43084
4564
47615
43721
19550
59392
61692
28519
8948
45405
43365
15105
59751
59217
11220
9123
25688
48665
65073
56641
61808
54332
21977
28522
53779
62317
53684
42829
48474
30415
8344
60388
27445
4510
60528
12487
4863
5513
35610
7187
8750
5773
56106
45131
56455
65437
16734
10910
49121
46780
50595
56878
38941
2840
38280
4704
8943
40257
22799
14717
11261
796
44487
59396
34791
20640
32465
22660
26447
8609
20524
31209
39380
63588
42457
57085
60919
44678
20241
17485
61635
51358
8662
59290
60309
5128
38742
51963
32976
58551
26897
56813
19575
43803
13244
18781
5309
62453
32621
57606
54243
32345
65318
63239
61037
42739
53321
63280
57202
13706
32352
28627
14924
52434
60277
35620
63171
9907
4083
58004
57315
25272
33194
9137
3061
24554
6374
17527
31182
63048
1531
30550
35282
63928
57310
47639
57538
48517
14085
55939
21580
58063
3340
39324
49013
31755
22998
11127
21979
57444
13209
34871
44472
27910
22631
59567
25334
3226
46956
25596
11146
549
2100
30885
64543
58191
9118
12415
28919
50224
22710
734
54040
24824
61667
24938
5910
9784
52771
2949
57019
2793
42753
34711
9484
48980
39179
30685
54166
32232
56509
36956
35159
59722
58187
19831
29396
19046
23608
3374
62188
7047
61898
25956
20695
21661
34164
49551
39861
1667
14592
35189
48746
37391
46792
30496
19311
15509
63581
63783
19916
25436
20076
49526
9827
21475
56078
21721
58173
65259
12467
61252
55747
34389
37065
12460
22050
50447
18276
898
16843
9312
50717
48522
35023
28304
51283
44697
52963
12141
17716
59618
12237
61747
26862
51972
58921
23629
45902
61620
52979
32016
44688
43941
38928
58780
36056
34027
60835
58669
21637
11283
51828
59104
46814
15006
14389
45906
2764
46793
18420
54738
14766
36899
26569
22398
59801
13703
7479
40431
18298
59689
11230
8596
64618
58930
32757
48367
58264
15998
37064
3483
32409
50991
11813
47942
32937
35050
23612
6758
10502
12624
30111
37939
16098
24867
44874
41712
12647
9002
52970
3511
51860
33963
62611
19206
591
34228
38631
19654
23503
1570
41554
4738
34464
38060
34173
57228
30154
37318
48955
56567
4035
29385
11358
49069
38173
36691
42362
48050
10831
44491
35647
47080
25164
47279
37247
59215
23098
4472
19292
47193
50650
23785
9948
15965
30688
3240
43822
50299
60822
34955
22056
34636
60052
59268
60748
29792
30785
2022
45768
27540
12587
56309
61993
11137
48112
53380
33717
1156
17635
2766
34203
16183
30640
52608
27768
37912
56755
63909
8370
17879
64679
4914
49868
57917
63845
52528
51482
56878
30962
16647
18812
39416
40678
12786
13377
21129
62084
41199
29393
10346
58471
65159
60656
53093
42637
22675
35220
23835
7433
62820
9602
53756
45050
35429
47606
47117
32255
14591
41673
26833
1227
40650
19508
31332
37954
12477
32150
24247
37063
38185
11787
25437
13646
8048
63511
25291
5861
10777
54512
30925
20410
57625
54776
12684
27750
41232
51885
51509
10660
29656
63147
50563
44602
35360
52761
39453
52172
60459
1635
7163
47914
64342
34679
32210
12852
39894
14691
18716
31608
28239
35300
42518
8490
54554
20042
65360
55899
15189
3854
41014
13998
22212
23690
60609
5565
15800
54086
54226
9320
40169
42421
62356
24627
59089
39435
4764
64868
5533
19188
55751
28996
39320
28861
61298
49091
17832
64575
30182
13924
46146
2673
35163
39413
20608
21335
19722
49207
1706
27474
64811
52283
8351
47598
42817
52261
14180
52923
36961
49967
39655
61533
62198
60464
59769
1497
32281
46463
22085
3627
60182
15555
25330
12863
59074
21898
35366
61616
63714
38091
19102
62773
40524
57859
19637
56409
49368
43010
14631
43673
45658
4719
3444
4430
45209
44289
11041
41065
51465
5195
52730
40938
23542
59011
2918
10890
28039
62078
1959
6791
35765
56525
54738
36388
31517
19801
16276
5553
8697
58890
38995
9616
3557
54700
45061
54582
54165
34091
46204
10767
3420
58129
6801
7513
14698
8187
55883
1499
41446
32028
10139
24343
43141
4210
33194
36163
44166
13005
11373
30591
8298
52927
56005
52162
43737
30755
42112
40008
8780
55050
52622
52267
12975
29104
8731
18176
22720
32632
40171
55861
43575
23540
6177
54476
1754
4602
56815
11251
41446
60197
40719
20838
38855
33039
35150
23399
43177
27424
32625
30721
4648
49739
51895
41211
23064
34954
15701
17490
63558
3596
9646
9091
30142
57195
42892
35225
14735
51412
43132
6480
28702
46666
63683
24674
55945
22679
1726
42893
13245
50285
63612
48284
51841
11880
59600
44296
27834
51524
24219
37368
23113
18913
38114
7216
34309
34101
12151
45312
55565
25892
60121
2643
46072
36361
47010
21731
20784
52879
63478
56064
37083
50238
43626
4768
63104
37424
2731
36747
10647
24028
3275
54910
21108
29194
38250
9886
62408
64456
2758
22359
28859
12146
12645
41326
4742
16319
20460
25343
11406
65393
6764
35472
25000
24075
14590
11850
6047
32644
20644
65504
57350
32373
53614
34276
53360
16452
36251
11693
37755
9384
56703
32136
17317
34784
5761
50073
6408
39452
43096
61179
43898
13481
16128
41440
65279
18404
23445
22172
14886
34475
24377
27830
35593
6368
15805
39793
45321
8698
19156
63008
447
11787
3935
10843
48645
54012
12215
17236
50353
58785
55611
60384
487
36666
44411
31917
21197
39735
4254
21444
49240
17597
25588
56961
37
25361
17641
44475
24792
13276
7185
27641
22113
46184
33390
23666
47129
29575
14802
60332
27504
32311
51318
51368
13925
29832
61576
58596
7263
33199
38446
60024
37724
24939
2902
13404
55309
1502
28640
26259
5979
20019
62739
11736
8719
52591
44241
50398
10359
4086
59133
56195
58714
9453
15692
54456
17610
10885
39123
61999
50253
2001
49954
44784
63581
52242
58137
59797
53182
54285
51578
8161
40231
17222
37564
9311
35640
30725
37370
49530
8186
10393
34631
48269
10404
4137
26984
50220
8226
51923
22861
16951
9081
17310
22793
18702
31775
56626
61999
36833
607
26650
33353
32250
39883
46668
16476
54732
31645
39571
60000
6869
63597
22204
16257
48593
53461
9290
36403
42272
14803
65068
60821
10683
20116
62333
60640
23604
27268
57505
60736
12060
64294
55356
47829
2716
2780
14662
49914
41315
13050
16073
687
13613
5347
36077
20752
24191
53456
43541
14734
28175
13283
64864
13773
34869
5075
61149
56280
26167
64540
52707
62395
65263
57736
29366
9472
34
28985
33498
7053
13148
44137
54886
2122
33186
54741
47723
2637
23453
48607
37966
31801
12623
61861
8330
50500
27648
25603
35292
24692
39834
11341
38924
56605
9357
19982
21554
64451
62799
44939
58277
40947
42745
54890
2396
62738
4218
16161
20910
33951
1117
7192
23352
26545
2969
844
23860
44572
16758
62129
15886
26666
30459
22389
50941
26997
9307
39991
50448
58048
3360
1165
60720
33595
57794
26904
51491
58228
59244
62329
40825
59321
58361
40600
58667
7518
12041
61832
34533
11027
65422
54560
39199
40718
16084
32860
61500
23735
33362
58464
28412
13954
24063
31482
15161
26211
62241
58421
65088
2795
40645
24851
49893
65089
28637
10438
40341
206
19159
23739
49422
64863
36090
29690
2174
22597
26881
32209
35845
6064
29737
39729
52594
2229
51490
23672
17762
2770
11704
48098
24406
34804
65427
55779
4152
6187
22405
16356
44806
28043
10865
46657
55480
457
3183
11971
16621
30578
5920
5673
42323
35748
27811
4383
51039
22020
33230
59608
32973
3783
47296
4881
59328
46122
6058
42556
64298
27316
56179
8969
53709
1653
50590
30767
3705
32281
31507
5653
4989
64724
39798
2641
60520
12839
45419
29058
52755
10722
44696
480
62551
49050
3262
49884
25931
54976
50382
60600
30330
17567
65526
50601
24836
56147
3465
28285
33084
49486
53713
41039
23317
46702
59210
62590
27469
19237
63242
64903
61168
64722
55703
6230
43934
6825
63370
43016
40450
1565
45458
55507
38339
12683
36871
55754
17314
39472
22265
23217
28507
24782
34186
2997
26995
60123
44134
46695
55640
37770
2783
11515
27338
49846
8430
32136
62343
24020
40144
58018
30206
10709
5006
17417
21531
6538
60201
16409
51505
6053
18691
2795
41312
64413
33641
12311
60593
63377
4512
797
63865
58981
19140
41151
61302
55335
53824
60259
48339
5947
39781
34463
48078
6536
32544
26873
40766
63702
49000
15098
38430
36917
9273
39034
57389
62484
40067
30038
31433
50963
25363
759
64350
23176
29494
31413
3231
5703
61645
36543
4764
11034
48632
42464
56815
18302
37681
18148
41610
31952
7048
49879
45608
41212
57274
13356
41875
56836
27235
13630
26849
27990
42138
16950
21800
42707
29108
5042
27858
64088
57942
62826
48302
26127
3411
2146
13823
64810
50771
26570
44174
33738
3813
45031
13155
29861
5736
25119
56379
23934
25440
35876
56852
18099
54873
180
19065
42050
24954
48697
51922
62468
22763
25014
38279
24673
54961
26743
35555
21659
49255
47801
58692
43450
30305
33809
50616
8305
57541
32718
54100
42312
24557
48665
62882
48222
16472
35560
5307
2863
54239
42620
12859
54241
49911
3026
51858
14343
60367
22118
4305
28152
61252
52065
8759
35519
54646
14566
27506
28462
58588
22702
60560
22815
7450
17563
27341
38323
16105
27072
14897
10060
48577
12039
41411
16391
33149
51084
57971
26827
19143
29989
16845
18257
13973
3128
29290
36150
51398
25705
19891
45685
64060
23475
13167
26040
3957
30180
6315
20734
40966
40754
63985
48747
32369
583
36519
48727
22830
8631
13283
38898
50033
3490
27093
65127
20257
2634
7057
26337
20846
17227
44220
32804
36707
49584
9082
52484
26344
18413
15269
26222
7736
20616
27487
35602
59556
55786
33669
28420
48717
43085
39226
50189
57257
47082
29959
29166
41343
4363
28822
56788
21313
26071
4790
1627
10684
22448
9567
21345
38514
63853
13339
37221
18398
1272
13506
53769
42552
26548
30678
36630
36418
58614
2763
33816
12985
43047
18534
23569
44518
1587
12608
30306
24105
30880
15015
54839
17674
62576
6870
14322
14416
62074
59723
34371
27752
46001
61736
39904
46776
45247
8244
36307
51466
23215
35382
5353
56434
62669
60942
30413
51484
40475
51626
46709
36070
30503
28358
33774
15587
64741
43214
21309
21269
51042
47226
20433
52842
58924
37758
60546
9798
29134
42978
19929
32389
59439
40924
7058
61729
34596
64380
43542
38969
38153
55753
28430
35436
41293
1270
20176
54029
58719
31101
23325
5838
21398
25063
32054
4985
34260
32419
28808
12572
14117
10277
13061
18885
58301
19406
46882
37554
41632
47344
46498
54591
9825
43572
23460
51674
13940
55495
41938
25434
54784
9217
43614
2912
44377
8685
20798
32055
55508
29649
13374
36443
52630
46362
3705
32289
37010
11601
62587
53699
8300
17378
8839
43952
44750
3678
55548
28818
36356
31503
8336
60366
57500
12929
7381
21898
5144
22339
24171
37595
9572
32529
37991
44513
26348
46659
18326
63331
12758
23124
60532
47878
65429
8938
43594
17613
60913
536
47752
27921
42015
58119
44213
62843
17771
13829
4137
63073
9471
27194
4395
16311
37541
34671
24815
44323
573
37241
54402
35910
20203
45623
46217
65270
55705
26667
47781
11202
64689
61839
48405
23404
45730
1062
20358
38138
4435
703
38278
36041
24824
3849
33503
63488
47789
4980
51246
44777
5437
5024
11752
10704
64001
35638
8302
18131
56493
16976
14179
60747
30088
56803
13657
26970
21452
10563
3889
18758
42235
43341
46218
44002
3825
11276
48719
51798
64461
15113
30175
56734
52892
39926
26018
29264
35671
10333
57396
1451
49368
21704
12051
43835
19291
61813
83
24077
8665
49968
23794
11134
3004
49682
17551
17633
53666
10856
9671
50897
3456
3630
64716
59433
4347
32731
19372
22122
58736
62468
47867
3575
31553
63060
26789
1016
14771
64433
39624
25301
40760
30235
17029
38400
36449
43975
1212
21595
17088
16658
1408
27362
25998
43952
9401
21589
61282
4253
44164
50301
19730
14930
25781
45077
19237
14822
39465
59650
62629
40239
47519
44844
53208
7156
37544
8848
43495
8242
44412
24526
61699
52765
5381
17373
56571
1918
51810
48779
45137
25056
1858
43582
62912
23999
17225
8917
36809
51260
31021
46122
61447
57195
8659
62468
23147
10126
42330
16487
8390
32719
12007
20518
18518
37273
54796
29510
5158
26375
14135
23437
51493
52640
57911
19353
40384
56869
14835
55682
44707
30340
32719
3145
6530
44087
29190
54228
29059
32987
43000
36690
1271
33242
52257
14259
47547
10540
24905
62049
474
57057
51466
16101
30019
33271
2804
9513
42515
27564
48170
15577
31556
17755
13318
3536
59138
25215
42706
23499
33986
54339
22060
5903
51713
32776
62536
9521
37094
45058
7558
3924
47496
29457
32948
28358
24402
19402
42750
36088
38405
44852
31134
4768
64925
52740
51844
3605
40172
61021
30234
60758
20069
6692
28670
37464
40386
22613
12341
33662
5289
18375
31910
56512
44446
64031
14781
43990
6657
59896
14174
33738
59553
62371
12163
55573
59770
48907
6193
16198
56883
19574
38887
33310
24461
34951
57027
45379
28911
3981
22690
679
20834
51700
10355
23053
13257
52366
25528
20679
5372
43679
48360
7260
5328
63878
43564
50375
60048
44817
42026
59557
7940
63403
57338
44927
10918
52772
23357
64115
22944
61018
35913
9986
3956
27331
12840
49097
48926
10753
58928
29888
17073
33235
35633
44034
35483
2554
1360
25296
43739
14690
21412
38037
62543
13334
63070
46609
32353
25151
44427
43871
1535
29354
37552
23646
17876
4395
29273
17301
3323
4630
30587
49470
1962
52156
37107
17772
46837
43701
57332
12051
39877
64075
45804
31332
45336
26378
16599
56211
25118
58688
51420
42614
24146
51921
49419
42878
14229
17065
16386
16767
51037
15860
15425
50000
36284
29667
53564
17682
17619
54279
49331
9342
4190
59916
55185
2253
45734
52093
43943
2485
54645
23868
42130
10632
17136
56884
30045
50312
30938
27668
28206
47304
21997
34734
58121
13345
23636
12160
18786
10355
52507
56687
7617
60814
20373
12514
38133
52866
33244
21777
57531
35476
4099
59159
51628
19211
38712
24311
16611
42819
3918
40559
64578
57907
39299
23789
48892
45355
13887
3982
42442
32236
8158
8482
17783
55567
28411
31472
63228
52675
62296
7304
50227
12724
58386
13053
39565
23346
56895
19952
61292
8881
29244
26751
61887
55620
1394
43381
54859
8636
43520
36125
46818
388
34764
45887
3663
32032
1579
34989
46509
7665
41513
43445
57171
24722
22901
15678
35760
16928
26968
41090
13875
10590
32674
25448
58372
28357
22282
59310
41586
44551
63375
36638
57624
16132
62832
12998
22164
43465
13233
47186
46503
60383
46252
488
52475
32439
44421
51655
35537
24731
55139
55316
10608
20719
35146
39177
15718
9039
56527
19854
22519
58795
57149
63298
48417
9318
29770
34257
23395
18279
35169
35255
32369
30524
60121
27328
10984
16099
10948
25200
59219
26952
24982
53915
63187
32336
56238
57898
10352
24293
4507
35354
48918
47927
53609
36854
57490
30399
34098
35145
46949
64570
59528
19595
2708
49313
64215
28598
52276
50518
43998
46113
61636
29369
29735
9188
16680
7733
16670
49872
50263
8814
13156
50875
44501
61397
39665
64885
26814
22565
32516
60262
27810
35968
441
62085
26629
55845
31392
10936
62224
11109
5866
63712
64880
6332
4393
51416
27286
35226
4463
8646
37155
29889
20012
58624
20627
38288
55657
50151
7464
36062
32733
16703
10650
32512
20399
62401
4432
29535
42603
21178
2488
39937
14046
17378
5397
9520
55991
52171
53593
2047
6021
18376
2016
610
53044
8387
8940
34449
3339
55701
52973
48282
33344
19088
33142
21602
29451
26214
32202
51247
21791
6444
54485
46646
16960
5105
47368
49766
33216
7243
3801
33681
54234
11839
42802
11484
11533
10155
35537
11753
36317
37873
16441
11219
30066
20005
13406
61816
25271
37505
55997
4261
22312
40899
10266
14279
15134
60418
8856
23621
44142
49142
22539
54071
56255
42284
15979
53167
26835
47498
59990
50228
49466
13305
31804
32251
59863
64748
21091
5233
34348
45730
43828
51583
4876
14187
31855
40983
38809
29017
59236
36745
63158
56772
53328
62620
7211
23462
3632
35081
10284
46788
19062
25482
64356
57626
38374
2262
3269
57453
10116
27385
3710
58375
9971
55330
5459
30304
46497
36791
28586
65133
51490
64041
2019
41882
22351
40051
22771
31016
38557
26565
24444
7299
21938
9440
10338
48286
33390
57615
2180
376
61317
12907
61111
730
64008
35704
56597
58120
47198
43348
1019
31381
30659
10838
37198
47349
53618
47868
57816
12735
58115
3524
45840
18237
46612
17071
53697
60276
22092
31491
26315
30495
47915
44264
28689
18766
52444
8587
51552
21683
59262
11371
62144
57436
17246
3426
57561
1179
61923
9695
35331
7996
20940
55028
25602
48109
26747
5901
16412
3310
5661
62842
34464
30813
17356
42565
16666
56535
13543
28417
55616
61151
8477
14281
25609
21267
26013
4877
6499
44255
10377
48836
20323
48194
13838
60345
65526
35059
718
26905
8107
17652
5426
8753
7107
48491
8386
15589
26318
24412
62519
53655
62521
38699
51450
23836
5687
11672
7580
14416
44580
30998
4023
55833
30700
24134
48425
24342
43862
59778
22410
63675
12380
33006
11316
54272
28103
18870
48767
7213
19799
38049
41008
35845
42229
4657
30240
54555
1861
13378
26802
32379
8529
30802
19738
35917
3670
47728
64688
57630
35228
20620
38251
58747
24970
53716
4686
32377
52528
509
32668
32011
64673
39827
27191
25696
16228
3537
57560
14637
4881
7869
52683
249
48279
49674
14025
42507
27842
3411
7417
19147
62549
59641
2630
55920
36164
23530
21930
50899
10212
37236
12811
34731
60063
23029
22066
47775
55733
27236
5160
14711
17247
58713
44575
22079
57920
38794
47174
57691
44564
53962
14080
26181
19130
62881
50767
25841
34028
59233
28957
16565
61146
56511
9780
15115
12137
59709
11344
17517
14446
43640
53033
59414
49511
12000
34779
32889
27253
14620
28730
40321
12355
60639
7357
58012
44194
339
19522
4399
15545
42085
45734
16287
25924
13882
3076
27495
44226
61900
21890
2073
10160
34485
2829
46858
63325
48120
41622
21852
7408
19152
24874
36642
51471
36393
34755
14437
3153
39521
30101
31400
7839
38435
48381
41723
61468
48875
40802
63733
50823
62542
60703
56178
17862
24557
15875
10789
41218
60318
38413
55919
28916
41798
35848
35765
53466
16386
34946
30917
26457
5134
55232
29503
14580
25121
38293
2293
14647
28688
13433
24141
10676
47559
60500
12083
23400
63737
29769
18066
21026
37065
2727
58032
46600
56830
45522
27877
40913
39201
28348
30049
27302
48259
54490
1203
23874
45124
3822
45603
65106
1868
17305
52158
43222
6282
57206
31321
21108
37932
26559
10748
19851
4302
13360
53279
48457
51892
8309
9591
37206
21791
8907
58425
49730
64103
30572
41398
12982
48747
63180
18377
4320
30273
34841
46776
59384
4856
24002
28814
42935
65002
2075
37163
18327
59581
21386
26275
64363
14437
6896
26482
4407
21608
36815
56250
28814
49147
62206
64992
23910
25694
22469
2754
24797
1176
17708
8908
64223
21132
7095
20078
3369
42135
59508
42284
42330
22967
34071
36605
58798
50174
34894
61667
59511
30523
30253
8608
8079
27318
64809
64121
36162
20978
23889
21606
21756
47278
31341
56946
16787
52881
51196
2991
1527
59624
51561
22695
569
59161
30585
28243
64656
18714
20634
46237
42573
28813
46056
37969
49583
53399
21159
25703
22093
12762
16557
52903
26299
50897
3611
26122
42723
18877
38478
25030
41369
22164
35909
39517
33238
7190
55545
41613
19368
22389
46923
32831
36941
28911
6883
10870
52699
16061
33612
19694
61441
55989
11205
19571
17784
1112
35707
21643
63585
37194
6003
28483
24765
57695
32551
4904
24589
36189
43329
49189
60582
26615
56494
4812
28222
10293
43579
65268
64685
32448
60406
12127
22442
28111
43059
24980
20400
25618
44342
44870
34787
7114
39708
50513
58477
56193
30251
54048
55009
14508
42848
21381
34784
46091
31119
5768
27837
38053
31036
54198
57011
23297
20115
50775
59537
10117
25314
39835
58189
20549
29235
40079
18293
29479
62941
31660
9048
48004
44120
34291
52103
54131
45297
15279
45665
37414
27132
20246
13943
15033
3526
24491
26792
43127
60147
23160
53235
62569
60491
1658
27699
34607
2544
1815
2323
43456
62138
38549
12074
121
834
8233
46584
45152
55833
27293
39747
7888
61556
47365
58328
20261
7199
15347
45167
26711
57358
11241
21826
32616
18025
29870
18345
50189
38827
9169
47906
33097
20420
55332
16741
35023
35161
16158
10650
38993
32631
52405
28438
14981
57588
49566
26356
20133
52882
2356
10492
6225
9552
64315
3363
33977
49940
2848
9985
40741
17166
65020
11527
65415
31091
37864
49011
8303
56419
63549
50436
1870
39367
37445
34417
48330
47087
57621
3041
22716
40642
7307
6923
10305
22162
27680
51488
18346
39527
43916
13934
59272
30181
46197
23659
41445
861
13039
22006
8420
11350
45864
31145
28597
12743
2764
27560
18824
20902
54123
28708
38793
21958
45418
53247
50474
35547
8625
60692
17909
51546
57760
42263
61483
29023
50243
47834
24291
9880
13896
36272
13664
8201
42134
36460
41534
21423
51819
37156
30195
9489
63851
14448
25414
24769
4462
21373
24399
16944
5881
39466
59351
56691
16563
31863
47306
2929
33466
64927
31585
62284
25834
39013
64649
12143
3928
34208
17763
11667
2585
58973
57606
33372
5312
7265
40550
9058
38795
28670
41909
43035
36769
27603
885
49392
65203
48194
19885
34636
27594
40526
57655
51004
23585
24289
4307
1440
63670
24822
50949
64661
12112
17755
27943
57947
46838
49190
25632
32630
62080
60603
19776
34071
5555
51342
46510
44488
46005
22030
45083
55221
63353
27860
40463
43652
6820
19658
16845
6227
42493
14005
8080
3921
29685
41327
33712
2939
12218
60434
26162
12983
15432
34569
10125
10029
36947
60389
45014
60424
25571
39659
51793
16727
44727
21895
14557
34624
40722
29433
63511
8317
34803
30804
24179
3482
22137
8681
4808
59851
35807
22700
6005
22115
5814
28706
18994
14973
2325
18447
5056
28819
38135
46121
49282
745
20385
54669
7875
14058
43696
25469
65155
32360
7309
36955
11279
43864
1691
48465
63974
7120
16910
5473
14439
27386
29814
60754
30216
63180
58922
54772
1858
38064
36516
24905
8514
39091
42694
63672
15705
64428
30374
46777
22341
34355
43600
23184
62922
18449
65355
45380
63128
4102
49303
24849
11743
7469
14022
31858
61995
33675
19785
20937
26877
36446
52969
51245
13794
3951
58429
25954
27724
25132
5921
4389
4968
13478
16077
35686
62757
28445
7891
62266
31293
615
65219
55712
24836
5270
58902
30772
19837
56593
31072
47992
58934
24221
44597
47873
44420
44687
59093
18843
28611
13418
57746
48910
25267
21768
64049
59280
6334
11305
34551
33124
11315
3243
53023
54915
8329
43322
39713
64481
11996
24929
11477
4919
57582
45186
61127
35691
23255
24300
42973
63188
41386
53709
12254
53815
13980
61713
12907
51033
14710
34619
4954
12019
50834
27017
24740
56470
19871
15645
57589
52161
52009
56678
8848
41598
21337
55239
33348
46924
6309
61460
63170
32329
23143
10948
58505
48672
12748
41211
28597
2799
16486
32125
58023
58904
23423
56636
14598
30613
53785
1381
50285
17378
40494
38109
41631
21310
54014
17030
28914
55210
59178
36552
62258
5030
52410
57047
24637
63114
53421
43275
21386
62089
64059
50470
2632
19738
35456
37324
58190
42528
19198
59914
30675
25205
61899
34126
56380
53049
56981
13456
22033
18461
38782
5081
51206
17461
48048
56898
15056
47996
57609
25034
37876
24014
20035
57300
20285
59934
16348
47945
13759
45257
32412
29490
22728
10356
35064
19777
800
33020
21923
2792
52653
21954
25127
13135
56332
10910
58376
18801
65421
19928
30636
50026
47025
12191
29274
58719
54418
64858
58015
20593
29335
7546
54949
13457
54565
8572
43943
59405
7126
27008
37036
58479
49233
52583
37137
13847
37309
63144
41554
34792
46177
51706
19192
20655
35579
25758
49164
9822
13295
17766
41655
27005
770
4173
4605
8615
13109
21489
24332
33768
23671
59337
44119
38482
42426
8620
10271
42961
3406
28037
294
39901
45253
30830
36979
28273
27494
57407
33069
40824
39021
44970
64811
50241
28339
29617
5421
30045
34027
63382
64436
48639
8761
21024
54134
55715
61236
43619
21893
43263
32874
26421
49981
52453
65310
32444
47066
41324
26276
11911
43328
17009
39724
4577
53959
36017
20278
31424
1814
2197
48944
56474
15821
31561
19099
31079
9017
60807
2701
25237
40527
5485
7700
43807
64746
61071
5575
39364
17051
62706
9931
2952
45944
57286
36349
42257
37038
11326
1275
152
13370
35988
50851
1321
62663
11803
45087
62500
8962
49497
8466
64741
29521
42487
30
4730
31912
50949
48716
24193
57653
7271
33702
52329
44951
61240
20889
10784
26744
53288
1374
49330
40630
45963
57332
8098
20533
34882
24395
46439
28486
12758
56707
60119
40475
27443
6556
16277
25813
9816
16167
26648
2774
63715
38734
18324
44776
43218
8042
22101
44807
64461
3949
23237
31136
13823
46679
12242
36753
65365
8345
20211
60595
15073
25237
13040
56252
33752
57760
30301
5102
51373
30624
40902
47614
8337
40055
30847
29907
46933
2075
54932
42601
46407
7102
17756
14723
1991
39464
31796
3824
16319
1453
42290
30581
39475
42823
42154
14306
37072
33010
15661
46756
1157
27537
32468
59169
36388
4613
20910
58710
14331
61448
39006
39724
32850
15505
40780
18371
19168
63488
17079
58502
2623
55775
15702
1933
64913
41067
6418
7423
46239
21564
56287
64829
25453
65395
20761
29284
55619
39241
43085
62783
16966
55849
11406
1055
6725
65237
39915
17923
22214
52060
37631
6851
21409
24360
6919
21144
34146
53641
14306
58804
60694
62689
5202
36208
27551
52097
40184
7042
50802
10535
22463
5487
54032
48148
38670
33300
23481
17508
44635
13856
57858
27308
13827
58021
44111
4482
64069
2078
65101
47411
63849
54046
25803
59748
15344
61878
33188
35677
21835
17056
27861
34378
34968
38152
63297
29563
63208
38598
37791
46984
9340
63715
49184
44528
24372
60075
51329
61110
59274
53070
102
13260
60825
60142
24518
51963
40054
61249
55191
56370
31449
59709
44070
31527
10841
56318
59273
29041
35104
62020
38221
46580
49670
62879
45620
57495
29789
29949
24607
400
47421
63979
51001
2951
35431
30477
63705
55798
30996
63566
50259
60454
31890
42739
61731
39276
44874
54231
6792
8179
15253
59690
39279
38013
43297
26317
62989
64220
54796
13340
54225
1742
60626
25607
14351
14538
8537
48693
53591
13136
1985
31411
6445
61990
55471
49977
37937
2594
12008
53324
51105
27134
42592
48724
31053
28424
6712
40539
56187
9538
16522
3694
44802
7213
12229
20251
50484
51874
15187
33917
16096
18069
48536
36035
15399
47744
64876
29916
27404
45064
29429
38778
47670
488
10825
17911
40050
50357
15033
47447
33775
47826
56701
12871
42757
44834
27704
23818
11904
11075
34183
27997
33485
17992
8805
30076
36957
26525
37867
14937
14585
7978
21019
41234
64415
17142
28881
38973
3516
9744
42135
49028
48280
71
4099
34329
18925
52085
64638
37686
38154
32378
26229
62013
44422
53568
46354
40702
2963
11897
5598
52665
28390
11882
54363
61433
29517
38198
5003
48009
4900
36321
56517
7965
1947
64299
40115
60580
59023
52430
39715
24739
23260
58717
7943
23179
49676
29398
57229
18911
31655
34017
11168
39869
694
56635
21418
53655
25297
35489
34639
52267
61381
11465
30557
10976
26240
42206
827
65425
19842
64517
42155
18408
40902
106
43730
18411
15592
9176
52433
41726
59830
45847
36417
19633
33799
21276
63879
13332
46222
22813
6201
15483
14709
19701
47578
58004
14635
25560
45920
27965
16843
42633
50862
1072
15788
44431
26491
99
48948
35361
18708
64073
5922
59291
32265
31399
4159
23646
42314
17750
1540
58487
46883
15407
25543
29036
55164
26193
19570
44577
23607
7876
56767
29509
2991
40178
52797
43663
49173
4208
26376
35424
31774
64720
38039
1842
24703
49676
15657
16429
47523
44317
43671
31664
16481
36039
20646
6204
37501
43887
31839
41910
40190
12048
44510
45617
50829
29213
61838
51524
30876
46767
27787
5402
21834
33962
50294
8120
9113
48867
16223
2562
48933
55745
36708
1937
27084
27664
22611
54202
21961
22130
8642
14616
26173
1078
51208
46544
47497
8753
64629
65337
49555
30807
54201
4568
64084
59058
50704
44609
26652
54747
39071
12403
19648
4070
33035
57812
59017
3180
42115
9901
15511
38249
17550
5224
16137
25335
31679
58097
58776
3304
61993
33466
32290
47556
11684
4042
33888
64476
22432
29305
37644
21494
54225
62920
2967
13493
19573
35277
51210
21628
22761
1432
51593
7400
33644
39517
14119
43231
36983
16206
63322
53393
21966
28584
56772
63583
23691
12606
50523
11402
44731
54595
57767
32656
58910
40650
2346
44394
31707
42348
44734
8208
52951
15998
32477
21993
25784
56724
15658
41218
41707
12277
33145
37521
46822
57965
10909
63632
17558
21634
25275
29907
62466
11951
28950
3468
48999
59384
46631
55544
13031
48630
33311
3163
32078
28473
28592
36177
2181
14012
48229
21441
18024
57054
48905
37846
37745
50316
43154
19040
10953
4961
39561
49678
13648
55913
63282
10928
18458
28451
11726
22746
23428
32149
32097
9659
49122
18730
48338
22884
47322
18448
59829
20591
18839
45015
12986
5093
49302
34062
31942
35094
7561
58979
48762
39279
9417
45884
23994
11312
1718
52874
38181
10404
16745
53044
5849
3552
57862
64567
46213
47695
15038
61705
16301
44302
25600
59065
39201
25582
5794
63855
7763
53454
44791
1738
60647
50084
2131
57414
50339
40590
61194
65389
17446
3707
64116
46616
58834
17453
1918
50489
40072
42190
50899
29834
41060
14424
20911
20627
70
60304
40719
32508
53060
24376
60072
19662
17339
21913
50049
59360
38120
9865
5156
33726
19802
20269
57997
5611
23059
41099
14217
23726
25247
16284
65403
64713
14869
64838
36513
58633
26689
13372
22859
50868
51640
62525
41980
60575
55718
54262
5050
49573
43641
25678
36515
64352
33146
22491
58768
22826
41369
32639
63587
36266
64319
15324
47631
21037
63956
25561
36830
26654
54784
33250
25521
60310
22739
1645
20794
41017
40626
22231
4732
38662
740
10480
58932
38073
31421
15169
60621
774
1969
9614
42428
3157
13181
9018
50957
40876
51780
15426
28225
37838
27477
16963
64958
13413
49581
10752
61452
44674
30577
50516
44346
8423
21184
65205
21436
12037
11154
22922
9115
42309
56744
44086
63540
63931
57125
55988
7992
10409
32012
62245
40199
45624
12631
53697
13482
34492
9509
41227
23002
3884
61895
22800
63037
44131
30280
13920
35204
7248
58533
64732
39239
20589
13743
58776
2076
54360
36167
25425
48301
8385
810
8372
32451
6227
12012
41574
49264
58507
42676
2158
29472
29115
14902
5629
11462
16646
37006
41264
14208
1985
9254
54081
12251
49964
32084
49611
48841
62451
42610
33715
53027
8953
42465
65381
21032
60053
20937
50056
23689
61411
32075
42041
31027
36572
29051
33135
22417
52343
13422
43038
47700
16406
15801
30487
12848
52860
21586
20587
15737
53260
32016
61515
23692
5997
64916
47477
23701
62113
13567
26739
40747
35292
47006
21575
21927
51434
19357
23059
23553
48545
50783
56916
26588
65482
61451
10242
33525
46543
7035
32817
45053
37602
36023
9190
60966
34857
15698
3736
33686
3457
3089
57664
7247
31586
27247
29849
49550
61329
63523
63503
16545
46424
20942
49772
58452
54935
58938
44377
40191
4336
17899
1460
139
24006
4967
2233
25620
50194
16133
20125
75
11511
64436
15633
18582
14268
13935
13561
16905
61430
9181
38593
14168
2017
44996
52638
46051
22346
55340
60291
45440
41440
3181
31218
42339
46592
15449
42277
63947
52220
37760
47439
60086
54849
22861
24115
37857
49308
49220
60909
11892
37947
42619
27545
39110
28016
43304
1550
5403
43263
853
5915
40301
44531
26561
18266
38972
8596
61275
45855
57446
28741
27488
31457
11372
11390
22434
40757
34522
40657
33187
60533
8083
4340
31797
17649
13453
59218
4370
64044
64482
54954
62503
12183
27013
23758
46501
27213
31369
51253
27155
61149
51573
19150
59577
45417
31383
22059
15683
44383
54365
60036
40128
55219
4421
11474
46031
40721
6570
14409
53775
16314
42052
47750
58664
8069
40700
10181
36081
24262
8261
11897
12581
6537
5608
50234
9863
38971
5303
65176
12501
50042
51673
62457
55343
62621
37182
12766
24900
22405
58707
24587
55046
14233
58084
2723
36593
39177
45009
18525
9643
53161
44437
14462
25447
56393
31446
22389
52472
33866
22328
18787
2819
52638
49159
59412
45636
47697
16072
26210
6892
60381
35753
54388
25355
36316
19335
41713
21328
48270
16789
40664
13348
61896
15714
20796
16978
65021
56728
11822
37394
15290
53089
2543
46940
36266
38397
491
9118
41902
6723
56371
22241
14425
19466
4631
47043
48805
6605
13398
13625
61331
44874
54049
7959
29813
9279
55144
15176
12636
20176
31543
36111
14722
47307
55222
25379
28565
2385
37419
34107
56888
52367
46987
59640
62286
44805
7725
64705
23069
1006
59634
27097
55306
37159
24743
25101
58558
42929
37753
55072
21408
17566
62322
40947
29278
51070
50101
26167
44821
62003
33670
63945
56846
60137
57421
2885
11133
65530
37757
60971
4765
47795
21054
9287
50647
36299
37691
26734
17002
56135
51331
30420
59269
42413
62853
63938
21432
32864
56052
28766
6192
5314
39922
33833
14530
49685
21938
20466
42907
41074
6078
37100
39888
13891
47498
20391
14885
4440
39205
25735
35591
59891
64169
64395
8230
57809
65293
46107
45118
53472
48306
15115
60405
52620
46632
5769
37847
41167
13189
12509
2862
10507
59346
45866
53937
45856
15856
20521
57709
36338
54827
19580
45774
44931
63539
8568
55811
64269
14830
26639
33876
4852
60258
28878
22178
39323
9508
42177
42875
308
64107
37949
56567
38388
34050
6221
46728
3370
31262
27566
32117
50653
14098
62703
65384
8286
30105
25026
15404
1280
18959
19881
47259
57222
3220
15728
51456
54494
44897
45228
32895
10544
1162
11812
3615
30118
47493
39552
2560
7736
56686
55058
26943
30586
46792
31545
32453
20750
16654
33962
48084
53451
47846
16986
37777
3801
47900
41190
40603
43954
26610
40502
34096
1566
62150
15265
64326
1063
18199
17593
60652
63863
53434
9309
47614
59076
6224
35450
8939
1784
38347
3241
56602
36898
4296
43021
61333
21448
5522
8010
41840
15637
10799
43573
22493
15618
6974
56921
42696
36013
22256
45395
58838
25245
1288
34920
4821
53832
39097
12654
59907
29789
26735
40833
21390
10647
38867
3380
30969
15177
60237
15656
40777
41019
26564
48469
47476
42191
42684
4368
1125
43020
13370
39386
3043
543
8349
31129
51978
38982
11927
4069
25556
48119
58538
24556
3628
262
8695
51637
46617
23473
4075
7513
29894
53352
19235
8735
42363
31697
7073
59587
29647
55652
10428
23797
2752
3146
53945
24374
47831
43662
17914
57863
47270
28330
28484
18276
800
42610
38066
28928
52159
1860
64976
109
46337
25239
24757
15313
8010
21065
51055
59562
61333
4617
31186
46272
19590
30127
56702
43181
42466
14980
9840
48138
19817
45528
21003
64264
49896
60725
19007
27272
33855
28063
7207
48592
11117
3362
37991
26793
44961
46541
63830
13153
65175
58885
52829
50912
41128
42906
59616
17980
44687
9071
7248
46069
28620
57699
9833
61908
51430
32439
57042
7807
4571
11578
64714
6475
22177
64517
61293
50365
65472
38075
15681
47172
3922
56049
32457
59301
58538
52000
21670
9556
45085
54528
32748
18144
4613
26154
37836
39994
49607
33550
46646
45110
13624
50084
61272
13383
8424
21547
41712
57164
5170
59194
58024
41805
20553
44960
42739
20
54677
48009
8680
36005
8523
29159
52338
51054
12833
45746
43421
4955
53974
28770
36237
32755
33441
50417
31160
13101
22365
63693
54800
63945
41792
17002
53866
34534
46747
14737
49051
11353
26410
40529
2576
56534
62840
2464
12576
33328
56016
40086
43076
22711
65314
1021
60091
58424
35780
46693
15164
54647
13325
23515
24858
523
26815
22783
31200
9633
46321
13522
36568
2281
36810
31757
12494
20153
51338
15437
17383
31943
5415
23781
18379
8384
37548
51796
10922
58428
40324
57465
31231
61804
54530
65197
50262
18788
14607
35872
31524
3674
31934
46534
12773
35845
39802
31057
40488
19025
29231
40127
32081
55533
33450
60343
29953
25480
57461
5932
8319
15755
37200
48236
7674
18413
58991
41569
14768
24100
6131
47008
4682
53339
53909
9063
56820
32174
34435
49853
8918
59749
29809
2583
42075
854
27683
20139
44089
34397
55530
20309
15551
53246
42899
3862
14958
30720
36128
35148
62461
59272
44289
20004
45421
57520
13441
45497
37439
53768
16632
31938
30062
31963
17171
4855
50821
49254
28234
24021
31750
38528
35480
57732
33613
10094
11954
2418
53319
531
44963
32605
47462
29781
19428
32611
45216
18469
11738
27133
64323
48830
17746
58586
35325
36555
60844
35999
34865
8218
59335
16730
55257
31332
20434
29960
40936
54671
36796
23271
64911
9271
53827
47254
2433
22291
50987
63307
38645
16988
59408
33390
7066
16991
54170
50253
33046
54163
31674
60482
41451
55558
30616
34991
63041
24809
6110
37750
48936
24426
40389
3901
30619
20183
33447
37254
50141
15311
44682
48001
12448
25459
2000
42866
44278
3274
47962
59518
42003
39839
37549
21253
45835
19384
51340
53643
59942
9577
58278
10557
2674
39525
43850
58033
49102
4729
59147
25262
41158
17554
36730
30249
29918
63679
17562
10219
36921
59567
44376
32404
30670
2832
27596
63341
48932
17632
43590
36010
2410
62601
12560
39803
63476
37578
64610
23763
38590
23944
4654
8954
8048
27097
60735
29060
29966
31847
3573
28911
38161
5926
41969
6924
41982
50506
54096
7834
9155
35307
3857
3055
41990
4576
31274
42790
30662
45927
23884
58459
47180
7851
34488
53534
8973
58089
2027
14091
56422
50740
35654
28598
23764
260
44195
25622
21841
851
31071
12138
53955
56585
39247
11044
17395
40907
18941
4030
25272
23069
40666
29125
30753
63765
21669
4852
29063
42631
35494
1418
20943
49042
31977
27456
34814
62086
64163
34877
47002
60826
43276
53463
7210
8713
46337
690
25
7130
60212
22484
21023
30368
27868
7170
23357
30833
19197
43259
10079
18359
34286
53028
58458
28622
56146
34030
46524
35993
56209
40357
46009
64167
29192
45796
58277
27841
59266
65142
15201
59961
50051
5225
61072
55522
17803
56798
61881
47108
31344
53456
58981
19943
63223
48554
19812
37450
43256
33996
43657
23260
61606
6079
44983
33802
16343
59254
62501
6295
43324
1785
57381
20629
63037
35922
43988
19879
23922
4977
40591
20791
23220
21987
5183
61406
41316
11111
32658
4983
28571
15773
3812
44819
17276
32384
16894
27059
44332
50344
19627
13010
39029
16740
54305
51406
38566
18966
39700
64956
28877
24569
35628
60783
30725
53003
13003
40859
57789
52629
27915
59593
61815
52769
19031
46360
38456
6909
34458
3770
10490
36638
41585
47174
22472
31417
38600
58911
13795
44594
33092
33366
16856
15915
51003
40558
35126
40478
7811
4376
47648
47260
52785
15697
42825
51331
61137
2861
10232
65362
25013
10783
8086
12129
1878
60171
7135
50739
3696
8421
37422
59919
63065
63658
55422
41301
47601
43134
33664
41422
39000
4330
45364
43282
26386
40854
63001
3653
58016
31555
32778
7010
4356
34507
16686
32420
15617
52703
41966
54566
4786
62001
2533
51762
50807
40118
2931
33715
54746
14974
59920
65460
57596
10498
27138
50284
24841
42815
32088
53087
58214
37706
36549
57914
16512
32340
61673
39118
37681
51212
51508
55687
18267
10048
41760
31661
33691
6921
1513
48619
364
45600
50479
19500
34754
60486
63933
17262
23791
64879
17886
25554
32680
53233
24796
1873
60894
28359
52595
53986
56810
32544
60199
41994
56383
5757
55450
12452
18854
51953
49368
9425
51856
30479
14493
44610
17055
65252
15043
52149
42515
15945
33899
10583
21051
63146
35939
28450
37986
59674
9595
46757
47905
18261
54487
4178
65073
25002
63016
45198
10350
24499
28820
16790
56106
31997
55627
478
11154
13396
44185
7238
34301
26093
63221
30463
31625
18315
32891
15905
52840
43121
9292
58817
6786
37530
6639
3433
21907
44872
30663
18080
25883
19938
52018
4397
52525
46669
13282
41622
63245
20760
8345
2799
42407
59277
20779
53781
17274
8638
16354
31168
23976
45037
47
48649
9231
11124
36623
34705
50978
27101
61224
47943
12991
52416
60457
20483
57329
32541
19080
385
9555
58449
9051
11643
36961
5897
25296
57215
43157
32731
4965
42004
30989
34392
26205
41962
58035
23327
10275
30284
63168
41606
60859
30293
24336
2161
3947
5234
55683
65089
29997
42841
47100
15498
31120
59284
34717
25642
14110
20555
1703
32428
58559
44195
11538
51940
30562
13006
63577
23632
20376
36750
52758
9330
26600
10580
13629
23884
22611
19211
26585
48568
43656
53280
6983
47732
17111
4229
49462
11556
33222
28821
24507
8846
35805
50416
14932
36141
22397
2913
54055
16384
27685
31672
50716
46176
7197
58444
4230
20303
59822
29627
64309
41923
22833
44751
33120
42887
7002
28540
62908
22005
58032
22578
51910
61886
55246
3060
28440
26950
63512
54741
50773
9741
6691
25439
22476
62356
36839
27592
9027
2845
33294
64898
33825
1816
16435
41237
53177
10257
60548
24434
41111
41907
27487
45414
14923
15521
49904
39168
40006
22133
26876
2741
64160
51049
45121
10803
22069
26745
46343
35349
63007
57019
18695
63368
47706
31949
24363
19843
17840
47034
27203
41789
14007
46652
20721
16575
37631
29178
32388
44379
32976
46222
32297
33095
57588
63007
38710
14818
8894
7964
62911
27512
15273
30667
37324
61718
59947
34600
22066
1069
16608
31396
38999
38736
38745
47256
12973
19819
56731
38653
32876
51033
20226
40256
9800
33303
19821
57937
51478
47941
12173
31880
65430
41954
39948
39507
57863
11453
14255
28752
35239
39956
26346
58674
63299
3027
17373
21773
8208
36827
58686
32664
25106
63457
29591
46255
34624
24023
49072
29293
11220
21149
5951
32216
52718
8230
37579
62180
35128
64540
21151
39483
12923
57498
55571
52526
58895
5306
39906
58490
9979
9629
59137
15351
22086
38611
15088
38234
17510
21660
52904
50808
18522
12146
24651
44014
49994
61491
57950
45953
54455
16501
49679
42174
46941
45052
27963
65325
26837
62316
8213
43361
21785
40154
22778
24549
63930
62562
48683
24790
8315
6269
52540
14893
57584
18381
57873
19404
4271
27981
41291
21799
46574
23178
50004
33244
15128
51294
28907
46070
62171
46107
62707
55375
46417
49076
11
25739
36476
45254
15197
49916
38195
49847
38830
36062
27534
51971
42825
26480
60957
26035
13074
48467
39962
26855
22298
58293
35864
1804
57385
35814
16562
34491
8591
33635
14517
51038
343
59270
9116
5586
50206
35875
41520
42799
33228
65059
40661
37532
62833
12446
3078
43610
24405
7109
26078
55734
10687
3222
34027
27346
12662
50580
47457
23626
22538
47068
60415
24422
31356
7923
704
8017
39243
33579
17886
21143
41166
4571
40351
49834
23053
55423
24831
32619
40409
23908
46620
18351
12004
62128
46319
37780
7541
23375
11770
2914
42138
57535
32422
35713
14732
53384
14888
39876
40669
11599
25193
29250
56790
32844
3667
30322
51195
8670
44421
13141
33914
27440
19592
53817
32151
31199
62756
19835
20957
15654
657
28169
8212
35406
24327
19333
37144
61219
61972
20584
50036
59768
41204
24668
13400
38001
25623
18513
45543
43102
31262
3163
47254
8595
38386
21944
33040
58927
57541
53396
45794
34752
43868
42788
40433
16485
20796
62384
37548
38832
26502
34840
52507
48003
53428
52767
6583
47911
26882
758
42412
41209
59324
9892
8528
17639
14020
4420
2855
55987
40477
53642
41047
13813
14176
41891
14710
28045
7227
32332
18672
11091
8113
6459
49470
16990
18927
22437
22865
57469
57750
26379
28571
42335
45500
30262
41731
55946
34496
53512
64750
55308
22334
48753
45405
42478
39720
46253
16620
32624
58992
60398
19129
42294
40626
41241
23411
23195
45037
32104
53272
57750
52905
45038
47785
3310
11063
50185
60249
41513
32228
65259
42347
33247
41286
2293
55680
44321
45124
64202
16773
31989
42895
14409
33046
39982
37148
49533
26570
48303
62966
50195
40260
45907
62242
39560
23548
59361
40286
32836
50765
7820
32836
27228
31527
62646
43222
33631
8104
40804
57440
26441
3507
12773
40518
64050
34114
361
45536
54107
39130
19460
13578
33287
38818
58599
2444
32141
59269
19060
24098
30917
57151
42752
33868
26475
19215
22395
30322
18003
33038
51549
53550
56941
49899
41114
59171
51089
16931
20635
34897
52318
16622
14555
25487
41668
34211
4474
52774
10808
51875
49294
42781
11569
10270
63605
5218
8084
31141
5552
6304
24326
54165
32872
24664
10382
61584
59821
40129
54722
31389
60124
54539
968
21204
16264
57030
30532
60257
31760
16342
50854
1859
4983
33382
39479
10331
53562
11907
16779
59793
20765
11227
49401
40028
40984
23041
31858
30026
35522
167
14744
63365
55055
25000
34860
28641
43381
3901
42642
27541
33187
28674
14819
45357
16679
5646
15059
45959
41017
23318
65417
762
6449
9213
61194
31861
59465
23648
52011
54223
29970
19921
60389
10277
40755
32330
44176
10010
22391
32065
24514
59181
51784
61843
27095
52767
11016
40183
60058
13277
28049
26510
54919
38377
2968
39416
25377
43092
50245
52506
50667
7932
39119
29056
13606
58613
5779
31341
8222
30165
40093
47802
37694
16173
18450
10332
51005
15052
4457
40481
36214
55188
63102
14652
28156
43368
51393
29832
36527
14616
32771
63780
14025
912
14077
30325
31806
23962
53454
15169
11603
45594
55229
36831
5378
58949
61322
22643
3679
53638
56643
25661
44863
64128
4035
52616
42510
6417
38279
56529
58853
1993
35911
33160
794
20256
54103
7864
21410
14510
39567
54867
58598
9478
37995
64035
6634
2771
8402
56843
50996
57497
8920
51891
17445
56049
61961
49839
29312
56137
22587
42847
60475
50854
19116
15697
13504
39038
22150
8761
51846
39575
32638
54238
53371
3624
16234
16249
37060
48939
65462
19655
19770
26398
58000
8806
55778
58353
55963
15094
58294
50945
27394
44963
42061
31190
7791
25506
42658
61594
53225
20357
5616
60366
18949
46129
56830
44405
2705
47735
26904
63397
23457
17849
2961
56207
31592
27469
9788
31811
46247
18399
54017
22583
59070
13144
19848
46997
11093
57052
49867
12304
60096
6089
28039
64628
37615
17567
34593
58135
15948
46577
28866
13822
60513
18477
56734
11508
51069
46333
5049
38744
50700
31355
56199
38944
28348
20597
51173
38508
29152
35072
33037
47804
7115
43604
13017
36485
53224
25479
25184
39785
27602
40513
11661
35084
48889
19367
56169
16954
42362
62964
36346
599
51489
64142
4114
18557
47329
50906
33728
12886
63353
60057
38238
55511
25331
64318
15527
17145
33202
53206
34617
43775
25072
31435
7979
400
40498
10779
34967
51385
16091
28467
27387
15397
10052
51780
41029
14517
36932
10025
34337
36390
4786
47839
44281
20012
20499
24176
59777
56220
31229
54488
53013
50471
11475
10129
26501
41062
16161
57173
54019
24576
28676
2902
51688
15600
21690
14549
35328
12336
24036
63491
61980
14155
58029
48017
40135
21021
13227
28494
24905
48434
21707
17556
28042
50090
54262
41833
45622
45675
25425
63042
28539
10787
14617
38230
39146
25119
58374
30932
17339
30398
41024
60902
25271
59598
39712
43058
3606
47007
19320
47390
63112
18307
50928
3957
17374
27363
28
60285
50990
3986
34808
51864
19396
43044
29103
55626
25750
46248
48453
62674
28735
54032
2272
65400
11941
9570
28001
9241
59807
11858
61666
33590
37527
63755
32198
58823
3328
42680
43300
45191
21155
42205
3954
20783
36752
11908
65213
12652
40023
49413
453
55287
54039
25125
40702
43291
53126
65108
38942
59004
34603
18593
34523
34450
35119
45979
31674
52313
59068
51710
56129
62400
26951
44129
33825
50159
45323
19955
7997
19745
22725
3074
65133
42330
34262
17929
21954
62634
37401
44770
42350
36808
38329
48576
51219
299
54532
54093
28979
4078
56215
58638
45117
84
1920
49935
63905
59853
53063
15084
698
18671
17376
25591
56763
18103
5139
16560
56864
48914
11352
63429
23341
20956
32100
28903
48162
2808
63230
594
52633
52998
9252
13591
52555
59392
5524
57075
54372
40342
45978
24723
12135
52473
45855
42312
44735
46310
31165
15812
56057
57429
46163
52100
43165
36708
51185
44930
61406
2025
57207
772
45948
60186
62970
38138
47840
35926
1975
2035
29515
38666
55946
23527
44302
58984
45311
21652
56325
59934
4933
3122
36598
13628
12101
61636
7384
61623
65312
55245
61049
15388
36936
51897
30174
11340
33494
931
11216
5741
28983
60793
3047
55567
8348
42583
63579
13888
26373
45794
54834
919
12533
16176
8325
45571
25019
12501
2983
50456
60174
5749
17015
26591
4718
53141
15264
25827
36622
58229
46960
46729
20370
60710
30728
27141
24816
41009
60095
4261
34315
64224
44973
23600
6204
55590
51193
18056
37660
54169
36073
29669
29051
50001
546
14032
8681
56169
64356
29967
24899
60119
49473
53709
64471
54165
10391
49164
58229
42287
16302
489
16356
60923
65288
9115
42608
8867
46903
12621
29544
35732
48772
14416
49985
26752
18436
63456
44150
19578
11448
11311
44521
46101
37130
62220
63414
53198
19210
49103
49442
12734
28522
61832
47066
40580
62805
48227
29130
35942
63196
18562
55370
20772
46758
60437
15189
30563
42466
44774
5478
56041
13075
50174
55326
18824
8677
59975
61638
30426
22600
21719
61230
23348
37479
8620
64431
45184
16366
58813
23049
21772
45399
6454
60342
21028
13928
46951
5065
65418
51287
8528
14418
39590
23445
41169
42374
52143
42726
22187
58556
23203
52689
39029
1665
23534
50901
33314
19062
46251
10114
42991
41899
23520
5960
18008
57028
12699
50509
40068
46758
22258
63527
45022
60728
54051
4557
58086
18255
23891
48481
49913
18028
42804
7738
61886
42854
13667
50055
22548
18365
54312
18237
47910
63314
52125
61637
57274
62976
60557
51205
1093
8874
20941
28904
64373
64930
6715
57467
47747
40241
7651
28356
28085
24086
54649
32994
9917
59647
15184
9829
39572
9917
39272
16886
21653
12953
6580
2426
22490
48207
52989
16174
62375
60740
27135
48330
53068
43022
41381
22244
16063
19636
5673
25505
43085
57159
58301
9498
42800
24152
21073
55232
30509
54002
51455
34268
54582
45246
18359
22145
26133
5828
56022
12314
51646
16116
42064
33853
8323
10224
977
45807
37422
52260
59436
11065
32807
42479
58237
40314
42059
3406
32129
3223
6920
526
47433
31666
33526
9128
45447
50482
41096
14828
26785
6820
56850
59726
52556
25003
48299
47004
35119
55254
18386
43749
51342
20134
50838
42675
27039
22245
18555
28729
28693
23481
44022
7157
35933
21540
12770
58766
36692
334
45768
60038
1966
4478
45350
39733
27639
46610
19752
18340
9440
2391
40480
21825
39114
18840
40288
21773
30985
34630
63841
53838
35934
46298
29252
56299
63258
6192
30189
5593
7464
57836
59667
14746
44556
31247
3369
51455
32558
21862
36103
43079
63931
55782
48
20513
36254
14255
10922
34843
8347
38408
26008
16753
46850
553
48596
43669
54317
32443
47602
53333
352
55488
10479
61743
27676
20295
16253
1061
1521
22637
51564
39860
41681
47843
21410
23715
33276
59349
57729
38585
18435
54952
19182
22641
35350
64331
19667
3761
61507
18325
888
9931
62188
51154
15569
57402
16157
52726
54012
26783
12118
34149
4965
46825
53541
41746
7838
13586
18195
7613
20597
27311
2186
51052
21272
65138
49258
24577
62521
30690
63637
4133
57367
62133
50558
27117
34108
30294
55739
44200
32221
1541
30974
1375
19656
28578
26066
52342
43689
1091
7461
21767
19197
2931
56016
15711
61437
2734
37831
24132
27514
11164
23071
50756
42012
39996
18435
23631
44495
55090
25018
58423
40363
65166
37914
39493
7122
15397
5458
31794
62034
55108
26561
49206
60146
38581
49794
44142
48169
32947
35225
48978
293
47995
6884
25084
18068
41388
45121
47931
32895
33979
25058
16725
32448
44524
11524
40370
32280
25879
26857
31186
39804
7135
9789
27543
63719
16523
41042
28764
58604
10355
19083
38034
57080
16790
1320
65502
58526
53403
61423
58834
22848
8331
28899
61448
6050
25089
33119
30126
33659
22949
54913
47887
30417
46170
52280
19946
4622
57432
25740
11043
44304
55923
65460
50019
1640
61850
36457
9062
33727
54594
7842
50137
27574
53419
64720
44555
43136
30445
7507
12262
40521
6723
10967
27517
38859
13956
62635
9712
4991
62738
29601
19755
1055
50939
5006
8392
43691
30250
22634
51921
41603
6680
51488
52843
60717
44822
54310
11462
15976
47874
1046
17907
19027
713
1533
49205
17580
32841
18791
54742
56376
50443
57575
10419
35461
47621
6027
51286
56290
54364
41353
3723
26357
31918
10936
56368
59047
773
38871
14232
27209
6260
55019
4600
16936
2877
9206
25167
14612
20004
52585
12213
64921
39073
61801
64019
43889
24943
7875
10564
55332
23110
42569
1206
12819
15955
13941
51905
56253
35455
62842
25571
13217
61569
26125
7734
52675
29773
44902
64550
15257
33246
58217
36260
61882
26349
63960
48014
32603
63717
64455
30479
39362
7162
3059
1129
19159
11058
61698
64555
53997
39512
52893
21771
41078
64699
41849
36627
38939
52326
19081
12982
32969
10123
30690
34482
21919
10890
50143
63920
24021
55715
37903
14465
27877
62637
16818
39941
59069
34286
10053
16451
46140
26418
37859
55671
45417
26709
32137
58251
46209
17504
17862
46138
19799
42975
39161
29673
22471
50360
39948
40395
33527
21867
14432
55175
42099
27463
51546
6926
58133
26759
40678
12034
19742
4578
55892
9256
41815
63278
61327
36443
48895
54688
59775
25297
46894
7825
16793
39936
64030
27314
3918
23669
40025
6672
43620
14279
40247
8911
35446
30534
42666
44925
23684
9131
53011
4387
26230
469
54986
51299
59563
20599
3082
13042
59287
23142
28544
61876
4335
7470
14285
18000
43810
58754
30792
1031
60803
25942
47156
46959
43246
55924
18973
58486
45794
7531
28370
48597
54623
56225
59792
49400
14948
923
62552
18455
1548
3102
39364
52188
44818
29789
36159
33057
43428
19392
58661
52552
17888
32206
57161
23205
21662
32882
35529
60335
4150
6817
45039
53991
23065
30733
9221
45090
26647
17249
21295
17941
42534
28197
22872
29196
49430
36329
31620
17553
64987
40907
22524
24391
7656
62279
32682
53447
9492
48905
21176
28902
2547
11835
60097
52309
52730
62578
1268
1175
25369
25004
16822
61246
56855
48220
49307
20507
30332
59084
52747
9352
63370
13122
18077
13345
28628
9332
48039
64006
23409
49589
27231
53411
32383
50674
59789
34560
2949
15296
61611
57782
38080
37730
23817
14028
47458
3812
58078
6292
18491
19464
51911
58258
27485
43567
33809
7009
42433
26826
5296
5895
23659
53226
59878
37192
32086
46311
34386
19454
64848
1251
12719
29440
62644
2450
15109
62214
62481
1808
26313
58425
32748
40046
6543
60661
16215
22335
7594
53577
43941
37852
36448
9811
47956
51286
58783
2242
2186
33640
15180
4471
61696
30831
32933
8572
18470
28605
48827
10175
2889
44433
21787
62749
33115
11078
4785
43243
64841
25863
21919
14571
53137
48364
21321
60789
47608
16538
60354
57170
17593
39306
24130
32818
19399
12825
6108
60202
58070
48063
4513
48048
31842
33394
34293
58409
19313
36944
48751
25824
22038
59095
12477
46031
33484
3118
55255
62175
21280
16795
55275
54759
2373
14032
23030
29547
46312
38466
65451
24715
52251
39814
48531
23731
28086
60152
65305
42620
53682
61515
18233
16817
39623
58243
10547
36262
57942
37115
9712
48464
48854
51747
24264
26960
55231
3374
1500
57985
46850
50042
38842
34609
50567
52709
5588
32867
12929
13519
46433
36563
17905
52411
26345
25471
13825
2124
24009
3286
9673
47067
34572
24488
32051
52786
953
13899
17327
41253
39081
3965
37689
40510
53821
20846
8228
36559
48185
3741
13116
27696
8345
4101
14309
43832
4488
1963
61500
12967
42352
43001
6631
37625
5856
740
17463
56938
47239
31576
3197
33547
27382
52590
63799
13218
39890
58720
37894
18611
6740
21328
24819
11331
23761
38237
51672
44714
16430
21232
18830
21744
26893
47865
25488
12164
55787
45245
47259
43535
5609
743
3949
10436
14939
58190
34479
41166
4705
19560
44381
14357
63295
5637
53968
51052
15952
50590
7803
1927
48738
61900
23649
49032
35924
60375
61112
35306
47410
1314
42757
30796
34767
8501
4663
27741
21099
43167
51131
63687
20049
50224
59347
38223
18142
9944
57357
43333
15562
35837
54255
44435
39784
63774
18375
20196
19923
54192
19112
54574
5857
49198
22327
47959
38643
29975
19055
55386
16217
49419
25500
42191
14265
11382
9049
22920
31333
22327
32195
19163
38358
1702
32976
24432
29992
3282
24159
40181
13895
42391
37838
19863
22516
5397
15157
11694
47492
41049
30922
56021
4945
19917
60640
44836
41861
24801
35817
62488
64547
20835
33839
51373
61808
28300
38600
28855
32809
33541
50020
42997
41610
32823
15063
12353
6220
25705
2797
53418
13324
54579
26780
37330
54065
41081
46538
29258
39826
20667
39452
60137
10228
15978
49804
48211
24117
25923
48824
20058
37737
9750
40894
12446
59973
37477
64140
46403
41217
18562
33688
6885
42005
50452
39274
38033
39363
46429
58803
37279
16083
30929
10586
13262
4423
44411
27227
36820
47427
62897
12169
37034
31025
42660
2825
65142
54215
62385
28796
55173
57912
59557
46180
9404
7847
17487
37598
28537
25658
46159
47499
62583
63328
41139
29980
61211
52248
20315
24452
59424
48389
40711
46782
5821
37489
57966
53908
29959
43915
14246
14406
4826
30944
12310
49728
44574
32296
41641
28040
37833
14541
26607
18984
44705
61402
37264
25770
59785
24665
40485
44445
65339
28883
56690
711
13863
27745
48784
16315
9675
37136
35482
34264
59926
39433
23827
20973
11023
35379
44192
4685
21029
57928
14399
43958
18228
64967
34042
53818
21733
16614
3486
36784
6680
33341
12537
53633
26117
50797
6550
40954
25739
19185
54142
53072
31623
9005
63215
45756
42124
8754
56098
19651
55983
34760
52261
29846
40230
34821
53900
54792
60553
59450
36801
24293
26868
38032
17132
9231
10168
48766
18448
58825
51626
4075
24746
14820
54718
32580
8338
59076
24848
12108
63056
3509
57673
22390
35868
48312
63977
16942
50823
27267
63627
17441
27005
59776
35323
34593
9943
24553
4426
50226
44067
65443
46057
64767
57445
54004
30718
401
3354
12838
5256
54567
33917
8023
53470
33561
39821
33099
51375
36001
39935
49207
13519
31195
42209
42219
24837
1033
5308
55721
56141
55902
55574
40103
32506
35607
57549
53862
46800
61156
23521
22288
20008
36474
30460
2398
41174
42899
10734
25376
45231
64700
5765
17177
28393
8465
55530
5286
52012
41242
20577
2414
3209
5926
18669
723
5379
48381
47641
9410
61288
27877
19967
35867
29442
56430
50526
25567
47575
58409
19613
19167
55275
11449
9087
44030
47631
42852
25993
65503
65455
29516
13899
23988
17835
12305
61266
60244
56227
18091
45815
53362
39228
17935
8131
1373
27889
60416
31103
16693
57644
26895
26538
17670
46108
9715
26651
9024
41752
44607
11062
41608
61136
50302
4467
6732
1127
53252
45127
63238
50565
1337
4468
47744
16107
49594
52754
39266
30464
39080
33773
23239
57551
60882
61968
11487
30881
595
15958
1117
34599
15791
43250
36956
38488
7425
27876
14567
18205
22421
16568
56591
2686
47815
48808
52050
50329
28107
4226
31599
59298
35693
65289
43970
38651
29326
49456
32051
9651
51352
12244
25767
34877
3913
60478
52209
10327
42757
15263
34121
18430
53846
6432
25704
44741
44157
52407
49651
4586
43564
64157
16947
30386
62873
55427
39546
43596
35001
6776
60416
50629
62349
35903
18623
63335
918
4623
23626
32517
49333
36761
2676
33882
38332
36519
63681
27332
63515
12101
53534
32237
58028
591
5820
17916
22613
20340
54674
16508
8772
30694
34479
9679
34264
2517
1133
51924
59082
19367
46138
28734
10026
49062
18303
46385
756
4700
63665
20816
17113
28442
34765
38998
16590
27808
44748
39496
63420
55766
14232
58300
4561
41830
14819
29053
37138
14974
60666
42687
29671
19953
57246
49978
40979
64335
55969
62918
53852
19288
4300
29136
63062
42486
64346
7237
23522
27473
22590
34659
50648
12528
59120
41032
13074
59767
8351
15492
43260
56338
59102
16821
58354
7868
40286
50789
29072
18207
44836
6255
39742
20069
22181
57676
45612
25507
54242
64550
61047
14867
44089
3612
3207
41328
519
13918
20948
47448
44374
27627
33283
15263
42428
30882
53919
43015
22975
27558
13155
20669
45804
6213
26747
35022
53098
8737
64732
16312
8876
51035
12631
39234
50894
45833
30625
1456
4409
58311
53727
44115
9320
22437
58558
15819
23164
37728
12596
49027
18279
8550
53445
37107
35768
35108
27174
10541
26283
28740
1462
31385
45900
13250
55587
21990
38979
38927
9310
46492
53164
49710
16809
26637
13912
55344
25606
30983
57506
29644
29209
32508
1852
42817
40511
9013
56024
57268
429
15163
5198
2632
19314
35125
32961
48506
7901
32867
4156
39259
63247
29572
33931
45573
17444
43261
63493
39016
15425
13643
32833
56770
25299
19881
52436
2212
18108
11478
22057
52119
45157
60614
13147
806
24787
6085
59115
63547
9243
40851
3984
65118
25407
33753
35369
32040
5769
33457
52710
40011
33844
58626
4462
26067
42844
61662
9917
41229
28175
59897
62632
25015
13794
11271
24442
2281
62201
52779
43663
1249
41720
60719
18075
35350
56856
37832
14089
39037
40298
17536
35209
42883
25112
7930
49578
49665
10445
20772
31458
27310
3928
11169
19989
14368
46636
28796
53267
26502
18867
15372
41674
57987
15699
25852
47535
30472
45171
8104
6840
10381
59063
30590
39702
23136
24436
27574
55398
65382
41620
23227
58198
52965
41356
8629
21930
62685
45676
5243
10629
6476
16526
39293
29418
50803
12961
635
53546
47655
55891
18344
60048
7787
2193
41387
55130
62729
60237
58773
34483
10248
34212
48559
64592
23597
9028
8979
29296
25235
40401
34989
5131
26148
61677
10089
19870
51514
55801
60950
63490
26770
21306
24814
54692
13521
21814
56580
12833
31834
20341
28068
54746
42679
53385
199
53549
64290
14084
44441
40650
310
18566
59149
52078
63688
49269
33403
57831
52580
1278
34609
15969
32391
33922
61888
36026
39147
12317
46464
27292
7708
12962
35732
50603
15536
524
4121
38465
61860
50160
65373
14204
29430
30486
22324
45091
2631
17247
38378
32584
21498
1013
21664
36567
58986
46296
58188
10459
7516
55483
23466
35927
64330
29517
25936
20132
57412
51170
62384
45062
44878
7181
33069
47668
1953
28334
32709
62696
25865
38278
44914
30414
2402
35939
55906
44001
5010
45504
57715
49657
4924
23255
65467
33876
56867
63384
64294
20009
36323
7160
12124
52332
5528
25602
8058
30623
13972
37802
2315
30079
24835
12097
13768
50285
33034
52720
16540
55716
20768
36500
52533
26854
18484
6914
14280
2168
9071
31950
45856
58987
32485
28047
65417
36882
48938
54184
15381
64475
10140
22851
10293
59112
48994
48117
42596
55277
29338
37539
44322
2799
32656
25812
29484
28087
1301
21924
32902
41633
3667
57216
64214
41529
33996
9957
57763
50217
31543
63552
35578
2213
10910
46551
17471
16068
38744
51940
10510
27982
37164
52504
37101
18764
52857
29672
12279
14170
4809
50783
15630
37430
17419
7004
59697
35899
48658
36561
59587
19723
642
3352
41481
53731
26838
61497
15892
40035
16638
37631
31947
14986
49484
25446
20697
64449
56982
17637
17396
37450
49912
49932
52376
29307
22631
29445
46364
44873
60959
58469
52954
61578
43292
890
61232
55107
18578
54030
40845
12847
31903
47558
45322
64707
29461
49980
2597
65351
2027
365
61164
52726
16948
35441
27345
32187
7690
34267
52172
50724
59757
23651
13413
59753
14531
44325
8483
42775
60531
35450
44308
34441
17544
20332
7641
8489
63720
21951
49569
45567
6843
24070
866
54033
25870
59941
17600
32327
44590
16087
55171
48750
45540
14744
37302
56796
27645
1363
14592
62166
34670
9080
59554
35787
58753
61312
20739
10113
27479
21797
21579
34876
19804
52931
31230
38066
42447
27952
23737
26011
28914
60922
41238
65280
20685
54329
62217
10968
63793
40532
46915
22406
7033
28460
10133
39655
33205
22181
13526
14403
11300
5183
46048
40551
1090
58899
56724
52125
4394
10264
4771
24811
48528
4038
33740
28216
47913
44677
47548
44207
32229
36789
26470
16399
2980
49630
46341
1191
385
31973
54329
52825
13151
33737
27704
50271
33516
7801
28741
30623
19568
22301
54364
41587
6435
7774
39658
26289
56575
43748
27187
32746
33562
15731
14954
59301
37484
42098
51624
18545
12697
8235
298
57936
15098
32398
60423
272
35981
14180
38815
57580
64315
46011
48882
52260
26219
44982
43276
20296
7613
23837
36560
35461
48724
42480
18693
46184
1873
13124
10243
11252
16094
49136
33382
20387
7337
28856
53461
39999
25833
38074
34886
39380
50028
18744
19166
48382
46650
22961
51353
25377
8612
44708
65355
48528
57333
57517
13758
62815
25282
26819
40610
15840
15121
58641
38086
58143
55885
64700
34988
60265
34399
28984
60494
14232
9109
51418
10349
33022
18870
31671
65530
57141
10680
46225
5167
5601
6307
25874
33817
39343
17740
30160
7500
31104
30974
35206
25068
11413
51927
32971
34350
531
53275
19958
14014
64746
54553
30376
49165
34106
36563
40443
30135
35509
58296
52579
35274
26278
31975
30542
51319
25986
60672
34481
24815
51093
17527
57531
18461
43773
63677
47122
7824
48278
15643
15332
27984
33710
16126
52740
39623
30810
8336
59390
52951
19232
55825
44324
62100
29989
30568
50523
46986
17325
12191
42471
25343
60489
10938
1827
54741
22559
596
18046
62074
12296
26685
9323
2757
38562
55527
32239
35780
6179
40466
34067
31034
18664
20851
62883
63355
28993
10211
44864
27542
45592
25076
60971
64301
15824
5334
42896
55797
20420
24609
36665
8960
36985
64646
34511
28170
566
43180
49114
44415
57470
57332
33198
48152
56498
65094
36531
26338
57230
49677
63892
60625
20242
25070
48069
9272
41614
14427
23169
46017
43802
55787
34809
916
13288
55102
48638
10671
24391
22545
29523
30946
21670
5731
23428
45038
6489
21515
54498
21642
21009
14895
20643
11320
33750
40329
1507
40048
27763
44390
61047
21752
28216
3580
61602
39763
25582
58901
6282
24420
22743
18498
40942
30776
37505
59874
19269
3469
61465
29715
19902
270
36684
11921
10920
12993
23549
56453
9105
28275
21991
25053
23595
63135
52985
20179
27088
59639
2830
22447
18229
24445
10127
31074
5334
49602
14224
9221
9493
10843
44255
14857
39665
50180
40079
53744
13033
61038
48614
3979
44861
2862
3495
39506
59125
43328
61632
18992
53994
28142
49093
21916
55283
63793
32616
15246
52738
13815
30958
60528
44065
61897
3914
31681
17463
5613
31636
44003
55262
41092
38519
25112
23212
60441
62689
50351
64862
2574
39432
3943
18834
20114
12071
37770
10305
14254
37813
60106
54594
57089
2772
51656
36075
34750
14987
22308
25272
9195
62449
12750
16780
32483
58638
49700
18247
36382
65321
15626
10844
7885
26588
12420
57336
1456
16836
32086
53697
46243
49830
65168
26235
61762
61499
24952
13625
20996
32266
30338
12430
61619
47491
32319
49173
6456
10751
64777
39043
43885
57609
533
47432
30500
55891
24842
46503
58298
40408
63450
38460
37478
48675
33390
24914
27748
8730
59563
39504
47009
2258
55489
8286
8822
26408
7980
41309
47817
35928
32077
53982
22176
50403
576
16432
57791
5735
39775
4790
23651
55376
46254
38560
9068
27100
41146
9615
36433
41548
13512
23169
8224
53439
1818
61436
31527
63178
77
9846
36712
3135
22577
43789
59441
48510
4012
15708
57208
45211
62147
50803
20045
2934
47878
3123
24106
14688
42032
51186
12012
3141
40051
59343
52001
64112
12381
48769
64432
19155
34487
30527
24580
18961
28990
28676
46121
46639
28335
64643
3921
45698
49875
53425
30850
50681
40447
58321
4902
28129
39699
18760
11679
33716
11512
3153
7670
11072
33039
18484
63677
13750
45206
31184
56025
18226
19378
16218
3784
48793
18238
63006
26080
48286
50661
46631
61994
49431
28246
62955
63924
41305
59695
41805
34084
51686
50463
63699
20981
35424
50063
18983
40188
52719
14727
22199
39755
8807
60045
50336
47947
33837
35069
61400
16748
58243
28087
59081
49830
27241
52432
9481
48810
28349
51474
8075
6403
36493
43760
46215
11738
44670
21883
26673
51603
36881
50427
34093
48576
5906
37066
37649
40879
60330
26076
40209
3752
32643
37408
51933
50990
16859
32718
9707
42365
29024
21927
41019
42595
55842
18655
49146
57169
28657
22164
31972
4503
13613
16668
43422
4387
39140
15032
59337
24688
14880
55200
13570
10121
32447
55500
36051
10414
52841
6612
2241
33070
15457
27554
14486
13426
8664
17226
46500
44365
738
37631
18397
12327
19775
62346
7379
13376
49300
45323
38074
36351
23493
49472
10194
18510
38780
35983
37789
48167
47753
38315
47824
33510
15312
63189
38778
23715
3129
41279
25530
6200
31059
8210
18404
24856
11648
47826
51404
51272
12604
48024
41794
36241
46822
40688
24386
8780
58985
4481
46184
60966
32449
21237
2153
12672
44871
61879
62517
58057
50508
29350
49662
10303
20786
56278
16814
17709
12434
28802
25103
17291
19277
30245
35629
57263
7664
12741
54552
61580
45930
53937
48837
47657
8479
47152
34319
26191
36209
13771
36870
62625
48131
32016
2882
59571
48863
29915
3235
20989
5491
12735
63696
1339
7321
57903
37108
18840
648
32464
49325
593
52559
20191
18410
50275
46765
44693
51970
24984
3686
60442
45088
1441
37263
17829
2507
30838
15769
31919
51065
55477
33441
40230
50984
41658
13666
20469
33323
19943
38211
48869
33620
18152
54142
40175
25002
44070
13348
63145
58504
19595
2131
24952
50011
17202
5908
22577
47305
22533
45335
27327
15932
4922
7532
42464
57734
37143
17862
50669
46597
12484
13456
17896
55272
12090
63660
9961
2276
844
60567
27653
27742
49474
59337
5620
36998
32389
50141
48817
60574
40455
22153
65019
31902
35578
11894
2130
3609
15864
39196
53425
49421
33628
56149
30223
48455
47901
63417
42047
8879
47773
36850
17607
39767
29848
59429
37352
42738
55766
953
10204
59138
62649
23747
43068
45177
54530
38693
688
16548
64303
60548
27761
61420
65509
12639
45775
12194
13814
46132
51872
60180
38195
9611
32704
63106
41416
19024
56373
10867
20666
53458
45681
46320
17386
15289
16775
37398
27520
21386
20372
17436
39291
14938
19778
64822
27686
14348
47588
51239
47149
41659
58639
33632
10211
53828
12164
23624
19384
43224
42818
40930
33966
58250
54929
64221
50
59623
11018
22583
42074
37690
56381
6349
7991
47944
37827
61640
4468
28611
36107
25373
62574
22211
59717
34153
7005
50480
144
46370
33436
51882
11618
25504
31665
48706
38391
59354
37466
41317
3241
50698
8197
63214
45939
35867
54729
3295
925
8049
13359
61103
20901
13450
25016
51264
10559
22128
44535
40602
2363
36438
26254
51692
4759
47512
37837
38351
17484
65134
17701
33364
51672
33511
25753
34783
63143
25305
47115
36617
45978
20948
59738
61613
17543
43909
17157
46561
33565
61521
19430
21930
51967
25778
35233
5084
20996
14184
51453
47286
3337
44593
65421
36483
2130
46687
44684
7881
17451
33395
28428
16948
51607
9572
6165
37138
30905
1987
31159
38602
33703
43140
22287
11946
43294
15627
50394
46852
11809
42899
55503
13094
52597
6303
60784
33548
59238
27404
18154
46282
55036
12724
38046
43314
44384
42082
45720
812
28124
17449
59267
51351
19443
60284
47068
3033
9426
20732
61219
12334
38777
63438
57230
44408
18738
10726
39400
52561
49237
9424
15958
41973
29805
26462
32328
51111
33668
17105
52059
25839
20807
11179
8
6951
979
37574
65418
28661
52052
63146
29137
25700
10083
41473
37626
10351
60381
8518
6959
18805
55257
43577
49449
54606
20534
44220
52210
43403
55553
45259
42967
57542
12515
15141
5184
47447
59960
24641
59445
12678
47989
50591
6483
39260
3908
39786
6593
4386
12097
6720
6133
15760
59856
25299
45824
41710
64532
61256
42847
60127
20834
53547
4419
64695
7214
44421
13314
41925
50608
52753
39386
13926
39096
60238
16080
52988
32397
1234
51851
52058
4698
18778
43803
60689
36725
23087
37568
43904
56931
20445
3644
22657
20484
61611
58983
404
16527
43954
14876
27592
6061
26528
63165
40443
48000
44151
61277
21500
3178
63041
35142
27779
33053
48829
32630
49786
7190
43701
17742
10331
42547
47545
56661
38583
46184
58665
9516
38153
32499
18552
43979
484
14711
48152
2235
36119
51351
35318
12257
35512
43409
35154
57520
60616
15553
49685
47778
40625
40919
15636
55694
30906
59302
35118
17730
930
40786
9410
60548
20975
12069
11383
22930
26747
55
15866
52261
62923
52884
11005
60233
7766
30887
21670
65194
6214
57550
8096
53720
12147
20578
8275
26581
65140
36992
27574
10485
51885
4008
56622
39366
52725
27125
29646
64800
49999
27464
49334
24172
41186
12874
41325
15714
29654
1509
38124
59514
10870
8468
23863
5626
29308
63769
62851
2804
56455
65535
7482
52552
64564
23426
10798
64855
62358
21607
61508
33732
49358
26374
20267
52344
64399
12627
45054
29548
17543
48947
34583
53051
35540
63030
1269
24790
57320
37155
541
48532
25569
43878
6011
17020
12539
36845
14947
62910
41827
60951
25744
28627
37850
37429
45847
62998
724
37609
49870
19701
25136
60652
51463
31469
13013
28284
24809
37654
38888
9082
39659
61213
17798
7009
13926
56936
53984
26349
17861
24401
4204
31812
13250
15288
36867
22136
29819
57158
30676
52877
47400
61238
33686
9842
40504
6682
41027
57435
52418
62209
5372
19241
35125
49890
2854
50800
47497
4235
26086
37811
44346
49722
39955
36865
63651
149
3568
20696
55567
24938
13160
14060
40497
40450
29798
53163
24241
47460
44428
53150
5409
53902
51548
8599
45961
20792
14146
58377
59085
23056
22106
55916
38507
52567
51496
46297
46679
37758
39733
57569
41151
2909
10441
63074
29572
13351
43108
18284
42652
1779
35378
10126
53476
12840
63393
31250
58918
24772
32209
51305
50606
9758
60127
42131
23479
65365
37303
14271
21270
64594
8543
18090
15594
43479
46793
43872
32504
57930
43675
54207
39863
7867
3908
11695
46387
2873
26264
11816
15443
13840
65132
8170
26374
51732
42445
61543
60632
17112
58793
14540
37141
12564
20470
64676
18597
5544
8583
44123
45288
56977
36750
58954
23302
31241
16346
35747
30824
50750
24154
65511
50930
48818
30640
64323
19790
65004
61325
15957
58282
15692
22003
55237
5305
18232
74
11948
63872
49481
28755
32318
19429
33845
55288
30167
13533
20595
4921
61431
11637
61018
53842
4355
44948
32165
15611
47015
61094
40020
47189
29037
15368
39930
5499
9715
1049
9796
65334
3402
62844
47163
173
48120
33732
13621
11255
10526
4224
20242
62424
30190
43574
29668
48289
27735
50005
59072
21023
55524
3714
45538
36896
51776
1937
38580
13751
20070
5800
41882
48200
37530
12791
38149
6496
27236
2962
8780
28467
38880
24308
36038
62134
48026
6482
31298
55678
20
19572
22801
35205
44965
19383
28093
19022
33494
12934
10084
4399
47565
43273
34699
28105
20826
30509
44010
56934
54025
30484
56903
40293
63329
21140
58045
43269
60607
8076
2044
42163
17083
43285
22155
45135
61466
19326
8381
25173
61397
9147
4107
56136
11953
17609
64248
31629
61202
41145
21862
44544
37436
4886
47756
31956
20619
28553
21161
37421
45410
49970
22253
375
56727
61490
2610
10437
2178
64906
35226
5388
5690
978
54327
51888
54806
60845
53058
47781
39370
56819
52125
31915
57209
29124
62352
35361
50045
20286
35022
12086
34279
11521
26273
37553
65296
40162
18494
36620
19833
53533
17716
3571
46088
51981
24735
51188
780
36162
4565
51882
41347
5149
8930
28083
34683
49136
34440
47277
8975
62702
14959
54648
49852
18075
364
64257
10106
12908
3179
20458
46587
22720
62514
37146
49802
3740
8946
2322
23077
3803
37042
13337
12832
43290
24965
16646
59800
52784
23599
17989
53125
35858
57157
3990
53593
12757
29572
58243
31443
32685
23509
18133
23295
59197
58034
60421
50432
46892
60979
15804
61021
30927
46289
13301
21169
61808
24913
24487
44463
41118
3428
20150
32166
46260
4802
57205
21645
40524
10890
6730
13110
6073
5754
64749
10289
41008
19232
63506
56952
20622
25170
40702
52562
44664
15462
58618
5536
34725
46748
5064
39122
27282
11603
25145
17782
17048
40745
22507
32881
45198
10473
50585
56634
46500
59192
59567
50197
42250
9700
54287
22428
6312
60052
36814
23021
57696
34580
2769
14552
14410
40476
22441
14795
30366
30771
16501
53975
46547
55197
26262
3353
62882
32262
34481
13834
11706
60348
34168
53810
8382
13455
16454
54582
26576
13693
13827
1260
11535
17402
64432
30370
6552
47214
32863
8912
19505
25621
16081
27164
61741
25765
52186
49323
54356
34529
8964
11622
53984
15489
17075
5832
53543
48735
17436
15181
6959
8803
34578
12894
55793
19302
21684
10632
59925
32127
29912
59718
32949
45324
52020
36081
58066
59671
28184
40636
21575
17935
50492
53950
37242
6656
1729
37255
25105
33790
31152
43365
57315
13589
10090
31772
3320
21607
16251
64593
1968
29773
20349
5493
46009
44557
22931
58762
14184
32371
55294
16060
32252
46342
23454
55164
5055
18000
1209
47920
45970
58912
20240
6162
21293
30072
59034
53532
35722
57325
64983
22506
16466
6285
28372
62960
42322
10803
19096
16235
528
3475
32687
6534
56979
28343
42989
14989
6116
55205
859
21649
49905
58337
12852
13566
37151
63926
19960
49033
14810
15372
36
38140
13334
6135
19651
12442
16842
38459
16894
34384
13732
40701
41518
40237
54213
20005
60123
40861
38277
46903
25046
29788
64171
47797
23985
39066
55507
32836
19686
5728
16976
31078
57611
15274
20797
37990
19525
25207
29223
62607
36426
1596
48146
62072
23750
1435
37434
4308
19998
33714
27953
1337
60633
65294
26396
26141
20557
22752
28597
50197
26246
60383
21044
61877
18237
55390
24371
32854
38951
20271
44486
25340
29545
24089
51269
16590
30810
51355
11636
28954
61725
3301
31232
60492
44112
64050
31467
56301
33888
53835
60082
53923
2123
51868
13806
38089
29161
8449
35415
25279
51355
39013
8115
14440
16005
16049
7887
61363
58486
49561
32382
1376
57040
11595
9130
18130
53135
39387
9014
15150
53276
47211
14881
58483
38481
7972
3684
43714
26003
58323
56217
34740
48648
8864
14690
1576
11918
49109
48628
6294
29418
52281
39095
25070
19925
18874
178
1075
42951
16835
27427
47070
12671
16575
7440
32647
26985
27886
28011
62928
20320
33953
13735
42687
16578
5508
30892
48032
15768
50321
41601
58744
36719
59595
55641
7391
20820
50141
1512
16872
63360
52233
44086
45690
13075
60301
45242
57823
31180
16303
6155
5052
50244
27797
25592
18335
49663
50585
23726
1728
22843
51648
48972
4312
2168
26635
3265
55475
44272
36503
47874
17492
4755
39778
60071
38167
2984
46075
30257
7371
28175
31458
2741
48530
61959
43085
61828
57242
60138
62172
8280
55057
34903
15899
36106
36732
20211
39179
5557
44466
24285
47658
42321
35783
63668
24773
11304
8924
41966
9395
33147
31916
64027
13005
49846
46151
4719
16640
22516
23901
34218
16515
49414
25222
5163
48748
11288
45232
32748
64460
21175
30016
18555
64568
49818
8302
57636
62872
17129
47033
21344
5619
62718
14431
23849
49598
3744
8882
901
1285
18838
59053
18762
36220
31155
28363
31323
7813
62281
52226
62982
17992
15241
5599
51927
7669
3688
7455
21244
32576
40600
22400
51267
1151
22653
57318
40118
51552
49327
47558
36984
17671
38012
48138
44611
13139
16950
59180
30206
27204
5834
49296
59841
23179
27342
12250
30557
40454
49286
47796
35391
7737
52884
44339
58460
55097
47296
29640
51509
15848
25530
5252
17923
26564
37345
40039
43478
5753
62322
2789
16287
21442
31934
61607
25571
54167
65427
51365
50184
20367
61659
29146
44259
26229
46405
56666
36787
29203
55303
1733
36405
58498
56508
3471
12833
54193
40073
18358
63122
35163
2342
31918
57281
30978
57004
22811
35132
43162
30891
6562
47415
22700
17303
33149
6665
42548
4920
14772
2438
34738
55224
42630
52570
12126
55
27179
61048
37085
16003
47616
16087
63837
43173
8534
27312
6283
64194
14683
61610
30811
32941
4580
4445
41693
6509
34758
54977
61973
8143
46087
40893
23146
63689
20536
61811
22348
2236
11891
51847
3260
62975
28231
59395
20864
45021
4957
28645
24820
14554
15230
621
61345
56467
9547
56250
53509
57970
15351
57888
35123
55778
60228
48924
60974
48570
11676
53232
22020
32302
38939
4494
12344
49509
29264
42157
41943
17203
19497
26058
5312
20666
52038
30602
45303
33920
64317
20896
65073
29049
63205
11753
62637
53704
25676
1770
2077
46061
48147
39004
22336
39731
20673
20051
45607
52311
38648
58519
35786
27050
53322
64049
34791
54531
65155
30466
43982
12029
62650
21587
26457
3150
3358
7265
38182
40573
16268
28206
61012
30963
12284
49438
15788
11911
9625
43378
51984
4420
15039
43793
52782
44803
18267
34966
10331
38349
55088
51552
64543
2328
26188
21639
49607
22391
26
62909
8098
63128
59962
26947
34541
8920
41599
29917
21487
15127
13943
136
60350
43402
48179
4336
44620
64411
56772
62669
8119
27700
51883
45197
35779
18624
42357
18635
15510
50513
55751
64762
18869
30408
757
10192
20368
15727
21401
29989
30239
48563
50597
24425
57045
57474
38017
47340
52683
45107
11784
12276
24531
50835
34077
23638
55300
18285
43908
23662
19424
3958
38086
44735
44250
44012
37827
30746
4761
1185
31920
2222
3384
61996
58094
29551
65051
14380
61968
7858
64127
55006
61297
55134
57682
21408
64568
1394
26737
1544
5603
62698
16247
64414
19652
61138
26495
43031
60459
10672
11404
10874
12680
10672
14099
35009
51196
50303
22339
22020
59151
8368
55525
44263
5908
3973
12833
56084
10026
1633
29288
31653
12277
42972
13549
33100
23040
20789
31400
50127
32779
39337
39986
6053
25886
17212
34026
5590
7808
11093
61763
13527
24
25850
32444
39707
53434
57448
39521
43165
63861
1506
55085
42541
29277
59957
39797
49279
9240
34613
1903
52987
23177
17025
703
23590
58049
19584
42984
9331
58091
57958
45981
10841
23588
40481
25180
57391
40208
42203
54257
21981
4362
47265
50818
4166
43635
21618
51382
54774
4047
17929
26318
25948
39485
40655
23427
16069
2931
49950
13248
45012
22158
52906
63997
8103
57213
45301
27720
64231
14871
23664
50375
48807
20449
24585
38693
3870
12553
40988
41135
13541
31680
60653
16753
43411
59496
59279
57768
2544
59363
29161
43693
49414
53676
3874
25527
46884
11794
27315
60213
13633
33682
2484
1610
37780
39080
40428
5378
50835
27185
42408
48587
13053
23067
41598
39013
13854
64767
41583
40674
53663
931
58050
39795
59888
33141
34432
35348
47157
60317
59761
62227
54132
34529
37231
1698
7580
22732
21312
3081
24661
38318
27996
59442
37380
24561
48224
39145
49954
55199
13307
12938
57048
28839
12576
61314
27992
37482
31725
45095
36104
14273
40060
43942
18746
2405
63218
46201
9904
17430
910
8104
46557
25007
1401
15589
48768
28404
12969
34223
54279
49245
18851
60084
4159
56578
19937
14360
15795
41220
47140
45779
45161
45232
15833
33269
36719
36130
2613
21955
25377
28242
40915
61024
39581
47753
28233
53257
51399
54191
6192
38361
46977
16811
22448
7136
8475
30649
1549
8790
64152
58188
18248
36919
12150
45525
25328
3530
46250
63100
20495
63408
42352
31460
60398
14144
35675
34931
318
18778
40462
41120
23251
38694
58072
12834
56259
57000
46096
63190
27581
37853
15413
30348
44293
14570
31878
34096
64170
26364
27596
4550
47245
844
65068
10898
35809
36587
8947
38543
32998
5615
63946
7020
60657
7279
53391
52414
29052
19570
40726
1153
57363
56224
40740
16115
24054
44381
62436
4896
30898
13134
11655
64184
39118
36494
18268
41775
7378
52012
35431
61272
48304
31915
19953
13131
38550
41228
35901
11950
25556
58080
33442
19048
25426
62382
45837
41490
22993
30136
33427
35069
19273
38683
45092
44328
53602
18987
9292
8100
21598
48921
30729
14451
41077
6327
54316
63969
24663
49173
62969
52236
38697
16561
49781
31639
45304
61229
38767
28722
46931
22235
14212
16886
31388
36804
41615
29324
23929
42942
57449
52954
18873
51483
57699
16824
25232
25425
10935
65072
10499
45624
26649
50094
27157
20229
29047
63139
40748
40251
48213
20181
15195
20774
38713
44901
26509
54127
11006
630
35598
57188
50989
7117
3980
50983
60165
2895
64779
12426
63558
54619
49883
47251
43428
1970
61546
4250
54610
32363
42615
9841
3673
36138
37556
58951
12162
35946
19201
22790
58597
42519
2878
6691
2959
13998
1322
37217
58410
42304
16147
47509
45736
19061
30199
34398
64003
36387
41193
37748
61333
51518
2414
15116
62377
14229
14427
15760
23659
25721
52845
60047
32541
29885
30930
29262
7632
12318
43764
9618
7298
59993
50630
65435
2690
37665
41667
10365
65469
55097
55914
21734
13224
56096
50046
59381
17002
33421
45943
55659
48648
41277
2226
36707
17091
32817
44927
17673
48701
21323
25012
62401
14796
2672
27678
17957
29074
45418
35930
18486
63543
25242
45628
4805
3937
3824
45508
23689
9097
50771
39731
23214
38242
38404
55078
15307
64558
32618
23221
53387
60116
8999
41706
32653
15184
40421
13537
52531
3873
45044
52858
38857
60082
58923
24559
60031
54173
48685
60033
8067
6168
56566
30901
7779
442
26520
41938
47266
44098
39956
61934
29654
26527
30314
60569
27601
49123
57759
24790
59159
49586
24056
48253
8444
44976
54511
54756
48603
26308
54322
28363
51944
47865
52437
18271
58092
14231
871
55986
52804
57692
63509
3268
52743
29368
51355
34114
52724
56285
30767
38449
29293
38507
61563
62947
58791
26006
43782
42131
3955
37936
18720
16403
29754
11713
64805
26934
53134
41582
30151
19285
20610
28283
26098
1843
60737
16950
38613
5138
63971
57481
40536
13768
56874
4862
33041
40224
26361
19176
17730
14911
54785
31424
15277
46386
18730
34174
7722
23940
11629
12323
2166
13334
42125
37114
47963
3868
58794
12822
7065
20599
60470
59790
10072
6194
15784
59045
38857
56401
33945
22091
27537
52709
60865
3711
59318
23543
2520
41756
13353
63863
5281
50455
12037
62484
20087
15826
2903
18154
54982
36464
49248
21866
22260
53359
49439
29311
2397
25398
56718
29584
27118
47594
8637
54768
47292
12667
30483
17608
34660
41920
7051
11978
38524
53685
43804
2675
38717
27214
36026
19813
61717
38668
54020
4638
57040
32420
54273
53004
61316
8676
32977
41895
29285
24431
62873
12456
34751
16588
40798
59254
19861
49678
50094
47447
44143
521
13851
64575
26520
9333
15118
38224
61915
22918
30935
64082
40523
20376
63073
21247
841
33820
11633
8793
17299
13015
46798
33652
35953
6820
1722
47753
7608
3050
42456
16568
19691
40577
3928
10402
47338
42730
29021
18829
24997
38541
43208
27393
36091
311
32840
63219
15219
55910
20238
33288
51568
9695
35323
35513
38745
63907
40120
14151
4857
31290
64188
13607
51182
10569
38523
13937
64002
49659
44775
51722
37606
21235
22482
60762
13518
62730
11211
33128
53044
40992
33648
6367
44100
1220
36572
20228
3486
30469
15969
52225
65349
63387
58651
407
23655
10876
18296
36383
30363
30890
16768
27537
57156
22441
17020
51824
26521
62391
31146
47866
57541
32609
9739
34497
47496
44401
46136
57765
48432
5317
54733
14781
3533
26034
17618
14848
16876
63899
10101
14733
29015
20957
8834
7097
12085
446
5750
32265
58100
33456
61858
37766
5235
56919
6100
8279
22846
7298
10794
8671
33052
64682
11472
50351
4103
16164
54460
63505
57082
54073
29404
8089
50919
47531
1892
3886
923
14336
52251
14577
36216
3218
51906
24621
63069
42870
39101
50566
29048
37023
37304
31513
9029
63305
35135
59901
16941
16687
12135
12835
11363
49482
45035
2877
52256
11976
54150
48075
5413
58341
29453
12335
52462
28093
56282
38070
51258
56122
41938
26874
14172
37550
12321
33531
57131
34503
52884
60735
9135
53131
19347
54409
58821
20410
50572
50491
44786
64327
50282
58068
26303
59413
53184
2170
51200
58666
51350
27074
32853
5653
25856
50533
11258
51031
32244
26279
10711
10121
55712
65400
56399
63780
24242
46905
10491
6019
54576
38736
55074
60451
47350
47951
33141
8477
30339
58944
32429
48527
27807
7864
5117
13780
23026
49150
23811
3094
58809
32303
48657
54943
47910
55259
41843
360
26147
51124
39092
61631
18030
2871
4792
56223
46187
44055
61449
59872
64856
57749
52166
53940
25311
47541
26380
33424
44347
7360
7361
10364
23629
2065
44278
50212
48304
53802
30158
34893
37614
59228
30726
2552
795
7866
17360
49861
47951
58866
56635
23772
32493
60612
37643
60278
58818
28104
50859
38763
46797
62319
11217
30474
16013
564
55185
60994
12914
30286
31363
2848
2719
21333
50679
22455
13836
18884
62624
7430
7948
19900
43678
33428
24617
40528
46932
32310
53220
44701
32298
49359
4661
2850
23699
8304
28433
21000
52470
28787
29744
14389
57266
24863
55044
19112
18053
18225
11694
10621
43514
20345
9275
43294
9516
10365
58720
49175
49719
28767
2856
6824
3786
11895
53811
6409
14005
48210
45912
1230
34812
11606
6463
25855
40167
52061
20833
45393
22323
12230
53433
61125
52795
55551
53613
6405
41569
49418
46515
36164
33170
25340
33669
13577
49681
61327
45098
30227
62689
35148
22502
12206
60675
29950
3810
29010
13493
22518
694
45078
40523
42989
63334
55061
11595
30074
16353
17339
24511
22097
56757
56381
4864
36191
60627
54689
26612
57252
61208
45513
10237
57051
48866
31158
49806
45286
56757
10792
18288
41247
45760
27249
7274
30215
41447
56339
49554
28474
49982
47212
37589
53184
3406
1832
29505
28757
6867
22441
24113
9757
10367
26504
35895
21731
5791
63268
23206
2402
46628
28841
62121
28691
3484
2453
13623
50571
62993
24144
62993
59009
27168
30828
49169
31034
36234
47059
26848
34439
24444
36255
21555
44130
27035
24253
52199
63249
54061
16321
6373
34901
2758
45027
59838
44751
16507
36109
28415
20183
10387
44431
44115
18465
32922
1571
31939
18885
24210
12362
2804
54229
35179
24965
43069
58080
25489
34598
33926
17120
35167
2373
25376
6618
21694
9413
45390
30407
23178
35614
1524
38026
58271
24039
39717
26247
53941
43041
58014
9360
35620
38313
19973
52156
21609
42381
11895
34739
48385
59581
10936
11666
16482
22603
18886
47451
58096
2271
33092
47739
46437
19115
43238
58013
7689
22022
35579
18378
713
59171
14191
2990
22485
36608
47730
34011
60309
46552
4049
30152
6164
20908
12386
27584
12894
14671
46816
57904
7489
60609
10749
23196
41194
54158
1266
44099
10742
30222
48353
43421
38502
52111
64697
21495
53928
15600
52959
28607
28069
26530
34667
48026
54277
5961
11283
23559
1175
498
58837
53045
28484
24538
4261
1010
61945
39917
25119
32092
56811
21800
21446
13406
30302
23831
32264
11355
50252
49358
33309
41303
56117
35357
39933
2250
39466
49585
44886
9218
4803
50933
14509
51745
20885
57664
49564
473
59961
60894
41384
50642
56701
36224
49645
6442
58724
44776
48868
29474
22545
53275
63809
65137
39845
1363
43409
38623
9364
29526
6599
24263
17615
27208
2204
6750
37437
44101
4885
19420
38668
60411
40076
62009
25279
51231
34525
149
569
53154
29636
15829
63063
18313
53032
21745
46145
64931
24576
13982
8060
13364
35202
32307
31410
4888
5169
64226
461
4091
6255
5337
5855
19699
56728
64733
40377
49699
60346
10438
45257
60750
3472
55460
1359
41249
19025
48968
25235
29233
26481
64875
46148
51358
12426
24279
44032
42789
62765
55085
24777
52787
37550
50156
14733
60477
2634
18235
37222
12214
52722
35960
5500
45488
60893
64141
47068
44344
20285
25985
59187
35392
46271
5662
8228
61223
44206
4094
3551
63177
27659
49862
21953
39923
52882
37160
11295
15397
48491
13248
60410
58115
46737
3292
20558
16707
27095
26616
18104
59071
11933
57932
51060
3258
44043
14731
48679
31570
19872
10595
60503
36735
680
4800
24127
13588
57243
23987
21323
26947
3049
63367
16915
51108
39075
12802
57664
3671
6091
64253
40961
54334
7033
51569
30951
61822
38843
45163
54967
6567
21858
1291
27999
146
7801
12305
12701
50243
61705
25053
16368
61314
29266
59662
60183
56405
24549
63957
1904
45473
49232
37815
23358
27189
34181
59733
29260
33576
35806
42037
48229
33029
49905
302
51138
98
26628
20018
35184
45389
59152
25630
24901
3822
59135
41713
25657
2460
28960
63666
41894
22308
26165
3174
55206
24270
55004
40613
63308
16287
24938
38188
40724
20108
35946
374
3812
14919
39397
14671
10945
10761
30278
62253
36522
27570
38092
36339
251
45723
39662
51604
36085
23299
5509
23059
28324
14592
55907
15892
18693
10561
52164
1332
29346
30361
42895
11495
51174
41072
11408
59043
30022
34232
196
3156
56953
11732
19852
54253
16030
60400
13605
29146
21172
32951
52331
14904
41890
10491
54967
3035
55095
16200
63536
60971
32576
49625
59529
19616
35746
1888
5939
111
26057
28496
27964
26262
6946
27324
62666
36953
33245
63727
51121
33878
55060
35717
35299
25450
35708
57481
12380
40508
39790
23808
37941
16212
37229
36190
45874
40046
36867
44064
31162
13617
50256
63011
10355
19355
21226
735
39148
10668
35558
61721
25400
51696
43177
62415
15332
47381
61319
12826
52152
17103
43841
8131
26050
32729
7437
54816
27145
62891
56794
17244
31585
48364
23875
56537
17643
18583
12279
16402
28860
54858
21713
58768
35530
12942
44562
28138
5396
30230
2024
43973
53274
51816
41024
2887
11776
5331
48080
56261
23888
21198
27314
60041
44679
24209
18707
19286
17785
28709
14206
21394
64209
52325
33298
20649
35330
31680
38848
57404
53841
56239
36016
24237
39849
36397
29549
30110
51953
13536
61493
63844
42158
45109
19369
62196
7622
52747
4603
9790
10952
16985
56116
34979
28149
60862
18234
58273
23372
5834
34558
63930
40584
17302
58666
10496
63623
26055
34389
1104
13004
35579
56089
28832
48403
7909
30934
30662
4734
7895
2184
44529
19897
11192
7391
41308
7927
5889
51823
10676
39344
28979
15402
45721
27840
41781
45528
22998
16380
43525
12053
36693
34941
25844
1219
42505
12686
30962
61722
48210
41866
12288
58953
54520
11201
19312
63074
30996
1902
7601
8899
19190
4881
26230
61090
23530
24329
31620
274
18652
32304
46399
38132
51402
57339
56380
36
48699
22464
22281
61088
27873
5508
61950
12067
23700
62862
35549
65006
1018
28076
51273
54559
50987
8825
5991
41734
35535
20151
47006
40590
59716
55052
20383
9040
39050
32796
17322
11242
41397
14510
37664
39396
9803
7204
40347
7101
27100
54291
29194
44019
37546
6242
35791
52538
33668
34856
46839
12784
37980
50881
2165
56210
22202
65078
32757
8646
16801
32524
42243
9347
2062
25888
38733
12022
30827
9573
32854
45083
8950
10146
14356
3263
17298
9484
53946
23365
59187
32713
55141
6557
9815
5798
36861
53742
12754
33916
9392
1092
51163
21373
32376
52597
47204
18927
64480
3795
37677
32495
46870
41637
21211
29987
57589
45690
13038
18164
25802
43038
43344
51252
19896
45939
34431
61493
45806
49968
59533
56975
38426
45682
15219
37874
48903
63006
34868
6375
3802
1236
9949
23449
1918
53983
63035
47662
43820
36115
8330
9636
48074
27977
8027
64181
55412
46761
40402
49818
6719
34984
62374
23369
64427
27215
22370
64799
64317
12915
32009
50132
4249
65156
58731
14435
31500
60381
60834
14064
31177
59095
60779
22058
42845
22875
32871
30138
61664
2440
38781
27951
36394
24415
7456
38129
41927
16487
7952
16921
22090
6409
54173
64512
13033
9254
34978
12964
15936
6749
30402
8430
26739
26990
22951
43219
35842
36168
16556
19578
43349
34179
51419
13494
58789
62545
40296
8748
1739
48883
2109
34469
52677
51574
7281
38509
10176
34744
27327
23574
28337
28516
14844
40830
39070
55930
52546
872
38718
34338
38844
12661
21445
22118
38818
57513
46561
7687
32998
55875
22221
30919
18340
36371
53113
19522
35041
62777
13890
45250
13317
2010
13771
41894
48413
19782
42445
19975
53513
41832
58287
11189
25178
5819
48496
56726
42489
33407
53555
42203
42400
18576
13221
42563
38766
20957
28003
26785
40251
49045
8237
8022
29005
13501
58087
6358
10477
6197
6213
13904
11576
51974
31475
31288
24354
38262
44234
42444
53075
46283
42689
43191
50531
39736
56011
17417
51557
55210
39643
62683
40735
29446
20449
28397
57160
18985
58394
26618
43585
24087
63783
65306
16030
29673
54484
62753
23628
15013
49654
43112
65055
60020
2562
21610
18539
35783
45081
55176
40417
64529
3823
1494
31134
31326
14890
30580
50829
59013
29581
58552
58012
56471
33760
45667
4718
41393
21451
14838
37195
5622
33738
37529
22880
63506
61421
12290
53875
12431
53110
7602
36466
60633
54056
27617
8484
29029
50575
328
33091
27572
46776
27670
31631
48450
7007
41164
50725
48360
31004
36558
47788
1571
51637
51409
54358
23704
4296
958
64895
27670
4474
25665
4423
1772
19517
32057
37258
45203
8327
9930
50234
56401
52836
29307
34933
61281
52347
63473
17070
25076
58428
6968
64538
52431
49316
4690
11182
44137
40529
5197
548
32517
21102
40808
55264
46338
37879
47009
4254
64350
30631
55384
7334
52150
23431
36018
16232
35605
41628
1809
10933
21010
21472
41119
3565
1025
55399
4110
28603
64573
23898
13172
52964
51576
12958
21627
30671
45394
2309
20067
6517
42873
63247
6707
11629
62663
31850
16267
10034
7936
3463
64009
25313
53543
37569
28779
11876
48098
38574
61532
53835
9365
33608
60385
37779
63744
37606
17474
5833
37445
30784
63937
64789
8688
37745
30390
49507
2565
13627
6329
26343
9812
49275
3530
49343
9870
31862
58501
47703
41629
59179
60600
7890
55221
42503
17761
60175
34225
40941
17292
57246
16204
657
3487
25365
19595
56567
7504
39564
63728
12132
13565
38292
7814
23904
55959
31534
7210
2484
63909
54477
18764
59942
45741
7520
31489
35349
10411
13750
43614
24355
19761
37216
22391
1332
25712
52150
19740
26937
43157
33572
34500
47929
6832
40076
7076
43114
28025
48173
48797
60488
49567
38887
55390
33739
45646
29612
23001
64532
27964
27340
34687
35163
34438
31287
18285
2731
10285
14232
59626
60607
45384
51658
30705
62880
4643
20528
55197
8252
54628
19542
45982
54517
12414
21383
15349
26596
15144
5721
26628
31052
46221
39690
56058
16696
22305
41883
4302
20425
33647
35463
15834
44506
24109
27984
36618
26126
62330
27861
10016
15819
12795
3051
54530
44865
25093
10
15873
28115
50010
22204
52417
63640
9806
54752
14377
63731
55749
38154
7786
31384
50970
16388
17210
54319
5691
55753
49619
64288
25404
39494
334
58189
26888
54157
39722
16319
27377
29951
26697
30268
41984
63054
10203
46353
11110
17346
51495
22308
65038
8870
56941
8138
22955
60935
62766
3852
29380
53329
44508
64005
14523
59352
39641
6621
35431
53485
43886
21278
40558
39293
21231
8591
1206
52823
24558
27754
9684
28286
31536
47549
19274
38172
56438
13865
7373
59414
40789
23213
13369
40371
52717
43123
31574
29816
47099
41936
40573
6749
3624
6178
53093
16020
53856
4247
45177
21270
49745
65187
54911
42093
40603
46870
40655
19860
63969
29318
2849
61041
31585
36601
24733
18411
51930
10027
2027
52669
53198
56125
10795
24928
32450
54561
43761
65493
6891
28516
7560
52333
21016
25833
32466
50247
3663
50080
44111
49969
61151
42308
65478
2014
393
57838
34364
38196
38565
23023
4682
58694
57051
20241
60027
44150
44803
59937
52071
38565
59218
42820
29254
31803
49543
35254
23688
18415
63787
45720
44762
44341
217
1563
61345
55872
54663
44252
45595
2187
52951
12535
60492
41138
10396
53827
19727
61964
59071
54124
51273
19369
56364
5924
21260
61864
4835
57475
52844
61000
17284
42843
53032
29783
32026
47488
63056
57508
50118
38456
36297
64086
51461
48560
196
10384
8262
58263
43649
55137
18840
37950
16164
13783
51150
42611
45512
25852
37794
36361
10357
53578
22165
50350
35015
48935
64969
32605
13231
6441
60628
41879
13124
63556
15374
63211
40594
17759
22219
12149
43323
40152
39130
38000
64971
1284
51956
22827
10912
33112
14330
10147
49796
7318
30741
50995
49767
59857
46983
64186
60513
38645
12945
16329
10169
62689
54783
6950
42857
54721
12599
64825
62487
13275
26202
5865
51134
17718
31226
27567
26555
57614
18340
53555
12807
11557
23129
62541
30170
55638
61576
43173
41961
28969
9224
42508
54172
48318
40167
2865
60516
45400
65351
31411
2115
61264
54874
42625
42752
16754
20916
61139
4891
58104
52082
26779
3631
4940
36999
10012
26718
1617
2041
46506
40347
60246
43928
32964
17426
46185
31885
36490
25853
28061
15982
46536
35484
54550
64820
13831
47597
30412
60989
52295
20216
60460
47893
10918
53610
52525
32321
55529
55948
5328
38200
31018
10992
20519
18684
32816
65002
40664
35407
11966
35726
61588
9146
56659
39631
59481
32407
29905
15783
25928
726
33701
28995
32385
3667
61499
2858
16215
24740
12014
23208
25787
45730
49942
17805
10890
18944
21431
24299
27435
20709
57140
46450
56900
4822
62091
20301
4407
26576
21311
8473
24028
6158
46068
30195
27499
50084
64927
38810
59559
42727
11552
57141
61251
41293
28826
23920
13081
42409
18231
26285
57735
48612
52006
24416
31967
18177
20660
45097
33050
35930
45665
23974
49494
335
65461
39079
55015
62366
26968
37409
25416
17110
11673
55794
41710
38058
45970
45623
65101
36598
51086
46987
6384
37142
40633
16305
2002
23317
60504
35719
55150
17223
11819
6275
55697
18308
61685
17515
22129
34610
23199
59293
30086
60169
4982
10195
28985
40496
39932
50466
34968
46015
42369
26237
30871
12362
58258
33025
34046
63038
53844
26523
13606
512
7422
38492
16789
38525
41804
48932
22039
22254
30690
27815
25186
34944
36086
12276
16771
20739
35801
57374
20120
24971
56515
2809
29583
54551
40938
46721
18278
7029
57347
36040
49573
30200
17976
15301
23181
39008
16534
44427
34311
47227
27327
60708
51799
50853
1105
5189
12650
3394
7490
43002
54481
63817
57999
56131
30475
31533
29730
39597
61657
36784
19168
25453
42038
27156
9585
50093
59318
2049
5735
4118
35568
62354
49623
64761
20378
11533
59931
15235
15394
20564
12316
46315
7687
62099
37203
51637
14925
32385
16457
20160
1873
27818
17930
49541
48664
41841
18054
9469
61032
11595
37898
32842
63621
57102
25341
51782
58287
56500
60593
49927
25264
8479
19558
16323
49735
51930
3446
49978
52517
6004
21272
580
9807
23845
41876
19307
21075
31528
20341
63001
9618
58459
35948
3799
32351
16043
5123
62893
58674
25842
58936
12727
49911
43157
35347
40002
29212
30234
45084
17874
31750
55785
41605
11639
7488
65078
22372
16822
30647
30736
28215
9667
30905
27378
42274
44579
8169
56202
32014
11599
27939
38833
32409
57603
40391
59603
32551
45422
23536
42063
24873
36998
27922
62717
36076
44957
46076
42482
61035
42253
8246
64610
43386
15572
13153
41682
22782
17175
2805
24523
18962
8543
18277
52584
25957
62294
48411
30339
50359
61666
20406
48981
2710
7790
25173
53403
47502
47216
59339
64709
40388
15490
47660
9993
61958
44068
62912
54061
31711
27858
18314
26
51144
1760
25691
10741
18385
10890
4417
20486
16113
50659
38853
17031
60828
58627
53790
61361
1937
35184
54057
15135
58700
49380
49269
34995
24382
35900
56245
25283
4928
15817
13180
28968
49268
31764
64821
20937
14303
45156
23055
28241
42169
39252
8622
9277
48275
65021
60522
50347
47772
24427
8223
44819
59177
43955
43021
12965
24180
29007
34120
61160
246
20887
303
41302
33740
14269
37505
47148
26755
15517
33518
24935
52211
30771
38291
22613
7932
64371
37382
860
14512
35499
18460
55511
30863
47421
34675
34800
44402
42826
12943
31720
61042
19825
57506
15722
39841
1764
40016
15742
26540
20679
37969
64296
37534
21350
190
20830
53550
28584
43290
31939
34316
49801
59797
44195
40684
12062
48629
4775
18619
59914
4377
13070
53410
36146
57061
10641
13454
33102
60060
58956
28399
30127
62219
40090
65347
15462
14008
36544
11420
40933
525
13489
34555
64030
30733
10213
7718
36387
27074
7662
62236
1389
14340
28290
55328
21040
21579
57206
56454
59874
61373
62918
33076
41506
14415
18285
28683
40560
32128
62331
29634
48931
12419
1253
39041
28293
22614
52391
1252
25840
44208
43774
6085
18251
62821
59425
20052
59898
30753
63416
3864
23367
59283
33726
27790
22008
1653
35338
486
31065
32069
31031
23966
10765
22838
40027
9258
27248
6523
2406
5007
57697
13605
64163
56395
56627
62804
58830
43520
42700
27836
64607
1505
41064
33834
3576
9055
46535
49796
38437
56891
62370
53531
35085
903
23670
12787
59006
56932
50625
33805
27420
41771
58835
44806
43675
23229
16121
63336
61836
54416
22971
15972
25619
46998
29778
47821
23742
42650
61966
54483
65458
6410
40168
21700
21915
19260
27563
61637
60692
6109
12248
45501
28287
28120
50192
52729
13250
23354
20044
40838
50216
14940
56351
31207
20532
16650
62618
53788
1019
40026
59099
44367
30624
37115
35373
18514
24605
57975
64482
49724
55832
45828
54576
9937
6851
40663
17737
56524
4484
39447
51509
64824
58622
37601
31494
65086
58507
62977
26277
12460
22985
46894
64259
43203
36204
43813
49663
16187
44557
23868
6202
40834
31798
5592
12075
59101
35125
30469
46695
10203
62828
61376
49092
51818
18018
4534
29486
61180
4543
36080
40292
42650
57306
27459
709
9307
15884
59989
9841
47467
64004
3555
8450
12585
15821
63652
58916
36788
275
28768
57201
17265
12459
37118
63408
43385
56452
28263
38904
31080
2348
45992
62332
47047
32496
52704
50091
2688
42948
24055
8729
16178
55001
16155
36994
45465
41032
65412
17882
60885
41417
31543
58181
19531
49134
7586
56528
51312
5800
31561
31313
38408
12611
49549
42080
45242
49263
20268
59811
33710
12261
39831
9252
62714
56446
54573
13857
23839
16667
2838
24123
24955
56367
36758
29444
38324
48161
18075
20675
1611
44274
48143
17689
19385
20524
38548
34371
26076
61480
24204
35366
27833
6983
13065
32859
34239
25756
9862
37446
10031
59798
1350
46294
28544
712
40998
13626
17810
50312
16284
18193
20057
31321
4258
58291
19699
48451
50884
61096
44528
63047
14740
19461
51752
5080
48515
11345
55386
19240
25804
41477
15755
32268
14827
4989
55719
21980
22155
12801
33240
38323
16265
64805
9344
44900
23654
65332
16905
38787
42879
49278
14739
9363
19633
55297
21721
15257
30940
50625
50286
36421
54525
34530
44032
38760
36946
54839
50636
39139
56779
20943
37583
988
33599
41275
63451
16914
16456
36680
59050
46081
64126
29697
26056
50522
5204
49972
55710
36803
877
39704
32626
7748
14981
25022
19230
27553
17039
57221
45799
58119
50842
54794
8252
17215
22502
1127
58508
23709
41683
6262
57709
26158
7326
7517
57272
24834
29527
29988
62771
49465
14355
7093
54160
8188
51194
16073
9684
53910
37912
40398
57523
51316
21148
24068
6306
24832
40894
35666
7720
21001
40301
12124
12983
34457
27505
10613
26041
8604
42773
33939
15246
26041
3958
13113
44522
51092
45774
22055
5683
52843
50023
51813
14348
54339
52128
49169
8571
26793
12537
62702
5008
60008
42133
39149
55242
23131
41493
20049
11018
21846
63910
25344
12602
18920
32714
64410
57198
58388
64418
17516
50184
64933
1844
25490
3378
16109
12515
22101
22701
41348
29954
10698
38946
58796
46125
34284
24951
29843
285
19965
61802
58085
62354
32639
15224
8697
22269
12725
6622
55694
4173
9769
41143
27660
43036
3288
21641
23269
12651
62404
49307
49943
36017
23717
50102
63902
8719
16554
64497
59500
2807
38705
22025
40270
45505
56663
39521
27275
27251
6036
22594
24485
61866
29073
56751
17738
31551
6347
15034
43792
2671
1292
11660
19309
48563
40412
49092
55264
9145
52945
27117
15869
31888
42576
36964
13585
38101
3121
16809
1661
44605
10089
5636
3787
40236
54372
40670
26130
51657
61387
44871
46155
17905
24172
15489
934
398
9650
46490
4710
31848
13979
39102
38098
15701
15159
40775
34345
2973
39466
23480
63610
2433
30075
19989
54659
63598
28795
16501
11027
11872
8045
44484
42656
58161
17108
22852
28108
9102
30210
11045
59475
28373
2005
2134
34816
23456
57946
39071
38976
28987
52991
46843
21118
610
45099
7184
40697
26860
63840
29425
7445
31186
4939
3858
21938
48063
65463
1403
22874
11748
13132
41409
55368
6529
26644
14850
3944
14665
36237
48646
10664
63036
30768
58053
18881
34200
50865
17685
41315
33592
28768
59838
52697
9938
45098
10743
35311
41806
38729
55737
41275
951
56530
31332
52851
2184
59717
8469
48387
12978
37309
28208
29912
59726
10858
11248
39976
3556
65066
3349
36700
38718
25638
47922
8495
10563
38425
4675
50647
6364
21115
55688
47125
48154
43644
12859
14835
35001
22156
15647
12874
28170
14989
50028
23794
42124
27190
3795
6068
18853
24099
27977
11207
32531
24007
32288
6124
30516
59578
40819
2635
36286
31234
10740
65019
46252
40026
20950
58460
16339
9196
48849
63401
1699
57294
46083
34892
58870
29833
13585
49555
57315
61687
59541
23511
22504
64430
61786
18266
13328
27671
31027
17834
58014
3226
28325
33686
31417
44145
21137
63534
58399
61468
42786
37493
16414
44491
19421
56204
18088
50173
6107
7662
5085
10526
15101
36172
15400
8071
34216
12927
30431
59515
65018
14397
10395
4879
27292
18267
22329
32815
35450
23540
20318
52673
12202
59786
1873
33156
14235
10023
28499
30850
55827
58603
63437
22285
48410
54847
36084
62295
60114
18938
41496
3720
37363
20041
24489
46794
12099
20796
31340
46331
3650
14154
23889
31989
42356
45617
18069
22693
11426
50105
22482
56965
35149
4740
6717
17319
2702
17637
57119
58551
17823
44973
51205
30317
35511
7466
22721
34064
53616
8203
17266
8283
38343
50796
61088
16337
43585
12946
41925
3012
53557
29660
46349
38314
26003
27291
27744
47106
18695
2886
24727
28338
1803
51188
36751
63160
60059
40098
49255
3707
49859
2181
21440
49037
2594
47695
15575
6495
52446
60569
10717
46463
60085
61937
38054
27622
45957
28083
33061
36471
36372
17581
15882
34714
5919
35278
13835
3881
27047
36934
17121
4329
9096
61651
4148
10067
57483
28805
13796
52171
44282
2777
11934
19267
10955
20802
30457
35353
40419
12341
54216
4923
1515
32591
5648
61828
19953
59483
43978
6381
19614
16676
13980
63869
10415
44911
63302
49073
15228
13612
62216
20668
52160
37716
47313
63502
9438
61155
14669
25172
65376
50560
46380
19501
29540
48138
13033
26920
54554
47938
21771
5962
8104
6540
39277
29945
13163
17286
1939
42501
8075
26882
35731
5119
1584
31999
14871
31722
32328
46042
22462
4771
51988
18219
52772
28522
38663
34400
29433
2979
19326
43461
20649
28332
53230
5970
3485
7840
16267
40390
26959
47476
26693
21570
4586
59431
35838
40000
16848
60659
44451
15528
19157
41664
11758
64017
27608
20338
24879
25440
40885
19946
54697
16085
37608
32563
39981
16501
43324
11038
47413
6967
4515
39465
58383
23111
1510
55001
17695
56960
19793
17313
55404
48531
53317
15427
21486
49359
35783
41824
18119
52645
63895
59689
8557
18657
8280
37223
44459
37755
31372
38410
49670
3361
14618
51733
35890
14418
29248
17106
27597
42087
12928
59195
34035
26219
59654
63355
17096
3572
56449
60595
54188
24247
50161
33906
9281
45972
489
2682
53176
58372
19318
20863
54576
43977
551
44446
16765
21469
32625
32276
46771
39586
41616
14859
20501
16772
49716
23348
29134
867
22198
56729
22489
9277
39477
21849
61824
33217
48293
19622
16754
30265
26730
62373
24181
36347
64932
51102
13892
38885
27290
31786
41006
54287
28075
8893
1216
40852
24421
44670
60616
55406
57341
59264
59457
3208
4363
21907
27819
32284
57538
30079
35959
59407
17132
6691
35295
57104
20487
49836
20
22989
27812
5143
15810
15943
57797
23954
24039
41596
14845
9514
33129
11347
12697
1591
63518
4950
65156
17422
45616
25127
22415
5368
50710
47000
47154
13601
16630
24255
18578
18683
26133
22988
21074
805
14006
55561
40299
30103
49606
9358
57940
33134
12924
37347
50818
55235
26060
22260
43175
51523
9053
52078
35226
21934
44338
51253
812
62986
57051
15809
2572
39603
64503
29328
7316
7283
28594
45623
31939
31907
59956
42303
23590
61371
44987
12854
1700
41613
61760
33724
59386
42582
28380
16077
43230
26039
45939
41020
31597
23522
53019
50990
40353
57895
44097
25809
23924
54762
3777
31886
40890
49114
4500
28931
50991
14451
15022
58188
15074
6561
32127
60315
19990
24423
17112
4878
26729
20395
23162
15131
4202
4391
9734
49691
18035
21049
17036
20804
43892
31541
39592
8881
55927
48775
60247
24515
21102
46105
1624
60533
49681
39674
21694
61356
2040
29785
29627
63203
21049
164
49457
28235
52973
48472
9038
6007
6764
7222
27488
43589
17983
592
23324
14784
14159
1971
51319
43983
33361
20732
4062
52221
22077
31210
23513
45792
35285
50114
34959
12659
34910
65181
24440
25364
63245
22684
25593
16223
64236
36224
367
18909
39617
5752
25715
62205
49765
13779
33557
63999
1
38819
48861
6077
19255
58527
46598
39835
26409
8738
60932
6050
60352
25267
28634
54993
54827
51308
60348
40738
31210
9919
20687
34046
64543
59469
62656
12623
39441
19027
47633
20373
4236
52064
44693
35053
44502
29606
62752
16726
65216
36661
43637
24368
21111
45666
36425
19133
8929
45727
23487
15438
31028
30590
42091
36746
8682
5367
64714
60764
55404
12285
37956
54254
22724
58801
35138
54399
42575
891
9069
47182
18881
35599
32446
60224
40095
7069
32097
47622
31229
14907
41722
45118
15772
27475
15389
64477
42377
37852
6120
12421
21689
45612
44389
38510
41799
34658
65370
19948
37911
16237
60111
27889
19647
9781
17942
1812
52400
7872
54621
29100
19984
58120
21807
20092
22200
59747
51760
15661
21196
5546
24798
19045
50186
40162
15596
626
21647
591
1438
53824
21980
20658
55546
40415
38500
57366
44690
35759
36607
23546
3730
58171
35320
33415
50310
61054
56205
58712
6664
56478
35826
17234
20755
36028
2367
35257
4289
34524
61141
18361
46195
49386
5727
30750
61623
52085
51766
21149
21376
27756
6307
19461
29736
14729
14282
32701
61970
60356
40415
31750
29868
41001
56298
28831
33529
49715
805
6941
48100
16947
32016
46016
17116
52268
29660
57866
947
49645
28524
10458
18424
35252
34302
31264
7756
13827
30540
18831
15174
12141
11064
13754
10659
53034
5383
42965
45754
18560
50319
49343
32964
597
51202
36481
54773
17116
7337
22594
45521
28123
36006
10630
14562
52620
21492
60997
1645
47893
1186
27154
59710
53474
20767
62440
53356
330
15638
33864
9349
56985
51080
19945
58168
37878
59380
46763
50564
11046
4841
40026
21213
35536
12785
42182
52630
41280
30084
63569
9314
18372
38313
11171
57349
6326
34974
14160
54055
20084
48765
6673
64584
27608
64363
47198
38732
27664
32096
23215
19189
13558
31760
5387
23203
21579
50280
27122
19816
27802
61023
34121
13559
10911
35362
43957
46696
47620
42342
45874
41883
46326
5137
16826
56182
34914
10830
17139
9729
18023
34473
27712
26298
43287
49350
32840
60227
34870
32176
59953
28413
27321
1401
53197
17658
4706
42101
3133
53631
37256
31688
14793
36127
21041
11030
6586
58370
46828
22825
42055
10246
31456
47402
12639
18347
22278
2476
30372
38428
47380
19835
40403
21998
31118
60942
5622
61788
57080
51117
53964
52526
31617
28733
40718
44367
61077
26535
58149
42587
54263
5206
30997
43665
49532
62557
5759
37932
23870
8763
56968
5637
11532
57215
1089
22299
22002
10475
63722
51893
19927
31733
32526
34004
62885
23822
10869
42220
44512
49265
7449
56762
534
53282
7319
15425
55072
9758
20307
45132
48178
63493
51209
50351
813
41026
58817
43274
38748
2048
13150
20801
12800
29723
11633
16707
34597
30232
28163
6372
24922
31196
2404
37899
43013
9842
4996
39583
49707
37146
61828
15430
29456
46206
42612
769
56126
48946
12438
4469
33836
39453
9626
36501
56903
3400
37181
53207
23420
20857
41307
28049
45146
41074
43015
1631
20921
61229
50581
61268
38855
32330
9139
23763
13531
22387
800
37364
5842
17827
10199
57091
24299
46454
17686
475
38608
8996
48024
14758
38700
25903
36552
25048
35815
22423
58052
3137
51232
50418
7732
12880
10711
57714
22688
60217
22834
62730
64963
44189
21658
29346
6191
12084
47754
2053
64396
50648
47784
20561
50627
38800
2444
25114
62565
48319
34601
18493
39379
62232
49730
64961
18101
11207
50496
21992
61153
58627
44368
9453
25999
23108
52486
8470
25981
34131
53817
1868
38240
12658
23690
17193
27296
44727
8477
19469
24145
24886
8277
32264
32270
40241
50585
47587
64388
32085
42970
13357
55929
19906
58549
646
37176
26035
17563
51407
5146
2315
21701
17304
9888
42733
44786
3530
61590
4698
35415
57118
50143
17777
13657
2065
16935
14161
50913
6696
9581
10450
18038
25923
16818
7506
34367
10596
6290
16637
51637
62142
7224
50346
56373
731
59321
35313
33358
63515
7689
38403
29577
29029
46982
25701
51028
37437
35360
16240
55344
30178
61722
26647
59230
3877
33809
46355
6605
31363
19608
47321
24084
32141
23292
9797
51516
6054
19821
1495
7633
44429
52297
22160
36266
31861
50448
1788
37154
21748
27900
35770
858
61967
37938
21633
19094
4833
8883
750
44124
23750
34708
49375
48059
26727
9504
9421
3540
27853
646
58056
29870
47541
50368
64857
63939
42237
60722
59307
24348
17721
38676
59210
28684
35675
43824
41197
12643
23820
17213
24132
11824
23234
21750
26439
42793
38457
8880
51047
54853
16830
15264
12932
13514
110
24227
9009
36005
28571
2163
8181
33791
21173
59522
62828
39346
3396
49251
64325
62210
58523
3102
42264
50349
7382
65404
33957
34256
47513
14555
17850
9028
52862
7376
16793
6151
22152
14166
31611
28447
40801
28943
24468
24290
38250
35245
49111
27010
10822
26358
33521
45803
61441
8844
63264
49216
58876
29347
39199
18294
28601
48032
23007
18585
7750
64409
56718
62317
34908
28070
23610
1982
3476
19130
36728
44299
62114
55171
61947
29814
17209
16956
25499
65430
7706
51068
19455
48434
723
58009
35752
31128
21706
37242
283
42962
43299
63943
21307
24984
39710
26984
16545
10690
45549
50682
31380
51495
28521
63646
27261
44815
33725
50817
3867
11442
44250
10910
28493
19716
55060
33739
45497
14656
46919
24541
45502
62245
17764
63697
29907
48023
51003
17758
25815
31830
51111
46804
51421
47342
3854
17539
4454
20238
722
42563
48636
26508
53932
65252
2149
34801
12744
54306
14475
5408
43945
25609
5976
54075
42242
18560
4823
54441
23573
15269
8893
50196
49092
55154
17882
18055
49389
21629
13074
21209
16713
14608
61390
49678
58979
24121
19785
19028
37093
21144
6317
45052
64413
51417
19527
5488
21894
34868
39846
58600
53304
11013
481
50176
61597
39290
52867
5730
49930
45915
56980
58616
48777
35425
14009
20814
17381
1719
49710
46075
3665
23142
50134
58476
21093
51397
24412
31771
48978
2081
50390
38568
15901
25220
42953
48956
53578
6887
57929
5407
26669
1147
2528
16126
53858
39754
26559
32182
10137
44486
28770
24645
59329
8515
20490
23564
60995
56272
54424
12383
14531
5056
52048
4678
31253
54465
16559
25192
3210
15906
48023
64994
63435
25625
386
34533
37501
31793
22770
2163
6704
10852
26484
32070
21075
6370
36598
9650
28277
33504
4954
22310
14155
54841
56535
52927
46835
17912
56802
23845
25762
33981
57381
60598
33042
16581
37874
27626
53676
23585
59381
11393
22195
54012
46768
24920
27803
54068
35238
47145
1712
13129
8427
41098
62058
30500
50917
54817
41393
18338
54399
60485
36527
47161
33986
24635
43646
61873
5709
58207
39236
1426
46661
51004
40756
52678
63133
53702
18171
10927
15639
58689
56526
57128
14651
61260
7401
14269
37737
52397
1759
56540
50005
57669
911
28947
38465
31396
61604
27817
43503
56134
56815
37940
15530
46560
54235
19513
13892
26767
24697
36659
31680
2926
35726
16676
2704
57993
37329
31482
26426
38815
59443
57617
21788
38856
45675
27069
55146
59576
20063
1398
46913
6298
6983
51763
65114
50736
35200
27124
2116
25186
14631
53579
55008
21895
19577
6400
63275
30784
39809
28836
36560
57341
55800
36482
25970
6006
17397
22305
42679
37234
28601
3288
6452
60783
97
47325
29411
38862
4700
33486
1210
18110
7322
40433
43227
46530
13184
15410
36946
25000
31612
46842
43548
16346
42436
29823
18346
26099
17622
10718
38440
45855
36276
51730
40166
4494
32696
17356
31037
46084
6014
55952
26240
21312
35906
4372
50376
37005
60366
3714
39206
35611
703
1551
9915
61894
59165
12150
65276
6244
27414
48296
64971
17389
32140
34824
43135
46620
34428
6541
44889
33435
9333
15376
1210
12444
41596
5998
51081
28832
29967
15047
21045
12956
19661
51988
23158
61034
36260
163
38728
60607
17215
63200
43328
64628
14186
2130
15686
39651
7279
24546
21787
39150
49157
18453
63587
15418
62479
44008
25746
31195
16765
23252
43392
61783
54429
31662
4504
18189
26939
44957
11474
42895
60805
33720
51303
25854
36199
22302
17379
18877
35765
18559
2291
51023
32289
14034
28646
17076
6905
46749
63140
24651
19864
17857
21966
38415
13659
39269
1803
63781
470
637
62532
14494
23174
447
51773
13785
4179
56857
7127
52816
756
64838
42253
60209
43321
63477
12833
60353
41187
34279
58485
59326
57560
40325
48166
56326
591
42945
6388
2097
6503
18132
34312
40256
9055
29252
38602
37486
21518
27738
19567
44541
36239
41290
16435
56323
9175
27249
60984
65066
50291
44230
5571
42596
38386
28607
13785
53500
18038
64100
17451
23706
53090
21073
36235
39350
29939
36984
19163
53998
20799
25339
54965
16000
13186
50363
12658
45225
36591
49026
43451
52471
9211
9063
56425
51993
10746
56974
57207
38405
63936
30873
30677
22638
65505
64851
29133
51983
21880
31460
35973
37843
60902
6209
34271
18663
20336
35922
19263
3127
1124
54399
45026
32835
57352
28831
12118
41190
48210
12420
30808
54002
38432
38626
60608
36305
40320
17615
21492
46067
57649
62190
53144
21080
48490
31283
19491
43141
30771
30128
5390
3797
37335
55721
5886
55514
22407
14444
55299
29560
31516
57048
49294
51093
16538
42832
15603
53457
63202
18216
59794
55816
41290
58030
25315
41338
18406
23628
5210
60876
23741
38705
10486
31140
9603
38593
20913
32938
38458
37524
6233
10936
10627
3038
49312
10993
26810
40502
15845
62694
3527
30537
34937
10296
16885
60515
36205
20761
62021
28291
41300
26536
46792
26728
42355
22909
57428
58940
47368
45525
21471
18685
59651
27392
3537
52604
14381
51426
5536
35750
49343
13930
36234
58115
22591
8103
43389
46074
55185
3565
25041
15514
22570
10748
39848
28310
63909
22083
14829
65349
16643
31682
4161
52899
63343
46639
21780
36658
32413
5345
19067
41520
15465
33592
33743
32407
19986
41433
19652
37968
48314
5810
19646
29814
22379
22604
28915
58377
53981
43494
44474
53108
49832
10351
16417
56640
5357
13594
7738
16399
25565
27976
59150
32753
55331
9265
26854
16099
9736
48571
55361
58415
17064
33975
35227
4646
38426
39429
51519
47989
50090
6285
25760
47390
59076
329
34738
61833
38368
52146
15104
55945
32814
27170
27281
53114
36851
33782
34049
19363
62718
8691
36560
31706
19498
59842
36163
58145
60513
20223
34488
9084
39458
17632
19449
19565
32630
23279
57840
34816
49399
14956
28404
37558
25451
26596
36677
18420
19712
21330
8437
56598
45486
29001
11597
6475
37153
352
1703
35253
46871
33831
56973
63914
45263
35675
23133
60326
14398
45098
2144
22579
23625
28004
37117
28119
320
35300
49687
61478
40563
9979
21351
57687
4820
18161
23839
25128
64086
11668
9444
17328
63718
23939
44135
13265
41753
3355
33393
24392
20780
64168
49943
41705
23635
46672
7779
48328
34566
3445
984
46335
48179
46158
59520
958
56856
40052
48769
26492
23842
8285
28895
36736
17500
34300
65138
10164
15864
55769
27990
17934
51449
22880
16953
29336
54868
12936
29047
60380
4140
7772
28649
52150
56229
31667
27917
14888
6287
18973
62893
16022
38935
38673
61277
12943
20877
55222
26931
55094
1359
17204
28671
8134
28291
1562
18
23649
37293
65435
48233
60420
27498
64533
36430
40792
63265
26105
26159
15741
62651
15897
2634
57904
43670
8475
33454
37500
62851
49767
15598
36918
64060
14789
35321
49260
14476
6958
680
53476
14675
5492
34402
56256
51620
1798
46444
54531
14306
31126
12904
8733
42687
60403
19148
58593
21551
46987
39010
63271
786
48872
28987
61279
56810
8807
8938
31824
61670
42454
10289
10389
32794
61218
40206
9179
29561
28428
6384
8479
13432
47527
47809
21047
41065
22181
16123
42906
41098
22221
39104
16862
62467
31868
13026
18193
34172
54194
10136
45520
22505
56210
20811
58109
44485
18424
8447
64219
43231
38544
15113
33790
64980
37037
51542
45500
34666
4999
56823
11357
34340
54394
48698
21181
62501
55508
6518
1372
54046
63737
52065
44978
62441
30682
18609
25070
26732
561
64049
29496
7753
30303
3683
27643
54019
22687
12380
55177
31027
29033
25921
47188
40066
25551
49601
4712
32678
37407
36801
4933
45812
64249
24531
7600
30224
14927
26451
29477
2365
34841
8209
53534
35379
61906
26803
31359
48218
35953
62785
21083
24706
55434
8370
47262
47684
33362
57907
39902
36438
14054
51512
51335
40362
30205
19482
9586
22354
31451
60028
50387
27959
49503
42765
58403
13586
28317
25720
50615
3754
25119
34722
49768
8451
4543
5535
6456
22706
63556
38691
7693
10010
39145
11994
14304
64415
20676
49145
4325
50557
1131
3204
61057
57498
14787
30999
10897
29916
20632
29246
55405
15670
37103
16417
3604
44199
8338
39888
57310
28916
47024
30890
22665
6823
15457
58048
23653
32198
41363
62026
8413
52689
26367
17114
44796
24842
30321
52799
591
46566
2988
47426
61870
10721
63334
65438
29959
26698
30387
16308
25054
9577
49057
8977
17883
42470
28237
60652
6274
55397
14359
58702
37882
29496
8005
41655
7436
50236
20115
24861
23867
6846
20047
47610
24485
63481
12838
56533
10820
54550
639
7988
8108
59163
6218
41997
58159
44433
57674
40802
12725
57907
41682
3508
5173
9827
6879
50640
56098
64921
2779
54950
62213
48829
46175
55373
57344
54221
22365
48307
22414
30461
63329
43276
22501
35433
62241
16406
41923
45998
27729
27757
42037
9695
36728
22563
45046
45789
61299
11520
29086
22174
3919
58216
47483
33876
19909
38184
33929
17501
11004
38799
64068
25068
7868
19560
12049
15805
56145
40433
52839
13339
25391
20992
27986
65139
60587
26630
64639
2526
52904
16761
41018
23140
15701
44607
18942
48954
46941
58343
43519
40930
28740
50436
27876
29490
43116
58372
7534
12343
15501
46311
63356
31956
48773
56851
44286
38751
27548
37357
33599
20629
49440
2234
16405
39937
21280
28636
34082
58765
5751
65145
39622
1136
5019
39438
14609
351
43056
57789
63428
6186
47056
54586
55177
32328
23527
30286
47407
30527
21789
43384
17798
6510
54007
22370
40121
60807
41675
12251
27528
60907
59768
7157
29214
30615
44560
41179
23806
20006
37696
44840
44866
62720
20580
44412
27584
44092
37193
50539
56263
12015
27015
48026
53112
59978
11096
52369
3346
23290
5446
28924
10988
25057
18754
27104
37832
2816
3562
50896
13567
21694
32816
29793
18388
28856
59429
25130
34140
43417
26246
52098
39567
15646
46001
23597
16264
9198
56289
27233
11430
53340
60181
23027
58524
50350
58071
61812
29348
53746
16501
18935
23283
63757
5072
1739
32226
1110
50129
38257
26876
34645
29764
43154
14151
35001
8572
1553
62971
14881
64583
35526
13281
35002
30424
32613
17771
28632
40460
39130
18858
24887
15010
43986
18179
27867
35377
54082
65066
5250
65052
22573
48002
22976
12898
24145
46492
17197
5804
24006
43425
32630
36866
5175
14931
1153
52376
37609
9062
32905
30758
8612
28064
29971
57765
26798
32069
19258
54550
50731
64332
24818
49843
41721
42980
15749
5420
10201
59444
35374
20271
4801
34498
31653
16107
7608
57960
21683
52530
64029
563
8145
3703
20147
27423
59654
44749
25828
44603
46350
25705
33109
60676
34532
32856
49334
12963
57052
32747
45881
21402
58748
9854
39051
51796
57352
14595
13337
51386
41927
13598
46919
39716
55314
53657
47802
41218
39886
55395
34147
33213
34877
7898
18150
52545
35309
44538
48447
31085
1094
52284
24457
44784
31364
53339
8300
58539
4786
968
60588
59219
56134
29093
56272
57203
32430
56958
40621
4199
60382
57705
23360
3375
13522
31304
47763
22868
41100
28885
55151
2262
42267
51805
65484
50988
13891
2422
33619
58196
1805
62226
59451
1998
21838
20155
7612
57757
5735
21337
12995
48976
55151
28472
51566
25313
16789
3009
14509
956
34913
50750
40635
53975
32031
62681
35940
6387
6020
57972
48315
10476
34
60526
26523
53456
2986
4415
46814
60198
33395
54388
16851
65522
12893
46987
49034
62551
38669
40223
15415
38786
53340
21901
16557
57835
51838
47581
21769
26416
3970
13048
24972
45876
38239
29274
54806
6628
55466
16682
63784
45481
39311
27056
39424
20246
2093
62753
49335
51266
12937
10139
57965
4250
38734
44749
16626
61550
22443
2541
28397
45103
31954
27392
3437
22914
6295
9144
61438
1222
53810
33029
57090
49161
7198
28680
11727
55726
59015
55890
11321
54497
58178
47042
24176
43160
41489
44709
8529
11235
60406
20877
25561
36979
977
64912
22507
28316
36633
50970
45486
42135
12589
7094
28104
14292
16129
32891
42292
55250
49379
14462
42838
30985
16992
19855
53645
15314
39642
29928
32056
54542
59950
305
22730
61205
30235
27764
30151
18046
49089
58664
37268
53500
36086
54358
57713
57071
27573
49990
46429
64927
35919
54215
5165
560
6667
30178
32808
52800
9631
16248
22931
30228
11174
28195
14040
16128
47665
41238
5331
34110
20942
36115
3780
28048
49951
61636
46004
42803
23423
47240
51875
41438
39878
35567
47445
19634
31389
30703
22988
3923
14914
25165
9609
50444
34879
35141
62732
43879
27325
24095
44950
64541
64075
60494
1963
13665
25329
23263
5043
15622
19445
34807
28620
26540
9859
65494
22876
37725
41595
10763
45141
39754
49013
54109
15851
52372
7431
24093
22672
22356
49140
48698
37439
26173
52421
29050
13739
4363
60793
51947
21483
48389
31297
55153
51177
44082
9308
62907
13867
30476
50765
29037
11679
25539
3238
38679
15594
32216
42278
41942
61365
488
1250
52857
35446
15147
19879
644
10414
9966
57676
54369
64476
62452
50059
10121
19958
16269
52363
19987
59669
50108
2126
32721
27654
15114
43783
34703
7215
56300
46830
46248
11431
50872
9157
60634
25226
8358
18128
63231
50001
34185
54965
38317
61013
46289
32577
9317
7599
48963
36432
46884
52023
61023
23472
31989
3206
3089
46503
42230
56671
7753
35782
56133
63485
20574
28550
23784
41125
32129
58413
60358
23996
53204
56558
32814
32641
45722
52083
54113
38282
45591
24717
26948
3753
51634
42026
55043
43492
29394
23154
5972
5875
31889
3863
36252
62902
825
34095
795
4888
48751
43313
59192
25410
54671
184
36691
33877
46344
22747
8261
46870
53507
22869
42847
23886
56914
27682
7273
29524
2178
28536
38068
17096
33044
34857
18697
59786
64802
55810
49370
12490
4947
26044
27127
18173
26961
55833
8731
12853
45678
64952
27509
34610
38083
13308
38674
8773
6479
61520
48025
1969
10499
22463
43390
3591
45290
65429
48365
40797
2228
22150
33483
56356
56516
52697
54115
40346
35269
49453
64632
45509
5393
53197
15873
33598
47640
15572
28774
14489
32458
29536
55240
64724
54063
32845
58292
1246
51611
15169
23035
5761
8866
55453
55152
1560
19371
6014
55388
45505
2004
8575
1971
36035
1391
36018
30098
52955
20160
18789
58981
55424
35495
14575
15439
56115
2964
54710
32283
50829
15413
49854
56125
55266
5857
31139
1498
6379
31727
19201
30681
14385
26752
30693
24531
26278
44620
54912
34055
44439
49065
46175
40708
39281
26315
9401
6143
44579
2462
8356
46154
17939
38886
59744
19896
20540
35814
60417
57787
39587
57124
18670
15511
17795
56744
60279
23977
37997
24769
60176
17945
64154
9255
59890
33836
15070
6551
12058
26360
10347
10708
56646
13470
4346
26605
56048
39466
44560
57186
12559
53106
57104
21215
53577
45155
54952
17565
22557
57667
50262
42978
56311
31852
3530
20079
26534
16195
19389
26520
61817
29624
32880
53667
12127
42765
55343
7730
52395
15776
27734
55889
11804
39678
36254
9027
38765
50620
48298
37199
49959
12691
24867
35996
59989
61654
58271
40269
20945
36497
14633
51363
2902
54013
35986
39834
24578
46216
19941
680
44815
27051
13378
48111
3242
53494
10826
4377
37450
5316
6727
34267
12952
3995
62088
43695
25009
53876
23727
4726
21920
20782
37698
26026
41879
15394
33529
42886
8342
30589
12547
24963
7684
39967
51825
3958
21247
6991
64612
64806
3216
47933
6541
41288
59309
27928
22128
29515
16233
3635
27054
33171
19064
20631
41532
20362
23542
21650
30242
34212
52775
13876
54197
15909
11700
57658
45734
21358
12766
21593
35989
15416
39608
42441
28294
45851
12136
43773
12664
63743
14247
36054
32301
4245
19346
36947
58515
8382
48984
21328
59843
44122
27621
35140
57581
26910
10670
63291
52904
54357
14674
48096
14657
64798
25476
62577
42557
61894
1967
1390
39029
38976
28869
3322
65459
11552
5142
65251
63264
35503
28760
19467
55006
47666
48764
26311
41425
56375
164
274
20527
36623
7638
12365
27418
65037
53985
53076
28833
13678
17368
54028
52473
39542
7711
5723
16540
29720
43951
22400
205
35337
2141
41740
52228
36197
14666
41574
54632
31825
14036
8818
6712
6904
45804
6451
51823
6240
18643
44958
43687
11055
32492
32173
9071
3823
9642
28540
27414
46506
6104
22657
22594
35512
51628
1096
30891
53814
64399
46913
59001
36672
18261
8478
19306
8196
49386
43531
55420
61186
41884
38733
53337
58378
23117
55547
47053
63906
52282
8467
62550
48979
55323
10871
11805
64656
31896
52396
4685
62744
64350
27260
53740
33743
52549
16636
27729
65113
25037
24861
55373
34982
59290
39527
14889
14779
17880
46271
5242
30516
7145
26688
28088
54857
41393
54571
11771
4935
25851
30151
40910
4417
40069
16161
55705
49774
53740
5270
31551
53348
4649
12160
16660
46136
36293
64207
21895
28573
1169
16228
27512
54191
40760
25635
57625
47196
2270
12861
37032
55823
21863
45109
29008
12384
6489
63504
49356
36434
33349
57685
33121
64816
52082
6928
51635
30343
36717
2351
36896
15494
15652
22707
24210
26619
6127
32602
36580
31897
31430
15105
51117
19884
48348
14138
4166
42044
34901
31129
33645
36931
60963
62407
3772
59112
6255
64925
6015
31328
55557
58041
41874
19643
25631
16776
38969
34542
43770
18233
13460
23408
35726
63023
43734
27630
26912
39260
8546
2645
20247
39344
50554
38873
555
37972
42574
62502
44225
61440
46419
63431
55514
17353
10326
60828
48782
53843
28082
26952
13625
15681
3245
52862
9460
15422
49267
9914
47323
40136
11072
58534
35443
60602
19978
44429
5670
31120
24694
24151
50382
9754
42330
38532
16167
30825
1522
6017
45935
26302
64503
7312
38535
56378
60234
41664
51889
50901
61868
27108
62983
55183
28510
47504
24082
15337
15411
31235
61274
31578
15539
33847
13820
46743
35879
44208
54778
62989
50692
15148
17709
17400
25541
37415
64783
36701
43477
15361
60703
7817
38718
12151
35992
45823
16507
63848
49294
59641
17995
2580
61361
52832
65179
52157
46704
43297
29901
30598
30214
55164
62746
34520
30641
58171
26088
20510
16412
47540
55684
9880
64809
44274
10210
34125
55989
43510
54958
52129
12358
22180
51191
27669
39202
163
40151
48785
49178
49679
50766
43356
24123
27384
45561
17348
30920
49946
44196
58728
50466
11718
45379
61002
27474
55023
56768
64941
57153
60329
19824
18484
59385
29644
15422
5633
42670
14718
29352
4741
64656
43944
44286
42407
43031
52686
52922
1511
47010
20188
7312
23376
60169
36203
40840
40291
13651
16405
61183
56397
23182
6033
565
34907
50522
41481
15445
65497
36894
36103
62704
55577
52780
48699
37721
60157
62179
5864
38023
4020
26579
54722
10656
13587
52718
49851
51898
62868
20357
25232
55180
42413
58711
3030
52431
8850
62545
18817
63065
39431
52345
25707
51974
18196
59138
63129
55580
10765
23615
54411
62806
27548
22520
35965
62346
34006
8114
15817
23814
32314
1723
36001
23564
31315
37773
8428
10004
19362
562
45924
7270
15438
7096
15657
43208
26627
888
51137
36352
8474
24295
47832
40223
52462
59199
725
29960
23030
34843
38133
38024
4474
1334
58907
14281
27276
47960
6800
41452
1089
23828
55090
35726
35736
3321
12932
30305
43116
14408
51173
29377
28154
33416
19796
4407
36504
49928
19184
9153
21967
36470
26809
24989
251
17222
53337
10320
57893
4074
12819
54027
58789
30827
10346
57353
28195
10243
29173
52245
18498
50808
29426
48692
19615
26790
49050
57637
10909
17548
9026
27892
54926
27808
40640
53215
59709
65128
23065
689
11516
35666
8461
16093
25645
9494
48236
44734
20956
57755
44986
1428
41481
18937
43606
21282
20023
4079
11072
14893
43785
9610
14405
51366
9424
16384
21955
54802
26154
58444
6674
41892
23286
56108
61598
29526
54803
58285
16007
18945
45014
45986
29954
64781
35607
3020
9416
59371
17340
3538
12751
59914
37788
1908
60572
47683
27148
22557
34374
32529
39376
24621
44265
30737
16715
37586
35865
9228
14699
11628
23508
5170
10150
33548
64928
62213
40143
46087
30910
63513
58076
58122
29501
58634
42323
41149
20129
59175
28210
18302
21775
32045
23633
3125
20891
59544
29376
2954
7332
54850
65065
267
39631
50567
40503
60575
45896
61928
6761
59253
58116
10377
41048
18766
41922
12721
9184
8515
3278
29937
50755
58555
61319
32703
43313
47349
5734
7486
34399
47606
58262
16811
37353
30912
37501
1969
53030
2493
3181
28968
295
8652
63549
52774
41403
42767
60210
1877
35361
44945
44556
40673
27847
58188
47586
30483
38374
19074
12629
18656
33
21732
49563
22810
8939
45321
53124
24890
32745
1433
7047
4662
19284
13306
4899
40417
19984
55068
48920
29206
4858
37547
36438
3128
45347
51916
27908
10549
1672
35151
36272
58915
49398
27691
60877
32013
64605
12896
56226
19786
7697
53633
20632
58873
58074
44452
60306
48700
58132
46126
34634
45298
27790
41413
9183
38951
37635
51609
36470
61269
40860
45090
63765
30273
34410
18006
28489
50479
13303
14259
58249
5128
3854
62601
5109
1532
45019
41048
42458
3562
1624
62840
24870
17608
38177
62547
10127
44276
5122
4867
31870
38921
41265
49454
39375
23812
7556
8085
53224
38326
44000
29654
31821
15517
12069
1910
1756
51976
37924
63577
13050
7063
19165
47448
48975
56289
33103
27588
38822
15925
33812
27182
53625
54727
9263
33944
35382
52037
21873
31065
23278
11539
62342
36389
65195
24315
24306
37542
38766
42473
57635
36773
56776
39623
39287
44328
39284
64253
63833
54166
5797
44607
19838
16584
36080
51344
455
59424
34442
64792
59933
43463
22750
26330
40016
5415
53332
46201
39659
13243
37979
26840
56589
17758
41829
15339
31262
11897
64316
8727
41876
29
54583
1814
18519
79
49307
55664
47391
30142
63787
30884
44628
29594
56391
21513
59642
21737
41836
11797
53630
54792
15527
62287
24526
14400
26089
57213
36653
56489
33273
25222
63519
53722
50485
2646
1661
57543
19555
7756
60571
63862
7617
18980
38576
3401
9848
20315
8550
48986
52173
47651
41728
19696
25821
28851
60135
21503
29035
45611
41218
61717
30371
30743
61029
8325
14178
23399
40288
44086
20762
24867
20803
8391
59335
23214
64614
61075
2111
39730
63861
26625
6983
11748
28771
47485
32943
55753
62640
3034
4277
44175
36242
39090
34152
60952
21794
42010
56475
5064
61699
17862
29718
17267
45267
36869
34401
7630
39447
308
1236
19917
53520
60431
52099
3938
39756
12988
16862
44685
43870
40924
11802
52376
36662
17488
59985
18292
27609
34426
33733
33226
56136
6891
13744
37252
34390
38834
57142
40144
43766
56870
21574
56123
35139
26674
63389
18775
49639
46883
41666
63714
40579
25737
30951
46651
64262
59916
49928
61459
49281
31905
42737
39876
45642
18002
12903
61378
29412
27786
24942
47227
57102
25331
29033
2018
55558
43306
19308
37355
16877
2644
65491
9871
45695
46072
19722
51504
20507
1359
62196
52480
40963
28728
55176
16750
65065
62470
31172
30085
56995
57943
43870
58596
2086
53187
18809
2211
15540
654
31270
23873
14809
37820
45905
16751
56920
23757
12394
28500
42770
48574
63655
54295
45198
15254
10214
18665
52686
23747
8090
6270
59940
49674
20675
5768
56782
25122
26052
10719
4440
6180
38984
29776
31350
17689
1778
6505
41131
27965
35809
3096
47442
50615
6936
22378
31830
56300
42155
5059
11787
47649
61181
64832
64084
17521
5063
41331
25150
50998
61937
21302
12024
54166
55030
38742
16030
40321
28692
43145
38885
27620
23052
58843
22611
46681
35070
20343
48065
27782
2382
61118
41269
55512
22935
52386
51090
22816
46266
11984
3473
31732
64881
44755
22650
60591
53676
34283
22055
13950
7162
36331
54325
22503
40246
40251
22912
3764
798
62168
15146
13521
62357
35817
7690
62187
31998
55614
35985
27679
12101
44087
9612
60412
16001
18047
26144
38566
43895
12216
63169
34028
43447
64729
17298
34543
38938
35683
51178
18727
28430
16678
62334
39993
18935
61557
3450
43816
51365
39513
24548
9584
44323
5459
64571
40970
1989
24038
37211
30525
16747
55289
65386
48354
17871
15387
15516
59602
1906
42297
6755
29858
4726
26613
46846
14100
38015
63417
46787
47564
17764
56205
32424
9760
42178
17945
36883
5850
27985
56666
32189
30683
13122
57537
60155
49616
10571
60352
58216
1757
21396
35911
37381
43813
773
64517
61024
9826
47578
47350
32883
44985
798
61160
40771
51323
46896
2931
9659
21395
49889
19723
35184
10949
18681
35604
29168
39456
14253
62689
19194
909
50069
10634
58081
35550
48731
64157
22525
2532
8993
27765
32230
46982
3119
65246
10446
21982
56560
3284
49597
44761
33878
27338
12853
39125
61802
33506
23208
28902
46419
58347
4908
8561
793
56852
32460
23366
39215
868
6104
11724
27832
36554
7029
37999
44148
48277
53233
58808
5160
37652
2366
45619
11837
17191
62310
30655
23861
38433
9246
35934
36304
8141
789
8294
46189
55139
56912
64795
53236
9914
49655
3371
23595
57143
17024
63793
13971
51731
22052
33677
23869
30600
10927
15404
8468
14216
45733
12275
56550
24987
35857
25580
2928
20678
52059
777
54681
54249
45201
11298
8265
30627
13295
60165
2255
16605
34252
27867
29363
41063
64830
14165
21065
48430
14033
6850
3115
354
44313
39238
62509
59964
63396
29878
17547
23327
19723
59884
7619
15672
34322
41184
4068
53372
53820
25361
45658
48171
61252
18066
52026
3799
41402
153
20201
15971
55136
24800
52609
30242
52435
52544
6688
2455
63287
33111
42665
57744
8366
58311
38498
5741
3159
10215
21308
28855
32959
55939
33217
44073
13211
46472
4666
37917
28267
39729
57238
51629
15149
11284
20977
60848
60708
56099
53262
52541
15395
53711
2673
9558
61768
11350
28255
53881
41800
8585
15274
1782
22751
5483
11354
36805
65226
25943
14779
42078
10082
16971
40020
52602
62254
31394
18106
64638
58152
34838
422
1027
57133
33476
48512
51233
36777
22269
48410
23973
10948
65250
32516
3972
20696
64462
36636
22465
39408
44109
52432
17969
18907
42110
2445
746
2635
6110
24136
8669
63640
63953
52280
20448
60685
36869
54271
29720
45477
49614
47768
55240
15599
43229
16463
36993
55795
43219
15996
40056
28388
49321
545
48131
36935
12793
22664
35784
17944
48370
11314
20684
61989
64827
18088
56164
45702
29525
17265
36991
2732
57394
25952
23668
9017
4939
13427
34585
47606
4334
42500
4838
55079
57317
42586
24950
46173
41762
38259
11895
1052
62623
58689
59112
59320
39555
25974
26436
10564
64280
37621
8769
43944
42808
48821
5912
32764
62852
37961
36489
22143
11492
57946
49606
62498
8955
55051
8666
12500
29061
60473
57883
34434
64857
18714
57842
51996
54448
30350
55234
19243
14410
41864
11860
8270
23751
6541
63886
50480
14256
44791
23216
30230
61783
9650
28053
9760
57348
57788
18590
25794
48042
38625
4053
17590
56305
52954
20126
24775
32905
59036
58312
10288
63139
57508
13677
28278
64828
48213
25768
2411
13652
24753
50457
51628
32966
24782
16224
10728
40831
64253
47942
53615
21578
58272
48274
28201
9873
27624
27620
58789
21323
41569
28915
26248
14658
24795
46776
55267
32904
64387
6616
41967
7701
45466
22290
40894
9698
29259
2558
42077
22513
24953
45945
17345
63123
17369
54129
57749
33157
7116
27884
59298
32427
8654
37738
47160
25913
3881
58576
30182
62575
37069
2134
63180
33932
8845
49833
10486
22239
40154
59031
25181
43855
16960
34325
51919
43070
39858
52364
12623
1490
20294
43923
17986
45877
12606
7253
33949
45475
45247
48723
19768
28773
10710
33033
32875
47524
64005
29401
3592
31529
26466
728
58962
384
42628
57572
26306
14916
33686
26216
14087
3636
39186
42151
14620
12961
42231
56682
58900
47615
11908
21393
45159
36463
25501
39964
51682
20709
3826
60308
37649
13722
46231
37168
17649
43787
33776
22934
31894
23925
62067
8620
58503
40331
32416
35399
23699
36364
31964
18045
41493
48818
2822
34685
51708
53296
35620
9251
4010
13457
46674
23975
57149
33833
23828
33638
12897
28950
32280
3167
44373
59326
22731
18942
58950
59504
61292
58410
41978
21006
32817
32314
51147
50908
45795
8988
25618
36975
28047
52786
57525
64984
64937
20540
29711
64307
17221
1385
11284
4267
60144
41993
16485
63902
25829
37006
59368
12403
64162
35362
31940
16593
63147
43623
63158
61850
28557
41601
6993
44809
63862
41816
23270
4938
4636
1297
2165
55890
43322
50030
4220
7002
54052
42469
18345
40563
57026
7592
1426
58020
7533
40437
31226
25311
45320
27847
51541
21168
24432
54499
39786
9905
16667
33438
40288
8103
53592
20421
34447
7841
48279
11800
2619
55973
19968
9095
64245
64020
55470
9595
26388
977
10097
48482
61978
45221
20732
26765
29943
13928
18601
4786
6968
17671
50019
7320
32493
28042
10768
60086
46913
35482
23993
58373
2081
44659
47909
53642
34902
16989
27325
30041
17524
47679
40891
27083
57227
47915
31451
32060
38571
18805
27223
7185
64589
9845
56417
19784
31235
44852
55698
8831
15488
46775
33072
60627
7120
18325
14754
3950
41436
2444
55781
47691
55261
27227
18815
53151
57336
18131
12441
7308
65339
42766
14729
13054
3757
36760
34405
63817
22703
44153
39930
58479
63451
44221
59839
3955
55773
47812
18379
50684
34602
65139
39374
23293
60641
18089
55511
14425
11491
44910
2005
2344
32482
54742
58835
25239
21592
60496
31035
43375
44980
22746
55418
42877
25139
61844
49269
61290
23571
49348
20281
26989
39805
38137
5198
52434
56976
35698
15178
58165
37103
22618
32055
31192
39931
15032
65100
55560
15708
35000
51026
16766
36086
18374
1046
40694
11711
41016
46872
5300
48517
45255
15091
49643
23574
21173
58229
38388
2374
30860
61740
21555
46014
41834
51907
28032
13942
1555
24793
31444
10973
5057
6453
18095
13281
18343
10045
65245
20219
11555
50257
46516
45872
21005
54956
866
53057
23938
2376
40946
34909
16526
27051
51828
50925
27401
7279
34758
55185
49416
35912
44266
59844
18130
43242
23249
43697
20005
54307
16249
3971
51198
32573
5039
17568
40341
4107
49580
31470
3836
52278
33742
4647
23520
29074
44356
39538
48530
31010
35505
33059
62905
8632
11682
43568
21700
1837
52663
10973
31352
42481
46359
26244
56605
36356
33462
34222
41314
45343
57660
46778
39244
48732
15116
48243
36471
31299
36179
53692
64059
3500
28293
61851
27628
64027
5004
12659
58071
9362
27282
36891
7535
23549
44174
61372
48355
21726
32509
64554
62168
30589
36560
50241
34205
54366
61868
7071
6746
21719
12889
8948
11247
28005
26618
22201
63278
17763
38150
22686
43252
54
62578
62741
53551
51623
25415
21402
40412
17065
23839
41521
61363
46556
3558
12718
53101
62955
65135
51279
45718
28880
41776
45483
38292
53641
25896
15814
44788
55101
22588
74
14424
54689
12730
37722
39744
48332
59538
27439
53100
55571
475
44323
18901
23143
44534
42065
48484
729
20365
18731
2708
51854
37277
8288
30559
48553
48096
64478
18837
40991
17829
14531
63474
16297
11937
40184
60877
64620
63841
59939
8091
2096
18762
24587
59725
18404
32765
64262
21768
158
53485
56994
5402
392
44895
25780
35998
58222
6426
59401
17313
15670
57184
13624
51561
13048
40429
20983
54541
24392
33970
22406
28394
3087
21199
16068
12926
5233
35393
38433
21850
21964
33931
47803
9195
29011
2486
44144
21612
60131
25975
64177
24585
36757
46684
5402
46012
22690
1926
10283
54363
9384
39728
65477
14871
17980
17152
7642
63288
50329
49888
54090
8874
58608
63276
60717
982
28192
13629
14063
26860
48945
16852
27389
62088
39489
60444
10676
2421
20970
42542
29299
36325
57322
27486
55969
59165
46557
25448
13335
23467
7741
40323
61194
10505
61969
6857
8912
39506
29810
35828
50712
56209
46877
19959
23989
61102
3043
8147
11462
61146
28172
1816
20380
55454
53661
17927
52012
17768
12518
59353
44360
31550
32204
24122
48390
32947
29506
3582
64984
16313
680
46623
42838
16452
18987
53765
9150
45348
49594
19516
11192
55299
6942
62531
53615
2420
9440
43211
26429
36152
30564
53179
59304
13205
47792
43419
14097
14488
37888
46318
47230
19161
1800
24764
58451
25108
11515
29892
556
44979
8332
59913
33466
65031
62085
6968
13909
1057
30441
56196
50244
39909
16537
38564
63572
14682
11713
43240
2191
6851
60066
61176
39035
58393
53242
46404
61412
27196
55120
32845
9904
13170
1589
12253
13155
8610
4543
6152
38525
22211
30027
206
56084
47929
139
16878
30357
59012
60126
19074
20446
9416
30054
62109
14391
13301
22061
21298
21465
55940
7806
49072
13956
17617
1826
58723
25388
9112
54151
11348
48786
26895
54962
6809
39686
44824
36125
40400
35578
58104
43582
8249
1400
5621
29564
39133
14914
440
64725
9866
26763
63352
12545
2045
2571
29326
53711
37784
50760
18431
2850
3612
20648
53708
46631
23760
47466
42778
11221
16175
44937
49402
43687
56003
41988
45337
30499
21833
1479
28498
49398
50740
34319
59351
9807
47064
58718
10988
1464
41693
38736
6471
1251
31301
56015
14492
13824
18595
43891
23805
58969
37531
29550
18885
10161
22910
8475
49378
47124
25304
51472
44771
10733
10724
22027
4912
40736
39450
58859
30853
33368
9071
32095
1951
3233
40514
25217
60375
34273
30684
11721
21574
2658
7955
53836
987
38713
10913
50350
64140
7082
39519
64202
36978
19331
7882
25971
25480
27979
9002
46960
56490
60527
33029
14154
28453
16059
14491
20778
5060
14229
13339
4217
1064
27234
27699
10449
61149
10447
52370
55357
44481
46673
7895
18261
56425
9663
22991
43450
46034
3304
62756
62201
45811
34049
6810
15031
24797
7639
4273
60897
60956
46089
12267
23654
31581
19249
49935
8928
63405
42718
15830
45032
10588
7938
3361
23250
9712
35543
58016
9014
62039
32829
42491
33661
20939
53763
55092
32165
8289
64181
57571
15880
25733
4021
11444
50654
40101
65522
26796
53681
32801
19041
47609
12697
45494
6071
51296
27642
17819
23415
44551
48362
27763
44622
56908
13606
20072
38297
4623
9095
32295
26784
7382
14131
42947
14972
62950
21222
5011
33680
26690
54672
3244
24608
49308
60427
35187
59305
7269
11906
11346
765
27920
37157
31312
55302
12153
63365
50837
64045
56438
41908
7978
38694
42975
20440
10053
781
61067
9499
38937
14753
6608
58822
58266
39480
55686
2788
2736
18705
60677
45457
55671
29493
12973
12294
37570
53055
19055
8931
64182
63434
5462
6130
20008
30856
30173
15137
23532
26103
63412
34151
40550
7581
59175
61819
21167
41653
8504
32777
14711
21864
64334
45069
2567
23570
1035
34782
15846
986
4491
5186
43085
23713
48516
61617
51974
1336
18824
41147
38317
17030
31361
56354
9608
46283
60854
16980
17246
23228
23567
49641
55617
58045
20378
44539
49744
36271
10399
42689
36001
8303
4081
65073
54636
58498
37995
28065
63502
43827
34197
26522
25143
28010
42779
34712
57598
29725
44093
43028
4409
59523
17730
1099
5254
59802
34452
50329
21793
47479
17239
16406
59339
41232
49620
47438
26223
11794
37844
62862
39274
8691
41897
29314
8509
31472
859
26343
46587
15041
36643
3723
13149
14476
4991
34061
37870
58143
29111
3060
8357
55378
46279
27562
59489
6269
20975
1119
10841
5253
63711
738
64842
54757
466
652
5961
41302
7074
15560
13207
12251
41190
11454
30419
30883
28510
60044
17898
38674
57034
31366
46241
37930
36862
36540
470
31698
58335
32229
9208
36908
47661
48665
26414
44492
26617
34943
15824
13379
26031
43038
45262
57402
4241
59343
49019
13231
4506
57540
8021
41912
20100
36200
21409
13874
48516
40105
43246
14325
5148
44116
44639
30142
20231
64884
30290
37341
50196
34868
17748
16594
1796
4892
25360
6534
8237
49085
49867
32580
20209
64940
45174
34534
40654
20776
56780
56502
25321
45512
39352
25282
56669
54711
19458
31130
34073
272
11461
53568
55800
27145
14248
22425
31273
49726
62607
31605
9197
10153
24826
551
7077
21908
62433
15114
63252
44746
16197
8692
40486
19915
7527
39095
53855
24471
45813
1750
65248
32401
65412
46243
39293
42165
44560
1257
3030
28128
55393
34047
55103
2974
2727
59181
5204
13839
28021
56024
38021
52734
60558
56172
36128
42391
54202
26877
13404
62251
19450
44522
6696
31394
64746
63421
40359
239
52212
308
54424
837
28392
33630
25287
55667
57550
5365
56595
35651
822
64475
65444
47216
19759
38756
47243
31965
7311
11392
54389
20915
44126
53854
17054
39758
667
29504
40362
27931
55273
44894
29839
46613
58053
48717
15717
57349
32807
33745
11168
22739
9783
61626
2187
46067
6496
65355
51949
25891
17705
31751
6820
35110
40838
22281
23388
16898
55325
16130
39507
16413
9230
15370
60699
24621
8788
54020
35940
65027
42193
36037
9366
14997
23581
10805
13847
17135
44434
11103
19913
60004
43240
37509
38846
50683
42915
52888
54141
60494
41755
33160
49067
49371
55987
26091
40357
52944
2217
20004
21981
12242
9295
64462
40932
61730
62132
51365
59187
40902
3945
15091
59558
63390
36698
53352
7751
24390
32509
26059
51288
38119
10510
56548
43112
59856
27973
42423
61378
64164
8047
48806
63094
22776
51432
63949
39021
58414
4037
41427
26626
21467
3859
24984
53730
26038
51910
15473
20631
53591
17276
62733
60363
12279
34748
43293
37607
56636
6152
7205
31848
16011
8286
59829
38976
28759
16866
48026
2584
31884
14104
43522
17625
62783
34553
23758
22414
10599
21808
56308
20366
44086
41469
47670
4777
1939
7146
13167
33912
49051
26100
24923
38562
42759
161
1148
8855
19684
5260
34899
50057
11624
27210
47328
28586
23992
32957
7190
41932
30563
13266
48198
38169
56743
8393
15477
58880
59949
15979
20730
16572
62061
2736
18564
14568
35720
5653
16101
33888
36223
37349
33542
4614
37299
46878
44318
8406
63218
18315
61937
3468
6723
16765
62812
11011
29311
9144
44626
34995
64717
22509
50264
6785
60197
33108
11181
12389
59395
9982
11995
22210
8714
62465
55640
46546
59118
46724
58809
14888
44562
32307
57491
20702
17518
17145
25216
6240
47797
31666
21320
38144
6691
43404
9707
34733
37615
6090
32854
51708
60277
43727
23445
49949
19591
63794
5742
30870
3310
42385
64473
14853
42275
28093
1354
16986
43462
32141
45878
13562
17248
47157
14418
16865
40455
61602
6517
38184
53661
6397
16154
58214
8442
50601
15318
58177
20457
32976
54179
12881
38277
13277
34667
18038
63860
51601
58377
43421
54688
21419
12821
34607
40665
41617
39856
10483
28886
14477
56484
21794
14686
43176
34527
14337
24351
52664
5637
39449
9356
39946
32626
25985
39994
15151
38144
27184
30923
38685
24803
1330
17632
15777
14883
45421
56508
6198
7039
25232
5414
43901
40068
55495
41828
36643
34605
57220
40213
6104
25880
49568
17813
58553
36502
41509
9226
49160
32861
779
31749
50562
25325
1324
27979
9337
42339
33587
33770
2783
45790
33324
31638
61538
59204
10773
7747
64577
30207
27086
32582
27484
40241
2745
59917
56427
40195
54596
58978
49287
22647
63860
22006
51777
15645
56793
51668
12334
36101
27833
61471
28268
33109
24119
3685
47292
35918
23133
33360
4731
64053
23521
21182
1049
10821
11290
36378
35707
64451
63715
34638
20210
40681
55767
34009
27500
16111
47727
63154
51012
6172
41747
26132
51427
21606
57092
9342
30042
39064
22454
40477
52027
61843
50397
14957
51863
24265
64492
64214
55731
23941
64498
39152
44758
41222
42202
60225
24299
26272
14065
20609
39128
48629
21533
2072
34374
52609
53997
54639
16820
10114
6014
19157
10183
39771
36641
52291
18580
7547
52933
34865
24460
9758
59772
20141
48089
15697
57426
23080
6987
25931
57936
35657
60366
33215
59567
51127
36749
56966
17346
9030
58951
27294
36200
55388
55052
27766
7107
41204
20727
13364
948
18425
46281
24016
29192
29751
42576
31593
13532
22142
61246
53456
5203
34631
10286
58727
46058
39238
47107
8903
63804
6301
15575
55314
23153
362
45919
53886
5654
12652
12371
44399
5139
13431
6931
29157
63601
4208
53506
37278
54305
17721
51110
62932
35684
48895
38251
49303
30936
54388
16583
30908
7996
50123
15652
5114
40915
22424
25964
6830
10793
48554
60395
47
19861
23894
61383
20485
12681
155
33689
40100
31068
29057
54312
24273
41699
63918
55093
50432
51386
37628
17117
29386
31730
10711
2724
38702
55637
33415
9817
10656
26644
10784
54808
30853
17786
26056
663
6737
25649
7197
27457
36733
30332
16792
50098
11423
52628
14004
5603
1252
47231
1514
3412
25474
31739
33392
45048
3747
10267
55955
28200
12036
64613
28093
9929
35470
48097
38690
26070
20855
40683
39258
54538
3510
39173
53206
22354
63411
5458
25665
54565
19901
10048
16610
60594
40168
10646
9051
22647
59866
52424
50917
42670
5137
38004
37666
38388
28520
47109
57916
25503
12612
13152
31486
2770
9039
36007
55674
47292
65059
419
46469
42495
42939
30864
48120
41586
1094
50621
27451
17381
47357
47856
18179
11021
20023
6464
23273
26718
33250
64598
13231
37974
33184
35426
21017
35221
6102
37949
29124
16308
34131
12422
13326
47891
1533
42519
19848
11929
26164
19486
20255
293
59875
48167
53443
13682
54107
51197
12635
55667
21162
30897
45485
62736
797
59555
49764
2882
50396
10948
1779
21730
2060
4885
40984
27037
22527
56520
39513
48811
8801
46998
9771
56101
1878
35762
6981
14253
34718
29731
50930
62691
4988
45865
64456
52890
29366
59755
8017
14553
24305
1118
24084
23202
64390
17037
42732
30083
5362
5888
61036
5034
38523
18811
52075
63427
35002
17827
7527
47126
36077
38649
56078
19611
36778
51602
18528
19916
44991
57270
3785
19868
13493
11168
45137
42501
43625
17165
46602
61369
14665
10195
35539
2861
8854
37072
47390
12666
61531
63432
3419
7625
39527
38268
55852
44402
10368
11827
52520
37023
10652
55450
33073
58650
34114
32428
6582
58376
37457
20863
56388
21245
61284
28846
20949
37457
46860
21860
2562
27130
27413
22565
39412
64179
51486
19678
50383
31350
39203
55513
41665
39625
61019
30788
3154
53890
5703
18460
10659
9803
50319
16721
5973
45417
40345
43598
25042
54244
3191
64975
27291
49671
37062
38219
2454
58654
47139
41615
41604
34
10238
38335
35920
27277
61000
23227
2814
16567
38315
56335
54372
22243
29143
15530
48476
53402
43261
50047
34725
42003
4343
19842
51469
27713
6276
8362
62075
48453
49800
4834
32221
55499
6170
55266
18439
52219
32647
685
2011
35510
28461
30590
39469
62021
54117
4022
1827
57737
40976
28793
58142
20923
24446
19174
42385
30937
28782
46
35486
57506
39446
18758
48633
57477
41415
65518
49320
34750
22094
55999
56592
51611
27724
24378
10863
6129
53807
29911
3623
9546
31621
35838
30256
63007
17597
34102
26776
56577
54536
11662
4167
26468
19441
65533
61857
30568
44286
10099
27758
1516
47820
64487
32101
3835
18237
30912
36526
2761
55411
18988
36684
15743
53234
58963
45690
52096
18203
40185
47287
44443
45321
49821
8245
50818
61532
4313
155
14676
56927
62277
51087
39450
51096
38068
65443
27227
49235
37477
45639
25703
9576
4287
9063
16739
50559
50313
64820
43264
56071
31892
5596
27940
63292
51125
45901
46859
25619
7951
52347
27591
1241
36402
29139
25451
8093
57432
57171
19783
18053
4908
32702
3751
24826
16906
42658
62101
20197
49188
59648
54359
3807
25783
59087
38339
6374
42071
45377
27249
4288
49759
25770
42320
61197
17337
16344
34587
34867
39048
18906
61524
63999
50417
34434
40305
32146
17597
47192
39763
11638
51290
45552
51443
51064
56750
24254
28450
53795
15889
32995
3615
57916
10871
46503
12777
16538
42661
34667
28639
45009
51307
32992
10449
12920
50155
59611
44187
16249
7158
12242
56316
12331
20430
8416
13845
22447
52466
55641
54796
30811
8098
16056
60662
10786
62334
42190
33231
19574
56368
54191
38542
50596
24029
21505
18511
50137
55230
48575
25796
11784
11130
26051
59555
25511
53717
61169
31657
5046
31342
2371
49292
45182
3796
21800
4399
27988
2299
27564
48915
25487
7028
1547
9521
46743
28910
27295
17091
58931
54147
4058
30521
39387
35868
5723
48634
26502
30266
14207
43576
56580
59994
17193
39634
52556
57446
50793
9001
34321
7115
25474
15262
4245
50477
33265
24547
50256
29983
53952
64088
36911
40766
60939
63597
28128
21049
27005
51253
65370
51859
1706
31286
18903
19137
21000
12157
28739
30753
64870
41713
16411
64382
26353
49333
48167
60048
50955
7704
18993
54659
62625
62888
58455
46614
11633
38018
13899
46885
33001
54513
62893
36191
60614
2983
16317
14073
46141
28467
52436
46929
5588
28661
34922
9668
53907
57379
21325
47198
41741
22800
51853
36560
63924
40294
8142
7844
36026
19337
21740
44491
43957
10846
60394
23045
32561
18331
36939
23710
40064
4351
62285
12728
16338
27854
25890
14178
5288
10748
58163
31996
23289
3908
12878
37443
21834
37722
59605
11407
14826
14418
8288
6880
42061
9638
33927
60006
59951
7314
50002
56830
54721
15120
38533
38107
48552
47982
12763
11964
30326
10725
33304
55056
9561
15992
64877
24263
8063
30500
13600
48583
37659
39087
5036
20013
46298
29701
28251
64448
60840
22958
15226
29623
57843
22716
14312
30472
22575
47024
17690
43816
57020
48396
52957
10176
62620
11485
64322
25173
9968
13774
4371
38939
13599
36379
12576
8153
8535
23103
51708
36871
29368
54430
46510
61099
61994
842
42245
18644
29783
64993
60667
6770
34019
42784
15972
47190
186
22650
50565
22836
35786
64100
6125
16766
58699
35250
39733
33836
36201
55563
17529
17757
26876
26359
58768
53643
46206
39178
60593
109
54906
63439
11248
1008
33290
64912
33503
35609
48016
56638
30914
22114
11879
23985
3565
33266
32786
38924
25291
56697
26463
39184
63830
9005
37523
51421
33246
42166
2098
46700
11369
46922
17577
858
61597
14804
7138
15109
59249
14729
32719
45645
45957
14492
41952
29474
20053
63708
31115
20936
50392
26602
2950
13240
63931
2723
62543
45370
59837
38878
19050
33764
23448
42930
48384
56779
21048
39711
32569
63014
50681
21927
21405
14286
51586
53176
23871
31140
53601
64740
58873
32016
257
37710
43768
26978
57072
20873
59787
55455
28431
60562
34309
65235
43271
37451
65495
54359
48528
15922
764
52541
47790
16360
40578
10951
21912
4937
18457
6735
41890
45391
44535
679
33542
59456
2869
5094
11163
32024
63691
3901
62111
54619
63904
61119
50110
23847
17891
17540
54608
11351
49161
13289
28057
64423
49054
36159
38591
63683
13083
64440
32314
42408
13735
59739
6485
9203
54544
36994
47683
45463
59783
37627
31464
40323
35274
8342
48008
8736
28167
49914
52960
4780
64768
8702
33136
14367
58604
20722
20419
41414
60952
197
2476
11641
58377
16623
35735
20798
62156
38318
30266
44647
58463
63868
41330
9513
54776
32526
31615
1125
23702
6802
57541
30311
8611
5004
33064
13032
60335
38845
29923
52891
26813
10105
47963
9060
36301
55722
54635
63743
26399
44315
4385
11675
40609
39100
33068
60918
10150
20758
50889
35977
35458
47251
51690
29331
13066
45664
8793
43884
14556
54787
34871
36810
17616
10403
54799
34633
29540
25048
27332
33541
47324
40329
43335
13589
65064
41730
53793
32840
26384
40471
11952
56236
49805
58480
44761
5519
17302
10677
58419
9839
60872
53537
38889
26592
35659
13037
51216
37470
21092
64581
59891
49267
14655
27049
24273
12988
45214
13749
51184
31299
37874
25544
17941
64624
57960
52250
1467
29297
20318
14502
41671
6406
20353
41000
25354
41337
51563
52765
49663
25987
44231
13694
417
58559
51977
30916
55172
30838
33872
50832
34951
32855
8665
36757
21920
4724
39404
26236
62027
11280
19651
33949
43608
25573
59393
57946
58713
62132
39150
43956
52793
63095
14972
52506
28939
22568
8317
28147
1862
4841
21905
54879
46120
16397
58359
48373
42778
64011
14503
3717
42085
8090
50299
5842
41035
41754
59344
26886
53130
62963
10163
23173
63042
26276
21180
32201
21990
14795
27381
30091
22195
42582
17371
51681
50839
14512
11073
48226
9464
59418
61583
4054
6994
38323
6052
1023
38089
38474
64181
1735
18827
60037
19149
43195
8777
43341
43157
9983
40329
37922
27185
43945
40610
63636
25216
28802
30867
7514
45322
57883
27274
16006
59849
47401
22589
42999
46261
49789
56460
24052
65025
39344
48236
53329
40122
19496
37253
45180
34939
35379
9921
29906
6864
18781
51022
54263
43620
32499
63823
4061
29677
48475
52344
23056
43087
5074
12965
14871
42915
28122
56184
49684
13375
38083
33908
54004
8533
43037
56538
48420
2319
36618
4464
20539
45671
59288
47732
23239
29882
56830
51495
40302
54587
14970
64919
47699
31558
25712
15332
14002
53072
37498
2519
3722
44229
62114
5661
1133
31039
22636
30403
50067
44675
1750
2085
19535
44733
16379
46491
11280
16167
60469
34436
33054
47171
50036
9193
33849
32854
5115
24659
12423
29017
21674
42688
49366
27942
7397
46675
21377
50488
11004
33276
8904
27546
30623
57045
64772
8543
10032
23724
11257
63613
28810
25369
54925
63658
32527
49005
19880
8885
43455
59343
54306
22441
6053
57548
15623
51481
22979
37178
31455
52598
45582
26073
32341
31895
17459
48457
48116
44193
11683
13406
47198
228
10259
52122
4950
42127
48030
43445
37148
33893
5416
9262
11711
38995
55
5215
53153
2579
8366
64349
4944
39665
30091
65356
25600
12757
26352
21517
35254
61576
21072
58544
31151
55336
33688
9349
30779
10709
54684
4565
49480
6327
55858
13922
30864
53528
51976
58748
19457
58401
22130
53114
14947
31944
42450
13412
39508
19127
9041
13445
30489
39202
10095
47662
2541
9073
5447
57749
35309
38765
4172
34260
49137
226
25107
22985
25633
32483
57188
37931
29852
38541
35614
64966
10409
17080
35628
64451
52666
44520
41044
51267
53026
24424
53792
52531
34684
6682
40463
41941
5333
386
50277
20150
28545
64523
47562
10454
38332
16123
36357
56497
53970
35279
58947
31104
40354
64781
43461
62794
19160
11247
12217
53566
47678
39043
14458
38496
40651
59185
51148
60495
24433
11184
50450
61868
61323
44272
26333
49828
2015
14490
27898
19261
46011
12318
42021
59132
41558
7540
5800
46816
46413
54304
15423
60127
54363
53021
28844
7049
59389
58834
13107
14887
4455
51000
50578
40397
5684
8887
36661
41154
37663
11960
14782
6697
3384
887
6748
33260
53784
47043
33935
47764
51224
16480
65292
16000
27685
32384
2202
38703
41890
19115
40279
34081
56425
14139
18556
9465
49813
60223
255
63623
3426
43889
41118
48208
14558
52614
41644
54547
11129
10436
63231
23512
20024
22507
4918
50106
51265
38511
64328
20371
17689
14988
61939
43504
29275
55191
50688
26839
36912
41916
25262
24681
55999
50718
21174
43418
6543
21954
48255
26702
48314
17719
46169
38010
64320
53136
60339
14864
40967
60898
41366
1906
37220
50175
1993
41505
43186
60035
2558
50425
53576
31113
8895
35223
58951
2421
797
60411
34437
5844
53733
28355
34220
14675
19085
63390
26373
52623
46615
29334
44103
35542
65238
59470
22793
46956
43519
23834
37420
29985
11848
7271
9292
25497
64144
20264
47217
29723
51173
47630
8992
8364
36082
17658
30482
59110
6654
30889
12818
64030
19708
5526
44532
13193
12624
54530
2823
16914
25982
35833
19172
27528
54407
4178
15914
10533
29297
36404
8339
6816
1682
29808
26396
58620
63871
28690
50402
26897
5828
21994
20441
795
61650
47976
12145
31027
8214
15716
55246
55950
52127
47656
28250
24261
18000
2749
38357
13554
63273
27324
9072
49730
30206
8375
12527
2155
31267
34229
54656
11322
17020
10462
9329
58874
36059
34594
52457
42015
14885
31968
58153
11216
32867
33420
43376
19978
32112
34702
23712
50175
34279
55722
11535
42654
24761
4842
27996
34831
5847
61139
32958
6829
45355
20338
52904
47002
61985
19584
30816
11605
6816
51751
31387
64013
16032
9952
35128
14788
58907
1335
2274
53917
38211
48452
52601
40545
2624
17181
26562
64418
32029
31765
23224
40571
14856
15346
17963
4634
17753
15892
68
17098
18195
37762
6438
20494
57827
57443
29586
32437
63625
12024
13012
6960
31583
28212
30972
46285
25506
60504
59906
36497
60156
1803
14433
44682
53139
14174
40474
3174
52700
30223
54643
38120
11347
54452
50973
19464
5333
37319
37402
42159
18576
64311
37253
47916
43010
21321
45077
41102
51425
57928
63124
64354
4078
61409
43590
64010
24472
63258
40067
14488
34525
19266
52295
59228
49517
36158
33093
62681
35835
61982
64625
60484
57765
8697
8893
53391
10566
2513
59661
55229
41830
21370
31771
691
17547
30460
56183
42012
58020
3187
33245
20758
39770
32370
48557
5584
52917
48348
60264
27147
10592
2491
33694
23771
53514
23403
17980
27434
30573
31163
31868
32180
9067
33409
56869
40227
31045
21819
51360
51334
13163
55223
33592
34218
7822
14344
20610
62327
25438
8269
48964
10450
45559
34048
48042
9700
11794
26463
11662
61855
7158
22186
12009
40228
18087
6208
29034
63970
807
56035
45991
62820
28402
46469
24765
25304
11923
6004
14605
44365
5024
56984
8579
28049
38021
10873
2502
53895
63204
8023
50252
54499
52006
43549
46309
56001
17984
54589
44379
53471
16095
9702
4000
42734
64975
24084
16791
59781
4376
27353
46426
51432
7914
51800
58636
5428
11180
61355
57901
26468
52067
17411
54048
19103
8565
40894
49724
28677
59955
24349
37597
3524
9511
54391
8735
6648
17560
3403
8355
54423
12789
15068
46774
6996
39351
37167
65430
11090
13895
56164
7181
63309
49790
59533
4434
39300
34467
12500
5730
27155
2058
32622
3051
25152
61546
48073
41999
20175
58728
3249
5158
30256
21900
62900
22129
13194
55290
41683
36255
49941
7445
55116
2605
22266
11966
8134
25178
47729
41493
12333
14061
60336
19163
38617
33279
61366
35591
59561
41821
59329
14070
60345
61610
42468
25426
24977
2739
16473
15394
55900
21522
45788
7116
39083
8143
15111
43645
24566
33788
47314
14467
16628
26140
44919
15295
49789
32723
25405
9408
39550
12047
19988
60273
33469
30721
44794
44713
847
29618
38662
32785
29923
22489
54769
21165
29372
54342
1913
19714
33657
15509
65526
37655
24978
21780
42865
35618
15233
62604
34232
25064
14336
65101
30630
49686
1025
27360
9500
30435
18727
17369
40157
12696
5647
46331
61664
57403
30355
30358
55727
6690
61448
37074
25949
2589
45170
63691
11000
58574
23809
10122
28324
28426
12181
59496
39211
55405
56485
62972
56308
24169
11630
30351
29969
52224
27602
50440
59667
28134
62498
21531
51810
13719
12640
12133
47794
29584
58795
25455
14792
43488
13863
30108
64602
29049
27460
55436
45086
52516
12780
47358
53663
63915
2641
39043
61284
30975
2169
35076
64850
57439
20953
43762
16733
530
28409
59736
51190
47372
2367
34867
22002
21344
22293
14994
38467
54802
53309
23857
18174
54362
5175
20478
17259
44857
82
16462
53188
55290
5077
33895
6923
52122
57555
52087
24076
60268
13917
32921
18212
63600
60202
64970
14879
42453
56862
59751
26128
46904
57218
12964
38391
64981
37388
39494
32657
59854
24918
26310
20156
3920
21935
55286
65453
10574
16434
32523
18186
14549
58642
28017
7904
47907
18935
31339
49040
6012
9128
32469
20286
54964
45918
27407
17190
63569
33355
49598
42640
64012
48176
64100
32288
12199
24833
39798
18286
14265
54501
5331
23786
30390
34282
18137
64051
53711
26199
42341
49101
26185
27400
38600
57165
6126
6046
30576
1659
56940
55491
8288
58781
62255
6825
5728
5096
61705
52357
32755
26607
13355
38243
29639
23753
64270
44697
8550
61445
8169
10678
45768
47380
47242
17989
1135
49370
43930
60349
55291
1647
3142
28658
37158
28312
42610
28767
51612
58105
24799
1205
58538
62273
38463
19564
46034
17398
18740
14082
36293
5799
64655
60329
3315
43989
33037
49557
55921
20069
6469
39875
7336
47034
37112
60116
51990
397
45383
32152
49036
2046
1081
60564
49197
41708
26022
65147
51213
13271
14365
30506
63891
10486
13187
44145
1243
57131
36240
20893
10975
5337
53318
7557
26403
38355
60924
33407
34052
65138
64296
56742
57614
28029
30570
30788
4649
19999
10762
63161
4028
35889
42790
47313
10448
44579
29768
59204
56720
36019
14556
35358
6115
44064
20096
17784
4545
7559
44817
55035
35765
49540
786
44703
1160
371
5082
49306
59302
59951
29828
24438
23728
47523
51637
17622
12976
11796
6149
21043
51221
4956
40340
55619
24197
59516
19370
13748
53997
39188
27533
6619
29978
50405
42470
65292
33528
51196
29899
1981
3980
24377
62071
27776
55189
55543
23646
31893
18265
57083
31378
35807
41741
1917
40087
63305
52690
46993
32574
18379
54690
48566
60019
31694
34279
60142
7700
19649
5935
10933
1853
29816
5111
25969
14261
43397
12276
30401
26520
41209
41128
51404
20210
8323
28070
14896
42415
60175
24885
29589
10152
31511
65516
33917
11782
33370
56654
39090
16029
2070
48422
9147
62314
33715
15452
37399
57938
55308
41392
43798
38467
36731
42749
12486
1110
63400
59561
59782
65266
24779
2808
7898
50201
51645
43184
45219
19561
24222
48
33717
37359
22840
58303
16288
31350
29829
44910
31093
49171
52721
60710
52347
52110
28628
19962
49797
10160
12135
9410
9028
17453
6509
13959
62169
28019
53915
47513
3425
28322
46854
42001
11062
63097
16748
1018
32850
53298
30316
9509
14117
51275
31302
65303
3034
43992
48089
16250
47831
43408
45088
27576
48062
58322
49910
41628
19754
5766
64141
62491
64927
4166
45550
48993
51299
34528
51441
60800
14928
33042
54826
14084
40984
7837
27123
13710
28826
24386
44338
58057
42
42532
14784
21302
45298
5771
58906
34350
1312
13403
40169
40824
38413
10833
25091
8259
8647
4813
18338
10191
27838
64569
60617
7419
27357
2369
49264
1990
65
65187
32001
48851
51050
52911
5310
40520
21362
28041
43817
61329
60384
30192
3974
64768
26746
49946
29417
8246
24371
5826
62611
23549
21386
15633
50595
8432
20621
11476
10468
45414
40154
15828
52270
19393
50454
20570
58568
15367
54174
20861
52032
4422
38223
30422
38641
19597
9919
35080
579
21713
30989
41344
15315
3490
43679
44189
59528
35036
41217
54098
15273
46630
57868
17302
24898
1673
13788
31335
55157
22502
7385
49480
57066
22790
24432
6354
3079
55155
30691
61234
13091
13970
45337
52421
37185
31910
63011
59514
53893
36695
17128
15502
21105
58907
58928
26826
64365
31152
47980
28093
60293
28645
11846
55073
26870
53936
15969
60257
14537
47670
29240
15009
27691
9045
40523
38347
4514
4490
3723
27862
8997
46640
56350
59799
23950
1107
43544
63187
30871
10312
42884
6914
45082
15015
46665
25187
26128
20044
17783
31081
60635
41122
13991
59917
52995
48382
40659
35393
50228
1565
40498
63658
51267
19114
594
64368
63071
15766
20354
62263
50408
36646
44316
27681
5861
61218
36045
35845
25540
36312
24334
57961
23255
11753
5714
64245
40022
8595
35775
56997
8058
45914
45398
29511
5271
43744
28744
14469
45724
44339
10427
60575
42681
16582
50185
21669
31337
34538
48117
54549
2975
38389
48964
17648
30472
10955
6176
13517
40114
55833
65476
31109
3410
26787
50038
23391
12831
6108
9291
55161
55851
15732
43798
51936
46488
17329
12944
52336
8109
41087
42861
47970
58099
19985
28271
36593
53960
24683
64847
21941
55490
22045
56945
16592
32850
32570
27788
26940
5577
8728
24104
1681
15397
1711
57498
49674
48507
29853
19792
44527
15694
36577
53095
21046
62522
20297
15911
9088
2753
898
40685
61625
18704
22297
5545
8333
5380
39757
61054
38810
29879
7743
12400
3969
57397
63955
19185
22656
55091
63593
28345
32000
35976
9089
44661
33697
56889
23777
34681
27755
12203
46028
53972
35465
19209
9609
19576
60757
54918
26566
40074
30709
49933
48567
1652
37275
7854
5284
17461
27640
33059
20246
35634
43266
44585
18301
45315
59279
8860
31079
60043
16042
350
8503
16782
621
40945
42403
22669
47572
1988
37304
30832
63822
7690
57553
30044
18202
32741
5057
58273
60032
29934
24448
46213
38281
8839
22538
59925
12380
21854
16770
10693
60748
1271
40926
15172
8986
61322
47925
4554
47243
14667
55872
44599
1333
63279
6604
44716
46074
11436
40070
55248
16267
20222
5493
42557
59745
17168
24725
2114
46524
42801
14756
62701
36743
27659
64915
60222
29775
12571
23751
15483
17013
7328
33152
19662
55126
46935
58962
9618
2927
62477
51255
58012
46934
27152
12650
42148
54664
53596
32589
47408
64109
28705
43396
13077
35457
57917
26568
26145
63649
14708
50276
40995
50631
33475
3096
23651
22762
2603
31599
64850
28612
59451
17864
7828
42834
62581
5167
30415
36275
18122
3486
17812
32025
20242
35575
51543
59201
52451
36066
40833
9983
14770
32870
54586
49733
62823
26194
50410
2203
39482
9485
56265
577
50572
4461
53442
58514
12746
16763
39341
54571
62188
43865
30957
48160
55892
32026
63265
37866
62151
2969
36107
20221
245
35521
34108
6444
58520
19146
39361
39352
61368
30017
7619
31861
23939
34033
43400
23139
33787
56293
11823
58644
57744
47390
64994
58979
5321
60831
1720
37760
38475
34401
1579
61610
54519
24631
1916
24394
64426
14949
15279
47222
31630
55210
16733
8107
32896
31069
45968
25291
62911
25378
20819
41895
49354
26994
57100
49049
33659
50384
59702
39426
38495
46069
56648
44473
40626
16976
33258
49275
37568
34712
24040
60472
12262
57436
35239
47629
38412
16256
32293
27672
25020
16082
2392
47217
9916
14945
59091
50387
19615
23230
58747
40567
41692
56393
36435
148
17271
13074
20555
20738
49993
52866
21894
16777
4295
32693
60906
42171
54646
15108
7607
15976
10685
43993
49742
4661
28829
3339
51172
47550
11251
52466
22007
13924
63869
59274
26823
10636
6774
30895
64538
10442
18452
13849
23650
35870
61694
12012
33609
61756
49551
40422
41622
14363
9248
45781
39330
62269
28286
7816
27433
40355
54160
63336
41098
56085
64350
36963
34026
34617
24748
64169
35721
40545
63830
23557
36385
42129
5973
4025
64685
36437
18660
29472
59179
19810
55737
9065
40868
27097
26043
37947
25936
22721
39262
9715
24611
34404
55449
13014
38241
36128
64535
8306
40779
18990
26730
3239
11050
61224
60912
8267
55071
57831
34050
58794
65299
16774
57246
39456
10726
58047
31606
10107
30447
12292
49240
1238
34423
43112
39781
18634
2627
12631
52129
36842
25236
57467
38146
36945
2277
5009
13626
28516
51694
3967
772
10315
42065
40982
41840
40401
41829
65058
54933
20295
52125
13850
41110
52211
14946
14051
61854
37455
19830
22854
20759
12268
15663
5920
21072
15571
14482
16389
39038
43685
55218
26415
54820
4329
59674
59711
1093
58978
16189
60707
38177
16872
34296
64645
21468
13674
43174
30150
31472
42491
10145
40930
14254
41349
33837
64251
61192
48310
63826
38980
14438
48569
5179
63389
12052
14419
43533
45568
58839
4091
43462
1194
5984
64227
42652
29972
3638
2764
58709
38392
14763
8917
51068
22291
26369
4537
58143
18143
30537
12309
45333
46105
4608
43788
64816
17437
13106
27028
7253
8248
28555
54094
60583
1424
54425
19565
63970
21843
9417
43237
25600
6957
57623
33939
58073
8733
9903
11094
55456
39586
45128
19621
26915
7065
28557
42009
40207
51275
54650
30063
26869
56695
6618
42919
37776
46128
3919
961
47909
40700
8577
62248
52075
51179
28777
4042
6528
31750
45486
44525
25131
35700
48530
20476
28364
32842
54716
7069
18965
3835
5944
46150
32047
38731
44132
57838
50451
57339
22231
39010
60354
22
14282
32456
12456
15500
52233
26757
57268
810
2186
57942
29462
52697
54944
47513
17712
41862
4431
46265
34129
59773
43122
24130
41297
36632
34531
2579
6491
57441
63389
56635
49304
45201
14372
60140
41164
28963
11825
13033
34765
48801
45947
17781
37667
62166
15143
53828
9188
305
23284
6159
38124
24719
61405
30123
35716
54676
18427
3175
25215
31565
2269
56729
7042
46519
41051
12269
48900
3711
15577
56522
20770
20579
26822
29863
10812
46629
35173
52824
37929
54920
56546
47865
34647
4155
45783
16379
13383
27098
55898
4893
13247
29914
43906
39140
8499
7302
46206
19520
32322
49265
43399
12251
62555
35287
56616
27901
4044
41312
6704
14862
61811
44074
13702
22688
8653
63967
41735
35104
24521
44769
43509
47330
55215
2467
58214
57775
62588
32316
1686
51995
14632
12421
110
31386
8961
31472
28016
13950
1947
28592
49839
46289
38997
27393
13261
1545
13347
14724
16776
60327
1003
63336
11764
22047
12215
7274
17829
63571
42970
1200
33334
25395
1232
28347
61816
24581
52661
35537
10469
41455
2716
64396
35517
54576
57407
62757
22513
18422
39722
47541
1685
11214
17908
18595
22848
24893
60979
47783
62554
19042
5678
48496
30415
25052
8712
8068
65206
37216
65072
44689
29325
13687
36394
49969
53340
63211
57013
19790
11814
54392
62517
4721
64255
62690
7316
9595
45464
19379
28584
47576
21313
51382
218
58235
62716
62573
55338
27744
54191
1779
20203
5382
59928
34543
17849
27314
41192
10450
29467
18012
12866
64729
699
437
12005
36085
23833
15144
16815
54828
18890
1081
43355
6195
45321
47513
51578
62421
50335
49638
51411
11166
7304
48618
31903
3023
41128
17410
29748
26670
48768
51713
27800
45998
15948
55606
54061
61882
1158
59917
24406
50761
63719
44834
50209
13251
59626
44399
757
19057
51167
46066
36279
21717
5507
63964
19458
35026
52980
28532
27957
3317
40663
13513
47664
62943
25079
50744
14845
21042
50795
33898
44393
54903
11801
55514
7050
40578
48512
60883
16117
39582
60872
6005
32098
43182
21338
12666
15662
40672
59893
32487
3711
51800
63499
28237
53614
21621
26917
60770
45384
1441
19101
23118
62903
18810
62789
56385
44885
31616
44256
42545
10881
48938
60370
38825
22224
42552
18143
28633
30145
35687
22911
25771
28092
10376
7819
44818
36858
32887
45363
47326
12761
39491
34600
12770
5866
16530
10306
47979
11575
12263
15994
2672
50356
22010
16115
50445
55957
31884
57214
2074
57049
38963
52072
48537
2877
61287
50318
24751
22344
11429
62956
42552
60778
37031
37426
40422
31428
964
22313
56142
7860
31852
13204
15219
22153
18729
61182
28274
42821
15825
17838
5143
24154
33178
2586
49768
62755
31204
10905
50790
63678
59720
42793
32286
30284
19750
62321
33603
43278
5534
11559
49802
54114
45232
25027
22089
4957
28673
44196
174
35942
19183
17188
1618
26996
49746
15587
49444
38372
35164
49737
17118
546
11059
685
24110
16363
3978
2460
19204
12711
626
46935
21306
8288
33132
61100
2023
10407
14876
43608
55517
9495
10582
33008
27978
47823
44776
42529
63885
34163
9626
36392
9346
60734
9294
45654
37403
6015
55451
57282
52763
40892
5779
63965
43026
65341
30060
9286
8046
2252
45888
49662
25587
42294
837
46078
27208
14873
53432
61665
52994
60115
22876
57540
3294
22258
44029
44154
29381
57754
60618
29895
36200
47652
19372
11088
11426
30075
19433
43866
22958
11289
11561
381
27114
4024
19217
36953
17697
1967
49908
44135
38446
175
41995
24981
34015
4938
60136
40802
37690
3576
49523
54736
52637
7486
20309
39700
18281
4524
65316
14672
15706
53644
19771
18380
38800
40741
23558
15454
56785
41534
30450
18852
48832
17991
16703
8997
16132
58082
46607
58947
47189
7902
15056
40265
65519
39198
37822
8400
18420
7176
4803
43459
5238
36202
35705
56075
19839
29626
45935
19560
60403
59273
8562
35024
58872
18125
39730
52709
22530
57005
16079
2762
44853
11220
54
52196
41899
16456
10452
7625
58029
11059
9813
40300
6508
56000
40053
15542
58235
26601
29230
21783
48920
60672
41698
45294
39449
17835
31803
48991
44925
63844
4475
24364
57049
24947
30710
36161
51221
16160
59310
14903
5866
18371
5999
47806
9555
32912
15354
60431
63377
48310
25377
54863
27266
49883
7952
38722
41565
8496
30434
45666
10496
39739
52055
56947
56459
11441
54799
58831
50053
44219
57532
10749
38964
56367
48887
23028
49389
23205
9873
16294
29330
32051
35354
48459
22833
50430
16558
25302
23472
19577
59501
33656
47933
1815
63838
60362
6659
49370
58999
35333
20131
28447
35375
9381
19753
33424
44990
7245
21733
10590
55099
43476
47189
49573
16814
37002
6987
46909
43779
63541
2700
688
24327
7834
9693
22870
23775
9887
30120
51292
49257
7826
43017
49764
49697
15761
40166
13501
49728
50103
10942
53795
9530
41879
18098
4461
54028
43975
59609
24275
51209
41514
33036
15897
16863
37401
16178
4399
48460
22009
7502
37815
37164
17369
60805
36160
47720
22104
3379
57201
45444
43937
5405
41738
14203
47220
441
25546
10068
59138
37759
42025
16402
26670
43538
40934
35011
3516
21286
6276
60448
59222
64970
60873
20985
906
19574
23623
19454
13513
61945
57033
13443
10921
13304
38256
37364
11059
14980
32674
17651
62832
51379
17570
43024
22573
13849
53119
30291
47549
53594
59310
40005
51368
62261
17425
34265
36396
30028
60689
9451
6239
44740
3466
12829
48185
46197
49539
43318
25622
31885
14248
4115
35744
33278
53297
37339
19181
20611
33911
61246
11110
28485
60614
1502
11600
45654
42114
65029
6494
28952
52500
7403
59340
56818
29741
8057
28210
50694
65396
40945
27794
16961
2186
36357
5825
14864
20367
29926
55311
27258
11727
53352
36367
17110
18004
45626
35586
12320
4052
9902
46418
2009
22168
3442
7367
51862
6707
29026
28775
36618
4245
54272
37594
48793
14484
50638
51236
36575
7161
58886
42193
48948
63737
34322
29760
14751
20156
19613
8743
18834
23667
21306
4355
11604
17171
55193
3593
52145
30528
41218
19922
1081
25915
16702
8440
28127
44586
41626
18908
31660
31697
3659
64218
39495
9662
20115
25049
38373
64087
22969
17951
36783
59698
59947
47700
36928
64816
18981
7510
1736
52224
44741
35358
40398
40647
38054
40882
20057
6125
46770
3811
61657
13991
47841
28695
51722
28342
64948
33680
12322
27534
50524
20040
63797
61820
3846
28931
889
54566
30402
57130
7196
12938
56113
29
37757
50227
30440
51525
46930
49341
59049
2997
3128
54755
23019
57154
56885
5407
590
63926
50233
19686
17637
12119
22122
63558
24672
19150
64632
43032
13705
42666
49338
48127
266
47549
21084
13846
15580
49390
28071
49224
44736
32410
40648
63085
60017
6512
25346
64437
35368
19672
20725
12583
46571
13001
54596
59377
11212
60882
11844
63228
55487
5627
49565
18851
58135
14037
62049
55447
35390
55396
58758
12312
9468
153
47179
10099
20829
54708
62196
16819
18565
59019
53158
43478
61668
28540
22681
31573
57005
38934
62406
42592
64786
48190
64226
30687
14656
50724
65347
2773
57341
62329
53836
51904
56157
15910
41323
53689
61832
47238
14067
54697
49319
12695
833
41102
36281
48028
59721
11915
53711
2529
4642
5256
12945
42103
54006
26784
50708
2099
18159
29157
39666
55051
43896
54259
62871
2904
42147
2029
6910
59586
9647
41173
39107
44304
41462
16028
48181
9289
19781
54697
7086
56076
44784
32503
43593
54924
48428
16851
47335
55288
20633
41035
29233
21481
32988
5308
4270
28067
34736
49744
41260
7729
12555
10994
61811
7432
56454
17843
11100
6290
37534
670
20263
12774
53780
62768
24275
16956
50773
41317
27635
25788
23983
49334
13940
61328
35117
42428
46814
11888
62388
26453
3660
2320
41291
24515
6898
44298
42576
50449
47684
19033
47500
19091
1607
48386
28806
5384
48730
64454
42903
19033
41403
31877
21507
38548
400
58021
26009
2108
61747
63185
54308
63059
43146
47686
19042
44742
11841
27022
29247
63032
11097
49708
23833
42572
21322
35190
59889
41504
61946
16101
12070
22461
1102
8704
27562
53138
9702
38805
25825
54112
63355
30289
56520
18392
19914
36891
28181
18904
60045
44644
5700
64580
35663
26695
11350
65196
39937
29945
46202
30203
25456
4743
63204
50137
23885
38831
43457
16044
27653
30968
43780
30167
23028
46442
42288
31052
60682
52573
17579
30741
38671
17122
21986
41370
19636
44520
57155
24072
46351
40494
57249
55476
22473
35202
55162
8366
48337
240
10040
37176
14462
29336
31185
58988
446
6664
3008
33392
5671
15806
39888
15664
3001
65415
32626
20240
1144
52851
51741
62937
28074
40279
7536
53492
53423
44276
57421
53556
45148
1297
49739
49897
34116
32226
30249
5531
27053
24576
42524
56089
63004
26584
59385
53123
63869
36178
991
15978
18815
25439
22490
32027
41460
12535
64166
54903
32291
14628
51921
18793
56676
59554
4346
46614
53378
34430
35853
63339
26732
59602
2281
44458
5571
38686
62974
10170
38847
53479
52224
35916
6205
19469
26930
5816
16376
33706
38976
61286
50892
29320
54874
15379
49612
9516
61104
29621
36960
46906
42315
22618
63373
50771
28370
59033
64681
58635
33320
23641
52191
60730
46700
64756
62385
39037
24041
58868
2287
42765
1814
46032
16616
41764
28591
38029
30312
9610
59717
49121
46863
48164
21393
45363
62462
58063
38198
40147
61169
10206
13780
12944
368
53635
49393
6500
17296
61550
24086
48229
1862
12261
42183
46576
24057
56438
18982
6978
42181
47662
13912
18273
59208
56102
54918
36352
51960
4419
55955
9772
20979
8892
21122
64285
15992
17193
47122
60410
6360
7027
19002
8262
45253
33808
47677
26874
58533
58157
57188
15369
32812
9993
32540
8493
62759
5547
41528
59536
26153
10376
26186
19737
26214
48480
268
25555
20540
54804
60479
13527
7027
16540
14641
18533
58943
58722
34334
3825
63460
3291
11583
38556
60994
56215
41636
59545
4927
2985
34344
49697
52079
52198
64291
29474
23218
59571
32122
26035
10685
34931
23630
64894
14792
57957
56236
62131
634
54467
58441
32566
20642
10608
62861
55183
50577
26341
50280
39620
39466
25092
6379
9986
60564
3487
41589
5693
52360
46798
41435
62505
4653
23265
36154
55137
47205
24851
11330
26249
20025
22505
19333
50878
2689
53441
52412
43699
2384
45477
14041
47457
6475
39407
21605
55604
26723
48906
48008
930
43329
39064
12737
9860
22925
30136
17641
26050
24560
30810
45460
213
4322
6945
44438
10369
142
7362
38960
61402
64438
62176
51973
63551
47522
24538
48317
18872
35551
55990
56347
39773
64611
10545
1270
22193
19557
56460
51507
63003
42643
32318
19443
24727
21398
23940
17716
57727
25452
14646
14383
45216
54607
29276
42889
15533
61200
12836
34900
6959
18661
12285
22223
26171
15385
49468
22609
21725
48540
26260
46747
8031
28530
20680
22458
12719
18257
18526
15356
63154
44417
26407
61223
4770
37028
53715
12120
37522
14806
18049
50978
48359
60241
11060
9856
48411
59324
56654
13310
14528
1947
9658
38139
21200
29517
25562
18382
30682
22431
41831
10295
30252
24084
38991
27552
21942
40367
32558
8644
50847
24856
40316
50219
36490
49203
37312
11764
37692
47190
39088
57631
2879
13778
30655
37345
30032
28875
21457
17675
54285
12019
12459
61345
22438
53697
48071
62325
64585
17218
54777
53635
63609
15974
18943
57366
5091
43072
23448
58455
16988
8543
8864
7596
48550
8091
45051
45430
37955
50501
62444
31959
44960
34296
22335
60408
22290
7195
1255
20439
25525
5898
45131
22580
31035
36784
21965
26642
21553
10589
34984
11025
4119
23119
51589
15247
4000
64525
21631
34997
26751
45847
4414
45364
59877
43800
55272
22478
63823
56464
55226
40674
6162
12450
10010
6951
28211
18630
31063
33769
6269
16106
16150
61178
47225
2981
38406
51739
25411
9047
34758
15576
61879
29228
23606
7504
37378
34026
62818
29825
30815
21559
57537
51564
43355
4985
63130
39822
38360
62474
42643
40113
53682
49266
64914
23080
38337
58531
16777
58756
57268
58370
57225
56562
112
4429
49986
34341
21539
46167
48520
38025
65254
37193
38792
8025
41838
23337
13081
64960
20073
51122
23297
52143
901
37725
64859
29856
42572
20426
50129
9915
20097
47781
55435
43467
48384
25865
22151
42902
18377
18712
14283
36049
27645
58631
38539
40812
742
57006
52164
17214
57494
56235
36649
42787
198
28173
31936
15160
7246
55097
53189
5778
7972
65044
3807
50006
56052
2806
30136
49273
32342
18998
6668
11906
38672
25342
49324
26101
30226
4901
36241
6860
12703
55829
10204
37987
10515
40315
11163
19750
26509
53633
7365
55718
44041
50663
52240
50783
40058
29977
7281
3830
19675
27987
42092
27826
51723
48254
2621
7333
43710
46764
280
28794
39723
62366
41099
59915
16456
63349
61930
14092
18689
23515
13689
57882
37335
6644
17533
21944
62577
16383
40919
28552
49043
62776
18989
64381
13253
34900
7335
7184
19919
64570
5184
23086
19810
45145
53513
9889
30347
24429
27294
34990
5140
27140
13168
15662
3622
48254
38968
7011
8571
26953
5891
43957
42738
18812
50009
34334
45655
7914
57332
56251
3271
13909
42404
60516
25409
57646
37755
58817
52615
61846
46544
11143
45451
59338
43764
36771
60718
30563
11280
48681
43303
47439
44143
3756
51689
52886
62939
31560
62046
54031
29397
61037
28383
6634
22200
59047
13014
48166
42702
52372
25089
61478
44476
61042
23252
34979
7658
42633
64226
36386
15283
53212
20632
64553
8798
47864
47556
12052
59669
5763
23664
939
11178
61059
27767
2837
31095
45178
61351
9242
22354
50116
6782
54178
50606
55214
41691
45520
45600
26171
14579
11149
62039
35073
23995
47700
13258
26902
35274
39192
25825
34062
44384
50482
752
51129
17672
61320
28193
25117
52724
14082
58605
580
39615
28575
61282
36793
46473
17289
26429
4801
45255
5223
40767
62251
50585
65214
43723
49647
59036
40743
6696
17378
58095
53631
55634
19496
60468
47018
50735
41471
35282
18374
60190
45326
17180
11433
3663
10688
60087
53702
62000
103
36101
16498
1452
5915
45385
58480
9968
36392
18057
42172
5609
58385
56065
38336
30727
12999
58879
31215
4949
56506
10997
10829
25588
25197
31967
24134
35695
48886
19295
45312
44149
50765
31980
45168
41494
603
3568
53564
5910
62874
64176
53474
21517
41952
10644
32158
46474
46460
11783
38751
24134
37206
46956
4267
30263
514
42891
57512
40387
23948
39437
63885
37877
17154
24809
3344
23508
998
40547
42719
24736
6786
4445
19160
8567
59318
32491
37532
18987
62586
46241
62229
8074
54194
46137
37963
36265
20571
60370
53407
60828
26494
11823
14797
20315
15935
22594
38783
59116
47954
50490
11995
36366
38771
16349
34941
64740
14202
50702
57560
29035
5433
54055
17470
18501
26625
9444
41807
35132
13674
50854
65057
57355
55233
37964
118
19519
15768
9597
63598
37282
30364
54658
62679
28694
5164
60249
52523
50018
65141
6967
64608
59046
3795
48371
7529
3364
35153
50840
13443
37388
42347
5522
35593
15929
27487
29679
53546
25510
35515
23013
64308
61043
49074
23724
44516
39725
30883
4742
19889
20919
5283
39687
15717
43198
50237
2338
11616
14155
28
53894
46324
50160
33326
31114
49905
4472
36983
39257
59217
18305
59962
5611
42648
32039
35077
42189
7097
65071
20457
62598
21639
35662
3076
22865
44428
30015
39424
48588
46734
60785
23111
57000
17815
15214
36749
564
20112
28583
39197
61744
27411
52458
3426
49249
56932
35198
47918
34664
4869
43328
62515
2628
11476
47748
11114
22554
25535
60070
48611
57553
8724
5890
53424
5459
41973
54816
1384
45121
55591
63215
55526
31471
11930
9102
36036
21627
18948
24222
55473
20436
56116
54144
55304
35171
6854
15526
9270
18362
57518
19625
50827
46202
19837
10852
60772
65427
39870
15532
12249
61854
41622
61854
12997
64950
16574
56443
770
33004
63182
51837
11305
40898
10847
25096
63948
50729
62702
29768
25251
32200
60763
55733
714
64075
56971
11654
15353
26393
49230
6137
38040
13345
28382
35368
59608
50627
1130
788
63338
60934
32884
55405
29355
53644
2939
41588
7733
46160
13337
48655
946
42936
6354
42978
64616
28442
40741
27404
3222
28907
46595
41415
8709
35150
41705
46858
25353
57682
9280
55821
39178
1905
35121
4046
13024
6519
17573
41466
64220
48633
14467
808
64265
43824
28954
10471
4402
24371
60270
19895
23166
30201
19037
55696
20551
61840
54404
41153
11487
11384
323
31131
1547
17723
13916
12120
46639
18091
23628
2620
60779
6711
48519
59417
16203
38971
26316
34379
32243
36
6212
25067
4100
15559
45692
32609
50261
39677
35086
60630
6348
16247
4577
51055
58232
17543
59582
23511
52238
46270
15608
3703
42196
55411
51037
2664
24854
52510
34988
60897
22826
3926
27280
4052
336
46131
17530
11448
34284
3642
13936
65505
21105
41681
59530
12561
26020
58681
14941
19534
15330
58521
2351
7533
61752
29966
41475
43596
29638
55914
24889
29142
50662
62091
47746
56333
7076
55474
44599
1010
1667
17943
22829
2903
20186
30166
32744
56647
59447
61431
34099
43438
28028
43300
54846
35433
31971
12964
34491
59083
8500
26821
62764
6274
62110
50273
16138
49718
46623
58769
9681
21325
9696
16652
53474
1112
12013
19340
22373
61109
49740
64878
1888
10850
38876
56275
48710
56225
12080
28339
34592
54429
23063
36314
5913
59347
61068
30664
46661
61781
44762
36254
52103
6005
32892
53231
21274
16245
49232
52965
8739
60569
42498
27554
21918
13434
52590
63636
53623
65295
30323
45270
25853
55256
38297
37848
49602
35587
24253
17576
3664
46963
18760
17954
16576
17280
64645
50244
27966
14930
17779
57603
18558
63494
9648
4186
5386
5958
39874
7197
4534
47034
40822
3398
54786
48922
49816
20034
15893
22132
15783
55583
7768
37667
33975
12851
57901
19592
33837
62763
61124
3189
238
25799
15995
1594
6948
38623
18368
49381
28047
1877
24271
55255
64407
41447
34857
40054
65214
3135
41223
49023
14835
6096
9158
18658
34772
49809
8970
32914
60938
44770
31402
35272
27049
56624
49485
58188
42474
10108
645
41977
55524
10493
36260
62502
25417
3391
30634
30142
7566
29688
5720
49466
31209
24035
55759
144
2359
25253
1874
20480
11803
41421
28758
20760
19299
37347
43781
4033
27591
65346
10107
22959
14135
6291
3210
28996
12865
49596
54791
34195
59826
35679
33644
40334
5818
63624
19799
48147
23474
47443
4893
13527
51604
14555
56259
21315
29240
47423
43637
35169
46488
42896
61409
31004
37551
20071
21284
19838
62409
10699
20020
8351
26308
33626
9881
33932
65112
64449
22315
28970
51790
64665
29681
11618
62629
29975
5088
496
20340
18692
4708
37737
49454
34392
41772
54093
49852
61629
28874
44102
42100
31135
17573
38051
44248
64100
43054
39113
12005
50194
10956
64332
28809
31170
5349
63317
48907
36549
13913
15081
16942
41023
8258
50597
63950
64361
57920
14934
58314
30545
61819
19835
45917
24874
22374
39393
43079
22145
62501
3536
6058
28944
62317
61118
54716
25110
3581
60341
55827
39346
19074
40686
42448
23786
40514
49501
38924
4755
1335
61430
34031
5130
14666
34693
15205
50635
39186
46152
34489
36654
47891
65072
36869
63043
25131
39711
52692
54070
30652
20493
39372
58639
13546
55752
15335
14299
53703
44122
11040
47515
29508
61322
35860
34028
3155
31495
42474
12886
42510
62486
17787
58481
7727
38394
48004
44011
19275
30237
45888
52465
6984
61455
15216
58435
47465
13346
8099
54723
54753
2137
51456
40776
49509
47082
2730
64454
8680
15018
1681
50500
19162
41985
28042
64038
46788
38598
43891
26297
1199
39731
2695
17758
62797
27069
42251
8172
35703
17098
715
25086
53718
58075
42126
4912
22055
25181
24001
10110
36759
61229
44655
30643
49530
64969
46994
61337
34168
3400
31538
59168
56520
16307
10908
48173
48840
9294
39768
52264
54737
21612
9208
54139
56385
17112
19245
13692
25254
37686
8433
38894
32558
10435
44458
43574
15146
39234
4159
30366
20124
30356
30264
4114
27438
19283
41763
1523
51775
63252
8499
33267
62571
50319
62051
42763
47492
11637
27303
4233
43715
956
58938
40900
6941
652
15905
53343
16706
61908
63423
50433
64973
52827
14099
50490
53477
48335
24417
9786
54637
48378
39842
65129
27363
38370
21522
11458
48472
29265
45016
175
52257
25551
44717
27558
15984
20951
53017
58834
11657
46049
49498
3461
7724
25993
16274
35405
40970
10266
52888
54257
30991
14209
4649
28262
41789
30553
47214
45430
52388
46238
28793
33188
11958
58056
1152
50531
7647
18172
49891
3493
23595
28461
57484
65250
9369
47208
39758
57552
8976
45590
38389
2897
51891
32618
59924
15031
23300
56772
47151
5010
9683
16613
7505
63185
35139
54191
21858
21723
53593
34884
38955
49834
53143
35129
17094
8111
47122
51772
49269
34949
56666
25991
51492
48049
57833
61628
75
44196
42657
27703
40179
59897
63359
8867
43089
51092
46106
62831
54788
59279
7035
52307
11517
1779
45600
17687
27436
47082
23795
26994
11599
14706
32186
17604
34879
14992
57192
41210
59244
4731
36117
55888
15796
61257
57275
53934
6352
24558
29678
24371
21532
31623
51659
39848
23646
7284
21850
11687
19039
12822
59831
11699
1846
45265
57767
6915
29198
41186
52171
28207
28591
39664
45435
4601
25662
30261
35405
27374
46029
43865
51807
42641
45575
19806
10528
62869
87
1299
26962
1730
51707
63812
47668
53088
46197
22810
8448
40949
25887
18078
2454
51025
62680
29620
39794
41802
53890
13962
54488
57948
36591
47566
38507
43383
56865
22265
24527
30027
34611
54984
2557
63873
20921
55038
981
54306
52647
22600
15746
63791
62770
59172
12916
61095
56359
2648
30723
17403
27654
32290
53356
36703
46115
42813
44682
28535
17632
13609
47339
385
65500
63339
35171
9997
61216
45503
17455
65393
51655
36062
48607
16379
57284
58655
46846
2134
58621
20521
17168
54302
13293
11499
16695
40939
14165
56149
30768
21964
53765
4989
56693
3380
7515
58962
6457
29524
39653
60321
1296
353
17835
53825
38791
10791
35226
22212
21078
25360
51171
3327
63930
44458
37527
38795
23087
61813
32415
36470
29232
24086
51368
25294
47645
60811
27675
58958
40912
50243
1200
2130
56911
12431
26500
4694
8828
46511
44904
1238
9642
9877
15839
4636
49035
23958
43363
14559
57124
61595
2235
8303
29546
44671
2351
62912
49615
50661
35596
50895
61286
23173
45228
16639
50611
11996
20834
19767
6628
30681
11613
9954
22443
54867
51766
61298
18738
57804
12580
16146
16412
21678
53412
63877
29576
16564
41813
32838
61145
21502
6104
47554
42892
29289
14866
4259
14168
56609
54429
46766
54667
45478
14287
6722
3095
49781
10277
22040
35912
18931
805
48132
13457
30577
29458
32757
28215
39866
59026
45800
54140
49704
4330
18468
25224
23402
5005
50674
7213
64202
4656
37720
45995
58459
40691
32448
62647
22109
33376
38722
43234
16023
23067
34934
21397
46147
64089
32604
8605
48684
11929
38255
64624
17088
60013
11122
18247
55900
48248
40966
32007
31874
17171
25458
25626
32380
18479
32141
32503
22311
973
9971
10640
42587
43954
36225
10661
45204
18375
937
53693
62431
31836
32347
22384
15412
35043
30984
9901
53976
35517
16081
37581
51677
24412
30370
50628
53549
62930
54892
35350
42011
52794
62990
35111
49522
14647
3304
62990
18933
51989
59416
1214
59627
48327
52165
41702
62109
42209
21827
60646
65050
12120
8644
51722
4274
18387
51044
4373
13167
34059
5727
49354
61435
23723
8235
28426
4415
35668
10285
24216
7803
41679
31324
60350
3952
30248
25072
40980
5015
5175
3057
44046
10172
43676
3740
51066
18545
1851
31687
696
48494
57391
27330
7052
48158
1146
28305
2129
55481
55302
8540
15530
37430
1927
60227
39685
40691
54985
33574
25278
4747
62653
40413
61072
16604
52385
46142
25493
19140
45489
38651
57364
58914
24326
62318
28424
37523
6291
3876
24791
54751
49060
53562
46427
9617
21127
40025
6494
45571
55043
58557
26973
60780
52959
30206
42070
34857
55211
55807
1912
394
52918
18563
24841
19875
45172
21
19207
43673
29892
41663
45007
35393
30200
31891
32345
22133
30410
29134
37953
2419
10092
22452
26336
57594
33436
16745
33704
1341
53738
20844
49764
46813
47330
51063
55742
59975
55230
52730
24268
35235
41984
64209
10037
22136
37358
9656
4060
16915
38897
6146
55540
43602
48529
5486
12522
15385
41680
42904
63516
36287
25300
11602
64579
53407
7722
33351
12405
43035
64591
59466
64986
40396
39179
15979
45929
62951
48066
8296
53484
38630
56101
16770
26948
14206
64044
43877
37459
8837
2870
49983
405
31400
32698
19631
3574
25248
11930
56139
29268
3237
13371
59013
23754
33616
6426
22260
43186
1488
12036
32287
30326
12509
62324
58199
53913
21204
14924
52411
51089
25040
26307
32424
23708
4574
7914
25106
56510
31667
35497
33905
4143
53622
34049
4634
9549
35711
33241
24053
65200
38811
60298
40878
53682
4946
18780
29005
34475
5489
46803
19163
9012
41133
58262
56984
2545
47636
20105
47362
16554
21935
18104
18213
35295
34744
48745
4590
39965
61171
13713
28925
31542
878
41783
23711
27592
62786
62840
18567
12868
46921
15201
20839
41119
62761
59137
26946
61668
38503
2083
27615
37183
7831
10361
16535
64249
51652
253
31394
11582
28592
3644
33399
12040
44636
5800
41832
45346
17888
11828
12599
546
38934
33351
46622
47644
62590
9009
36588
49218
52173
6949
17216
46363
61662
13619
27491
51573
15987
28567
21659
50379
61394
49378
51292
6645
31338
9909
4901
27864
55912
35901
43627
40997
49169
29396
13966
4581
20521
57445
58496
27404
20639
13337
7513
31035
21534
11054
53203
8859
33339
25751
46039
23760
44071
49395
20957
15385
33192
21458
53982
58443
52672
40153
24208
57809
2339
50013
45132
51160
63124
17729
52252
6517
59373
39519
64452
3492
55479
42868
28977
56343
50805
48271
42500
56907
36425
29180
62366
31933
26019
8768
16612
24295
17403
33253
5250
40596
14321
21761
65446
40698
30696
7947
21666
51501
31875
3715
8719
42092
28116
36220
25011
11941
40286
59796
25219
24797
14461
13712
41676
15777
25835
16135
42464
32066
12053
26940
56405
3084
45064
31532
35715
4171
49031
44159
45765
1595
7031
52451
1954
15105
56093
59650
58478
56561
56327
14829
58907
2326
55202
41402
40103
54460
55612
30484
46886
32896
3852
38457
21836
45774
11607
17678
57506
18532
46746
26852
60762
7393
10799
22568
43447
19192
50605
56766
40004
62388
59346
39109
40341
24547
57254
1343
40434
20052
20901
58759
47523
29630
33613
25907
51029
5532
16639
20540
24229
39109
29126
22419
15044
22791
4149
17810
27054
62444
32349
35215
57173
20454
41584
30347
41176
29413
2014
38159
40860
60371
5707
7646
54992
53932
3958
54826
35503
64897
44293
10345
23421
58015
18477
4984
57989
60050
39312
6526
16568
54616
55393
33334
64957
8669
63847
28497
20479
12681
34030
42535
12711
60110
17240
18650
17263
23789
30672
43954
6782
40245
33257
50047
11731
10183
21047
22274
10488
8197
52350
25574
34785
31614
5354
59921
23343
6751
51988
57480
36184
55346
17490
1256
22525
2123
26379
115
7676
42313
2889
16411
17111
1738
19729
28924
54396
40585
65394
35969
62211
64262
18927
37271
42896
5355
49170
8856
36536
39087
54741
64180
53105
7011
13960
50639
44602
12998
4611
53848
48449
24155
46120
38797
52760
10196
41832
62048
24761
45704
18488
26006
10598
35306
10147
17759
27656
724
53688
43684
47459
47484
9541
38157
25771
19892
33648
23643
7873
2446
58266
50958
59994
55091
61907
22708
55024
61866
49994
29477
55022
26658
1202
30803
33899
48880
2133
23781
34657
30295
52113
4550
30965
45251
64012
37039
62966
24077
18173
38283
24241
8907
48181
26880
62674
61178
22945
33238
37859
53196
38192
58041
64835
6366
60530
43599
8655
13209
52501
58521
37766
11410
4817
36790
51062
48374
44112
36530
23571
64239
41214
14462
9597
14815
65459
55062
53269
61785
61175
1372
54106
19577
30758
20475
27871
34839
38722
15179
53431
19389
52728
17564
55230
22262
54156
16916
27175
19657
45168
44418
18313
41067
31220
10942
63577
53089
20390
40229
57483
6850
40069
19981
9841
16416
49993
30505
17776
9300
29843
46749
14036
30066
4730
22999
43064
17998
21907
65455
54809
52216
26991
3733
41517
17235
53658
37451
10762
45131
58846
16294
10820
50198
22691
47079
55110
21001
59367
9999
1375
51508
48753
55238
48514
52386
33280
12593
46713
43692
34692
15663
250
48712
30500
111
19748
11512
45863
30497
35879
38833
23408
25362
26881
11178
22657
49972
45495
29565
3551
55403
56802
1627
16045
36187
7522
905
47451
38927
14855
14353
47559
63338
4434
24019
3288
33866
43725
18047
26957
30819
54466
24576
35856
21438
10072
29542
51126
59260
4859
5824
38152
29431
3279
20113
18100
19059
9135
25053
62610
39243
39061
15003
21991
29369
11336
37115
21906
48032
40023
56296
17499
30027
62227
52090
29120
33930
3012
34185
43369
53569
6608
33172
22886
29943
26544
49669
53869
29163
25398
46302
12044
35852
51133
3071
23814
6502
58432
6969
58174
42560
3621
27938
40962
13839
37796
58156
40245
60485
38325
50161
8600
11679
36877
2011
43683
41811
28689
58344
48216
10230
35292
58900
11830
43165
30539
41024
22871
36907
12915
11012
54866
21589
55886
58803
56070
13830
6053
19869
26659
16350
8359
20060
13603
28007
23556
45773
14730
18925
64291
5700
65407
30935
36729
65174
25277
44625
14537
63275
4784
37782
27590
29557
56186
2772
60579
5699
48550
1749
28168
6905
12744
42746
47048
55137
3364
14292
26984
7656
65061
45416
57793
15818
12028
552
61063
56895
61699
40603
19332
40621
60293
28352
17089
25094
25727
36195
39550
60239
60678
29393
29057
4940
38178
6808
5949
45531
49705
2867
5097
29115
65349
6857
14972
21336
36192
55731
58863
35893
35199
3903
43793
45895
45288
13200
59034
10121
42555
12382
5933
63046
787
8442
28891
46769
64359
33710
25003
25004
47517
13412
3055
22944
45013
31933
30526
25997
48049
31399
34500
62080
50915
53261
53721
55858
34354
17280
28185
60994
53257
54456
65234
39035
42627
21442
9514
57094
21258
17899
55137
1798
37345
54466
52448
61323
28198
18996
1972
42289
15669
17778
61923
7008
26725
31121
12478
22565
37946
27566
11475
48171
63006
29872
47241
50908
7546
1577
43318
24337
27838
43004
49930
7203
919
7372
31266
62766
36704
47122
3339
9773
44224
12382
61784
16585
12675
13690
33688
1604
39462
21602
4890
5777
40780
5787
28971
16942
22748
11357
55324
24938
48034
19612
21651
6695
24498
22415
30052
50400
56993
20494
60453
11905
61980
27520
2290
55756
64919
18677
64189
38315
15811
3960
31090
47341
42823
60854
64872
8130
7044
52269
28251
35310
8168
55410
48360
35796
15237
46650
2368
59324
47970
36148
24874
1519
64139
24999
34671
35524
6459
65402
23349
60229
65138
44922
49002
44892
8922
40784
21999
26732
41481
29334
46716
4757
32544
22694
63591
35703
24761
29938
23891
59781
49686
52228
21604
35149
30136
51160
37639
48082
52430
16061
54928
41028
60823
60977
59985
6709
37223
42699
26494
24828
63593
42834
33808
53263
22715
3232
55271
56637
23622
18343
60618
34479
40986
29087
64705
52539
38179
37900
5283
41125
18690
30491
47686
4633
47836
46376
5649
64462
11552
65388
60721
23330
44878
6974
65411
63217
25541
49967
3843
42235
29411
55901
12842
21267
29980
30883
6091
33674
19190
44767
14511
20059
22832
19350
23397
57912
51054
27972
12712
57951
61046
3557
8729
13654
40272
35400
47840
63429
9729
56941
20501
24112
51175
19859
35659
50913
27248
31213
29940
54996
37164
33691
58517
58366
43046
7326
43537
30060
26582
45016
32036
52871
52923
56882
26774
23031
25070
61403
7430
7157
9303
34001
16176
64730
25227
11988
47281
18785
482
21589
1130
61889
32877
26010
64177
26209
35882
21417
53009
27404
47071
9296
1055
59220
3203
3982
33373
37761
59506
9468
52536
25015
16194
32344
41846
56434
52503
37033
23195
13736
24721
57511
34651
64196
50351
26010
60714
58257
21927
8497
12783
49288
25800
20050
43411
42622
47834
7669
8723
12977
3732
45050
7089
58175
32195
51736
3759
50987
32279
50725
64281
60660
23797
35220
48669
45921
9769
64918
40710
50791
39805
5631
64887
17829
18073
61978
56839
44149
20851
40971
64054
22464
12273
60188
41898
16707
8826
30703
50423
40086
50507
53129
49005
7345
37418
33862
34251
39454
53989
50678
27159
9301
15264
57049
31423
48732
24056
2468
59517
5645
24794
6228
33239
60339
51625
24853
14553
53335
44408
11970
45680
39414
61645
46556
8359
8046
58292
1756
62862
43438
15355
50068
378
35911
39266
15186
11315
10984
50661
38809
4474
52214
59372
57499
43236
62096
64218
11185
5439
48772
46905
65427
39078
35074
52065
10325
40273
53310
54549
38499
29500
45091
51027
18641
18051
49864
47190
34633
20220
54298
42929
52073
40242
42740
60825
39283
62753
25433
60643
30079
21834
7856
64873
37697
864
6066
10110
43916
51484
1170
60356
15522
9350
48332
29894
25445
14009
16555
52768
55169
45579
4310
26174
14494
54183
65311
46222
8441
59856
32720
20022
31585
61190
25633
59335
2974
41503
1464
29877
18413
54321
16898
13926
3703
57946
11754
136
19626
57995
38801
556
55830
14615
47435
39686
49160
33753
34608
35350
25776
27734
42063
25638
63041
23570
47729
26600
15029
40677
39751
46562
49369
48068
37821
60647
4877
21810
42767
21901
1685
25069
3493
51519
12205
53256
38319
48564
33318
53657
9090
42851
43932
35574
37263
17093
10150
15422
28899
15768
61534
34724
29372
41322
2653
32526
21797
31102
47168
26684
7115
56379
14336
56998
7491
1959
17515
28026
34215
40256
61067
53429
32360
7015
49656
39032
33998
17958
6647
51253
43166
32482
41151
51031
58817
13355
54859
42265
38734
5336
27698
3203
37595
22696
2647
48353
24808
16931
54731
24370
18243
32026
53032
11943
15497
56422
6382
23929
46840
61454
43188
62424
64106
20100
22273
6286
54351
21055
5585
19442
26218
316
6248
54066
4349
29409
35191
31264
36286
32985
57221
61178
15196
29676
27971
13429
48202
2155
39280
55390
23273
37275
20892
60872
26580
38026
53913
10439
31755
56985
40890
36721
27903
43135
16976
40189
10138
69
4485
58627
65276
12558
11059
20731
31303
26212
8556
63327
9687
29449
60591
15287
5522
29483
31528
46639
40892
22172
16835
7463
6065
7411
18221
9666
40494
18142
34583
39589
23192
8183
60467
34426
52057
24179
20939
33814
61420
54880
44440
16501
13350
40004
34251
5683
53513
23143
44870
32366
37793
15961
40791
39743
51544
2068
8789
52490
60709
54102
24061
13802
3301
53392
18599
60082
41814
24915
34630
28581
27217
7124
61313
45575
42584
29173
45199
33644
29923
34330
25920
47369
13248
13267
14890
9369
17931
55645
39684
50220
47576
42440
63019
53703
36861
50703
30381
31262
24704
54463
63672
18728
23646
8983
967
34692
51776
40622
32568
24653
59862
56468
21492
19659
21011
35207
9156
30732
11728
24432
16027
23912
29767
43838
40320
63699
32130
17111
11290
62434
28604
33216
57177
33108
1441
64223
45606
16333
9338
11215
8756
56598
24256
3910
24745
55970
16152
12006
8249
65234
49407
5110
36883
8877
52667
60880
6720
39453
39307
56119
33064
31013
17841
48633
24974
52263
3910
27213
53463
24053
4331
12658
55159
26740
24583
27152
41632
19365
18509
14346
17683
15497
56861
15858
50194
60931
36373
7855
911
34058
5739
37451
64409
57870
46541
45577
2038
45923
25841
45856
25235
11546
34139
4339
61769
57613
44501
62037
65085
7702
47070
37693
46816
38477
65308
17536
25400
2717
7814
63475
33259
8646
39400
14572
40386
52388
31282
23642
13630
57309
53370
4909
46417
46162
28916
62974
63904
61997
22744
44837
39645
43881
17482
44757
3737
58844
20917
53284
44918
30795
51957
7960
52076
44448
44735
59087
3458
59519
52978
47021
9171
50947
22415
8606
57027
33801
29783
59669
37732
7112
6165
6649
11734
62378
7418
37163
35348
11922
21534
96
37137
30310
22408
34902
38153
28769
20105
45635
8083
12668
8669
11559
33908
33544
36381
28308
16331
6462
51848
21842
34161
48765
59927
40780
50708
23819
7764
26155
32359
41672
3354
30116
46510
44120
17074
28009
50830
59698
5340
34302
40991
5061
28537
41510
31512
38734
64915
8433
9066
42907
39893
20341
4420
8534
21084
13191
56021
32293
10040
5141
12629
42353
4623
61833
54504
63188
2075
772
8452
3977
29015
45959
43014
9704
40691
7078
8014
35418
266
48916
30305
221
18028
17825
30967
53620
54471
8647
38807
26911
49753
42825
35008
58438
38354
2937
19123
7935
25411
34754
21152
30685
31000
955
30525
57310
32125
19633
15285
1900
57558
34226
30034
42896
6228
41194
35209
14233
29282
64876
3421
57652
52106
6729
63393
35772
32253
21219
36206
54071
18200
25074
5973
28517
24908
10230
30325
41039
32025
56906
3449
17069
37024
9385
28032
55058
39880
60481
6605
60188
24283
49121
19224
33830
22795
36260
60468
32447
26104
22756
30562
2023
48436
40360
46460
45772
44402
25661
9907
1336
48235
8905
45385
61498
7700
43633
42677
31437
52237
25271
22135
21095
46295
64086
26956
1266
17919
60074
1831
61850
15351
33209
17817
57726
16166
44206
53256
38937
61839
20042
32578
12733
47971
1151
13376
32679
36670
65221
61780
31730
64038
6611
63370
27260
50433
49545
47774
55224
65195
13919
45323
42572
60703
55971
50160
3693
4540
48827
50292
51383
35451
42463
45870
61597
15001
8389
22139
62032
35047
31869
9214
36476
65394
22032
39043
60990
54461
14076
17847
39889
48205
24955
41904
40054
55205
22286
56419
62238
2770
2929
33504
26750
22776
5596
5815
23695
65431
19904
4134
40343
14092
18573
33880
25759
30195
54936
64022
20410
41960
36888
41982
32309
29
11559
207
3133
51259
10629
26782
28612
268
49192
58204
53464
57422
47865
43394
37127
44564
63922
32345
11675
60327
36927
3343
55911
13410
49186
62594
8619
54888
14349
25629
55844
49755
52323
40615
31571
6573
39630
64512
39624
47666
12404
54731
64876
13618
41994
54064
43961
22008
29726
36280
51889
60027
13103
26973
40789
12905
55926
31850
10865
43609
2246
31610
50261
42342
54081
18669
3906
5333
46409
27857
56713
448
39791
25308
1976
48177
8660
24541
62860
10864
44935
63419
1487
55662
36914
55565
63979
55472
13004
25555
13321
62131
47601
13510
19456
22141
55386
14592
9033
3567
40629
18404
1185
4056
35156
63125
60004
48302
762
47348
36835
26657
17140
25931
39988
33442
23849
6157
46439
53474
65353
4093
52539
63263
46145
43389
54555
26626
40466
90
39539
31435
28914
3095
9271
7944
33384
60166
57962
26474
56881
54016
4997
53654
41379
16377
54836
11639
39668
18091
1316
61182
22621
64510
58080
939
59491
48756
6561
30950
9159
60020
19636
43346
2379
41015
31994
27772
48080
12957
56514
52847
63190
12873
5008
61756
17083
28677
24924
54499
15115
53373
8895
22636
17252
26698
20471
48092
225
23951
17653
42532
25221
9767
28896
24499
6317
50253
42163
13851
18431
3125
63027
14326
49374
48143
27514
64091
55526
10897
16974
22459
52983
17298
21785
1662
33978
24737
55108
10399
795
8441
23268
22711
63596
57194
34551
47393
62051
58096
13333
41751
32986
6904
47268
33053
35692
51345
44454
47438
61382
41258
41970
59547
33110
50822
18707
57453
23221
59606
24504
18236
6891
3573
1003
12840
37771
35429
44585
13419
10505
7115
5617
34708
45933
60622
48160
28386
52016
38524
64417
54726
48352
58169
50761
61955
64236
9379
18309
15477
8875
18829
14243
64858
446
24161
64030
42424
48069
21812
16873
18504
62668
39989
30724
8963
1799
3561
12659
4088
38871
36425
35252
60724
38913
17479
49945
50695
28864
55369
369
60244
57170
17317
7645
24197
43914
7043
19833
50155
13056
41616
11827
48686
43712
21403
1884
24687
47232
33057
10276
26672
27057
29991
46178
59374
50892
2360
31684
32182
2109
1346
41634
60444
19904
44707
46324
24559
27049
10989
51242
63398
12572
29557
47808
63402
33234
32688
57132
64534
35459
27840
26622
54720
10706
20138
52251
23347
18023
16983
44411
26146
24490
32554
59599
18925
14243
14057
24513
36758
59746
25722
4222
7591
53968
49053
39469
60741
64911
54526
59418
9130
26347
15932
41162
14669
21180
31484
9816
9700
59600
58658
22943
36331
26155
21442
32514
51390
55998
30371
57287
11839
3209
46034
15919
53618
6056
1370
28118
33866
12263
15464
8504
64450
60125
40480
55689
36137
4103
4831
37856
17498
56962
15008
15874
52397
18369
26586
63198
13450
62417
54340
64326
36940
49903
1590
62344
12192
35685
63697
12136
61818
34188
64857
56039
48487
45057
54765
36608
5117
37019
56987
60353
3340
34112
7350
30343
2462
6497
59863
48313
34208
2996
54735
21415
59055
48371
25980
28480
51910
28281
9105
11325
63542
43032
16791
13927
62103
47550
24809
42450
43169
29394
49835
63077
65199
49057
465
30518
32047
13452
28291
43576
53512
52568
63118
12360
3892
35255
37352
62766
19314
4426
51258
14749
2204
62142
35059
20262
40384
38439
63541
39505
7825
54656
33129
58657
33380
1522
51254
61053
62354
64633
56581
35151
5486
11515
40266
37644
26923
26051
55206
33900
51402
19819
6955
10030
43338
11635
7883
58799
20813
47637
4998
22432
35615
13652
42525
45553
54206
46144
19058
36871
63274
22249
39470
23334
28198
46107
52056
42096
26862
24131
6822
26569
12488
56920
43552
59625
49750
29485
5601
27393
47140
56450
5821
37005
29359
38132
31565
17252
4422
50343
56728
65119
31762
37847
13577
21831
15915
26447
46920
6875
11266
60802
33060
19078
6202
363
37819
13135
29987
21016
38615
54482
36757
42704
44387
15746
15023
35118
45330
9053
54034
59076
31380
63812
17774
65490
19862
30271
42385
28895
39394
1488
36309
47686
23769
21436
25729
8928
63289
14959
5259
28263
27365
64167
18691
59191
37087
30869
55073
58015
5922
57153
10005
51950
49182
33466
5060
29476
23793
62079
54108
18206
45547
37823
50264
61954
5907
9056
29823
61653
49759
38995
3984
28515
53084
19828
60719
57454
42677
53149
12845
22217
7381
33682
51301
60784
63892
8214
23247
27939
51221
6483
39724
4796
43740
60955
21250
51754
1474
51041
37693
28046
22325
57867
52449
29392
18935
45953
11233
55249
35312
43827
18158
24287
4227
35181
16948
15404
40481
53295
23757
43807
59505
53962
27259
33252
3406
49625
28385
60861
62823
33724
36193
48954
40988
61627
60798
28424
51035
41496
25373
25639
31805
4376
46885
22636
6256
31391
27639
3319
33044
25632
37337
64606
34635
18039
9602
16130
7345
41607
42968
46442
49592
31197
16913
56346
21197
64201
62593
47799
1924
54683
8286
43184
57379
19654
65350
41545
25451
28352
21121
17027
11047
51305
60207
39219
8762
20100
2500
27777
10264
38967
48891
56168
8008
32509
31595
61507
61009
28230
60183
40904
33745
20192
50919
26352
42158
50892
46635
17802
33730
16466
38381
1966
58487
49037
14250
37923
58873
2654
20125
28232
55405
13107
32452
16688
8567
33827
56647
47528
17811
19414
14905
55726
30188
35126
42063
53240
18578
5858
43133
24816
58730
49245
59960
12580
52518
49548
21926
32801
14425
6845
10342
31900
5520
16867
52405
11450
59132
59700
6867
12973
64434
21558
8812
64926
53639
25127
1860
37103
3111
9727
61324
28654
62271
50217
32516
939
19255
38503
38296
49000
58113
41728
53939
61208
50627
15303
63384
26435
25252
2541
54360
25592
28411
45890
50353
15450
32196
40070
38882
29056
56817
57171
8106
12047
45254
8469
2830
50758
55847
31630
51283
20640
54903
19910
29074
19095
4890
64440
18313
8463
25636
3250
64632
30127
57191
17389
40649
6153
32664
25073
9880
17858
19825
34973
9272
54301
19292
26209
32489
56761
16875
60749
8162
49827
28662
55099
20517
655
26545
46278
36586
60991
16500
41494
35535
29149
60306
22530
9873
54482
54741
48201
42439
22078
18494
64446
10940
26310
8503
49981
9587
30934
32085
22495
35952
52311
29559
55598
2961
24154
58763
6826
51173
32553
16173
44436
56524
20527
63671
13258
12205
58626
19384
20383
1789
22578
55419
17999
54404
3971
44287
57793
35942
1320
27493
31724
21595
54835
23967
32366
34484
32366
28878
29056
56282
6412
17282
15916
3511
1787
20251
31830
45677
58703
6921
7871
13299
65033
50230
25408
14483
33053
36089
61894
30055
65492
53222
60797
63665
15215
14220
51583
17969
50595
47910
13858
40993
14221
62005
59837
24213
2849
7280
21930
21619
11512
26779
1875
38864
34426
26664
50083
11424
8351
2439
23909
35446
41045
22512
5214
9050
59141
57161
52222
55804
39342
16052
20782
36247
45519
13082
58918
35501
3978
50545
13237
11077
54795
6895
7004
29250
62830
35247
33380
22102
22030
10063
55835
20264
13021
1733
56222
61050
7568
28912
24407
45411
40781
30549
30901
9574
35853
34032
48927
41240
27154
37517
38429
1467
44205
14226
26345
9894
44822
55915
7271
49178
29855
36331
52423
61737
23762
31536
56817
22289
38631
52958
39523
19764
54881
54730
20819
52807
7944
60355
55378
6246
5254
15646
27347
43160
2235
45193
37168
32916
49148
18470
42491
64492
43593
20214
28275
46324
44252
21939
39152
23113
26437
3893
9548
2396
25025
25742
43117
18744
30175
64523
41256
41154
47632
64539
43895
19060
33881
25326
57367
29681
39202
43131
54545
16837
28353
7191
17362
33901
63649
54926
14708
51605
44557
40686
10722
46279
54312
46872
27333
19016
44541
31917
18847
43883
13349
57274
37267
45278
32464
63504
39952
45072
37794
27420
5579
10740
32957
36315
49362
64764
35609
20236
48231
4145
2082
19271
21552
55762
50551
48861
57204
20742
56157
27781
262
35381
47708
23183
53124
30339
58110
48265
5069
32934
9846
740
55941
50539
29983
52497
39627
53493
51422
57702
36831
40049
59126
14177
46091
169
46271
37278
12062
30403
39424
50213
38099
10416
53810
46001
37027
50289
6304
17881
11986
18098
240
64539
35068
52082
44107
34239
44666
18787
38204
31271
41055
29117
31618
23782
49139
43957
52954
4156
29692
34386
36104
10502
35318
49209
24206
22668
31576
3388
44821
32777
61418
54352
62108
16824
32472
5219
33069
20307
23857
28384
13566
55278
15391
58896
4349
29056
15558
38830
38621
34802
6751
52471
43848
61071
8532
43717
56291
15304
12617
25061
39957
40555
18236
12792
45045
17545
32435
4835
50365
41039
2284
33211
21884
61958
595
56913
10011
64441
16772
53221
52693
8059
52314
48773
12663
51184
9985
3543
10235
44711
2024
43646
6264
50342
30081
20903
268
43587
56753
3282
21981
5812
62497
46939
279
64355
63286
15302
12082
32857
8119
59509
40047
54277
15983
32682
28466
55206
21866
38455
47194
34716
22762
25985
64014
55059
49458
30808
14237
20515
12507
31160
38943
33102
61581
2752
30130
42150
22755
18312
38989
56276
42760
246
808
59023
20612
25725
40943
42640
25916
30558
11578
23449
58007
24914
3606
2604
1436
61205
48253
24129
10683
50433
14086
16712
45139
56169
25487
19706
47301
13863
12394
28721
50010
12189
18320
7863
9723
3659
21901
51472
11660
55232
64278
47336
52336
41691
44108
23225
56032
58884
43048
61039
39063
46446
35800
48046
10596
48477
23369
30368
20953
505
25406
5383
18549
32768
39744
65503
57965
40542
28296
18812
57014
60301
51702
35199
44937
64283
38894
54176
32804
23755
63696
22741
33947
20810
15682
61126
15575
35261
61281
34442
64059
13583
13839
41138
16814
38908
60142
17273
15300
8657
25623
22057
63249
58664
19499
63887
30470
50277
3122
8215
27878
46386
36089
53575
64092
38356
12387
16728
28232
243
31766
16991
7622
62588
268
33982
15837
63353
36954
54841
57301
41041
41400
60970
29992
35716
48013
1030
61869
24537
45943
57337
26094
52623
39903
38557
57927
4682
50767
27022
27325
58
54711
5556
36297
46518
13237
11889
37234
8184
17921
16944
41985
9284
58680
35974
29791
40284
60549
40234
12126
30114
43573
61838
61945
31832
8319
25751
414
27690
1084
51533
50247
8905
48461
54964
15441
18204
22149
52485
17412
43265
3925
50186
62426
5988
35465
59769
27064
49489
50647
45912
16884
10040
158
27571
58593
48313
56713
27166
41271
40865
29633
17214
29406
60212
31007
22439
17005
37273
3504
43163
63840
43144
61324
62053
54037
32484
25827
18157
36830
24334
16016
25643
26464
44271
30151
34996
15335
11469
32902
43700
9222
41606
44016
56799
17066
44025
30191
27506
52705
39263
56872
61985
62335
39262
63431
3282
12168
5881
18312
55815
4702
9990
23052
11351
64906
8322
49973
64311
10317
29620
40950
42949
49353
6802
28198
7817
49194
54701
22140
13
14684
3487
7968
38923
45494
52391
49391
37719
64236
49841
31011
12275
15798
32
52882
36409
33939
51469
63615
5885
20383
27249
52950
60045
15366
45644
49494
26819
49006
1505
42313
53322
6855
49434
41222
52050
21561
50844
25033
18775
45120
53264
43637
7474
45495
26610
65490
29084
28143
64957
62570
57029
27846
53129
59384
41386
15014
54429
26265
47845
58024
24476
62
683
57598
18913
62884
44945
31514
46911
11979
32578
9568
1992
31333
22331
57352
51456
31269
13211
43396
20667
41434
39211
17197
55433
20889
49970
58705
37168
17177
25139
22701
40608
62153
29936
1142
2525
61856
16700
2492
48288
47554
64459
54571
29445
52928
43952
57523
27123
35772
28712
9384
10477
44373
48824
35659
19877
12197
59617
5674
15270
33238
26805
59495
33273
19482
26621
8654
47633
10487
14953
46107
43096
45508
5293
46861
36367
2586
28385
28660
41564
44520
8837
57224
31612
23508
38926
25052
42971
23875
27452
16427
40908
26534
11167
23096
50908
4932
43073
32424
6147
11728
27393
36964
52843
40537
5580
17752
56891
60712
57100
17551
28214
31271
22680
12823
5384
35019
55571
23885
49268
7279
55
50205
56859
54476
55907
34860
17579
11866
10630
19932
26449
16425
18477
59744
19333
44705
16698
53738
44218
28526
45044
41604
20905
35270
18904
64363
15933
18904
7084
29972
9239
3995
51071
41222
21423
13908
10741
59129
34859
38380
25603
14579
6095
1163
42340
63361
42506
29799
36578
11915
96
30849
17692
27958
2078
7483
31280
30094
39946
37732
8328
11595
38155
26047
2808
55062
56655
60607
29655
64926
28876
22897
1459
54867
9466
42586
46339
820
44783
34696
7048
24281
15474
41595
32812
32274
39829
43474
7454
24132
64565
37984
31128
26123
32444
54571
49323
64223
34327
22297
51241
4436
45150
40463
22318
27056
54166
9866
9667
25867
11802
45048
35434
52249
43791
11685
38834
52660
37845
42833
28752
47668
36651
43971
48871
35873
24797
32481
58534
11726
7091
23695
41742
16334
45321
25819
50212
26677
63615
35065
22788
10760
41047
7379
56475
63244
49018
4573
5022
34852
65146
43065
13327
5511
31478
18715
4656
63655
48306
9790
2104
19942
57662
13616
36843
21885
47009
24245
38883
37837
64414
11226
17416
64606
52313
19846
14155
50634
36156
39870
10159
43586
36554
36873
26024
24358
23827
40359
60636
41475
43875
2370
24632
11278
52468
42217
32601
35243
27002
26912
7610
49682
30620
47182
58088
22775
24280
9767
48056
50911
25178
43190
24824
8436
4396
57801
3924
53123
65478
1374
55111
5310
40404
21014
45919
33627
25769
22006
47779
36835
32567
60950
7481
64956
26352
35622
1968
1372
5175
15430
64597
35939
4372
64888
41020
38525
21382
15502
33370
65409
57690
44246
39732
36851
24511
121
5749
48416
12218
33290
17027
42191
18491
13177
34766
44002
2870
37399
26368
17490
64114
10065
18622
31466
51294
13366
26089
64105
55502
34604
5395
13908
17793
52765
33032
39892
63799
49576
50974
51039
21847
64944
64516
57009
51398
47306
14901
46084
61960
1702
24342
2144
30323
16395
32364
24443
53370
20152
29232
18107
24273
28725
54249
14603
43764
3157
52925
36215
51464
54316
63420
43862
53013
21498
11139
37198
4175
40450
32311
30703
18523
5263
64220
9246
6059
20154
50646
53003
43930
56160
63259
30517
21844
4170
12737
44522
9459
53069
42253
19755
27632
55744
1021
34929
30997
40614
42528
27592
7736
19679
52736
8201
6089
26146
52916
34167
54063
28636
43913
52374
13063
31028
37136
9027
36176
5086
17529
61542
35896
20687
2487
17914
40451
25824
23247
15642
50825
58454
48332
22356
31243
14179
3784
33622
57992
59609
20170
42885
18782
15084
23478
1430
55589
48289
14085
7011
10293
6082
26505
3843
33177
53224
10162
60686
64321
7006
2612
14514
59711
40027
53297
14981
10289
4033
5780
55358
43539
61310
8751
48549
31329
47186
39789
17021
38150
22265
7756
54551
1303
62440
24642
5923
64030
53852
57236
7935
7013
65436
55136
60355
57698
33345
34239
4433
46356
58004
25328
54340
58822
47019
53475
21401
50951
63173
6741
47075
50767
52501
13572
45315
22794
47920
9141
33693
56357
4057
55596
55410
25750
62023
1309
36925
52026
32702
45022
5559
4730
51923
2912
52088
20945
14560
37682
42909
63356
65351
4170
11436
56284
40412
64192
12745
47369
26805
51131
15227
26320
6252
52343
42514
51620
24286
8121
12467
56607
27292
34482
1391
23375
10763
8759
17914
45813
8417
42416
63774
5406
33989
56435
6717
58801
30931
3008
31661
13304
49208
35539
18353
16608
47175
41416
7939
21784
63804
43220
7509
36972
53075
2603
23976
22309
48413
28422
21618
28540
56788
26899
34480
61806
29905
27582
16625
39194
53157
3591
11312
64282
64415
48401
27251
48599
14000
3696
30925
40836
60953
49848
29156
37066
35176
49933
50983
13800
1945
53346
4246
34889
2502
22798
11290
14737
18971
15741
61754
64967
44970
4513
15537
27085
19352
32732
39110
24842
178
60355
55353
21261
26498
13225
65458
30281
56503
25842
39604
23407
48381
46608
8066
65170
28901
22046
55211
14370
50398
44468
29790
12029
62682
5674
49312
19756
29095
18520
6853
2544
54437
25331
40939
54890
44937
61593
27998
12008
32374
54353
60391
13126
62064
2992
16986
52758
58012
26735
25149
49432
31662
39718
766
21415
18086
275
26551
17444
4873
33688
18100
23227
11236
64592
13357
28975
58599
49896
2126
55946
57006
12327
41724
63761
39002
2347
10880
50790
5607
61893
18599
60746
42740
16538
20491
37937
28101
5175
27094
49707
24992
48372
23029
36521
46206
55934
61673
25951
59846
37071
29706
45293
31771
11555
2094
15706
52561
42816
24601
35656
30961
35431
32578
57200
37405
22618
47430
34578
61092
53236
59868
28593
21509
41866
23313
61400
4988
10143
60085
56033
30777
19145
64087
17363
33848
51722
63575
16382
30918
23761
14501
39276
22508
27548
13397
33284
28012
22395
37855
50973
32224
16148
35340
43919
39814
54103
25876
31743
21943
19831
30927
49002
12589
12518
36517
44243
2492
50133
49030
40653
42706
26928
23347
22964
44223
53821
16317
14742
17000
131
18141
29362
58308
51878
34487
39599
53846
26593
4150
14136
20196
30838
15623
5849
26503
63358
12974
47843
37653
63695
6794
5267
31742
13112
32742
28793
53117
61486
14208
26324
10690
37577
54696
18420
28634
42183
10677
3461
41027
61575
51831
63711
59597
63733
13980
14617
29458
10715
43425
7871
8161
8920
3191
48902
31919
13576
1256
31019
27363
48926
39732
33378
22877
33413
35792
22229
30911
51720
24479
49237
5666
8276
23645
38821
59436
56483
9473
64306
10669
49307
23528
35091
53861
2295
40146
22483
18085
206
21382
28881
40500
25595
32335
42958
2849
29145
59186
38521
45618
40430
1814
62959
55215
19003
36217
9389
20097
59168
48202
19752
14206
49652
28379
5448
43501
47767
11597
25114
1484
441
17984
41285
7606
58258
17619
1939
846
10799
55670
3912
10367
5886
50716
21760
14282
29070
50205
51572
22460
25541
14851
37304
5983
10662
40268
33849
63383
17800
14698
62291
17429
31488
26080
56501
40820
47087
35416
638
52150
41613
59860
41993
8854
55377
26803
24342
54185
25769
48220
13770
5512
56282
48515
11939
48341
20493
61388
56828
29851
50956
62214
8379
53904
63890
34381
63453
56194
53347
7638
22568
58855
27928
41299
36090
49520
34835
40452
21038
27560
40816
12445
62173
64301
9971
2931
27112
44708
53685
55126
59277
16664
40984
31206
55677
44221
26583
58244
55882
38439
15709
11059
55785
62063
63361
37910
22940
23481
38265
23041
31965
8960
8560
24111
14629
45631
18920
26622
22375
1807
46224
59636
7775
34121
3427
64255
14596
38472
9582
60221
40429
13540
22808
35081
30324
39198
48990
3644
64600
57776
41931
46809
50722
57668
28707
38813
32093
8626
20980
14145
39715
3481
59632
18942
47367
53979
60621
56096
52476
43069
16060
21628
3918
8543
40377
58605
47119
23464
25979
12032
34556
13940
39759
52389
350
65257
23256
40836
22901
42136
37130
15124
40645
18304
54016
20802
18055
32709
4352
14746
32372
27395
50020
11607
2848
20765
20255
17525
64387
423
17570
62623
64101
10962
28687
25429
17000
2250
26031
18193
59524
34021
42827
35642
22120
59638
123
42401
56978
17245
45251
58273
38886
9263
49850
26801
18830
22714
119
20796
54837
1375
43242
35741
7033
29848
10975
17037
6379
31258
52509
61941
22626
29457
38198
5321
15609
41476
44335
16899
19778
40590
14776
10395
47688
34997
15745
7102
25703
61820
47447
47482
49192
35074
44107
25712
4524
44421
57440
19304
52894
30106
51839
20435
64075
10960
3389
14916
15911
46629
40485
20885
14625
33930
44366
30478
34438
36004
59659
33420
41382
44406
6457
31141
24207
33565
50334
45533
52944
57273
50605
51526
45686
50529
31342
19298
39222
3979
38638
28415
6551
43716
42638
17571
55676
5165
13768
61969
26917
11936
52645
7714
8404
53204
59112
57033
60703
59661
58790
22277
48524
11233
12165
23473
1900
18994
23919
58398
47515
19716
30688
53533
17597
26159
14976
1455
51721
28531
7370
63270
3522
63246
13615
59660
17833
61218
50712
58081
54584
60398
29515
62390
12251
46677
28718
51933
28538
1015
47336
58907
24319
5612
29489
65399
18543
29906
46928
1998
3178
2591
34186
7827
22641
63074
24745
9850
3839
64130
60833
65297
46355
16599
42081
53384
63761
22025
30673
20495
48705
43674
25237
19713
354
16131
59039
37804
26080
60900
31897
10263
36565
3298
51244
10916
19921
13089
30667
11006
18384
32360
37705
36818
50250
6429
63190
11068
9224
58220
61624
19389
30342
41856
51080
1610
38837
2902
14876
53580
54772
23574
13041
14071
57395
49331
64334
57040
57199
20221
18439
34825
47973
19141
21146
58401
36369
64074
13458
27904
22143
62909
53966
27941
36116
1687
32488
27131
609
17181
57814
14771
55362
48638
61095
19838
51660
52224
53809
59442
35496
51982
38873
19516
55778
41413
65012
39288
42677
62325
30377
24169
19136
51483
24625
59162
5826
29385
21838
38584
64753
57847
33944
4111
43912
44194
21578
22776
17
31390
7014
38461
13624
12560
53887
47647
65100
10040
49929
31648
22475
19880
46744
58829
17744
8908
33153
53102
1570
58325
31125
27580
58247
33797
42793
27001
22487
54615
35636
20703
36410
55015
6290
57128
49240
62725
20593
7374
64360
52747
7423
15215
33034
8239
41016
53375
18498
29913
50427
41797
19474
35417
39005
37822
48092
4812
33140
29139
14112
52491
7171
12192
49001
63272
8528
38996
5630
61319
62099
29010
40643
37782
49907
26093
27580
60678
10202
59261
51907
49003
18101
65394
57248
38314
34368
48626
17971
8881
20178
14966
11567
17248
11767
44853
47019
16717
12612
55870
55633
34508
36163
5628
52469
6586
1262
196
16511
3582
18514
55210
54358
37687
17468
35140
44897
18179
30030
32642
46760
47922
63616
60124
33669
15338
50154
22018
51091
45584
18149
19116
15087
1793
34917
23998
54936
11018
42767
38621
45269
44554
616
29107
22159
41413
6117
45951
43501
49391
17904
27684
15893
21940
58250
56224
10933
49668
44495
36211
42627
41349
28879
43025
59561
27612
58913
48992
54076
38500
63068
54627
53519
56338
18754
50787
301
61371
15616
36171
42564
63361
63110
16286
37671
19743
58022
23359
48093
56201
21746
60581
25640
38290
53488
48704
56091
33850
63471
58934
19431
64497
33779
22610
25054
23938
11985
65457
39479
5711
61488
46311
52810
12767
54733
59142
44203
51906
52344
64845
59355
33464
19062
30629
52513
9040
15954
63636
50745
58361
14313
27144
54919
12965
24923
5843
26655
2532
42587
30030
8349
57320
53857
3644
37857
23222
34432
29397
49712
7001
55163
51251
9506
60412
32997
38377
19083
54060
26107
6936
3567
10358
48308
40076
59352
40510
21350
21001
48635
1054
27180
46192
45786
16233
1026
64211
33868
61760
47849
16314
22914
58480
23263
34189
46189
10006
44899
58553
15861
23468
12642
36876
3077
58113
3844
31442
10647
59531
16238
35269
54003
40884
3198
48652
52275
52504
33798
44205
53026
52609
62188
40534
28277
41103
36857
17874
39196
30775
53879
22957
55893
51064
3519
23303
29616
16588
44282
50473
35603
30095
53142
20906
65130
45624
41422
54801
42576
37794
37759
62946
6053
61053
50386
28380
44045
57900
27677
23130
52642
60482
28811
65065
16194
34366
5444
46423
5120
6014
41328
40764
40315
45667
61841
4560
51651
34937
22334
61797
23845
2456
37865
29959
17810
59063
21623
35450
48059
45553
20714
47882
60973
50116
36197
57914
9773
42880
36411
52982
58079
14376
27899
840
53704
54363
43317
21500
30855
52166
16099
43511
12146
32152
32273
1183
33062
2798
14950
60531
65009
36743
10792
28065
35406
13056
31030
30953
28799
45222
9269
21884
10840
50027
26952
11321
38311
27996
23115
11388
29050
44698
53144
51596
45362
42804
47822
40357
34523
26905
61499
38879
24998
8721
37612
4072
55787
6681
3009
50094
26957
3118
5579
3931
45827
41950
18269
20024
19811
21954
6707
23621
37404
63813
8699
59517
32610
56623
32329
10374
48903
24601
62527
64341
8496
48229
65161
35830
4113
43943
59831
18986
465
59571
25259
13486
45740
35870
60303
51978
64710
55682
52347
20087
41675
15253
33087
39264
59402
27974
31255
4098
16481
33320
31624
22832
47246
32607
17841
16372
32110
20939
63271
44170
58894
26346
38107
61329
12609
54241
10630
22687
42380
24898
44304
15615
2472
63262
12601
49590
10339
8785
58027
12557
42990
15834
15035
10491
20066
45228
21817
43033
58004
53396
53602
47625
56104
63014
30747
27996
4114
42137
47554
64131
36183
53924
16447
37866
17020
37160
16089
58882
23209
416
14021
28289
20415
61268
54363
9627
65420
18914
23531
62963
63647
62993
37482
29757
59085
6816
38408
8702
14998
6628
39304
48938
23787
3519
63543
65235
2589
35462
34416
58897
44191
52102
31843
40014
29565
52968
60553
3434
61285
29944
57333
31316
46201
53601
52767
26920
62735
64390
26669
35683
4360
40204
35117
42615
46801
1791
16432
15664
28102
1499
2090
48709
29029
56947
11338
27534
44756
47940
41698
9729
54357
36382
64562
26230
55227
33160
1052
26144
17847
15662
65361
28063
54530
41286
40815
64214
58877
25891
40515
20202
26035
65383
46792
58794
9262
65434
1289
21593
39315
47545
26092
3886
30779
32531
38730
40521
27055
40655
7294
51242
48789
28844
64300
55624
25244
41050
47019
271
8529
8977
18816
4812
972
35994
60407
32254
6110
51820
36679
13162
37508
52201
41108
61298
63967
40852
54354
59481
52703
37521
26363
39790
15191
46647
59933
30674
44642
322
40281
55687
45963
58866
40115
25760
54841
64147
24079
2318
51947
62331
6691
35197
9258
35902
18971
55697
45905
61011
39946
6777
5463
38112
54985
36903
63862
52108
61374
58444
45592
63640
60858
37590
28649
62839
50706
27801
16438
11685
30617
44893
33116
20340
21987
57546
45149
3876
10334
12731
60579
49550
19050
30403
23350
3280
46525
20650
53823
31665
34250
64472
54474
29429
1612
15097
30307
43248
43946
8748
2903
24561
55918
61105
51095
9434
40372
55157
23842
58522
48953
11670
59272
20955
19956
31589
12775
52302
56983
43249
57003
64642
33689
13094
10352
22752
56350
25391
65445
45641
14667
63012
18352
13496
31391
52417
43371
58600
60933
40451
64529
55670
62050
40883
41821
32205
51164
20807
25625
27822
29569
46584
15912
15425
29442
2569
18993
65357
38778
18773
35618
26619
14686
21599
33718
18961
3781
56089
24273
34097
31458
36385
5352
9287
37739
13216
29449
27306
61345
47529
43938
58607
2516
10833
516
20609
21770
22373
9574
35001
1897
12276
17592
9028
55087
4969
43642
5883
65408
528
43757
43184
46570
24214
56252
58367
19594
11208
46716
22687
29631
7039
612
11654
31491
3375
14141
40087
48257
58822
24947
45853
20660
8103
63966
62331
20766
58592
58810
65193
59494
2023
2750
35115
53240
41264
44242
64785
48330
52208
14971
36664
64252
65281
60590
53352
53308
3147
44179
58424
27342
62982
62032
15123
6755
28943
4637
48839
55919
19554
5338
7559
906
33757
46467
55281
5685
41013
58890
45911
19095
9253
63905
8786
28761
7863
32146
14186
41315
3987
8303
20105
19324
46497
3525
52772
58928
59348
38122
32578
4474
47664
45636
63717
20273
60671
40469
51979
9967
36024
53792
47984
1080
43898
28742
51627
36864
29770
40289
36050
36029
32731
10102
63799
59937
4443
64060
41732
62130
1445
40325
18909
12609
36337
40828
7307
48129
57739
23798
6150
25285
49824
60177
51472
63791
36436
6277
50320
63787
50280
33639
24925
33594
59951
3953
30013
6059
55468
26713
29686
60994
52300
44752
43824
55210
31670
27984
64965
8052
59237
64361
17120
22117
19501
58231
49847
33266
48767
13942
20008
46391
9454
12176
25023
32564
22970
51246
18159
7972
31113
28752
6038
9213
17870
52520
38076
8277
35320
5237
48165
1671
9995
34188
47652
48240
25741
30955
24558
47717
5515
32139
64238
42025
54372
23843
65342
43074
44765
62700
38632
13690
53967
32914
43128
34206
4305
4628
65416
23504
27616
9029
56247
35616
53704
31838
37148
10977
244
18949
6404
11375
19855
39349
44813
14620
63136
45739
62916
33557
13656
1386
63447
49272
192
20679
51356
3044
62690
32282
41575
25562
55606
45271
62837
20186
36327
60993
34743
59496
17857
49474
50553
52910
58501
18774
10788
20854
34507
14769
50438
26418
12276
31939
34647
57434
34317
26092
12899
58850
19773
58986
28733
32747
55158
45600
57484
38699
7961
26844
5714
14324
15755
13799
46418
59644
47621
8654
49736
28616
45899
27957
63759
16354
5395
30660
10649
41076
39558
35185
37530
59250
31633
44472
27807
30127
4517
49112
39704
16636
56928
15036
59081
56292
16247
46349
23922
6522
20545
15292
60493
9340
20935
40186
61558
12205
42937
37824
44889
25995
61475
52484
51134
64976
58168
15948
36070
8519
9104
37101
6000
9304
17787
16587
6571
38623
33169
34794
41123
24800
121
20486
29537
39314
58298
63355
37507
46753
20407
61543
1435
34233
49962
22114
21470
19545
62975
44108
34515
4896
3661
15417
41946
54729
33401
62473
40392
12222
54311
23037
41006
36810
21319
54661
4388
13830
27901
7050
64228
7692
60935
48827
26228
10162
64479
34915
24479
19800
20183
12358
12659
29618
17680
32482
51099
42948
47574
49361
17749
18891
2948
312
26219
13569
4017
39527
14354
59753
42099
57670
49532
31224
39018
16299
2012
58062
5827
664
37747
39502
4431
50371
39166
26240
27573
26938
16048
18068
7355
10617
61429
37941
61095
24632
5260
57432
35323
65513
28867
22556
556
21414
23089
18057
11743
46490
26112
47280
19536
50465
48011
42799
55087
32413
31763
51294
29472
44748
41189
45548
19893
8407
1715
32758
51085
32033
48651
31611
53339
12272
37511
57886
60118
54884
54503
35943
46699
22927
22080
51659
17466
50432
31508
31404
36150
21323
15269
61143
6677
37241
8461
57784
23051
41278
28536
5761
12932
3032
6692
3539
39322
53267
26225
17847
53522
45392
35387
17435
7699
19935
26250
30665
46275
18901
19011
4774
50151
10894
54734
22024
43367
39243
62651
63709
17643
34465
34724
11797
35791
12156
55718
23527
32538
53870
5108
22502
11191
64982
513
24146
9663
23386
18413
28857
57727
14247
36936
24644
38484
35937
17537
3231
34477
42700
14474
46418
35896
19555
65441
62561
25394
34369
50040
22751
10015
15653
7312
52249
45042
23672
33684
31717
10771
40498
13225
7682
486
22081
28757
48610
46704
35005
30050
35828
50511
29165
27280
49857
42112
45979
51278
32164
44074
59175
32931
49411
11638
64878
60217
13489
868
58989
60678
46849
38280
57064
59143
39190
38486
22286
47948
42425
17777
44920
17083
30090
13876
15046
36498
53470
29916
38963
48749
4212
28575
36663
25704
6043
23634
42150
49166
47870
46912
62569
44459
63344
52328
10553
53894
23458
43572
46267
28599
56283
58648
44533
12597
41404
8500
60404
17872
23993
31115
51412
43797
31086
61222
20920
19224
47303
50207
6723
64733
11398
53352
9111
46232
44891
55376
57815
20353
8987
20234
55198
750
18247
49741
17859
53277
31963
10929
44335
5671
65078
61713
49779
59889
37184
23485
54674
37742
59041
16076
29069
49118
18681
48104
13373
35089
39001
7391
19616
24801
16032
21370
22700
3602
47019
16046
7695
33457
22195
39400
45848
41768
22623
62632
53523
8692
15716
63435
14608
25135
49713
46400
35891
30042
51836
640
34740
21107
26002
8310
56061
63673
1403
22046
12263
43370
10142
6445
21229
62552
10972
30212
5667
56210
48291
24106
799
32325
26853
25943
29035
42711
7162
28398
27230
35929
31816
46767
15958
48529
55929
14874
52763
7249
59680
61372
28606
14579
62878
47808
47145
61404
29329
59493
65291
62198
49088
48250
25686
6034
43212
62341
5291
21731
44760
5659
63420
53653
22377
34995
44743
31398
33689
18788
32959
50149
8030
39225
59999
48249
22237
6193
43665
4654
8039
53968
8
37158
38440
65009
40661
43408
29324
17052
42927
36973
32723
45114
37443
4939
23181
32070
24021
35787
61341
15186
35103
17106
60523
30463
63466
17629
25214
23938
52116
23624
1618
49525
55297
33361
58079
6746
4182
26806
22028
57017
48455
4132
41215
61882
48944
63305
7848
18874
61550
29506
60407
55437
1258
39196
18361
36233
63987
53846
58000
2039
15077
27355
36087
12763
43157
57348
51617
58178
20434
44533
12696
43421
34334
58443
7717
52770
47316
52533
40390
20550
6409
17642
4648
15382
10357
41111
37703
48053
37324
59063
34389
6137
33711
82
51155
19636
51289
48319
63655
56767
9655
12503
30348
60952
35564
8212
8784
56754
11650
36946
21728
35720
26165
33226
3925
20419
1794
18324
17850
29459
15770
15672
48818
34534
51892
48053
62397
55490
9517
54346
55834
32062
33931
49660
52328
49049
45219
65467
59961
25589
42459
8060
28855
26008
62446
46080
57315
14797
32084
63586
12618
1185
21906
19550
51847
32556
13859
54070
52693
31663
46898
32379
62152
2342
22764
46879
5255
4597
6969
14363
20321
24380
54938
47296
17078
60410
42824
8404
3985
49961
56414
47631
37155
28423
29512
45047
4734
58028
41207
12307
64027
1251
51864
43661
4404
34676
47348
54129
14469
1021
10486
21547
57969
49622
22256
10593
5502
22977
53541
39610
52503
8202
45944
32435
14579
64531
17322
11350
56993
57423
54143
34470
7057
35897
1998
3678
25671
42155
26579
33072
60273
32356
62387
49660
21747
40882
18830
30804
35248
34007
19120
39965
26280
2958
5258
8788
29668
46598
26969
17750
16267
32054
13289
51963
23922
40838
15300
40997
17189
38323
14646
35359
40527
25953
42170
13791
59281
20370
64556
46214
54257
31266
30120
28350
5333
51794
15766
13889
1566
64910
40917
36993
12267
48457
58426
64073
48421
43556
42159
24734
53910
4944
12525
50520
26349
5267
13777
7126
29999
54318
63927
48342
63036
11122
10365
37958
11253
15723
1858
35218
23590
19614
26196
49511
40496
30898
10394
53869
28117
37486
8046
16333
37840
7943
50206
13368
7528
33623
56742
49445
50043
7469
5072
3390
31253
43701
39371
12207
55831
20851
51508
35320
53342
4946
19063
7758
11738
16764
33590
56393
51288
10609
4046
29848
1536
54835
52437
21112
24809
44270
27452
5374
49912
33716
52407
51229
7162
32668
15993
34508
48317
35201
41166
15998
5122
43021
12613
9264
38127
17744
50118
59187
34084
55374
65527
6387
49743
61311
53549
1593
5495
17668
36098
33146
20222
7793
40756
34097
23343
63998
41176
25859
20892
62513
64063
3637
56368
29303
60533
42242
51390
12301
31679
5535
32395
30733
58494
9478
55180
32024
6842
22338
52346
47352
18009
30779
13454
61233
9398
37453
24314
7339
42833
39051
48470
16924
45998
22898
65341
39142
36737
34338
59143
49606
18249
33427
7325
36939
28725
49351
5410
20575
25059
13631
15898
50823
704
11564
26540
52656
55479
55008
43847
52953
59122
25963
21894
6390
28714
27485
6705
30393
1781
64440
24879
16102
47884
60196
32144
34202
10387
24313
48898
11481
43060
20135
20996
47655
34592
57114
12779
43194
52196
19906
13424
2565
44678
38392
58888
51487
21160
39170
4437
55063
60389
37885
7735
39833
41253
45607
54221
38747
13632
502
47498
41271
14691
57196
63537
37985
51144
25287
38824
21044
32029
59469
41170
54582
26452
62879
18421
42710
4303
5431
18896
33076
43696
39506
15748
64570
18016
50118
27741
54865
42441
29124
13524
55227
14116
38415
3518
17268
46402
18341
47174
7656
7827
59122
62945
53660
1702
14200
1159
7185
7284
25644
850
34228
18171
51877
16587
64740
60778
37911
20642
46878
7098
61630
48472
21015
252
56198
9092
54170
8489
49299
5701
3050
13236
62909
5615
59742
53021
51652
51478
59839
28990
10898
44851
53110
27672
51919
13993
50322
20085
32748
16348
36372
30457
36533
50646
34731
2355
13290
58402
3919
50609
54084
4752
59226
44960
59672
38425
4025
28211
5070
47315
23377
51192
23037
1026
26409
41955
64929
13983
34389
37502
24938
56987
53772
19617
7659
44976
31034
52064
61293
40442
63239
41892
59937
21478
14585
38615
41526
22640
53325
43664
25316
63350
42731
47425
7203
61604
51108
11031
9413
64157
20314
51076
44702
31161
14209
25438
28641
18270
26234
39735
59205
3925
1970
37714
28897
47848
18367
37273
18534
49741
48070
3881
39992
31829
44315
58351
5673
49843
63232
27944
53558
33242
63220
46565
40144
34369
56787
48792
19424
31645
28571
37538
19138
46157
16153
310
14668
62247
5690
425
28830
10438
24998
29332
20775
38937
36945
2200
53197
2026
63607
19380
24973
19669
8804
36550
47128
63075
38188
6158
38858
65453
17928
13598
25290
16340
12085
662
26994
16216
51932
1101
5011
13941
59470
59167
30593
12751
17642
8163
42705
47777
45483
54284
5118
20249
20231
52626
58498
34696
55696
30379
53305
32327
52437
48517
45391
62313
6501
31488
45316
48850
32171
20299
58935
13917
53424
44489
44513
27358
23266
46293
1410
11526
19477
14919
60004
32060
1078
52629
31915
49135
42609
57509
57121
60419
55816
10771
6895
13375
64324
2081
56681
15607
5828
26778
23846
2295
28358
30736
30715
9266
57629
34463
43903
47877
43562
56948
65460
64270
34301
20086
6866
32419
22350
27768
29704
9474
62826
45055
61105
53577
48539
45805
28492
58702
39927
37615
28996
49021
52502
26711
513
38678
4172
31254
9387
38033
53885
61903
37683
31691
45339
49086
34239
2069
23519
60426
55597
39849
8394
30022
54771
7983
1865
12861
22066
21662
51783
16231
46009
26264
13821
11876
49930
9230
23233
6575
50020
981
56054
4761
9231
63178
17703
23993
45918
32693
38858
33739
14559
39356
26408
65519
26342
40324
60728
63616
59892
31182
34165
25298
63857
30114
26898
41060
24897
30868
36732
27328
26274
52246
45631
8243
61511
24966
5385
29044
48079
15421
18176
57668
3450
2470
12834
13163
31331
22749
15403
3362
62393
5431
57043
43860
60437
39484
2497
56429
51173
32032
61547
60313
42085
44558
19510
38672
17495
26777
36496
36314
5115
50791
36025
61959
12828
36564
10139
28226
51495
34105
64602
22328
11138
49410
46132
58234
45640
42711
53199
34122
36832
25623
48511
35182
7587
19345
64273
41108
16678
60526
2509
7666
34707
42102
29462
53471
2617
21097
56179
51692
40980
38499
43162
35720
8653
43078
27128
59173
38152
27121
13974
59840
25424
27318
46397
62762
30544
300
4866
61026
47835
4589
37132
31971
2213
26234
64092
45035
48531
5250
50550
36507
50591
65503
28349
22232
44727
16024
30383
47442
14202
2626
60002
12654
17963
21566
48947
16836
8201
56173
43653
2234
7699
26579
37777
48500
16816
30172
16525
38943
53421
41450
15727
23014
60240
5350
50235
55324
36159
24062
34690
20707
12331
711
7390
17459
63455
61819
49178
23109
41369
55022
25548
18928
23129
62983
37200
9824
28729
24119
7391
64460
11031
4797
20940
42365
52421
60997
57706
20229
31979
13899
36931
35303
16237
41866
13543
43229
53530
29006
10298
29398
44496
20336
36884
35674
31245
28226
43087
27059
33634
1878
14684
30099
9212
646
2636
37074
18646
5099
62935
43493
56421
29475
43319
41757
62238
16581
39782
17853
54428
39765
42791
17610
61832
4175
9944
20097
21516
30967
13411
24754
2549
36601
57515
59315
11500
41369
22689
59968
3846
36923
54984
34191
53907
20553
50729
22438
7064
36679
57373
10374
19553
25165
49976
7676
14186
9269
4837
64939
64820
47631
29075
57087
44264
47045
791
35216
38149
28243
47961
19245
7543
42566
53940
24871
36687
64185
64102
21108
2391
5867
6061
2795
62105
15661
38636
37217
24977
63102
30281
39746
28005
15241
39388
25814
27982
39994
31977
19438
21242
26725
8597
13072
6650
15336
33986
49621
22783
32142
3764
6720
15594
9701
56492
11193
12088
35736
17444
33735
28222
27487
4165
2627
29299
52089
13712
51410
6860
32861
21046
14792
60019
56782
64361
46700
15622
41972
30595
69
61766
15613
22590
31835
53552
36109
21652
36555
7243
42694
27863
46015
20476
49802
59491
57702
26461
55665
2318
62244
12128
4376
7940
48688
4873
51101
2074
60467
11162
15052
38279
51775
58232
60102
34345
29132
57096
54587
3323
20035
24484
4508
15809
10054
32134
11100
25715
27992
10776
58228
34897
65447
39243
9486
24641
50732
30051
5985
53853
43805
14935
13047
41161
61501
2056
6510
16413
49652
29721
21998
49921
15586
39901
2344
12403
30346
44994
28356
16314
7241
14971
15105
41765
14081
62706
32861
30760
26869
19167
54940
23102
30256
22064
57017
45836
39294
52588
34390
2815
46702
35446
14335
52240
25340
25284
41259
4178
14220
26589
42114
18914
28242
20022
35366
11610
50277
43904
53736
51761
55670
26504
21363
36917
22167
7229
5633
65526
17306
60160
54441
50792
36305
36615
22469
64301
37618
42623
47864
64285
23424
77
12030
36151
7643
51725
1352
64437
38973
50237
61616
17466
13048
10686
32524
32131
42613
21685
334
20304
37833
22927
62746
36300
48668
41476
49476
13090
48062
64533
49831
17679
6323
35499
32588
9935
17098
3585
3699
39737
37697
25701
18071
30659
65091
21079
62961
27066
62987
48702
9972
15268
25785
20300
32779
10811
31624
45958
6372
22995
51403
14035
62651
64634
37615
55339
45914
57256
28348
63456
61314
57331
51429
45145
8507
13450
65113
55560
4276
61766
14281
43140
13975
47180
57008
23281
17048
7401
15796
19722
64668
58613
56091
19739
20954
3646
58326
63711
49303
10492
43045
3835
17182
42159
64563
9280
50542
59047
39187
6636
49628
42326
64673
33319
10903
60826
9535
45804
58465
37174
14781
38127
59928
41508
64121
1950
14998
61745
36850
25987
33669
5072
35889
29853
63288
37881
65359
32115
32528
12855
35437
2608
65100
30676
58579
58580
7457
30749
6369
35638
41409
2181
23912
21200
54073
33816
10482
57145
37551
64889
40728
54369
45017
23666
1549
16470
14372
50650
3819
39803
28807
3940
10640
65444
60774
48326
7737
34566
21749
31557
48681
12087
55663
25625
18794
55621
33004
51435
51114
23453
62503
64769
37733
28955
10848
1672
50542
4607
58201
61279
63939
2213
52925
41657
47179
7201
10428
26995
57604
15572
23708
26493
14789
14355
27727
56894
22016
47278
34922
38501
29164
32857
11483
15284
32987
39234
36234
48498
57098
36717
29094
45768
16427
372
54530
31239
33420
48341
64040
29491
2661
50890
38672
62112
24126
2178
5314
45819
61920
34522
57504
57131
37444
8645
43516
33925
8791
53708
29960
6003
19052
40907
28817
9878
8549
13057
26201
44768
40495
28262
52812
24713
12940
56292
6860
23013
51709
44334
23237
51337
8438
41315
65094
64517
36065
64532
9758
63554
34962
19158
64964
31792
10630
27494
54438
3850
20273
37831
55963
19584
36686
50799
36183
26928
17867
18401
10855
7705
58804
38068
1669
41676
27401
4123
1769
61187
13138
64368
62232
60313
8580
6270
34800
9776
2016
58095
52984
24341
46105
1007
5862
16102
21436
47382
49977
10017
11948
39025
64788
31808
14838
1299
29521
26797
47301
43
29480
24036
10837
36819
34365
51087
51268
9891
42198
2084
55508
27172
26466
8986
49606
21000
48902
57519
33056
12550
31786
34315
23076
9467
10037
39791
36581
18693
32200
55402
39377
19484
25954
62044
5179
5253
59310
38117
23591
47824
43306
33493
24365
26647
59950
26710
42813
6924
25866
42072
38867
62103
45638
58859
11004
56516
3480
2050
52010
39207
39381
36441
20721
52164
16142
31016
20459
11702
50151
22042
45869
31129
27701
14804
37462
40007
1770
48061
40545
31894
26728
41178
53548
23025
48036
37957
59886
2679
17227
1026
16483
7128
40969
32274
29466
45613
56465
2448
9894
61818
60744
17596
62504
3574
38487
5467
22571
13139
35742
30994
56983
4505
1238
35977
9873
6820
55623
35026
15544
15546
44646
53004
55321
28094
49187
10674
39830
17492
15186
29229
39827
13295
21282
23843
51740
11004
63351
56095
10743
29486
49385
56614
46243
63525
33701
25809
43677
58111
26652
46190
50902
59189
10621
32140
58859
52542
4542
32694
35504
57151
51331
32415
61834
44643
2044
24388
33611
34588
36774
24279
42618
21216
6093
65020
43336
20179
30624
12561
37481
55454
26099
57579
26884
37513
60754
989
45105
63679
40220
31478
63558
44010
5037
60158
14619
7666
59403
42436
35933
12227
48630
59144
12611
63079
1848
26235
40936
29440
1981
60833
62481
18886
43101
11536
23568
14305
17363
58570
60011
53892
50093
55535
10951
58066
28890
39872
61497
31041
38113
63328
57612
36661
9249
9301
821
9731
12669
20250
21992
65044
5519
18550
62281
48955
13094
2174
61676
18394
5631
54667
2486
59965
829
38371
44986
64187
26686
33451
36026
1585
59893
61832
20094
32068
14107
44678
37571
52848
37349
1155
62390
11910
31202
4470
29838
38495
58598
15612
57866
25363
36942
3754
33669
59059
60800
22231
16943
10649
1950
7708
57911
12013
44150
52074
25209
1065
8529
60512
1418
29997
63667
28043
51034
3260
42280
37197
45857
52488
15419
33758
47969
43872
37823
21727
16758
65392
47005
25862
63408
64720
32275
17959
22858
60678
35848
852
58119
49653
15196
51017
12140
37014
61213
16273
23647
23489
15764
11779
36734
17469
16268
31940
13995
56677
58197
40268
29178
19760
1201
6383
28750
9105
37098
29144
26449
41437
5626
38268
43062
972
16320
17488
53739
42051
45799
5406
41834
14114
7274
9843
21724
60988
27653
51475
15657
23513
21613
59309
38229
61478
9779
16122
29799
28911
57562
1428
48318
57229
9711
31950
47244
2718
63620
59521
53870
39975
60069
54131
58815
36329
14547
46347
42789
26375
23
50892
1729
25439
37708
14814
33593
48833
20021
6424
45044
48236
49276
29356
24143
51304
31910
34633
56569
1997
14511
59559
42455
35295
37465
39332
42760
59198
12528
44412
12451
63069
53420
16401
60443
22129
56412
16708
7136
46007
24877
33314
42906
3574
1706
40275
50497
55462
51653
9415
42026
54616
4144
63065
694
63995
15067
41008
24309
63089
34442
5093
61944
31284
20967
64529
52831
6547
22739
5006
1559
29657
16257
365
33747
12348
12289
20267
10440
21663
19382
53287
33698
26115
31069
27650
55899
5882
6624
471
31389
63531
50057
13710
40402
43225
40341
8935
34908
25179
21517
11935
34456
49936
49925
7856
25874
64226
1962
11859
58984
40082
62796
526
64597
3835
19608
16590
44373
15231
20843
18400
2935
36001
28129
48859
37235
25955
1354
5858
30102
61348
54119
59088
54315
34715
26694
23357
34620
15366
21402
36414
41759
22856
36168
835
14525
61425
26907
57956
39079
38947
49317
31227
1144
18665
43784
60191
36279
10834
40044
677
13597
22009
42296
1927
60676
21976
60262
25901
10498
31344
4168
59223
25210
19956
63862
7460
19994
43576
17398
24862
695
28353
31305
25456
48108
18466
30253
2768
35000
53674
64005
35130
32509
3405
36810
846
11182
11593
51684
3367
14816
18344
42302
46457
19612
5404
11197
8522
55434
41329
30530
50079
30510
2565
63597
5979
48792
36862
41860
38273
51376
36699
3220
63622
36171
43548
54273
58251
6183
6689
22986
15317
1601
15496
34611
51369
37853
29137
47932
57397
35523
39402
55766
55344
42724
33326
52447
2974
30635
45649
50824
45749
25471
17765
1788
5486
586
20201
20948
20984
44783
17801
61805
27790
11085
29447
56680
60925
44365
2971
36971
23906
25662
24713
10860
21246
40730
14372
62871
28144
6755
12673
9571
24519
52337
60810
43004
19724
34326
41719
3524
26960
9898
10538
55060
63661
63547
58163
65107
13547
46293
38424
62415
15815
62158
58021
14129
19380
51119
48445
40048
4634
8943
16672
38229
29503
41476
6656
10529
42145
29729
45001
60091
63140
24014
8155
42801
11900
59369
19762
48043
28412
16335
35187
37263
43384
4403
27378
12195
128
42514
45091
34635
43491
30597
9960
15996
29855
395
43676
35363
42785
32069
26472
26602
9866
37727
12546
28301
1242
43515
65076
10692
63477
16656
5884
32822
50940
18711
16168
21823
1570
23309
49684
22984
50744
12194
15589
2177
9015
9352
51781
28607
771
49461
53204
7437
51388
14077
21299
20471
39569
46724
47058
54275
38077
36440
62427
26849
18901
11361
42286
20543
49104
63726
13916
24830
10949
25112
38462
2719
5306
43539
27752
62100
15203
39340
3485
9072
47184
48579
2096
322
52782
18339
18734
44360
29958
2040
18942
59230
64503
10124
27738
27640
6765
23063
22809
6134
48902
46647
40634
48797
54646
30269
29078
46533
55657
7292
32218
4092
36683
30769
1345
11821
58690
19440
55942
27167
32592
47490
35848
38824
9234
21058
7146
65417
23646
20060
57561
7570
21409
50615
21712
9851
46735
17358
59482
26419
56717
48789
58180
23213
31367
65073
26913
11059
9586
28595
32034
7850
16932
52940
50759
43633
59445
12178
16869
52265
57081
53243
991
49388
34294
59656
54433
41539
14851
23771
59077
57972
9231
42
6143
23515
64771
13500
44356
13409
12772
22021
23399
36056
22583
60016
27442
26960
54862
5675
19789
9110
63681
49897
65132
54015
63676
49438
15690
7565
55427
30485
27290
24355
1097
4994
33222
44169
51254
6811
6514
29305
26935
26853
36783
8026
12303
27720
27807
10419
43907
26765
37122
39052
12336
14583
16667
15214
9761
5232
53105
49530
3040
15543
23704
37065
15839
63622
36433
23828
43047
18963
57348
30127
9439
9919
1209
35122
39490
3811
2163
19121
52685
20065
11090
57434
61633
45406
2634
6170
44631
40487
37230
50872
28684
40688
56351
2420
34969
34469
7771
10079
194
31827
36544
50711
10806
16714
53410
51439
12001
13779
38406
34192
60944
1184
55421
42202
57693
33068
43314
6282
31280
17328
3435
44011
43287
30686
53784
3503
15108
50289
55891
8025
41103
36179
29871
30813
24012
6008
58191
63406
59458
2823
21059
59903
1317
52058
10276
6234
19822
38244
53256
44531
16647
10181
58529
827
51657
62586
42484
40719
43374
39042
40325
50544
33151
12706
12662
38308
54159
4071
5876
65158
34999
25471
7109
16233
30884
45245
11275
61232
35210
15168
64729
6923
52585
52952
53479
57849
44820
2918
33662
25168
27018
51643
17968
30014
6887
60040
54323
41438
14379
31509
52160
8999
32780
62753
8453
1472
17668
10544
2899
52085
11245
41374
36971
27865
61998
24338
56915
11431
24369
40589
32891
52655
61812
35385
5223
2412
30977
43864
36005
39796
33841
6702
61324
49767
28174
36168
46772
51344
11501
34041
63429
64105
38078
40522
38381
13291
65381
25573
30135
54576
54115
42332
1437
61972
55946
56102
16146
19905
7938
27834
28709
55487
1657
47499
14756
33449
34418
31420
43350
38158
29175
20387
35558
34359
44244
38157
31076
9393
14073
57385
5722
60838
23982
11515
32375
9790
18491
16078
43305
26364
53745
53416
14764
15488
31541
27883
23520
60964
41909
23253
12649
37463
40163
6740
57724
18778
15066
45488
10922
46650
57838
35794
55478
33171
40026
48962
32625
24147
34605
17865
31725
5924
42679
34089
62666
7300
32000
48782
40145
35650
18769
32286
60029
23693
58128
17037
27401
7999
4521
28777
56563
4383
30131
11885
31616
57037
10155
13280
35864
60522
3434
39238
60327
30830
55451
50370
39006
11498
3649
31785
32042
28036
34364
37083
31246
57406
5532
32781
13586
49131
20222
762
57121
52455
20543
64086
20981
4157
7883
54757
63333
8009
17923
33004
26410
25354
17507
2784
10172
28540
35443
20269
23513
37923
5277
16432
11584
58169
24879
37303
22380
12642
38848
57525
31163
51382
40814
53522
6956
41876
57325
27924
40186
8218
40826
62940
532
32699
9517
46863
28787
43958
1399
7374
35795
20353
51363
64315
4081
61179
40035
59510
56160
56380
748
62722
29745
39539
47834
61991
63556
48750
34427
48130
27753
42031
19842
52688
58702
44163
62224
63797
35392
24837
47443
2809
59904
57387
38916
40111
49388
19039
10629
51750
36164
43500
48677
31067
4099
20495
15950
46306
11761
58280
22362
64749
34706
51162
51671
32509
47832
32278
57658
49880
33170
46291
49837
42452
9622
5792
60053
32079
40075
23074
62491
22712
38131
10705
23618
63942
63103
22343
1891
59585
36582
60742
26357
21879
12994
58870
4628
35398
14647
27398
19952
42035
42766
17170
6627
42419
54294
32324
60963
38094
52928
58633
25665
45273
11104
16173
8496
54563
9030
54661
3271
21684
4050
56798
4149
65252
45109
56625
42809
50803
15271
64418
44429
58204
48453
63852
54519
9611
23267
10175
6625
51928
24922
39374
19520
42798
3559
14827
9439
12183
41626
23667
24725
9044
25210
29583
4799
41878
27281
64419
47572
436
350
22239
49237
32449
35397
33016
38104
42736
44192
9360
8136
38596
36377
25375
26140
33930
61863
23050
39449
16510
58477
26999
63006
37614
57760
13430
14368
40418
58075
58922
41835
63072
57931
11878
45814
1798
47501
36295
48766
20183
15882
21752
35641
47316
7279
64746
7363
60668
14028
51627
35061
47991
61449
16839
44790
55534
43921
48266
5162
43828
44420
64856
65400
23415
30840
29688
50719
65407
544
14933
54534
1491
53789
49184
18705
47872
39218
30945
26355
61063
44316
10552
22765
31974
35738
42154
44217
19784
3011
56733
24692
30374
39293
26069
64769
52155
63095
28312
20677
697
22779
51381
35532
1373
12269
22968
5248
61466
24415
54549
42549
7034
53034
53138
9221
12573
1649
32907
50410
41331
55995
44455
53784
7958
14052
43415
6786
36447
32525
31401
43300
31731
57919
7219
45196
17582
8801
23451
31073
11543
25479
25472
11752
45563
16134
42535
29591
51745
15946
5871
8018
33010
13451
19799
44938
35069
48980
21339
12814
64824
54789
20504
63567
14557
4416
21546
21895
18931
34457
33095
14963
63344
35290
15355
29483
44838
25133
14947
53331
40485
32104
29224
50136
18754
46706
26303
28718
57290
64760
42619
13510
3882
13788
61376
25971
23243
31115
14158
15812
34558
5848
60176
16224
22073
49405
12876
54923
29957
20258
27701
19740
3423
42270
6425
11631
54338
15966
12235
35563
61982
24952
13667
53351
29902
62580
6547
9450
42589
21024
26813
51882
25004
44631
14139
2728
58877
1947
51682
55977
51897
5692
40758
18567
19623
2832
64820
4996
57689
1628
57781
18628
15378
48742
12754
57354
46607
53578
22217
52640
41452
20175
4726
2032
44030
32319
28251
44483
54794
39761
64518
29558
8095
63869
64733
61021
49908
51121
8592
57752
34951
36707
47269
55189
44753
5067
50012
53999
49621
27134
65384
21772
37936
27045
46778
61743
45993
41387
32926
18480
9929
17880
54262
694
47813
28754
5142
2017
11487
57689
56935
6440
25570
13017
8752
42630
64978
51539
30067
58737
61814
25238
1798
8389
63430
58258
7011
5168
34095
51638
8482
20881
37781
4975
56315
42682
61654
63948
27956
32831
51391
30061
42494
48354
47435
54641
48726
39773
54130
52938
13293
5591
53216
50251
57555
7438
64565
22641
4386
11100
44309
57405
17654
43555
22016
47424
18610
25329
35784
40258
32655
38678
35654
35884
10944
46674
42070
58099
16259
51116
19140
37314
52413
25286
54939
15199
7455
12761
32937
61510
42676
53296
61257
11207
40438
57122
26391
9210
4027
65126
15380
1824
32961
58048
55034
6234
3283
61975
40000
52391
65047
20156
6004
20584
19839
34601
14713
45584
37502
14372
49243
27035
31300
5964
12736
27610
58979
63042
55066
51297
47288
55268
5538
13226
54615
61749
54355
26268
48370
9532
22776
41245
4660
10270
15755
64350
52106
18598
20284
51270
35129
7692
57543
22985
2106
37971
63687
60074
40243
7801
34191
54460
54369
37494
44631
25715
39003
8384
50655
35667
6657
48249
30079
37641
54739
30606
47315
35721
47053
6404
57655
6643
22019
24082
5796
63124
50070
30184
44043
42355
21584
35828
16456
30941
56375
59668
62490
31179
26383
14176
45024
15878
5644
24909
4029
11432
64173
50046
61964
3650
8130
23997
61461
398
36272
8983
3246
54724
29571
47654
53086
16241
2804
39350
62626
50223
16323
55586
26250
28712
16955
12439
16163
13125
54260
24876
9304
31891
53596
63614
2126
3149
34688
42849
38157
5320
3789
22153
59904
159
2289
12745
342
4916
15858
16639
59146
17773
55715
3909
22118
8172
7583
16327
15282
40696
32716
41613
60916
43959
40925
40225
12522
31056
28343
382
7099
52992
19622
4770
12029
25332
23921
7071
550
18071
55367
15870
30701
8471
2748
4349
23929
6366
8010
56038
12359
41920
49215
41540
38013
30153
57779
52373
14324
45519
8050
36158
36402
63610
29369
15231
62196
31686
12994
17829
20398
43187
8592
21329
31142
46017
43468
30782
63878
32861
42773
53314
64057
16694
21603
35921
29595
3726
11283
12871
63391
21462
21832
27376
36461
19819
40786
23635
31684
4628
56162
63106
32534
6040
52230
64772
57446
3255
54467
46524
26759
42126
7236
6363
23877
60144
87
23136
16625
27876
7321
2806
12713
56311
8001
27418
61514
30288
3248
34203
17267
37210
51097
53859
26690
56611
17654
46475
35571
57508
59297
14064
23973
46167
27838
21887
52704
65198
20312
35070
53713
11534
10461
11748
45869
2357
24294
27591
22275
43174
4968
58740
48836
13879
59709
729
10449
42760
52432
48545
29656
43199
55634
39059
59677
49068
32050
34744
38362
16707
54437
17424
13347
16405
57954
13260
43710
12651
46569
36318
11690
49731
45772
12873
39380
52405
1237
37072
22692
8219
13022
57560
5890
1062
27539
7207
45454
10166
16484
5442
63886
27825
9043
33397
40132
35281
61270
26553
54820
36902
58476
3132
49745
54845
9719
377
28588
33357
61836
26266
41600
46450
38348
47640
55595
53398
59073
54482
18187
30010
43389
17084
7445
25382
53811
33075
52528
45251
23527
53903
60694
29291
13312
64497
58974
40672
18133
62911
42668
10221
26812
58215
3557
32319
46935
6856
46253
15077
6970
22962
57235
25401
26427
36739
20769
22330
9494
3736
25740
45210
9450
13187
23845
14300
39676
9541
6737
34922
34041
36198
46508
5989
50061
60341
47588
41032
23405
57890
22187
22028
7624
28044
44345
4323
47303
24460
51975
52908
10113
29979
36660
52462
20835
35600
13158
28395
59500
7518
28771
10106
42006
23463
22918
9582
37300
43314
35132
47589
54856
27414
2802
31229
31282
2147
23597
18967
64565
13374
19746
61271
47366
26752
52242
28509
50403
64110
182
36011
65530
27247
61402
48838
33732
6160
37450
61117
46162
2716
64348
39405
19328
32975
39958
52727
30523
43894
21198
43599
28693
61571
26443
20267
56182
11195
30235
44690
10006
50846
46774
11566
43471
30526
59776
59151
28672
39030
33067
36001
22529
46419
23637
33111
52118
4310
53387
30678
49422
3918
13391
26044
36119
31975
12204
57245
23445
53892
7013
37692
21851
49529
27791
42678
531
53757
36543
39041
24525
184
42905
58397
24302
11293
26410
54061
23973
4163
36387
52374
7233
31398
55077
13492
28698
7552
25748
41142
58141
27368
50183
57123
59770
26815
50252
56066
34511
53346
59354
41655
54381
38415
54823
56598
12362
39377
43590
16279
27627
40608
54064
3631
33872
48620
41976
44181
32238
60042
37157
57571
28197
29914
6208
16826
64057
33768
57810
13497
25707
46427
9016
53576
63951
8435
20895
17616
62975
16577
13969
59959
35650
3640
62091
61096
31705
64481
60433
63750
31408
21513
60179
48418
49653
9901
22142
21516
43383
52803
12201
58294
25405
23492
34631
6008
50311
31587
65382
33888
2753
53373
16294
22732
55442
48834
53709
3133
33440
65041
46401
19455
31552
44808
4503
8539
4208
53456
51191
19735
51680
27669
5351
267
24225
53338
49566
43516
17143
39532
743
27607
54769
23428
40124
59441
18412
59023
42237
15863
23106
26975
33871
65196
27341
36104
57275
6878
20092
3721
28509
65179
37889
9818
2029
51372
17900
4756
41283
18922
49105
7649
24079
36967
14036
10164
37772
30122
8047
65338
46136
36097
15794
37206
50311
45514
16593
16684
56312
47912
46226
40301
19661
16809
49457
43046
49576
22863
6269
23435
19207
19494
1188
13351
39544
34272
35636
38473
17007
9532
59537
12573
53315
48552
53470
10242
1478
15674
21675
54048
58655
63035
6551
55015
14265
37640
43250
10148
1578
8325
30349
45360
52291
36963
3580
54290
43142
55780
22811
64628
29539
21569
13467
12347
22888
38862
19767
27977
5083
13753
6159
56464
61333
41021
30295
43756
12290
31318
12053
41447
52947
55812
24411
51950
3903
28089
34322
45108
38894
17358
16315
37629
36825
32530
34990
46843
44245
64540
52821
55906
55850
18480
34112
44148
11670
49291
25215
19828
33245
50943
60676
16136
37636
51272
48276
61618
64716
4531
35555
44188
30697
39740
897
5735
34144
5263
26760
21622
26450
3860
12155
53809
36161
43146
11955
11778
22566
60590
42351
2365
53368
9510
3165
42418
9365
25907
28924
44388
46109
25977
62587
17627
44441
52178
7267
12872
54048
25145
59952
29883
16866
64193
55806
26783
44621
39555
23009
64447
58094
16291
6969
10484
34569
28070
20148
33313
7302
763
52142
13715
20848
59835
31084
19060
44726
48380
23089
35608
29405
24611
24895
2356
16793
14374
11243
38803
54490
23734
32014
58153
30358
48083
34308
40082
61827
13397
41670
17485
40841
5122
1806
19615
45944
24777
52527
61199
9471
25435
38129
19825
50944
51348
27634
15747
28718
8146
31280
61735
36719
2846
1592
10794
18726
32028
46943
19989
17865
58154
38430
58034
58591
38461
52735
56759
4838
42162
23336
54397
10992
56992
64101
17616
63829
27776
29399
13585
43055
4853
53070
51477
25166
15897
27398
9134
43134
58458
12739
59811
51203
11333
51265
20043
31104
25759
23107
39173
41140
38213
47216
50226
43978
565
63908
55582
19808
29543
25420
20574
41265
11402
11229
63098
20605
41080
7005
14140
27986
41256
3657
46272
9564
56
30730
27035
49072
37690
64574
38455
19146
19428
30503
39459
33458
50254
49183
1439
62637
56227
42181
54572
5230
29282
64534
14442
2798
15450
62281
42250
62842
54106
57198
49136
11805
40290
2529
27869
10985
32669
42395
1398
19343
52659
27287
5404
60907
57868
48572
8312
5670
46230
32785
51811
12251
33845
46012
10171
13866
63618
21058
64759
33262
8914
43150
33141
27397
21408
62678
15915
4254
9958
64928
23152
2236
52530
45875
39148
33244
63349
1959
22643
3686
25172
19610
21311
1249
35205
32899
40750
37018
27741
20884
16538
32779
30091
44099
64505
41028
55120
44068
36174
58420
42593
48345
53287
42792
8510
31776
30275
37136
50644
56128
40950
18370
51082
12450
55104
17674
7433
52790
65278
44538
64909
19956
32617
54604
5013
43717
40125
52908
10315
1345
22875
55141
17085
4690
57806
9138
3735
58694
46029
20418
49419
1547
51948
42599
11514
24178
26121
28194
22668
25828
32045
20874
47269
39248
58742
9853
12530
45599
62752
61011
63869
35845
62480
30461
20267
12440
18172
3207
28185
52978
58820
17188
30504
59880
18534
65213
18996
14799
2416
3816
63240
9605
9049
29547
35305
16834
40948
4500
50814
37958
26119
49141
20393
45016
12550
3799
55102
49921
22422
25593
3335
13124
581
53037
1324
17038
54837
44769
10078
1389
22931
45845
54942
5420
22173
51783
64680
34253
39835
25615
29597
51061
24019
57404
47433
47212
56161
19840
13291
28296
40129
43302
46624
59666
37415
57620
29846
39939
9002
7306
23821
26342
29477
604
5414
54499
2819
53645
60367
4952
58668
8891
58647
476
41236
33052
34911
60726
52520
29309
32775
18825
42154
50923
12846
10857
49309
49868
3882
20112
55916
1685
9776
15553
9518
19344
15082
38104
31797
25398
48577
43885
56883
50874
56994
53234
19247
31513
29772
10969
43474
64246
56351
8739
15701
58053
1029
43217
46052
54813
984
23450
4531
298
45250
43611
4765
5933
9142
28058
9992
58360
65254
46204
21377
10925
19825
1727
1489
698
59604
3791
17238
40268
53974
33110
39042
21398
2765
9151
54200
8154
23890
47856
20516
2338
897
35064
20317
22353
51658
17192
8227
63133
32639
36811
22220
34196
15163
35918
14651
9834
10887
64689
62859
14779
12187
8279
15665
51586
61626
39817
43874
48575
56766
63937
29424
42542
39759
54305
12965
43782
7860
49564
16100
9794
64927
49091
21814
8030
37294
51080
5564
52183
21258
3516
20968
60613
32459
56210
27811
41549
17118
52550
10145
13988
35476
8902
3789
1110
61754
62866
50476
9776
39489
40652
24612
23408
62912
8353
46297
59666
28584
26912
28683
62528
50677
64672
35462
47567
33655
43790
46028
15317
7790
12716
26348
33554
33103
22821
42855
9867
6622
7154
30735
31628
20011
37624
37325
13308
60867
52258
34634
51918
11599
10954
62989
5082
48055
51488
14
13990
3730
9960
8179
53085
21330
51245
11564
16849
49836
40022
55361
31189
50024
2976
49316
51639
14835
1626
34718
13561
48504
44708
14691
21539
11036
59006
54340
8620
7887
52151
50641
58751
36274
45363
49871
12719
13851
43853
61315
14947
10091
39411
21492
9921
7907
65223
28623
64580
56592
42789
39795
17513
19454
35799
30680
27073
17981
58442
44634
28080
62983
57968
41259
29780
39171
53684
10442
11925
287
22681
12390
40825
57283
29389
60092
24018
9923
10891
29040
37210
45148
19482
39019
49092
38765
37398
18740
28400
59723
56560
34732
50167
38800
63595
27489
22928
49448
31077
49495
52604
45807
49681
64154
56146
41536
38923
13026
2617
43224
46945
60488
33151
60108
34617
11664
25779
48077
46330
53814
31454
34341
5266
21531
16674
18548
12989
15929
25151
49107
20738
19542
61459
23293
60849
42510
19963
44389
35170
44198
33280
11975
38649
12904
24339
40820
53251
22315
10924
20242
36403
58175
4578
38511
8387
64985
33173
8915
20670
16455
40888
57686
41259
39364
40079
42869
35926
49900
25708
14892
42115
3762
58889
14595
2514
41150
38190
62193
39622
18548
33568
48796
27227
42391
13233
23094
63878
24861
21118
35495
4460
44193
44391
5753
25776
43282
11641
16661
28058
57015
27907
31507
12145
15322
35155
59597
63127
31366
58788
38554
40358
15644
38466
11784
40520
31804
4858
16112
14062
17657
48668
13125
55596
27150
7215
4029
6691
12685
23293
17576
45474
11441
38188
5127
29057
38553
47163
51138
38092
45486
8304
36543
24104
35997
45312
8846
61991
53060
46759
56333
38669
5247
31215
45473
15377
6453
62609
19869
14032
50159
8022
51518
31969
65087
30821
40679
4142
39998
51342
28135
24254
52380
63339
63900
23223
6565
39342
43072
8185
952
14871
59267
4893
8447
37256
40855
2434
32149
2729
1816
45891
46771
4047
16528
50003
52505
4624
61323
33204
29261
34782
46384
14520
19854
6341
17383
47897
43917
47296
64594
15390
38185
28119
10418
47225
38935
27179
3445
40507
54492
10173
51661
14517
24209
889
25838
60251
35805
12191
21332
48720
30233
32672
45103
6541
21793
10948
29179
24006
14030
49666
25032
41203
49092
28285
24488
62572
57241
46157
13069
27274
33216
30558
274
45731
60463
16275
27003
53876
2693
34013
38956
43266
22519
20316
6980
3201
61813
8183
27714
42247
48198
25899
49027
18267
13620
12226
49876
6964
14824
19863
61235
23356
63582
53824
50155
41678
41594
43622
45980
58728
58014
38960
65071
30272
58935
11449
42361
15765
54544
44113
50446
33741
57856
38418
8561
27596
41847
11257
16597
28314
47690
64075
24823
40239
24589
7441
35415
37258
46156
17151
61555
34528
50140
13014
5932
1785
56800
49783
35772
4590
9757
64348
6518
52115
49578
63152
50997
7825
57355
40163
11441
1775
18903
2858
51553
51212
18967
54018
46166
40176
27316
30097
9030
22811
39884
8818
29988
25525
3227
59627
48820
1338
21360
1298
8728
1251
9994
43621
11557
55685
45360
13467
28983
14173
7208
16021
2044
65504
8003
37844
39665
50271
39207
4694
54477
8022
49392
27567
52914
52624
14890
12212
1258
43561
28339
6272
43916
49089
58075
43805
9388
55185
59963
27950
24362
55550
39663
8815
5421
17384
6495
51903
9968
42371
13184
21376
30858
1278
63852
23886
39474
26560
38221
24697
35642
8289
24226
6013
14444
35600
17053
3162
30597
42135
10649
12832
4164
5279
7141
51122
4661
29901
45907
3323
36850
60376
11257
38641
23885
43349
20067
13995
12517
2747
59910
45885
3854
43911
42916
27398
27685
31664
36186
31118
42492
8005
3594
6543
44432
23664
42712
45569
26340
14369
39219
23546
61513
52997
44743
13926
43820
34789
54981
25736
19318
39206
18293
19584
998
41979
35159
18054
19342
32368
63492
31331
45413
55795
38722
51592
18936
24301
8617
48888
3004
60618
64212
20402
11222
9689
30344
21525
52597
26280
2623
12683
25004
60187
0
47604
22189
9472
24954
8225
58662
4464
50801
33275
44327
7357
55907
52160
60753
43448
40105
4703
61891
40552
13071
47753
12401
44550
51340
25336
65446
24498
19690
36659
9691
47881
50254
50718
51364
12270
43208
23634
12760
34077
17452
21363
56201
22462
41135
21798
13650
21099
48920
43289
31848
48685
45231
1094
63533
2813
9156
54613
665
24976
31369
53214
58922
18688
30822
61023
45459
48561
28719
40808
17384
41997
35965
35724
40948
28945
2402
4355
54832
14325
28337
52942
3139
39779
18025
17844
4492
33493
11553
31717
21671
58929
16561
5916
44119
40976
58461
25168
22316
17389
12853
32677
49162
21571
20081
64412
42770
21158
24466
62263
17743
64053
43008
41932
54575
18480
1229
57142
23549
5002
24131
42937
44038
7373
22930
58631
28603
43103
64605
56392
27511
25898
17629
53992
54378
15917
12500
39037
29543
37634
30524
26504
51353
50207
21944
35247
25115
20521
24289
59231
61512
49864
65477
11201
35693
42880
47377
40705
47633
23407
50784
45726
21696
35317
24934
4244
49313
50919
24764
2988
36462
39702
10574
13089
64638
33596
58304
51648
40196
15889
11128
57005
55206
25720
65507
46975
9518
4698
29225
33494
57234
64818
38681
37500
60571
13975
33700
25382
43437
30612
36316
62691
41631
48108
9385
47974
45051
3234
208
7281
9184
60882
28650
53627
13291
18536
40558
45690
25158
14209
17400
6857
18281
34415
51692
5836
44292
12953
3497
62519
8254
59182
12193
14239
24062
64268
55999
43126
17813
6012
41190
60882
37942
3316
15997
32766
56420
32180
49842
26290
42560
21195
52330
20693
50922
57374
16141
51757
33928
53896
34632
3076
12202
255
61055
58533
59462
48844
62997
35551
13385
18735
8030
44325
49742
7486
13036
1606
56035
21746
1745
8766
40300
41067
24852
49783
3452
60983
19590
21292
37071
31687
29997
45034
18609
56287
21660
10262
47808
10275
4225
32349
64686
2693
38982
42538
62681
24029
52332
45614
7509
7953
17155
18493
10077
59282
41447
64392
26791
8966
9973
57001
43256
30498
38673
30003
62439
55676
38503
46421
38332
32789
57962
46085
10395
15670
22820
3961
43690
5654
35944
4194
42805
14483
8892
8986
4382
60154
13703
43042
40735
36955
61533
41369
19227
12019
45226
20887
38684
61422
58104
47042
38570
1017
36929
59758
24492
25155
16293
41886
159
54044
1913
19072
11303
8201
64303
35493
37945
25754
26334
64840
28792
64680
42026
28426
49436
49337
64015
2524
34798
58896
27795
29169
26801
36354
50431
53339
23753
31979
30239
56548
17812
40210
23940
11555
14976
34325
53430
35923
15163
21893
35959
8473
18041
44255
52694
9690
15737
3199
38935
46734
45229
54512
12265
60152
64062
49900
2588
57896
53363
53579
26579
14393
8227
8737
22452
61591
38479
29678
37733
4729
64
45678
47479
32593
55208
30417
42151
56113
13910
51032
25152
31815
54645
20008
38370
23271
17189
53951
62167
44101
4094
19646
36919
26684
28114
18956
37077
16905
23133
26577
39154
13346
14458
37546
2489
61921
1646
58196
32703
11181
19024
35273
50373
35966
8652
53243
27447
11982
11277
3606
32271
17997
34613
46529
60036
40681
53070
4003
6858
59864
47591
2932
25401
50063
60216
62324
1013
31396
37443
57777
2119
10614
24221
40018
37140
25007
18513
36192
44827
45375
65406
54134
24699
50926
38214
53946
60729
12955
62371
13713
27669
11920
61667
2901
37456
39549
47265
58912
5946
33668
33205
54488
65323
43912
16239
15966
10041
3142
26608
42587
30724
54274
2826
1013
26401
45846
56944
19005
55645
15423
20729
59478
48892
17327
37400
51808
42138
55824
56825
24169
34841
18070
58898
49968
21772
63781
51470
54474
31769
4177
6077
4388
57602
32015
2431
30302
22632
18576
52344
50093
20837
65397
17649
57312
52407
64126
27019
10109
45055
3466
54681
4258
47789
47907
7142
64227
14616
7570
16680
22322
62681
30869
13981
48323
20314
55984
32095
39200
59523
10671
46582
3687
35155
3645
50340
26550
32333
56315
6074
61895
38945
16806
9821
40996
18685
46083
32616
56927
23234
54955
7497
21462
39787
18059
39735
12827
56590
17468
33338
14876
30473
38083
42846
6230
55566
51063
15171
23264
9890
16916
21205
45433
62720
37704
32338
13728
34956
42005
20351
1098
51857
15732
51451
50820
10877
47999
40891
44979
13899
26762
45138
53306
62337
42315
35275
58440
49344
55074
28004
64512
35521
56720
21900
9470
29479
46803
36361
58237
14044
51479
61913
40611
24215
38669
26270
46484
3817
38560
35614
22396
27816
64942
14801
25047
2037
35851
36202
28554
52465
41105
16410
40037
21257
29784
12462
51476
61505
43653
63239
29805
49849
35086
32490
20819
8173
9508
57147
27153
30976
41042
10698
49123
45096
43455
51487
23136
52973
284
49872
9381
34559
36552
44518
64078
8339
55136
40673
25542
40155
21070
22907
52724
6326
28700
54911
31361
27079
53312
19913
59663
51400
9545
418
7568
62934
10050
44960
50467
45609
3140
31024
65510
3698
17096
17006
47669
32313
35448
9149
34133
48660
40304
43426
40198
17215
36878
36611
17344
54335
60872
46340
54639
42650
59386
41947
42824
63152
28058
11306
12974
17192
53741
30610
41017
32666
14921
34652
37556
37583
30990
63446
55841
20018
1520
24516
18504
24764
39499
51441
13987
53251
7687
65371
10856
34464
29570
25677
55864
18782
52042
61957
2166
222
50899
6554
61606
35517
60044
34593
40330
18479
33311
40568
5437
18155
18056
28202
16623
61725
32508
54522
37786
23518
60276
46527
31238
32249
31842
18560
22574
22207
33296
25028
4972
55753
50566
2176
40032
61152
38059
15845
36642
39695
3450
7003
5012
40432
54242
46366
12548
43433
19742
42250
13515
40180
20584
35169
37371
39880
25592
1144
32112
29205
37643
52860
26312
7818
55606
824
57952
5046
49808
56216
56261
37071
63490
41678
1335
32967
32618
24170
12164
25164
24684
9977
30745
64836
35301
30992
10583
713
46292
2018
6344
51748
1096
40011
50906
11814
53876
2820
51251
9419
21652
33115
10290
50408
60355
52955
5663
27164
22533
57926
44950
53275
9074
2296
53936
3243
57721
22568
44735
4936
3502
14626
30752
26874
32392
54745
37265
7338
25911
12492
49416
6842
24526
49796
52794
35047
43390
40277
12050
37516
44715
63334
12051
42914
29225
6783
2050
48063
14996
15113
35332
21548
61622
21878
40634
1084
58942
16113
5282
26756
43456
58258
38882
50318
47298
22802
2749
35733
4522
58977
55289
14274
61590
42074
60959
18133
36528
28996
29494
11600
46519
41059
31673
33665
50254
62575
59019
1783
64255
63374
21088
103
42921
59765
7648
14300
30804
32174
9367
6386
20317
39198
2175
15314
64083
56504
56852
5916
33192
65488
19198
8466
45158
63713
16948
58599
12127
41120
17195
19729
56750
22341
53316
527
54465
62042
36700
25520
21656
37015
37712
45700
26551
18747
55551
14140
5277
33350
40547
29279
22326
56302
40382
65215
20767
26377
28139
41517
4799
9527
43947
51819
53983
6566
37492
19764
21039
57352
3207
21126
17997
60017
929
39666
52731
17158
28445
40715
24559
26845
43375
62423
15741
32774
44445
54398
59760
35633
7775
19975
20412
46385
40565
7752
54607
13119
3068
42265
48655
63585
14147
17962
63467
51563
38371
49420
20601
18827
33124
53551
24404
39290
62319
3357
53884
46794
25169
21211
53618
52385
8680
17613
46838
21443
3545
38915
27084
52157
61532
58553
38303
14258
65008
27116
44921
22230
35709
52605
50457
47823
25973
8321
7678
65020
41682
41478
46023
24529
38119
36018
54654
44722
9902
28745
37451
38590
51598
29314
57681
21066
11068
8461
9951
54329
37725
44576
14800
57363
40852
6925
3877
255
23004
28496
7909
1681
57873
27235
61974
19251
20741
4253
29280
41385
59253
31405
502
62895
3462
30716
22735
27738
56738
62600
37103
30062
61843
3408
36871
53657
7673
39518
64412
27596
5841
63848
22212
11352
59314
36099
24801
38588
24552
50735
37818
44131
21488
9965
29075
9022
51274
37106
35023
22347
57373
40360
29656
25257
8929
53550
62918
37276
64525
24859
33635
25443
12005
1533
2846
42012
26565
34583
49762
27833
63528
59889
47108
26264
18393
55913
4034
44139
26275
59691
17775
6911
8671
55919
48830
44764
29508
48212
31164
8794
26837
4495
60034
28573
55361
1749
35442
44442
21247
62144
9087
4551
40997
64060
14882
26894
7703
9985
61427
45592
12424
10066
40000
3508
27837
53119
24898
28142
50565
44078
3444
23207
23229
5003
54016
23830
64581
36507
55171
1740
7390
57647
40345
42881
33705
6375
7447
60764
7786
19890
52851
15205
22894
20977
26463
35693
30843
63547
35583
19520
13413
5428
21709
29599
14065
8882
46423
11980
41279
53748
58943
42592
44919
36669
45297
26802
24545
6618
2458
23850
44180
13186
46175
27040
50783
10287
63341
15304
46208
12619
47127
29657
11269
44355
55031
36397
25650
40415
47250
63237
51219
15823
57492
34464
4895
35218
22477
41575
58783
56304
1707
34414
37990
1514
7532
16786
43095
44724
36911
41656
57762
7818
49416
15282
53119
27352
16132
26843
62727
49499
61516
55165
9611
41320
37561
45518
50304
48939
829
21994
59196
12972
614
17485
29005
65066
21139
11434
22641
17564
38653
12497
29134
64304
29164
40436
55138
34596
42910
5847
38063
37557
31178
54561
47047
64740
59892
51839
4780
14306
42658
55490
52720
51931
36994
47108
47426
39932
44768
27156
38158
13126
15150
34558
57383
56912
57817
55987
28730
11072
52983
2050
23055
44730
41488
58949
26410
27721
26330
52368
63710
32070
45549
9718
37069
14677
39640
40810
60562
14898
13178
43251
54974
36674
17692
30472
4692
40397
29341
1208
11250
17407
13939
6287
64941
16307
26014
21143
44687
58419
33859
21252
44580
8685
65075
22315
41107
60814
64487
37749
39972
52502
9425
37206
3150
55518
31450
11623
39559
25836
64328
44977
26850
1277
8851
61802
3086
35381
5042
56259
22588
40566
11730
61252
1285
26885
48454
17550
28658
4864
33759
16592
48385
19743
49223
21843
49752
61385
57309
1883
44671
12206
29223
1017
47867
4402
14340
22290
45947
38960
28889
49404
2960
42708
14116
64036
55392
34646
18038
28430
34370
12159
61766
63655
44066
43743
28814
28959
64927
63872
40953
52721
21812
21995
5076
22735
4931
10424
58052
54448
37120
43402
16460
25115
34986
32664
19030
8922
32231
5434
15429
25192
45831
17998
9057
9713
3645
16816
2295
17863
63705
55503
5805
17658
44022
60620
57654
48752
52136
30138
22580
13718
56263
46516
49218
56700
19597
25495
26272
14379
24992
19478
6625
45507
53107
22673
5851
65016
37373
44941
17692
44642
52087
6399
22175
24118
15067
11721
49902
15653
50272
23340
49228
10872
37119
24111
43854
57612
12104
48220
44956
10105
53535
47448
60598
24297
9671
54705
18267
9081
32956
53268
42014
62176
11273
60485
26530
23660
19163
19265
55668
51623
53108
4614
3044
59426
23165
65082
44230
46162
2026
47782
38014
33593
27450
31029
56189
30208
22873
51172
65216
16836
43742
10176
15490
2887
31295
59928
708
2487
1784
46031
38190
1585
23627
34130
32190
2454
23062
24969
53246
63662
18926
50605
18608
29899
20337
23257
49561
47010
15549
49350
36729
21756
32994
25078
19590
23161
17491
2055
59241
40953
10903
51652
31803
8735
20539
21367
49262
29508
20565
5673
1934
25388
53206
23390
46572
15536
19948
55075
13067
2225
18214
7828
36483
21138
58837
29816
52453
37018
65298
59259
31631
10507
32812
27260
35835
14051
27808
26114
24195
52648
18792
60655
19644
10842
38108
44929
24630
29182
18302
7611
43895
39992
4398
20375
24704
7035
16495
6191
8498
65490
46183
12943
27484
36789
36996
45784
64435
26828
40580
12539
23057
62219
61793
28475
25070
5827
3393
53135
39244
2974
30612
21242
39385
49157
54989
25133
26083
43838
6481
60159
15733
45925
20299
30432
52540
31943
22028
34078
62767
34141
17604
4033
48366
45481
12803
47395
33614
53869
58921
3963
6002
11898
18480
43812
42919
21360
6660
41211
6056
39671
5448
2415
47610
29682
57458
33565
30015
23268
27944
29105
42822
60873
31339
62045
59225
56342
7002
14023
19595
38217
61580
14141
26315
61104
35528
23160
48028
7463
61566
44275
15584
26877
25257
36751
49294
24784
61783
34034
20799
41079
49950
39758
34319
11628
48529
59822
9813
23092
37359
55968
8325
738
60657
61720
13124
6493
64782
60790
14769
40864
32848
55545
22933
1305
18353
50985
22797
44827
25442
58418
28989
55718
33069
19305
58171
8540
59142
14298
55265
51789
42447
23519
58724
34070
28491
44707
39783
26702
27605
63434
48461
359
64748
47225
3878
33982
59099
63804
60533
54890
64733
18938
53060
51941
46547
50115
13407
59296
61875
37559
27355
34025
17276
15326
14707
2015
29518
54635
43934
46695
62765
44450
43851
21093
17257
30385
37181
47690
53399
46364
38083
4725
42548
50180
47904
3253
426
43945
35278
64741
3925
27655
17716
18934
5890
14949
37761
52501
23709
47705
56676
34857
17737
4683
52842
50339
44355
50045
44125
8771
2010
45346
26272
6067
32632
27378
62035
54837
48329
31759
37900
43479
19739
19777
12683
23057
23783
50609
11059
9805
56408
10688
10274
41434
59041
42313
17771
52319
18020
35163
44410
26117
13684
50372
59110
63035
11924
61447
18905
33932
29753
19539
59540
34912
48693
65331
61766
59003
8916
62622
34419
15960
37774
18891
55795
6135
38251
16029
3376
8953
15361
6052
6856
30194
24059
21445
45649
1444
28358
43634
9032
43725
27020
38068
61244
56539
32969
36622
64269
49704
27848
31644
6914
13537
365
37570
51184
12497
10393
1876
27176
30320
63593
8147
46585
35722
21281
17169
29737
27110
29131
7606
17916
41237
38397
57641
54691
35178
31871
8339
24087
27725
40915
49409
54606
13966
30943
1284
30794
37393
1547
17682
27899
11403
30404
64072
52299
8487
24402
48907
63316
3749
26241
45088
21122
40276
50630
62130
38229
35980
7667
11847
46474
43508
19115
62005
51515
12659
47744
41768
27934
42496
7026
34228
48878
48945
37708
1249
5291
51135
45466
44175
38757
59728
26734
63564
22843
37908
46671
23254
31198
49438
6801
43347
62298
21948
52500
65519
51957
12349
41946
60387
2220
8909
46321
3374
41874
23379
42955
61559
59264
12922
22102
37271
31703
7059
35439
61907
37578
54745
17347
27490
25837
37314
16264
4665
25399
4228
26881
28266
60243
661
58813
42831
37366
57053
32409
33257
43918
49778
22145
61049
61103
203
34616
56474
53432
39234
27147
44963
61252
3415
36597
49198
48401
22371
26545
55911
53578
12713
8353
49829
45003
6097
44650
22689
16556
19819
57480
16091
15154
32302
11596
28251
7162
51877
22410
26566
63071
56017
44041
34137
61182
17392
38979
20507
4359
24605
14092
55272
16721
15220
49077
13390
22178
58159
51669
25210
54210
7060
35761
13843
2488
54955
37080
677
59743
43912
2963
1399
55111
42457
38029
29109
26046
32078
64617
15350
22298
9383
48165
28880
55830
33402
51723
27867
28200
57763
52162
58342
36114
35406
42921
45514
2180
20379
47187
30550
53779
2172
1232
52632
26972
53487
13241
22861
64123
28036
6152
59854
14701
51171
63216
59107
55590
2712
50425
54689
58460
35106
27604
8047
23727
48813
20832
53263
20220
50330
15569
59311
13112
64573
12470
5701
21431
18013
56147
21542
23294
57589
43020
46697
43273
22798
19369
12547
32407
53252
7726
5678
52636
41463
10312
41245
44941
42870
50234
423
53150
34153
17245
44573
4302
26772
48592
41441
39573
2610
54223
15084
1936
64037
56169
6685
11110
57458
55660
22803
63092
54498
58252
530
10978
23887
42325
61529
31527
53891
19231
49954
29370
34966
6028
35837
46294
9819
42055
34529
23266
46474
49654
11149
27144
59625
58148
48868
63255
26515
1640
5161
26713
33865
52974
12143
13634
11870
18977
63637
8690
9789
63634
25613
394
33275
53061
27707
58558
56389
37663
17017
55415
38277
45592
15584
19627
44683
23552
27982
1178
51743
45361
21899
49074
7099
30450
13680
9687
17072
58370
638
22286
25953
63056
8408
34243
19153
12997
36567
54339
60494
32659
35026
57113
57247
51377
1567
9195
50764
7573
14041
17242
61263
3943
51099
63015
5417
22
5078
38434
19726
38191
49645
11896
14775
51546
59749
56939
8859
2091
29175
31855
12576
62041
49296
57659
29249
17400
64825
60784
36173
54526
60655
20550
51747
44166
34584
37871
5803
12291
8481
42616
12620
58071
21798
14443
46079
10564
36982
34409
31832
56273
43281
12567
10137
52065
35214
52984
9727
8008
9894
1661
62796
5636
21415
22358
20270
46402
861
44350
49302
1215
1688
42908
14950
55426
15145
46451
49508
48483
3394
43794
16729
20030
19317
15755
64913
27107
48684
634
26750
30102
53674
20690
26653
16592
25619
37852
50233
41166
20165
64857
38794
4648
31621
7063
41480
39102
26970
60890
59716
48646
23542
60370
6892
56979
45979
5760
59167
3196
51189
50102
50875
17315
57076
37133
32488
895
62332
4482
22601
11019
7535
38460
48446
7625
29175
46755
19185
11263
31413
38515
39354
21368
51239
50510
12481
44361
7082
55930
58935
33473
21343
59988
42086
45280
32009
52911
44760
53522
36
38975
49977
5977
9444
46847
64215
20126
6159
31646
45127
24561
35014
63364
52562
30698
58234
45457
12940
25371
46710
4860
56254
23221
40204
32731
25006
59639
43263
6410
52913
44650
25042
7186
52026
22540
32742
61828
49188
18969
31692
60118
53252
29318
50968
53364
65096
23900
60023
22266
25738
23358
48044
39549
22125
26146
56464
50106
21311
63603
16102
48967
26624
24063
54569
52962
27202
47475
36820
15565
7544
46857
57732
36100
31782
43969
24021
32888
46672
58738
21699
11787
34668
33515
48380
5402
39403
6008
41519
61910
18336
2744
6369
28516
2653
24161
46018
58971
5111
62545
933
60421
27005
57854
40728
9776
36454
33764
14967
47242
36825
62437
10793
7831
52428
54253
22174
62250
65229
20454
18945
52617
37371
9601
12645
58832
2468
31648
11558
58220
47481
51653
12482
13864
3978
48642
42838
53835
31699
56691
35150
37683
37992
59162
54119
52420
36749
33719
31816
40460
64687
30204
24086
51621
24875
27344
55959
7906
21100
13002
16964
53419
20887
13782
56063
26867
28004
23972
10676
13719
47183
5857
51442
59206
16476
13054
64091
21574
53862
51035
14619
48432
62057
59518
25623
18405
57108
577
7975
35253
34684
703
28241
7050
62321
12535
16565
47480
17092
20884
15195
16994
28821
20044
11199
19246
43404
45408
23223
42431
19875
19744
18177
43790
40864
59722
34583
23450
34459
1021
37063
62128
7849
29906
28105
52365
33354
48042
56050
32026
33100
34575
17059
11095
54819
31838
6318
7968
38639
19150
35871
36496
11805
2203
35560
10369
37040
18500
11750
41869
35281
55675
29722
21162
56764
44119
63058
15
59251
47654
26315
38119
28684
38249
9059
39286
41470
61412
2733
27847
37518
6828
27167
3941
42094
36502
2366
31821
589
31060
47149
4449
43540
5149
12643
15431
19773
22072
40676
51138
28216
32215
46273
41748
36098
61604
63838
44885
9192
18600
64075
1556
17941
53157
14440
48372
24915
43889
27919
8376
51898
52449
56545
57233
59920
45912
20621
45830
38413
46936
48710
30543
44350
57735
59901
12158
4985
48862
16565
2047
18684
4998
14301
33892
60421
5232
60752
23884
17628
24278
9446
25363
42328
26546
36166
54903
9383
8352
44304
40874
64921
15876
22574
43938
7695
28321
53860
15
34718
11688
25101
24688
27684
19238
2375
9593
52725
46555
2795
52692
24278
26096
55544
43162
14525
12937
7345
59263
33205
26966
46805
42570
22041
35391
9536
46772
49595
36585
18361
13477
23488
21877
55694
53922
13124
1683
51596
17536
2944
5281
21919
31828
1586
41223
46660
54880
26110
6165
35655
53629
19504
14229
64807
63887
7112
42521
50434
19807
8069
18970
3553
31749
23218
33953
23410
38875
41709
24510
19959
58076
56018
2883
7076
49149
48903
56405
29828
50600
50100
49935
61024
48901
57939
24404
33436
64935
24769
18460
64024
49766
54148
55487
23253
17401
42762
28740
48786
8455
19337
62024
18950
62460
36013
3936
15210
22611
38742
12435
26881
35139
65084
21701
3881
42065
6939
4355
48695
52798
21153
48689
39583
13119
41960
21845
25271
63636
29818
8555
64506
65375
41673
59146
22554
815
42975
26926
38563
5391
3642
61353
41858
47592
17333
10016
15267
34238
13050
5023
61514
33368
30019
12792
39898
62410
61407
55834
64156
10360
57289
63565
16405
63892
738
10249
12874
56685
27011
16418
39446
26159
12919
50071
9148
2834
6488
27204
4267
13049
9379
17655
823
19378
63976
30815
918
63195
36994
40850
12511
15997
61868
13434
6657
25841
56139
3471
1114
57418
53213
29753
39341
44865
16801
15292
34046
51358
30852
29319
15617
58994
6352
57907
57334
57698
13466
38437
50276
62453
40401
10079
56809
52198
6681
37539
55252
57908
41916
44726
36261
18128
7319
35737
30900
31795
57184
43963
61906
18055
41129
58929
29205
16860
47965
9812
61645
42392
28164
51237
48639
31300
53923
11493
16120
241
45642
32930
55488
23559
21385
1414
62645
63114
35647
59240
19451
33688
44978
58945
46634
57788
31229
2512
64531
32404
28201
57838
18688
44262
48812
41331
48887
56972
53070
33427
47978
53098
43084
51055
33462
26708
19975
49820
53116
2734
27399
62325
16052
33269
27258
2119
22149
39482
12761
1481
24552
7215
21542
3127
6575
15553
37300
35392
38519
17658
22363
6003
12300
21882
14745
30517
27740
49369
53476
4764
32758
52922
52192
25882
27171
35928
64156
44359
38176
39529
39393
14050
42374
30455
33068
23070
63098
43147
24920
21903
4512
25918
58007
47247
64195
493
56794
60940
27577
50684
4016
7487
55570
39367
30869
35554
50605
44119
24483
57571
56093
60350
33872
57924
13584
39099
29438
65210
51266
31880
63754
51819
29519
57390
17378
19679
31614
49178
65056
9688
19729
24349
36499
24594
60740
10610
62578
18361
60051
40321
2108
58509
60346
24246
32097
24542
24797
15921
7713
193
65363
84
38161
47559
48511
14954
15417
3970
14450
29641
9383
52965
26698
27108
22627
28769
49056
41483
26009
28301
60567
19151
58416
19013
25028
46830
43370
23226
45092
36376
60419
64308
46685
32339
46692
60079
5114
26376
63950
17371
36635
25313
25488
44741
49559
62069
63694
24898
16380
39923
12361
52608
52883
59445
56023
30608
41555
60420
53265
55784
435
26360
19560
47217
59364
59126
48701
57362
16391
7205
4060
31427
12632
48468
46228
40382
15994
26045
36332
44609
37412
22143
7387
28659
121
8926
43827
9700
54329
48486
48373
9858
28343
47083
7801
42882
34822
44892
45726
42227
46183
45643
26278
13578
62072
7345
52955
42987
38988
57059
23585
42021
8173
49556
13293
14060
53638
47757
37595
24546
62789
9572
40450
41925
16402
5439
20294
5915
40842
61254
410
1949
6315
10258
53862
8945
32700
21506
23197
48985
30315
65200
37062
925
16953
4374
1693
38665
45790
47259
8040
33896
11671
1690
5919
50115
7241
50866
19135
62055
55913
5591
42509
13941
3471
58846
34577
31262
49609
62971
22685
37859
1933
64934
34258
61995
24825
24767
58568
44185
16660
29813
16886
42720
10597
7478
7553
52046
6992
30540
59949
6943
10267
62741
62859
20167
56437
17212
7116
51134
344
40392
955
22588
6475
2735
60909
28490
58743
30287
18845
44002
25371
5943
25449
40826
30121
13834
53839
49794
25871
52794
26830
42910
54070
64401
59528
63651
16838
64492
1795
6659
30370
29009
1452
1130
45522
37536
32627
52780
50720
59400
2533
30491
31671
9375
28388
30018
5543
60488
13375
61292
51114
18388
450
65057
12011
50461
23234
9190
39433
39237
59082
52547
61224
35400
36105
51182
60290
23471
32324
51167
33586
54340
63049
52790
45266
1908
59183
79
60352
32807
49613
12607
41917
8099
41783
56752
26608
49806
30012
51955
746
49688
56900
26484
31416
59869
26131
29508
4505
54987
43802
43554
26360
755
22363
8939
61276
51863
17737
6705
58958
41139
10241
33906
47008
50412
52689
41581
46381
55231
12063
43255
17376
31983
48469
31060
61031
41816
23134
19453
64890
42554
195
27417
51102
28884
52060
31602
8071
58083
315
58038
35631
48699
14559
32338
56819
14713
35001
25776
13884
4779
34172
28991
4105
34396
20683
1310
3037
58510
37581
6102
36226
11155
24647
43514
301
55818
55140
21796
59277
20436
17946
43046
56127
55054
11467
13445
49866
1456
13526
41776
35491
8451
37923
41476
8193
1757
6774
39080
29008
6552
2877
34460
27308
51775
55150
59257
60812
384
58762
54540
22661
15943
19995
20459
2050
58983
13037
38449
26193
5024
35444
44618
24289
38703
55736
37665
11047
38243
59428
59970
28719
48414
6509
47024
62515
4468
6793
35453
35839
3079
32843
50464
51969
50879
7795
8968
7667
2951
61324
36716
28380
59496
30269
56295
37821
50483
44276
24537
58115
21317
56682
45192
16118
43164
22366
4834
55864
61376
34815
59381
21370
7745
46883
53167
25735
39958
18226
15717
24544
28619
54517
52939
36005
65265
951
61433
60854
47096
37867
15075
27478
65494
10943
19271
34461
37109
24772
14680
28685
31362
65195
20680
42978
34126
43024
61997
23730
1066
9521
24195
20836
30309
37340
12933
30352
34403
53577
5872
48043
35696
36800
6463
26535
27031
7747
53794
15822
40037
26726
45485
30603
46444
41258
55819
61159
54787
58561
29384
8866
14448
11018
33327
21290
29450
19130
22149
47167
30251
56508
5589
41014
3498
26928
18351
12718
55386
63499
59644
5982
32439
39497
6304
50007
57694
7174
50448
33359
35951
40482
37335
54261
21954
10500
37120
50418
44143
28677
1780
21195
19838
38723
250
33702
21206
10752
50955
13671
51016
48575
62519
58187
20434
62895
52716
46907
16601
30885
8534
30413
17835
21857
64424
48972
40100
28284
7278
24501
4135
57652
18434
9752
38203
50276
22312
64502
60199
55873
3949
32002
18689
27930
55171
13542
56920
19358
15378
56001
58311
56204
33510
17244
59150
8566
60730
61505
5840
53037
59496
8677
11
47686
50672
64987
25954
36786
52964
45648
57730
6536
25273
13297
15064
31076
54363
5118
38141
23572
47713
49842
22830
62737
22293
45683
20159
65467
41111
34014
15074
9534
24860
20230
43729
58703
47469
2249
54325
15116
14166
65211
31041
42788
41648
5566
22025
34995
21148
58153
60335
41945
39634
51159
1879
12973
63281
27399
17720
56576
29161
26357
63226
38064
23893
35281
60533
9458
34654
31780
40679
21323
53003
44265
53107
51576
53894
41237
21406
60041
8720
1956
30364
8484
3250
3904
43272
17409
51641
41467
38488
48559
21668
63564
46903
32012
60164
39390
42912
48179
667
2533
31258
7436
39748
24748
45136
60465
56654
38927
8883
53476
19262
28825
62871
56216
53133
8260
34440
42628
53505
18934
59131
1673
46241
56144
48803
28083
32983
7480
20637
45657
13709
22762
48647
26018
43114
27516
12965
57144
19908
28213
39191
7213
27690
48323
44607
7203
24758
1804
1738
53287
59165
40169
25736
29240
9624
40775
10061
3741
4003
29460
8691
9176
42567
19173
5558
23878
25034
38073
54930
43381
9434
46717
18725
47567
32
22680
49341
27113
5138
31399
19078
4309
49492
21873
8778
3320
19649
29559
42199
45002
53703
14747
58726
51733
20827
43256
32900
32749
36385
13011
3796
2489
54026
7693
24036
51583
33929
32767
28604
37545
32318
10093
1075
44693
26090
39442
51140
5809
13447
5074
50286
21063
33622
36917
51170
41387
48367
62001
46100
62122
63697
44088
57918
33526
15363
29066
58167
53242
46787
6630
24239
3714
26944
55537
22897
56086
26360
4579
45071
61929
43162
28542
55387
31438
31060
24301
36699
4175
3949
43742
18625
52294
14812
47367
19419
22131
44626
23570
674
52086
54079
30781
47117
13809
59824
57883
28984
33479
32503
53055
50470
25790
12565
36019
25017
553
35550
33996
58990
4413
36731
9734
30586
29980
60848
49695
21095
55847
35366
10001
54155
20095
27131
33817
2246
15218
62286
9823
2695
28946
28738
2509
64049
65284
37484
48528
51259
27461
22958
39493
40799
15725
53169
2233
19981
63093
12708
57376
62790
251
45508
2928
4448
61850
27160
47778
64990
37027
39822
52932
27649
62028
37821
32354
26725
47465
209
22174
16069
50300
49987
55725
16182
53646
64635
27380
9733
29733
3723
20230
60986
18268
3528
17710
6711
44955
46942
9972
61478
46505
51130
22982
58168
49451
41155
17883
47762
58741
9057
44386
57785
33630
27190
38924
58226
61909
31245
6696
11130
29185
44564
30581
53083
46956
35812
34347
53774
31484
59613
48014
47735
38758
35538
54065
11436
20175
59312
4183
41385
57738
28117
62715
53530
36716
25969
30319
48303
53273
59200
21472
51652
13379
21875
54623
1232
43876
13223
39705
50802
32811
7559
12412
15203
33314
36328
51916
20250
17864
23537
56952
35948
33174
773
5732
57452
14601
7886
5954
50083
43886
17573
62683
48774
35673
59523
63132
51285
55927
2349
31043
34944
2444
60693
19962
50061
55490
25196
34074
8742
11042
40913
64282
51127
4963
44501
2990
46570
34929
27070
14155
49712
30942
36521
26698
52025
28819
39049
49160
9274
34624
40071
36338
39436
59393
47698
46750
37796
45515
4509
10632
51486
30661
54422
18387
40615
58571
59746
36228
40022
52795
7632
17010
43114
48021
44018
10267
61496
50414
33016
20232
15391
9080
31845
58426
59934
26625
54958
62790
54674
29759
56612
18119
54997
15412
35632
52839
51949
55757
49390
62452
27293
29974
64891
49597
56939
4504
20678
34541
48902
7675
40153
41563
28948
61848
41306
15639
49373
20499
42646
12428
30184
33683
64826
7509
59892
43288
20926
22556
29690
13156
63317
14960
7544
52530
64655
16185
39611
59304
12778
22773
58596
45016
49248
21699
3648
23088
55463
33987
42158
62022
49031
38869
47595
21671
2628
44680
23107
13994
55742
16088
40450
19041
11952
41372
49222
52622
40769
868
65016
49919
54281
22628
47294
54819
52331
51558
44724
44605
57153
1032
56459
58840
51072
8333
35000
44753
36926
53166
37737
48218
23766
19550
16288
8655
65006
40938
45815
46096
9671
46776
61889
55083
54270
19884
16087
62971
37276
9527
49061
58397
18152
16356
50974
59313
49055
22789
51598
65156
37470
47458
53028
19603
5675
60722
19627
19162
15625
35157
6859
30612
42644
14040
30873
22060
44387
7775
59369
45672
46767
49310
43470
21752
27856
40191
15199
53475
36249
46130
45924
40924
13224
15804
53632
5739
48938
52889
62518
42072
28216
24524
13042
6151
36753
31930
45429
15908
58939
23395
43791
32649
8440
7377
51946
28748
12924
64472
59837
4216
360
21372
16479
15714
56774
7737
57922
63469
38934
2589
12909
13587
27847
7245
51795
7490
9926
47874
21410
65258
18403
6668
20034
695
2166
17120
39838
62719
18201
6663
62982
59953
11253
60248
3835
14667
62729
1029
12440
21568
12033
61103
6348
13728
12545
42375
40924
35871
56624
61487
10337
49679
14911
23037
24610
42825
27551
29498
54131
24896
48661
31959
22506
33974
59519
3775
28043
15260
17435
1667
20897
20169
37247
12538
21703
52466
63336
8412
36370
55883
22010
22807
5281
38750
23359
21544
59485
1807
60934
30396
15532
19341
12897
32805
51493
48923
16479
42328
13761
55347
18146
63714
36334
32914
31962
4649
44479
10659
52341
56636
51022
48283
22717
60985
30723
49853
60588
36189
9916
7267
2189
28691
11606
43424
8017
42087
48936
17272
37699
24211
15213
62369
53588
56756
5298
8522
25864
2008
22327
46647
63424
55662
39576
56151
22194
41448
15063
43475
13877
23683
58743
13530
19162
38432
3877
5298
37521
27011
48715
53121
8733
65481
62705
18889
27485
19965
39897
22185
2916
13526
1899
10993
32535
2459
9687
13105
38694
64582
31706
62302
25120
46780
1808
20407
45364
34366
39693
39603
6394
4109
5015
17157
46380
35244
30112
5267
47807
25906
10278
15110
23571
26740
33900
37366
39071
16527
7935
10395
47001
43638
2611
47264
47823
61792
63733
37892
29724
25986
13561
8668
51394
17101
37033
44368
22568
35683
60668
14196
2920
33439
24263
14036
35855
62775
11066
58585
2176
57099
42224
12597
39251
47825
44941
56026
54090
28914
25359
23756
63598
62661
28335
30415
16805
5221
47047
52104
22457
55488
11493
45444
51384
29814
65303
13393
44009
58054
10501
54134
61093
5215
45117
18433
54951
20219
50767
44143
33129
38314
59890
2654
20316
12033
1329
7104
46961
14314
11701
13349
6483
13266
18400
64822
49627
45693
32197
35715
44406
18670
59017
32705
34464
24544
55916
11890
52424
49825
64201
21013
33831
10549
52630
11712
15905
25794
64178
37918
4996
41615
2010
12735
177
43457
53688
25124
22113
12075
25268
18314
52979
40937
65033
22123
16340
64241
63978
48934
60978
48978
50910
55792
57880
61881
51573
49193
4788
165
63225
58163
56051
64152
61721
49533
23428
24935
38067
18113
27829
39364
65235
40623
5973
32337
26758
1129
33914
4540
2198
33787
8834
57358
20866
41917
15450
20884
38830
54104
12434
43569
47582
16788
40367
58651
722
19718
63601
61624
12887
58994
44507
13832
3627
39159
61918
32044
3872
57778
58429
4286
41510
9048
26745
13032
11294
45366
52783
30268
43507
2522
53156
10433
32786
33392
57857
24713
32317
54545
23741
39853
8597
12739
6514
12008
57039
14266
9107
28272
59619
3408
4892
30940
8871
33265
8214
143
27502
7347
37156
28665
54915
46678
55439
14491
14463
41715
55398
11933
48662
27778
63773
55389
12482
55239
45269
31840
57505
56376
23318
58253
45810
24495
39456
26991
29458
60544
60542
14328
32997
20397
35856
7604
20083
24376
15187
64697
36354
20371
19760
16866
37283
43495
55795
14957
8174
34740
27063
34663
23426
23160
41798
34410
26720
12168
32128
4389
35365
60312
41595
49595
54445
20213
49160
263
61935
40989
20618
39113
29077
63183
34065
19959
46366
50577
1246
25580
55889
55304
42494
30054
19223
33942
32300
51950
51516
30155
1873
31218
24181
25394
41583
45493
55597
47153
27069
31354
39696
23396
16013
26300
23850
58562
15487
2716
45844
53064
21438
22366
64132
40339
23770
3249
46448
64399
50140
38164
30518
40928
11408
46993
19874
61375
24969
33081
21716
4564
42170
42662
6949
48577
18237
50483
47067
50909
28199
65472
38835
64926
43100
53053
57888
17681
19668
18356
64648
19800
55006
24070
64602
46946
36425
29293
8146
39044
44019
25829
26228
30072
55811
6991
50640
34950
13054
19731
11998
56729
53386
59455
56524
52690
39847
41371
3795
65156
9864
42750
4589
39686
54861
3738
49306
49644
26341
22112
12318
2379
48307
532
49523
42759
55582
35681
10382
37846
34468
35104
65398
52577
63560
12321
48943
21600
57484
28441
47308
26319
23366
44936
27481
8848
52914
22389
51920
16008
64870
52663
55920
18504
22888
50125
42481
48378
63519
52531
59514
53944
6402
35987
65346
51121
10672
29621
25982
8887
18536
50357
39296
63285
631
253
26169
32186
64176
65297
30834
52033
64658
4508
35647
45921
5564
13202
41614
28004
46157
23450
57175
56065
59202
11278
3028
4230
56969
39944
62758
38914
52248
26137
33061
6108
15778
17182
15702
61361
11190
