23131
10891
4438
1233
44685
60258
31861
1096
19993
43405
4007
8076
34948
63761
54789
8659
30051
6041
38229
42687
34633
21122
52867
11758
36224
24298
28218
62387
8752
39285
50759
3547
8655
20244
33566
57480
57426
8322
9968
36088
28556
11430
41418
64328
25029
60907
49194
12430
25214
5425
22072
7173
7811
1024
30675
8661
59564
48152
7211
44847
16360
1400
3005
48832
56050
2171
5264
14946
13483
12780
40383
52231
48906
9955
25426
36752
53090
31137
28924
53123
65358
37847
52415
54095
18177
58843
29868
1155
30780
35009
3080
62456
26654
13167
34026
56025
11558
49951
4427
12391
61848
21933
57531
23476
44356
60096
38946
36221
35385
51338
11478
52999
13285
40420
17501
9962
30847
16068
14419
65010
13189
37735
902
10038
37318
22457
37089
26849
21596
64607
22237
53931
26658
52902
9479
25366
45741
49869
62258
13145
43326
60305
20939
26292
18164
2314
48244
20600
65094
16202
51626
33592
64121
40631
12872
6534
48007
8496
64774
38662
12799
26956
46597
23347
54431
58105
61030
39502
30580
55733
26251
11926
30211
42844
62983
65254
53211
59004
51051
65533
25420
8617
56281
36528
15689
10595
5086
61877
46130
7378
25013
49596
7737
40477
36072
22825
19510
2720
63110
46937
54785
26782
29067
20704
48928
53619
53457
57528
18603
48286
14015
35813
23361
37181
12488
23511
11968
25486
52456
26746
18025
57044
51363
59110
56200
51928
28167
53370
38810
21279
54403
19477
63468
60157
64548
40511
6145
17083
23827
57051
39380
18993
56289
27236
60393
60383
24384
43201
15947
63237
59635
38859
34451
49709
11608
58558
47525
47906
53601
13410
56329
28544
16134
12345
15324
32619
53599
33835
18030
40670
48575
10087
23175
37063
43313
34949
55885
60330
23554
3996
22149
48972
36972
42761
16810
64452
55923
54744
40090
33723
48829
50182
17781
11045
42762
32474
51855
5497
14229
15383
52623
49739
55764
43649
19405
39592
14302
52796
5901
53798
52827
9590
18812
7876
4171
19544
54263
7407
47322
47239
21147
17325
6994
46936
33214
14181
33773
63657
59796
35150
46873
2074
53416
51555
37511
51424
13280
19384
15199
605
30317
29823
19713
28702
63584
29561
44495
54673
34499
10090
13949
19011
64716
47809
13597
30659
10824
39505
32462
64817
61597
27320
2616
3932
3827
27623
1700
33968
52118
64607
65041
51599
34195
14148
32952
42205
64703
17926
11947
62096
13721
43843
2995
44230
21067
11817
10504
17004
47485
19958
34739
34487
50639
58110
20518
56308
14802
43823
27343
4290
44551
36810
9851
2435
23774
62745
11712
206
9921
46512
3435
43811
26195
30341
17392
25186
12582
32391
25727
26852
1724
12993
10097
45398
46805
18662
51948
17153
46232
46326
4214
26836
50249
24675
21444
31998
1890
29121
32894
12851
35275
55131
42773
55096
11700
6942
3639
31646
42370
3335
16613
44102
57323
49796
33163
34174
366
63361
37064
23523
36758
7849
62409
32187
25380
23185
30979
5143
60591
8707
9277
22988
41438
54972
39188
54220
5227
35577
23543
44704
49480
45792
7167
458
24113
50291
15213
38902
22778
19307
52115
10271
42094
240
64620
8789
49162
49894
51532
63214
13061
31364
53743
38648
63926
41731
36979
11821
37366
9120
19726
43123
16602
10441
26036
56585
17708
32435
64548
47190
52790
55217
17154
23507
46904
15736
21539
25993
29721
21854
10741
43974
41707
36331
41682
24361
44996
25209
38834
40838
51791
64410
31216
17287
29727
42218
5750
15336
23844
63096
16139
64982
11563
56105
43405
59868
56616
52303
41367
38037
56249
52315
19637
28336
3664
7302
59662
59825
37772
7323
53676
34486
7692
43063
41433
33240
57898
60917
23464
54041
32497
56239
44682
29695
5846
21004
4507
13077
16758
31456
58157
11441
54787
18893
53264
48231
59296
61055
46258
17444
17542
53609
59722
45732
3090
9885
38435
45962
1595
56818
18771
46564
51542
51214
60943
9037
41697
10269
6239
49558
1211
28842
64827
24133
58884
22560
65343
39219
16067
15149
33781
20192
8018
31689
49786
11687
11572
15219
12748
7539
6096
13124
17226
1835
3068
65440
20643
28186
51330
22509
9733
55641
35791
25174
54483
50611
40202
38765
43632
63977
25043
19981
43025
27190
38011
37683
60495
15952
32492
42533
64395
20952
22197
36961
42956
34808
41249
22491
48252
21023
55227
14797
54697
41268
55051
40266
4655
28515
61737
8454
45834
37234
34981
13713
57997
50188
57426
7819
18068
28171
20494
15854
21555
13482
30941
5286
49425
43312
37949
64880
36558
60289
32031
53670
48495
51174
17706
57395
13771
29720
8926
57573
12344
39350
28643
29446
48493
37837
40550
7345
50169
61283
29301
2362
59848
3530
63391
1159
9051
61483
26197
56379
65313
34046
44867
50247
9155
59257
8853
27937
9418
43331
6719
57943
38937
51820
58246
5469
31851
14936
5888
21750
60173
15194
57000
57459
3344
10156
16123
52514
31929
55261
23640
14651
42989
56549
34770
28383
40287
48433
56017
36437
59477
37388
9563
38861
31856
45295
1863
24941
45415
43056
62219
45093
36266
40821
47466
24615
34646
20927
46023
23702
5743
18388
9291
62484
44678
48457
4903
92
6600
53949
29445
29408
6318
13956
33119
55558
28098
54158
50498
64390
23597
36061
9609
20672
53968
48931
44955
51336
50565
42604
43787
9520
22241
40053
43056
58871
56420
58678
64522
55714
65293
50156
176
32140
63019
17430
37198
6759
8924
33412
51193
26165
41469
38758
55901
3633
40361
59488
51570
11676
3224
54705
44991
56381
46238
8364
6783
26236
6709
45858
60252
8003
23804
32769
41461
47569
38660
8530
64339
13990
12352
14920
64638
60340
26012
57693
1866
13591
49083
13792
7715
57211
52158
30249
10044
44697
26711
59361
10948
52763
61286
63778
9436
50199
4811
61866
35934
25120
56663
30350
22364
19501
25036
33682
47815
27343
10800
12370
4917
42564
13927
4954
62640
9806
36167
26341
54458
63989
33420
28465
20025
8670
62947
17040
62615
29362
37778
55019
62861
42814
26174
38894
60042
50541
18587
37325
8871
9142
10299
13648
38278
10106
47280
62491
19414
29999
42649
32401
45891
62314
48867
15421
60249
37501
11840
38500
63125
25884
63562
13239
21874
26928
9735
5879
28110
1625
71
27213
51651
39061
21118
13602
2186
28263
22772
29799
54412
37077
55029
60804
10885
27465
29163
33657
10386
41600
35292
27012
12680
2758
22622
46812
2602
57243
52920
538
26027
47940
51214
10011
45519
47013
28719
26562
1715
60293
53113
48878
30494
32185
41122
29614
43712
23115
63437
56013
14950
51738
53296
20931
29964
58518
51820
24462
60
40315
60097
50758
18602
29258
40667
18308
1511
61221
16960
62387
60548
14027
33624
27417
9694
55383
7742
2183
59255
5796
7599
6382
24679
35104
47871
3255
47646
61273
35531
32336
21238
15019
37730
18704
44634
38546
63599
25813
10495
42250
27064
38705
55954
24775
20079
36220
25208
5779
28288
62371
47141
65291
24873
21356
40910
41854
21489
38101
15843
31850
59024
46822
41762
5807
35839
41487
31866
28115
47065
39519
47196
1552
18456
25387
43274
30632
35417
46266
64671
15814
33835
37164
15743
55977
2115
53463
52183
37846
11777
42907
42198
28094
4494
26256
44880
15323
29561
35646
58890
9182
54106
15295
48042
59257
61905
65476
43194
49467
54475
59255
23209
14691
255
47051
43472
23694
57778
58313
36574
11619
52261
6215
17427
28641
11870
40678
24492
39548
48354
7197
28092
24236
41561
26989
33572
35292
64623
45637
1774
33176
45204
31461
23867
50770
32358
50983
24091
32770
53224
57839
42794
19119
54841
56284
22503
29112
8440
23503
48592
46637
44146
457
55200
57487
64894
37756
10282
64832
59733
38041
60444
6152
37754
43756
43729
8442
20010
53553
49435
48487
30752
59140
56931
46892
52529
10024
34341
44070
61199
35388
55574
64541
46529
9001
60311
56244
2316
12223
4101
7063
35996
63064
14106
33849
50565
12587
18723
64806
37080
59496
3138
25865
6070
49287
30360
59494
40672
46782
11424
46481
39856
22963
12950
31009
25754
10813
48093
44668
24636
46728
17284
17624
65395
36295
59268
51336
47961
64697
25170
23202
49482
15563
22267
12626
12357
52058
55019
49007
48984
31204
36383
36140
35061
60467
1316
63527
42263
31195
35521
23230
62962
35971
9872
19803
20896
28594
7426
64808
11642
41897
61091
23595
43711
6702
45985
59252
21176
11077
7309
2297
60335
58967
32955
52870
2613
13144
64122
8146
37681
15718
8340
28630
43770
23407
24375
39512
36661
57711
57153
14511
59944
24747
57654
8920
20528
30627
62234
2145
37781
43024
16983
32131
58609
54245
55483
1565
50771
45047
34128
16924
50503
54036
42256
61310
17161
5202
62659
26739
56560
6865
28303
30740
42471
36104
62559
6615
50615
41259
23584
30428
10510
5048
16827
24691
63013
52864
34421
15320
34244
185
29958
31080
38690
13553
42766
18472
29322
55284
20352
6655
50342
17303
32001
23669
58611
13609
22042
25942
62407
25235
13797
1157
64831
25073
49132
54343
41687
38008
27524
7601
7899
62999
46478
38115
28209
51168
37251
55436
36123
9954
58010
62298
62680
4760
59869
6143
3788
48923
64178
36424
18468
17783
48188
47344
23873
7129
1487
28556
6815
19755
32100
2314
13103
37795
57833
10554
22422
20156
3309
36984
1234
26119
19327
13915
46629
24175
39331
18685
63010
53969
50395
22439
6326
144
63927
53764
32537
24519
4728
775
22933
15781
6636
53826
19171
62434
36808
36071
45499
58324
19880
17687
21212
19282
36538
41215
12924
62420
62376
10438
52671
53674
29255
42974
53392
35578
24740
40890
65278
14487
38004
65086
23201
22935
21575
38359
7263
7535
36922
5335
47436
1133
40510
52596
44614
33055
25132
13501
22266
57155
28213
42576
62984
14190
2562
52008
47293
36799
56028
55389
11850
23419
36612
49833
37060
55336
44086
47521
44903
43218
15828
62426
12233
47923
63732
28465
63139
48032
3527
34496
32086
9292
23883
15166
55669
2437
64445
22118
55968
1140
21344
31045
21520
52934
51938
26202
6716
36785
21718
8604
36386
760
6121
8184
48665
31774
23289
17583
41218
41991
10455
61316
20956
41877
39896
30529
35950
44283
51535
52895
48243
2529
17454
55892
54678
59774
22768
12595
4188
10886
375
13008
52384
31321
58595
9744
22695
47437
49632
14992
59350
40332
47655
53241
55125
33912
39746
12104
10645
13683
64524
43973
39792
60455
49536
56080
26263
34557
62636
47452
54668
14258
13365
35452
15615
37156
55844
5460
49627
14180
11884
3929
31989
19619
37064
10519
14483
44068
56239
40340
52427
213
62777
13997
36560
41087
25819
38770
29394
1139
29125
17428
53198
58754
45236
17690
40601
47364
26203
48684
34577
34387
35496
22186
43112
55783
27588
13241
7827
57960
26592
8961
58896
35471
60424
35052
16708
8191
25080
35362
58415
31151
38183
13766
37356
32744
9734
23294
5603
24269
31687
23556
26029
8651
18604
47824
17466
56530
47011
5865
22625
54243
15713
1966
65385
41218
41684
26541
19241
19077
27855
5600
60472
24534
5649
15849
20226
30336
51117
1560
61714
43078
58809
48940
56127
61421
13080
36733
20682
33434
62355
37621
47230
6891
38458
8894
28200
44868
9714
25971
5105
7516
31922
63122
38207
38440
5440
40016
58324
37668
9744
34053
23522
44428
32901
5989
43304
28230
34136
58855
33721
58493
16011
51729
24552
13895
60462
58280
52775
1553
26114
44794
40858
64166
5736
30265
27064
43611
43703
25909
60210
255
15552
11066
42559
48186
263
30465
37897
5205
19250
21383
28079
25891
36627
43976
62010
63606
35099
8735
57745
24121
13964
43843
18181
9848
43657
7795
20175
33039
15097
64072
42645
51451
44971
3223
38782
64398
9870
27406
3501
26617
45947
52605
42273
12979
57283
47546
40299
48045
31617
33804
25010
63126
38888
36288
13893
6793
32380
41324
1255
37901
27006
29650
9155
32365
18113
33519
48346
31671
26507
33302
65055
57838
32915
4994
4086
4582
18706
2146
10732
49421
45680
46664
31570
52885
52663
58169
50823
13945
55036
31628
56944
33173
29855
36376
61419
49767
857
47344
3404
46709
44136
8594
27788
38304
744
62112
55031
62245
29781
59990
53106
62337
33939
52127
36500
8708
11529
22544
47032
10539
44122
41047
58304
46701
45746
23696
37037
37421
9527
64954
26634
62646
6034
61282
12415
40545
62397
33636
45688
44002
53625
9123
17646
17738
29720
62787
1416
53038
65273
41966
30006
62932
4552
62694
59060
63777
35146
14384
48056
21496
19483
36481
18426
61797
39107
34257
56830
52075
50975
47684
17268
30038
3166
57094
28524
10435
33269
26856
40321
58336
58872
40643
22476
17149
61830
10520
31966
45403
33269
47733
53087
13077
29704
52675
13732
61644
5960
26493
37530
4848
31421
63730
61279
15605
14488
9272
37969
4353
63083
38795
64262
7257
52095
13118
37986
59970
59639
9870
46197
5967
58929
50425
6579
24447
13031
36342
29594
31295
47867
41860
28395
62996
22175
64227
32063
32317
15743
59073
17296
13522
45001
7629
1105
29840
62237
23654
20796
21095
40354
38327
51772
52956
38501
56551
30555
47924
13947
45064
22796
16526
19620
23796
42574
53463
33360
54695
63653
19689
18109
12689
35720
19062
52813
40172
40595
243
50680
52861
7256
19576
42929
39445
5775
40828
2047
22993
15672
5521
21696
38768
58658
36842
25587
17607
37185
37738
61755
1604
7912
674
47570
57519
18215
43240
5060
50215
63634
9758
32668
56398
64401
13579
10850
32439
9786
11594
4442
26556
41968
46981
9358
47820
59629
23333
34779
61081
37931
20408
59827
55260
15931
41305
63341
27694
65468
18163
19178
51030
3226
29610
51916
43725
39594
50366
37873
30273
3240
49091
33402
9636
55644
3830
1441
49816
1133
61809
38038
41567
42518
14324
27282
46062
49216
23243
33443
60379
32663
53154
13523
54690
57366
8625
24431
52866
39222
56548
57044
40223
60436
11329
61331
44730
6117
58863
32201
36201
32654
56635
63551
64643
29041
36940
40961
7572
1058
36133
321
38081
52450
32550
62731
59726
39990
36731
64475
28636
48596
2040
27009
25615
60414
5933
23458
62991
64037
53438
22587
1244
20386
50064
24612
50034
30950
24650
17213
26917
42819
46566
1271
59356
10950
51266
57508
36750
37306
50675
11106
46000
16429
9018
46970
7922
43321
48448
15754
41828
8162
17433
63129
12396
12425
18497
7905
58163
1122
3315
35740
42873
60929
30432
7924
37460
11772
56966
22565
12227
17556
23498
49497
35934
31332
42951
22720
63155
61654
14859
31203
53854
4469
57605
19842
57942
28848
59587
64440
35125
49512
12684
33748
32203
55252
25524
22592
29883
7430
34341
42023
61640
57127
56169
40833
3666
52125
6018
13470
28236
5453
1836
51468
52391
5443
23357
37244
22742
60390
65091
33356
32760
27308
59911
62450
52645
51498
47482
8971
110
13752
43368
44522
15874
53736
27839
46087
14078
33555
50691
29259
4486
12534
19355
54058
42575
57172
3490
17657
45383
44444
37331
62920
57016
14226
17546
8851
47457
57783
31067
3191
30505
56241
13757
65046
27756
39127
42219
63988
29429
52649
37210
33640
5799
60975
57843
38448
2252
53864
20237
29450
39804
16604
41645
15336
82
56742
58473
1767
2758
12127
31758
60879
1421
54072
44498
50364
29841
32686
50848
41977
6936
38404
45950
35015
12379
54108
47598
34102
15751
51472
47541
41974
37476
6892
23240
60257
42487
43539
15709
20900
40031
25038
39153
6524
47518
35772
37554
38329
2615
46876
59242
57970
64246
2848
16721
47041
5505
41756
26797
3339
52052
39727
6487
7547
12253
36600
41156
56140
24363
43958
51698
52134
900
7735
10254
6076
8696
13846
44964
13057
2540
33487
55983
63421
10054
13076
58846
53279
31695
3878
13739
20138
27788
63781
31545
33200
62910
44074
19364
32229
4355
4238
38091
28503
42692
17005
59455
5949
26534
21178
36229
44447
31759
60960
8326
61239
12333
49597
42243
25838
32258
37053
62908
42446
62335
58425
45422
36879
23879
43992
2692
28319
54360
42858
3681
37342
15370
33067
62428
14059
13474
31528
6636
35573
29535
52366
50182
35532
53144
23070
50039
51892
52659
50476
63923
37971
33568
17002
61980
54139
30990
22143
18384
4612
65249
9308
15066
59318
13085
14692
22428
35551
4478
59999
55852
2033
48336
41163
25853
28713
10418
15020
28374
47782
44326
41039
33057
18872
36600
4193
31924
40334
36548
55960
37123
15804
37788
21301
18405
38895
21250
63208
4546
3873
43686
58560
27774
51285
41218
19526
59177
7200
35925
41436
47447
9742
36856
34187
15622
18089
24995
9148
51145
48914
37758
15371
22176
883
41458
51607
57392
40582
42256
19273
55937
7910
59365
17080
17708
22749
65457
3457
58457
49686
20347
8317
29228
48095
36803
46222
13441
33469
49556
54503
58813
5825
63039
20888
9309
3634
16377
53098
52338
39900
55455
44936
28087
5130
2160
24984
6844
274
63728
50904
15212
60259
51084
11475
25961
8478
32959
64672
18411
20296
42871
50490
45354
26479
39410
16516
3431
29823
21147
2444
17713
47283
20725
1509
10814
2395
25157
35022
12348
64141
24514
14626
1524
612
29174
14824
50696
35401
11566
44056
19316
9900
17619
35790
64532
5026
62497
11244
22292
40744
31025
57260
29851
41201
25687
21518
32153
55805
17556
61808
21284
25651
1863
27246
58886
64596
28552
38336
34908
9512
50020
34089
44765
27143
24608
39673
32890
40832
10904
32431
17616
60078
34140
11328
46589
1131
24192
24829
39513
47886
16269
18383
25960
29260
23693
65071
20734
24947
11915
29738
8889
53016
29300
62125
39296
15717
61018
7138
12774
32340
17952
25857
47630
5896
36646
59052
37950
14705
22039
16513
56116
63285
47939
38769
13237
14834
44635
29191
46651
1136
59774
15397
3629
32444
48542
18862
37408
24588
59176
802
42319
16240
56898
12927
57596
27151
37756
20369
44924
50380
7823
31131
58822
39492
30274
2780
18553
10481
28551
9222
16085
33637
51020
33520
1451
17366
10451
42946
41547
14312
14023
35251
23657
46406
43895
11571
44169
55995
10772
20963
8923
19385
28244
60108
6628
13958
22658
51549
58826
28144
5874
49715
30440
34776
27959
17660
27511
980
28440
10545
7610
37190
41312
11498
58342
229
48137
25136
31081
29831
52459
35690
37003
9915
8737
50913
61386
24517
37104
18798
26908
44585
44913
51779
23405
59653
30769
22566
50212
30604
64324
14256
53452
464
45103
29525
6883
64096
34284
63653
16707
30439
15280
58416
56512
8569
2611
34917
22685
3010
39363
64531
33074
15636
33793
7658
50970
62500
4291
61854
22660
38638
23947
57942
58798
59973
35822
55525
58272
2267
45318
25271
59748
32037
34798
3837
36802
45630
37232
53306
12823
29269
5333
44148
43045
34643
52606
33626
20296
61853
36293
24184
54926
10983
51850
62631
52162
42673
40782
6456
6584
54867
54659
1200
18402
947
15459
38396
34208
148
41260
50783
63629
46336
17179
46987
32877
37566
44017
2207
29921
62635
42158
59788
35660
58434
38057
64843
64924
26437
27155
22240
38641
33676
49257
5552
12916
32458
4835
61931
26212
23808
5372
35904
3445
36593
35009
20524
46422
51073
25190
30997
60320
21866
38047
39666
39769
61867
60548
35404
36566
44309
30477
8536
43510
36767
10490
52793
37428
64647
43086
62084
58148
45104
17901
54640
41545
23349
32806
26422
23530
32393
44438
37626
64113
6258
30894
6631
675
31667
32857
31532
27943
65289
12766
37112
59911
64964
43616
61392
58916
10786
34697
1048
34062
16962
22756
45202
50018
59709
55634
61919
22917
571
25965
63535
3326
20343
49985
60834
34938
16358
41884
31503
36171
62703
31306
54816
14960
6645
62559
12711
46420
8204
32264
48237
57495
29619
63479
17006
12116
52558
52381
64666
49575
14775
43021
5572
3169
54402
63155
3895
20759
52202
1100
12779
8200
4383
62883
2545
29023
19149
62867
30136
13156
16052
5482
29229
4083
50951
12668
23643
16517
28206
40859
57537
45011
46096
9740
9001
43978
19930
16697
22015
10871
47326
33380
12146
29860
28447
35534
37637
24314
2026
61296
56914
55811
9515
52649
23710
35318
3095
52645
61445
58525
16968
60735
44424
32937
36973
25684
64163
57271
37919
22926
40912
52608
14494
16126
3950
22079
7016
15452
62890
14821
63747
44633
26806
41146
2769
5384
25183
43375
46226
58179
2479
12648
3897
5961
6144
6238
57469
43535
25131
16002
38670
39274
28752
12944
55344
50047
19413
40015
36620
4301
37799
64620
25803
10819
34733
7771
31293
41155
13012
23111
54120
61444
18808
13303
13921
5842
15786
62172
43246
427
11720
18890
28561
36836
33562
27601
56232
55059
29463
56487
12199
34121
14100
18293
15465
12791
39179
64042
54335
33456
49312
53423
1911
34711
11892
51004
35295
38038
46780
29514
49929
39563
62985
49699
100
23154
31281
53694
13729
15718
58946
39292
26366
34776
56558
19897
44927
31064
52541
166
23113
53524
61266
4262
9119
58568
18469
44716
2785
22639
10509
22125
42165
15753
53454
9218
1806
50329
31285
31078
46333
1833
24776
32703
36069
36716
59099
31794
13614
11684
14132
12811
29228
28320
49965
22932
42140
16996
47007
11147
33213
58276
33563
21131
54494
43122
51379
15395
34681
28078
26242
33648
1195
10060
5592
12830
21361
35976
28785
42776
3323
55021
15273
61583
29357
15175
9334
6351
31857
63092
6604
10183
3429
53200
52294
46644
24675
7391
48577
2289
9832
29624
42994
17407
32962
4472
35914
39437
39804
8825
45530
50945
27042
34135
22623
40799
17224
22775
31087
21991
20730
64640
9274
23517
28191
27313
15561
55965
59620
26328
62707
48139
36535
3568
27105
15418
28457
10636
28579
59207
42466
46681
32305
23635
6453
8400
3800
18395
59641
15966
25819
29860
28695
25291
9050
43397
20878
24867
21460
12522
56437
57517
48102
8079
15095
28752
21166
7571
37403
65121
37238
45663
61887
26471
44798
45731
8402
12356
55906
17214
32377
37295
29243
11802
60611
12292
64730
50554
17065
11708
19090
4020
64917
40002
48511
21447
22335
41254
45855
45566
43394
7545
62018
12794
42411
44056
1927
36376
21848
9650
58413
57494
10861
26611
61404
9334
44061
25740
18986
63849
59578
1243
19128
40392
25442
6989
1462
14300
29075
14361
25669
37352
18433
63496
55055
13547
26429
46565
1251
30705
2316
46186
189
32634
54735
9927
22851
4077
5542
14056
8460
31016
48821
5342
3912
8772
25500
32370
57887
43519
54313
29156
41959
13604
16915
12412
14399
34697
15472
53219
37787
22066
35793
21524
58027
28746
48160
14781
29747
25302
54878
94
46420
64293
36893
38511
56330
60644
48345
57252
6818
469
56199
61212
20049
33661
3072
9771
834
17915
15058
32091
3972
38390
52010
18772
11806
49001
27340
54164
3299
47282
62712
11067
5978
54873
13747
52671
28709
11407
4584
53336
26928
15795
19102
53808
61105
1113
58752
59564
34655
54017
6981
18186
17894
41251
10415
63714
37920
58687
35880
57209
55507
58341
12978
59027
20321
14226
42157
32662
29675
5238
24395
59762
64335
64777
43844
32957
63387
31462
40298
20893
62451
48749
46832
37412
60243
35852
62690
37914
57675
58459
950
58697
41649
55501
5988
8559
21636
24039
57063
27726
2282
32988
57482
65138
892
50070
34621
25297
51259
37716
60239
16018
7724
5010
62525
20548
31295
21465
9971
56754
32593
34671
10422
65102
40147
21292
22114
57219
59512
31558
62604
18243
64926
64722
47188
45202
11753
1634
38768
16076
59385
10866
22207
8644
47682
27764
44212
53475
45731
38079
47902
27184
50765
24297
22708
15090
16347
36981
39757
39638
52661
14090
53099
63056
55811
62369
28315
21083
57270
13874
14373
49853
26716
57553
3334
44377
30049
35838
3037
27681
32459
20788
6482
11978
57602
18867
60024
35585
44546
31002
61353
1599
11326
43165
37721
63942
11060
35438
617
28195
35645
8435
50800
54599
26770
49988
57304
3691
28586
63379
51521
4688
51689
64111
38753
64427
44410
32751
30314
14090
54720
14146
29069
10055
35715
17197
3400
55180
29812
29533
17537
65438
57021
59851
52598
2881
13223
2811
61216
7733
40419
29688
46300
43853
62314
65299
12604
17493
43701
57615
33716
4417
7456
28888
63600
17887
59397
250
11967
47682
23797
29866
36624
732
2223
52048
37570
670
45791
34114
35861
56242
17758
14572
2044
33012
39228
56569
39378
22361
46798
20055
27528
18679
3116
59368
8654
47711
9116
8696
2739
20253
3409
45691
21175
8890
50783
20535
46249
43768
62824
34124
64049
28358
53758
36649
29868
45218
50472
54111
15371
40106
51182
65119
57713
34198
19843
59370
10776
24951
4190
11752
19132
4513
32071
11225
34831
47266
42600
54466
19841
60179
1441
31493
63431
38483
41641
18939
4998
16054
6070
28670
29567
63713
21614
32102
6051
36321
36
45336
20058
52161
6167
23747
13183
52773
56303
42597
3282
49594
41597
2135
61542
50486
3462
31126
8496
37095
14633
59035
27255
4126
39553
52868
9190
64886
30976
28847
490
45187
45994
1034
15418
46695
64151
42632
30086
12534
55180
22040
37211
65506
13797
24793
60162
33796
26742
46448
39442
3212
24225
27692
26087
6448
44424
40191
38954
7810
17314
35734
6544
61674
22171
43253
30572
9494
11268
28514
41334
46998
13834
34634
43844
20020
55408
34446
2871
50241
56645
62016
8204
44625
39828
53860
30264
9543
26848
53316
55741
4086
57453
61000
28907
51652
39764
22380
23056
41082
16809
30329
1969
3565
24287
4424
33624
36100
24537
5468
1855
38286
43133
32436
57310
43862
32220
19858
42587
25371
5384
59111
18112
204
63418
35211
22846
58659
59256
4228
39123
13901
19316
1887
28306
6941
33164
25829
12435
1444
46293
25945
49246
38191
18955
62947
27767
16277
16918
32075
52167
15315
9882
57866
695
43718
34417
28754
37321
60732
38233
44754
57316
27104
36820
2825
52700
53111
28946
44802
45833
12511
41863
50893
28036
43808
65111
64725
50898
10975
61891
42119
64564
22062
9544
28713
19898
65377
32971
37431
37127
52430
39897
10957
63309
29968
16573
18441
31844
11405
5930
62464
39427
59168
22002
11642
57534
15846
15896
45711
22319
59967
65385
19712
260
34467
43504
817
53540
63933
50629
15042
4550
34946
50000
2379
31525
26258
57032
42444
39696
40107
15898
59513
59148
22253
31788
27921
65373
56886
55849
49598
27837
33262
18098
37199
11946
37761
63305
38618
4368
31295
57000
44300
9044
32490
52127
22602
64626
37301
47572
13681
43403
6113
38717
18560
27925
10795
2657
25455
42347
15124
54632
63959
57199
62982
60220
32884
25400
57341
51947
14714
27876
25926
64537
64083
56071
48252
12005
7810
18674
27165
61507
8382
50510
50642
1694
18631
31487
58131
7910
47907
42067
29563
17021
9593
64140
39729
38920
22747
38681
64622
3700
35481
16402
1022
5032
58890
32491
42959
47835
28558
41744
25850
52079
33160
18049
136
26944
41524
49090
44827
64745
57089
35979
15391
17905
8927
32323
25260
36922
60297
45096
51433
26585
2054
26255
53195
36261
64197
36471
35315
59901
3558
57502
36113
24441
23800
53169
61861
480
18773
65382
27589
25893
54401
901
49451
28386
3200
50861
60073
58062
46380
20126
35326
16564
44785
31051
25673
7470
52479
42501
9954
43606
44928
18665
12612
60030
31791
22950
32319
56162
65228
32424
39940
3397
13237
2403
35580
52851
36536
58906
34559
35984
9340
23270
7172
8394
51476
51541
38393
34115
46644
24176
21925
46598
12311
38421
23872
3256
21263
62455
5502
38249
19834
31428
49140
12122
41217
4251
19624
15772
26303
2947
53960
33886
15970
40082
29185
27209
65220
12170
56496
6866
62256
49856
29841
30901
52151
19194
13293
7573
21802
27006
17733
15653
42463
55072
13536
39517
14665
13146
40607
42908
48390
56155
16253
17358
52983
18475
64961
25848
43593
61493
53406
3160
53398
54493
4331
18392
46340
29349
35996
8634
32598
17748
58179
19594
24137
6881
12607
10320
57609
2225
62949
2362
577
4634
25982
28461
1105
28198
12344
48858
52722
41135
29616
20488
51272
24202
58543
50933
41108
24842
32749
48240
42532
35225
64116
64502
1296
54182
13444
49921
3659
58340
63576
62185
9287
47308
33590
64711
24845
42896
57429
24538
4709
37189
44148
25135
45621
34096
33580
34069
50077
20030
25042
39467
7914
9354
443
25979
1505
59979
5721
23579
29152
57473
38824
3370
2014
6517
2831
34548
22547
34494
35204
15462
32786
54848
14977
10725
42966
22196
23701
53735
62661
16446
3491
164
53923
7996
27683
44967
19606
21019
31023
13796
37068
54413
56013
13450
49899
63827
56596
32540
43918
49507
5094
3594
47776
9629
54706
13702
57964
51394
37403
4463
30954
18725
21997
18569
59573
2744
11681
54414
36284
10261
45416
3285
46400
53295
53687
44876
11679
61716
9523
30852
3640
26400
31797
59179
11075
27287
8044
17608
37488
3884
51975
29633
25980
3870
44876
10176
51362
29101
28446
51329
4828
43255
23221
4132
33371
40344
22829
62411
61512
37669
35806
53981
58731
62103
21376
62058
33242
36114
59302
37364
21159
62093
25510
64851
50429
4088
46782
46657
53177
15295
7164
65387
44523
64725
122
55720
54983
10142
57237
29374
58104
61972
22306
23963
26635
7077
31815
6230
6571
7855
28655
19565
9924
39724
28697
25420
8301
54090
44351
60522
46756
60034
35567
33300
13381
51053
11736
64107
65440
52558
25097
47381
56235
13910
22221
51473
28598
16881
64573
30647
56058
12240
20406
56109
4735
40795
39909
57941
45620
54322
45496
32784
30623
39500
9762
12058
44861
8229
37388
64079
6524
41066
48492
9348
7852
42427
12135
24001
29855
28667
31678
16609
261
60696
14740
56319
58665
7900
57512
51927
27483
2539
20801
25766
58682
43094
51725
64899
9630
55573
50505
56970
41402
42562
47301
20443
17528
6461
60119
58515
58833
4551
63271
58501
49379
64659
61542
15285
35330
46059
38719
15993
7968
52656
7870
48689
44551
22980
44114
20822
25976
33459
32521
56548
25627
2654
13036
46644
37575
58236
40994
43595
45705
57504
53495
50305
57701
49950
27833
5112
15370
8691
26448
56387
53361
49169
54977
58360
15755
56581
14650
1580
33654
10840
10441
43955
37801
20944
22985
2305
3715
12626
41155
62521
39556
31593
37863
42631
64713
13456
28652
52861
46600
5650
30355
37748
23276
26862
15423
39475
11113
52550
29924
11713
13378
15640
12742
51876
18536
21478
34147
4723
30644
51256
25020
62866
15774
50375
64084
10064
36789
4703
48246
63452
31404
57136
31788
33828
46408
51845
38666
55496
32235
50991
41500
37928
2720
62860
13385
13209
41110
30513
28112
15117
12717
11313
58247
56026
30529
38936
13346
39824
50920
9281
47329
60066
41655
18565
8469
27647
32659
15698
56570
23586
14820
8863
62618
60713
5329
29896
41002
60790
27055
29713
37839
3763
16864
36733
51460
53099
64667
17354
36057
52697
41870
56119
11191
17020
64862
38755
1374
57261
7314
16570
33024
2423
7125
45561
52576
64498
26601
58522
11055
13773
22752
22488
23687
51899
12148
44913
6042
44299
56617
4509
27102
58829
46988
2579
15073
63290
43491
5870
39627
58436
63834
5318
30158
2915
43780
2887
11260
13672
53783
15466
32600
17153
59276
37647
64849
47150
6820
6707
22013
46214
20683
23384
58523
32811
32827
6732
30928
65044
57672
36516
59032
40432
14646
63208
23241
41359
36641
57180
16594
27102
30742
4996
38395
34424
37745
62574
27817
65331
40928
31480
26882
60180
54897
2632
8277
43488
7990
47092
30320
24968
52463
21918
41097
8924
20778
56806
41157
11285
58207
62412
16873
8613
3831
54242
22791
39711
13199
3984
34385
616
1871
52002
12244
31984
9126
30617
62164
5475
1655
37282
58540
49627
50677
49341
36922
55895
410
27536
55633
53072
10873
21969
152
17542
62079
58484
13253
46644
61137
59927
64819
16032
2718
23743
33783
4093
4068
33321
18072
12453
12438
23542
27606
49501
41134
20880
53659
28051
17806
38895
1394
3405
17742
59190
22755
48832
18404
22610
63870
46326
30
49343
11600
59326
30411
58881
17365
7012
57349
14110
49265
24695
36732
7969
58461
59167
13045
29381
34027
32371
16651
17319
20116
33007
41411
24471
44761
61600
41532
14133
51956
4261
21785
60743
11543
62510
48999
38905
36337
15672
35014
27098
61419
35485
24815
45263
63166
14865
11257
28261
19367
58002
30559
58019
55251
17402
44117
63982
41399
21006
58547
16261
6594
31066
64809
51640
24918
32693
46082
53811
46860
20937
8650
24790
18558
61155
23193
14687
44304
36722
23209
25053
49495
53258
35719
4844
60531
2436
37104
1572
40298
40043
7075
23942
2437
33042
12415
58847
50894
25526
1490
54188
39666
15231
21568
25597
12814
18963
37241
64564
61298
63263
33479
3540
14739
14116
46138
5121
8909
36983
65481
39815
7247
46978
64803
16698
47258
24724
24187
34893
16086
12175
33076
30566
31304
31309
9229
3373
24848
23425
34389
14632
61151
59635
21093
10163
36523
36300
27195
29207
16558
46227
38867
29315
5354
20447
30807
9055
5459
13016
3009
988
6058
51777
21472
38252
65470
13366
8379
64629
4631
17244
29960
39583
23128
9234
48743
25313
23152
26674
986
54940
12708
1348
56628
48451
12380
34515
8191
49635
1165
51822
30674
12997
23161
37590
48899
24643
33240
37759
27171
58272
42364
42859
33151
3936
39942
51279
4368
55967
13119
15908
25685
43075
60373
408
29249
25919
9378
49341
21268
32892
50841
42508
31295
33434
1501
19281
29652
35998
21206
57554
20868
61209
57219
51023
23470
56090
6022
38581
17498
20989
32821
38075
25088
54899
42849
34011
1629
8600
23233
5730
20300
34760
34986
31419
59428
40156
25286
41792
6515
48557
3737
13287
10414
7677
52277
2414
59480
64693
63205
36275
23584
31480
13423
8736
46876
12260
47419
58572
21005
61715
51286
44345
51013
37504
1962
64597
6962
49566
16228
42591
48191
24303
20971
15774
43539
65236
34068
26189
52518
1980
29340
43952
6380
49077
1529
16599
6023
14132
36088
55618
16157
65081
32497
13063
59404
42773
18225
50715
64775
48874
40712
1605
11055
62200
62806
60509
15981
50235
2469
49229
3075
9362
10157
33589
58767
56947
22678
44309
1868
40027
27776
34212
60599
21845
63916
2942
4414
8613
29128
44054
45594
40790
49638
63845
59935
24314
16239
62862
29143
36296
34358
50573
59920
26941
59911
8954
60046
49467
37011
40311
54136
17911
2086
27344
32846
62963
53975
8917
16608
56558
15409
40535
42179
23480
40968
62077
6634
58615
24797
13094
33480
37204
59706
18832
26898
5960
23993
34499
45606
43033
36131
3598
10159
18253
64424
46258
6370
41388
45833
49176
2116
56358
40486
26301
4197
11099
37076
58182
1658
61934
42476
48843
27209
22961
37686
36115
38941
52232
23666
8942
6975
12922
61700
5352
62760
30572
7627
14419
19998
60033
21790
49510
28653
45230
31331
53180
49608
4468
49681
18098
35022
32581
35002
50068
50547
54886
20872
50829
36184
29775
41804
41753
60277
7963
16653
22037
3148
31337
62752
23297
41286
58168
24210
42790
7186
53087
14384
1611
56967
7984
6707
17337
47280
6958
47031
11030
55637
38669
46852
22326
24751
36950
51917
20746
32121
31808
26353
9940
27919
54628
32271
53458
40264
57550
41691
58171
36761
16427
45185
33588
46850
31090
51530
46240
6311
14473
30255
58047
5197
46884
3462
26910
12793
64036
1640
19514
7425
45313
63721
26804
64356
5256
2194
31113
19727
13734
44698
1409
3946
13390
50612
15325
25708
50803
20895
46561
4482
36376
21317
6436
5734
37749
46051
20703
61930
4188
62076
18427
15522
44720
47826
31484
1090
54220
6597
30153
36260
59844
31805
6890
14588
11286
4854
42181
49760
55851
52596
7310
54339
35032
1489
44224
52600
38834
51975
17941
25911
61144
63758
4607
61453
47574
47626
8703
35445
40682
1538
60647
5803
47298
33865
55876
38831
15243
23353
21302
6579
63797
16135
10640
53407
26012
39891
61762
65391
51000
62653
60120
44916
31065
7604
36772
16986
61094
11535
25709
32781
35306
9538
28297
3942
54874
58113
18047
7320
33670
60890
12561
32509
48973
1519
49070
41016
58132
24698
20338
5039
34696
30221
45605
59018
40303
56840
12649
18518
14752
21222
63621
9095
51352
28594
63222
25272
50820
18971
20827
21968
23005
4402
35987
10986
19333
45511
7358
28972
13648
43478
18892
4470
39142
26160
39370
47306
111
48668
28769
8944
11887
9403
24196
33265
39010
9623
5306
51453
62638
2489
63008
7555
17664
43260
55305
12444
55166
62258
8049
49156
18143
22236
29472
18758
3984
39138
47514
41312
5777
27418
13624
7673
48601
7337
24906
20378
26403
10980
48335
15742
10083
45318
27693
50505
8805
50468
45888
42372
44766
41328
26404
23144
55898
37670
59018
47213
5989
60817
61883
49358
53896
65399
57523
24715
28022
8203
20755
8895
22682
15324
4082
17714
21890
61432
10957
60100
16414
22941
62825
41599
43019
48387
20183
59703
64461
57828
11638
319
45918
35643
40001
60624
40986
2177
33498
44118
21484
29839
12463
11030
10918
20411
55857
7759
20735
8682
7228
5245
17044
31106
57193
2495
48700
51854
1783
50829
14056
52309
13250
7121
5413
25466
25071
37191
16027
20405
48770
31344
36456
58325
46882
31121
61811
8089
29447
27563
2737
17757
4887
1889
21465
52726
41599
46845
7949
4884
41826
49347
35722
19022
22485
55010
54454
6598
8304
40458
49033
61583
16182
29519
6684
44684
23987
22216
59630
31221
46112
55819
20582
56163
29126
25811
11701
52230
29057
26915
38978
63297
27005
28170
54071
23535
37052
50291
29582
53601
35390
31938
8819
47819
15769
16629
38035
7266
16947
22503
29428
52025
6830
3877
12279
32275
32551
32760
28968
13237
18836
42581
53497
10485
60014
17025
52842
13167
24515
54316
35180
47919
34284
35931
34542
16340
50862
24537
15072
41965
37655
49039
5043
30054
36216
20898
16251
44733
27884
11409
44496
29375
62676
38177
24564
25184
13386
59679
53777
17077
38018
59377
40789
49834
36681
40533
53375
63667
19470
42241
34779
18302
47266
16136
8735
28333
23431
22347
32431
1115
11018
57510
5636
42303
48766
7692
5510
19344
21409
18476
4917
30592
5690
19314
20353
59296
3251
35435
20764
58057
58602
32505
15517
21549
2563
32794
43593
43898
27318
47615
53928
45547
30231
50713
41605
38250
53187
46415
20514
31292
4725
40769
60915
56975
36592
25161
22737
25362
23129
7086
34127
42599
33031
17506
7082
29041
44019
18784
63897
4566
64739
38784
15152
3135
64423
58233
43322
34855
43104
12356
58583
11066
36896
62770
38146
9959
11396
40411
15935
47346
1292
43939
22839
22275
45622
50975
46714
62894
41478
29822
44355
2087
24930
30479
53430
4177
51155
6037
3726
43089
62410
34815
61212
9666
45136
64904
21895
44492
6872
16377
46160
15031
42905
43870
23001
38505
23205
41336
13131
30836
43974
52793
17903
46587
41136
8344
12213
24389
44014
30375
64523
49901
48557
54322
41179
64307
4577
45571
10960
30937
33221
23737
11411
55485
64838
6456
40459
47779
8428
5948
18466
22170
14821
52372
14795
45119
43776
46547
30086
34346
260
53511
48980
53320
10175
22036
8609
8005
19114
29351
44455
61485
17150
2964
34360
3429
14338
17709
12627
14014
26055
61568
4270
4220
8196
47204
24979
57364
8912
43803
170
6944
28075
1656
35207
50304
35054
22211
7031
10938
45493
142
18304
5609
8778
28606
7468
57656
27438
46553
25131
43959
11677
8141
64959
9661
9924
31518
7858
4260
57891
6848
40253
57493
64851
65070
40262
32481
20646
25098
6899
58936
10875
9686
12886
402
20082
43598
260
52273
2541
30205
8534
42644
18012
40747
48702
61807
37785
56768
20967
4512
63948
27176
33130
31757
5308
13829
647
2989
15062
40591
92
41356
53463
1608
2247
63859
24215
53562
63041
59793
7332
49892
50146
38699
6265
45002
10617
30308
38231
46189
18555
13113
24933
47784
26047
19818
31744
41019
64739
25313
35839
6255
29323
46405
35389
31331
45323
21506
3818
54269
38008
10039
36562
54413
35072
65420
9570
47982
46348
7642
3345
33822
20833
31865
50004
40094
10337
44757
16392
46401
13721
64453
48205
60790
1520
39706
20950
40981
38336
5347
2666
46405
46439
10425
13163
54059
429
2867
48962
46580
49713
18906
63790
31325
39527
17972
26002
28411
5626
9757
6688
8378
36578
35172
11733
63790
19023
1422
7422
50085
23390
53581
29331
10201
28229
51419
60407
45550
9220
42612
10697
14859
43913
26557
42739
11315
9146
53733
14680
7940
39481
21288
17885
19809
37686
46506
35230
40732
50881
25689
7965
58054
16453
43699
28110
46679
40333
24649
63206
58972
40646
43747
48390
12238
19911
8522
32382
46731
43978
46135
981
52935
20885
1862
8157
45517
29673
22014
45665
50605
16592
11753
19303
49136
24752
49106
18563
26929
62616
44846
39943
53089
65056
24206
25599
25796
61233
32519
19478
59337
37973
18115
12605
9454
28460
24212
62122
33659
7635
25021
46278
5726
25931
55165
65528
51253
15394
34550
19202
30382
44706
20286
39064
19037
26708
36113
27646
37922
44373
19570
52978
52405
43634
62306
47890
25601
41726
38852
25449
14514
43924
56344
27111
51122
12675
38309
40909
63440
49807
58951
41859
53965
47547
23305
14085
13720
30992
13944
27416
5119
44805
54614
24226
20149
21199
11022
56370
59043
25786
4992
39177
12153
30207
47909
57699
46227
13355
3286
37043
54305
62931
59581
13059
35635
22420
29033
51211
3406
6061
26767
20651
48332
14576
15380
35740
15160
44402
45048
4467
4800
45909
61135
30913
13015
11106
54007
62073
29644
21102
52002
64258
62393
2355
33964
38591
46423
6559
29810
27511
61486
27821
42706
28043
50559
31728
54909
8202
20770
14629
48106
24344
4623
32307
64230
30848
57480
28338
16306
16293
1697
17640
7408
19834
56062
60874
21141
60953
5582
3885
58109
41764
36496
27152
47727
60392
54928
63792
31141
32039
37845
3182
50037
45485
7978
10761
11413
43142
18679
11088
61562
54864
46040
8596
17687
10581
62942
40408
49042
20672
24437
32848
60179
13640
62799
63714
57332
15355
11064
14124
62205
4479
39622
39684
37362
67
56998
17065
35024
35734
5351
52271
34501
33173
21117
20856
15807
4616
41074
23514
53582
64850
9356
37291
44443
36191
51620
18425
4205
13054
41432
57664
61261
49108
56143
12806
36639
42415
32960
30354
26124
65230
9267
18490
57789
7691
64813
4653
4054
40529
42957
34014
63103
45734
331
8378
51855
36037
24831
52599
54460
26001
64299
47127
56585
13299
13371
47562
48804
1486
21719
36383
38237
22115
3387
12112
545
22143
33412
64954
33192
64301
10762
38753
28240
35742
60965
26478
26989
39672
10482
24440
35003
8100
679
4637
60321
51465
30300
49315
4444
30277
52968
46927
3398
17050
18461
19685
40666
16493
57686
53413
46661
63049
49513
23623
35020
62712
11187
9083
10699
13834
50935
1343
21757
19829
6914
18617
54853
20247
41353
23948
28408
27159
52143
3171
1977
34295
56944
65049
60508
32734
32427
41848
44489
33193
17246
4575
16571
5790
24740
34270
46006
47214
11623
9953
39092
7405
35808
52867
33365
64417
16088
54827
44851
32293
1998
4083
5835
6182
18872
19537
54455
59003
61510
57809
10311
11641
56717
64230
61033
52028
12987
11136
23346
39738
7111
9831
37441
20248
51464
19229
18782
50986
8060
34860
42615
38264
29997
19299
64892
19479
44399
2804
33880
49289
35271
53936
30772
30512
19768
17481
15161
10363
28385
50139
55858
28145
1055
24093
9289
28967
59620
16129
13256
1519
55371
42580
62877
41090
11202
16295
41549
48992
31061
12932
36135
21135
43862
59019
19334
9998
2280
39737
64502
15790
32253
52209
47920
5577
26936
47333
45809
24698
2848
60730
2402
49624
46804
14375
18826
63479
57312
25557
62888
42421
51059
38416
46615
47594
65158
49687
38035
29446
26584
59526
36860
55839
9293
22529
1968
33860
14855
23714
20448
5698
54021
65119
32004
55430
41706
64032
37
4436
32454
34474
50387
38438
17974
28150
16151
53759
28623
41830
27356
8946
35785
28567
55494
23826
33957
58210
5883
15567
27366
25618
44084
6420
63886
47705
57849
43366
19010
54862
46576
51269
61867
39233
51315
16977
60616
7540
61220
23380
45647
29750
57830
25018
4593
10077
57955
38048
44856
3843
21350
22557
2197
34566
56175
2021
45682
55807
54991
59993
49389
57692
26430
24688
34224
19615
12903
20580
8612
50776
52184
15120
26549
32797
38608
58450
32154
19203
11858
41752
65001
53295
16520
50439
8799
30625
32423
43103
15909
45565
4075
37241
48435
61269
44555
42929
20921
36908
6049
40767
7363
9237
45386
60856
38413
53042
50417
570
57627
6936
6997
5927
40080
3642
16570
42011
53673
48183
10497
64190
45793
28004
55911
47766
34928
26324
38292
61325
50903
22669
55958
48907
21727
44015
4993
46477
10662
30761
2366
45562
1027
5800
51016
12294
64037
56081
15487
19058
59985
52279
27356
41220
3051
9437
55953
49026
53247
8621
34660
15885
3657
27319
32010
56947
51493
10719
65101
33066
17063
58940
63986
2423
50958
62435
52717
53499
34857
42299
12421
34832
24271
42429
2596
25005
1636
15521
41768
3897
10045
33617
4602
14425
7562
54146
60175
5318
31491
4822
18968
38579
24354
48000
7486
61032
30493
26143
61470
23617
23857
7376
29189
9068
46451
33408
60392
21870
22529
37731
14
15074
47926
20847
60994
61481
10162
37545
50761
15925
27797
53100
20886
55792
58704
17273
37137
18297
19956
5973
59097
11450
56048
49562
56086
45701
64935
16570
20626
38572
10989
43596
59465
2187
4161
11027
36332
20060
20687
46543
33384
38622
2929
60124
55950
1609
32892
11015
51823
25073
61865
19577
2513
1004
10015
45063
36644
52601
8421
35367
42699
60122
6525
26791
122
39057
16110
45179
50145
47742
13731
58899
25494
36721
62775
20177
34095
17670
34968
12271
11974
49881
25698
53191
62028
49156
65404
33036
60893
18316
61947
44567
49224
2768
62850
49976
9934
55631
58625
47201
33874
32458
62112
41937
21513
32229
50625
781
13399
38535
33648
6236
48
63666
219
21317
10806
29577
40399
24415
45881
37579
25474
6854
45780
14337
11162
38131
50788
11041
24584
51347
55614
10690
41828
25604
3436
58560
1752
7023
64943
19150
2292
47340
36629
37931
9908
50495
57745
47815
41145
17419
484
57943
16880
51839
40685
25026
11337
64866
24693
18872
41456
44120
24015
19265
964
1232
45587
27951
42186
476
20378
16329
35765
15968
36076
42788
17049
27649
9687
20206
47157
50772
14382
54919
64279
32128
40255
56945
47314
18200
16992
41249
37343
60296
57146
18177
1551
55304
63832
57170
16866
26945
25503
44247
9552
46790
298
31177
61016
34330
3097
60948
27873
5450
29737
55461
42309
28000
18036
32978
23490
25981
50931
56132
12501
21717
44436
31198
37656
22759
46254
8459
23219
38406
8407
36163
47797
59327
44368
57215
26024
2106
41435
39965
54358
54119
47000
54944
43332
63291
43919
31655
38626
64862
27323
34962
50032
47729
63688
6090
49197
7601
34440
30105
25552
12698
30041
53113
37755
4327
6496
52688
56446
5926
18794
21971
13321
46139
9968
60570
63282
33970
18456
13564
3206
56111
41504
26641
34536
35180
47449
4322
3545
26812
11273
17004
10486
15397
26426
362
49703
18125
17102
9834
50948
43874
2200
24293
22272
44453
29058
31743
49006
32213
3319
65158
4660
7279
41621
39239
37408
19649
51566
18927
63674
14400
59588
2871
39471
46175
65471
19828
57973
53838
35379
40882
3563
49168
51499
43213
46293
30260
18770
5615
13437
24599
51718
25422
39545
19573
41316
2714
47601
9303
60831
20783
32293
60053
14502
43548
64882
13887
24646
41815
34960
17353
35659
58844
37141
40686
22167
58835
3314
30305
45840
64003
57406
29520
33027
15267
43930
27979
57727
51852
8
58696
13797
51661
64295
52512
45200
31432
39590
32083
2275
20064
15715
42561
38798
48676
6282
3830
21733
17021
17011
35494
62361
14243
44448
21039
65037
31000
64522
10213
44716
15436
49286
5943
57883
27871
12907
28696
17837
32585
51481
64033
61848
47044
4311
13461
40471
15253
6868
34650
30483
24204
3122
60943
58181
32919
15431
17315
41626
5097
44652
11130
16810
59370
63526
40438
9670
28771
55786
6700
19299
62854
15817
44260
3408
8888
38980
58214
40257
24280
65253
61592
7183
1481
28236
49890
45669
47658
20870
65236
23508
32329
32954
60894
11850
4329
17498
51392
29465
29030
33323
5921
54566
49952
35296
62316
31443
53326
21834
62040
42387
49706
15057
27916
36299
7077
59202
31308
40819
6090
28151
4039
48598
24776
14161
3899
49627
27678
61080
2363
35237
48797
2304
38568
58516
43165
15276
49813
33294
26312
7788
12535
52615
33617
15849
19573
20447
56210
17535
215
46572
48974
64751
64171
21509
39132
8665
56885
48628
968
55261
64367
60658
5114
32373
2769
8981
11857
61176
40885
48560
50149
22619
1003
49359
42250
23545
46800
56582
18689
46192
60721
2809
55194
21702
37366
50219
55421
42939
12258
26794
8239
19716
16199
7072
19304
1273
3449
14521
56624
56716
16307
10652
52411
45176
50891
16315
49228
1229
45652
62733
48983
17860
6407
14550
33712
26903
709
48715
48599
9260
63068
39935
56710
49293
41074
36269
51544
25691
20967
3253
1689
62387
49746
29066
39280
41424
39788
28867
31055
48828
4685
30971
37836
52094
42306
64042
26735
13449
46316
49178
40132
15921
18438
8781
58188
54166
7734
48180
13275
35386
16366
12936
52503
1054
39254
41141
48120
49055
44002
38833
19571
30481
37174
56712
49816
9912
34815
4287
5536
55392
52584
58359
63101
11196
8353
24519
26593
34294
4246
48028
41207
28109
19971
9614
23483
32080
20762
13225
52324
19346
43617
61648
50629
41446
55287
11467
15251
29478
40657
2901
24736
59333
44662
34963
12989
23831
18289
50344
57650
26411
41779
42906
48437
16861
60214
49863
49030
48435
22146
59527
20807
9258
35112
1200
14888
22274
647
45156
21911
41566
58704
61253
55627
9004
50633
16483
59012
31474
12411
36476
46512
9381
4197
59141
60348
59273
6328
44724
10034
37755
35573
20828
37271
35527
31253
6303
16002
62474
36190
34408
25818
61864
59902
7312
64392
62425
62950
16285
61958
61246
23338
35726
44805
62476
20962
16426
19260
17522
47160
673
40752
13016
61766
2759
53815
26062
39009
46159
23982
25965
43661
19643
31378
60945
46190
15279
33689
63409
1495
2720
19928
41764
39768
23326
17765
20356
32235
31924
56989
19626
27851
35328
55974
15372
24337
45195
3846
15697
15931
28043
36973
33383
23261
50662
41508
45193
3405
34188
8207
50422
21119
14236
45697
36894
47402
21609
1491
3885
971
51863
63540
19599
13899
30776
6492
5417
61609
55440
30117
41177
44606
59370
31153
46246
20886
11825
22694
61399
14195
1733
43953
31054
8231
56222
63520
14545
23510
6601
49433
41663
9580
47734
32670
40349
59747
60723
51906
31144
36055
46242
22503
50174
20461
45507
30917
44270
40116
39136
26621
48183
32992
4984
39326
16732
38262
42203
46289
38486
3638
22029
18220
40692
46095
65132
39588
48480
43880
26143
24460
38442
61844
9688
48502
8970
5333
54996
10606
32252
21640
28931
9253
17961
36878
32693
21281
37527
52275
40710
62045
11518
26345
3201
61852
28383
61343
31274
41663
38457
8477
18022
19469
52758
6797
1937
17509
64392
19682
51528
9123
7155
62611
1494
63686
9669
40728
37201
23035
64062
25964
26861
2747
48714
4445
9782
20574
26523
455
8378
61021
22464
31502
52824
2881
48228
41734
52985
50133
43586
37956
49947
5667
50014
28363
10550
22753
64838
53542
49909
40718
49137
57809
28019
9580
54652
42473
38090
57809
13375
36706
39136
46732
14226
59615
29170
18907
30912
61224
60165
27455
28993
30692
39406
4465
52704
43088
36730
63329
34149
12048
10153
44431
3268
58695
38641
40097
22890
20499
11739
17646
3084
41380
58001
48653
60990
26734
59914
29569
45440
54360
17641
52339
24464
34607
36927
31232
5380
3574
9202
20859
11608
63700
21737
26078
35889
27036
15489
22765
6834
61777
20664
20296
49297
35949
17614
22816
35280
36023
25671
35196
11367
34132
14481
1753
20044
21521
45092
26191
33722
11020
3523
8257
18707
63861
64189
8652
33851
24105
10254
2689
11584
7499
13466
18294
3522
3753
4701
17977
57951
16965
63218
52044
11076
63680
9118
46714
17399
64819
30627
32048
7363
13788
42914
38135
35422
46372
2236
12009
24988
50024
65368
23742
1541
28744
768
32162
26562
28653
3874
12813
34935
56304
54636
31318
48749
47130
64660
18816
9081
24417
64056
31025
51650
30711
32747
30143
12573
49710
22038
51779
55319
46585
35784
57826
45517
12796
54248
4323
9664
39133
33238
14502
38602
34959
24304
20648
8265
6007
32828
55278
23210
9242
48022
32985
8581
45369
60815
36456
3641
38876
44190
19396
25917
40463
49789
16827
23724
22267
45938
55638
61074
51171
20821
29438
8695
54966
25012
37148
17855
26261
7406
28522
19075
313
46749
52519
12229
50984
48130
50294
31168
40626
46316
52560
58181
26408
42766
5123
60691
2782
38513
55724
2161
5536
60991
41575
52920
31105
28953
51593
62145
58411
12276
39266
23328
62876
48874
7423
43590
28821
12590
58477
18218
39692
48360
43724
58735
11891
52900
13729
46593
10214
23729
24603
61452
150
11990
18226
8566
61936
23197
54716
20829
30734
57485
1172
47027
27243
56284
65452
18720
19601
26427
37865
50925
28954
61129
8143
52103
60657
211
31050
59293
36734
37462
8175
50961
5058
15936
62993
59491
46554
55542
136
13423
15227
49448
29484
12811
33615
54720
56810
42433
13507
14972
24775
4608
64443
37571
7948
41723
2442
29345
813
46200
586
2398
43049
11250
1970
51207
30300
49487
1082
44584
63832
62475
64364
20364
34705
11652
7348
17318
52698
43849
10460
1630
31364
43514
43217
59125
6965
34204
1390
49498
977
50867
27854
37893
19719
62250
50639
64385
62235
32578
45768
42531
46276
40818
6326
46162
33494
17073
53803
4765
8067
27343
50212
25415
42292
64143
35026
42939
38239
29121
25863
26099
23556
20790
24808
823
1616
26256
32769
63176
54962
11339
33268
41975
16823
28801
16818
31484
51040
59344
36778
30051
23621
53395
25181
49122
811
10955
62349
41275
34771
34354
44774
55296
42843
15752
38973
42995
10565
54273
53312
2709
63712
46592
38039
59681
65022
1035
13718
35887
34918
25358
3392
39126
57998
37013
38694
25481
10825
29929
61234
21226
32522
22805
38889
34747
43341
22601
43751
41186
48376
60240
50890
17934
9098
30229
43392
33245
33702
20842
8555
23600
42141
27092
27674
6078
36083
22827
27320
23939
63177
59039
38892
63038
17122
32708
15519
46587
18504
62501
17858
45592
52142
46232
11887
20344
57118
46729
13676
15787
10486
44101
34431
2649
49406
54659
60646
46464
38341
55393
3699
22630
42088
47733
62166
45243
37907
17006
18295
22460
27131
13420
36956
38793
21046
14784
58873
44198
58056
62049
15205
29881
29948
45170
21377
57235
16673
47774
41310
31755
50520
57817
15118
53556
54818
30116
32547
56349
48861
8437
62286
54418
50294
2428
14037
43717
42823
32752
7854
30179
32367
62983
49085
17740
5656
31341
6329
44921
18636
5616
45318
49204
46172
47681
36265
58751
15528
32469
40533
11779
49418
65325
52585
25023
27838
19211
13157
35670
43916
20724
542
18736
38722
60917
17346
11727
32811
33333
54637
51560
38391
31355
11184
37331
4211
974
39512
18679
6954
24336
22311
59685
36970
36773
24495
26102
49084
18891
37604
7268
36214
39040
53453
3678
17315
24542
1386
52348
39212
55431
55249
43815
36050
49616
63713
45815
33245
3663
30767
59593
51578
10938
33001
12545
46501
25557
40189
431
11330
14920
45030
19902
9159
9457
46267
52467
25315
26251
17347
29332
13337
38204
54176
65279
2174
61931
20297
45522
8160
32674
24051
63784
58337
40799
33430
3809
8389
12815
39122
48741
2346
27523
25569
50361
14585
29740
15540
34380
44124
45858
64109
47264
29521
11276
45596
25863
37379
39852
2045
34986
36490
12480
16996
37784
5584
33452
5227
61704
15597
61387
15985
18943
12463
2627
41536
18972
27905
5546
43924
13808
53824
53688
21971
29234
12879
56941
36808
9527
56486
32048
50562
39846
51268
40132
16341
4021
28240
49246
4415
24077
50833
4427
61318
1488
5471
48631
6950
29526
9109
12728
38300
15764
64205
10014
60425
63790
25702
62453
48800
25874
37889
23078
52683
13440
28786
64826
53751
53202
28746
32584
14366
63285
8226
5830
51114
46201
49892
31641
603
63060
15022
8555
35098
60005
52195
63165
49957
28508
51977
44623
60851
34365
47870
12302
8871
36883
29259
63218
3969
62336
17135
51170
54535
59356
48320
8390
21167
65003
47711
58648
33410
34739
50442
16176
23581
777
51151
46227
58002
33230
55049
4884
46039
23890
48066
51472
19404
57942
52117
19484
49902
28632
64534
61018
958
28366
24228
64343
53473
47693
49686
42913
9223
22964
8176
63413
10059
25986
44044
61616
43946
41492
48760
12710
47009
6785
42539
57128
45036
2115
23051
10305
8639
369
52502
23052
48302
28706
41363
40142
25089
5537
10646
47546
16044
31286
45575
58712
61639
23587
15103
45323
28687
11648
45404
6625
49845
30109
34595
16244
22082
63650
47463
38771
46205
37844
13454
23483
10471
36459
38077
1679
61900
5945
45198
25938
16053
39938
18690
14184
14478
18761
59591
36637
26024
572
13116
59679
59807
28526
25278
19142
6932
48541
59510
47729
61853
52880
1133
19822
18204
30006
65385
65237
62814
57323
51038
29575
34277
50607
41906
27733
0
56026
49412
58973
53733
42322
54984
21591
16072
46322
46293
13294
3715
63194
57592
48961
3536
58379
50393
25545
55315
63311
8649
34964
55715
13683
15020
22749
40735
20681
35076
25746
52918
25678
11128
35497
17795
46207
20483
56039
62236
9680
60180
18529
1765
61886
35019
56181
53627
31919
9060
33392
31904
22803
1449
41421
50372
48573
49000
39589
4560
610
50593
13828
44390
56529
57263
9258
37207
11634
48663
45666
19076
62092
49269
53240
15826
59110
25175
33473
31542
44808
52534
22405
31623
27439
4882
42015
1529
30060
16063
3466
2238
28092
9182
11530
40253
28059
22623
62815
39317
2936
16410
35764
49668
14540
13773
9627
9436
16648
42150
47472
49660
20660
47019
11159
17145
28587
37951
5823
29981
31124
16529
56006
45258
2738
57867
50411
60648
35921
21174
61831
11430
3895
4654
44019
34332
29236
8865
38753
41654
16700
26777
50145
41235
12693
21854
33282
11559
63832
43199
40103
44313
62156
1789
59976
12748
39038
16530
53117
56329
14781
19327
18408
19013
32986
8573
29945
35868
6923
25375
9093
17490
63519
62114
51485
22652
17294
5510
24405
17494
29620
4538
51761
57238
9657
2809
21480
60519
42407
29217
52516
32082
8096
34351
21347
38419
44619
21495
1177
54587
9101
14231
52059
39631
4159
18833
25390
12721
45077
64968
9469
24894
6551
27607
46230
60019
24950
35277
65192
15888
10042
24449
46625
49471
17158
695
56230
49274
39636
1570
7850
2514
43177
2415
51284
7951
63316
5741
52332
17418
27890
1501
32619
39507
8016
46636
9887
8378
56203
45292
58688
35103
33870
62540
1105
2029
39369
14165
47458
18121
47987
28605
32563
37652
43345
52233
24718
33629
14741
2091
8853
3159
39719
35059
7573
27917
20626
21597
57226
39413
43597
35479
4549
12459
46809
2203
39242
52734
20747
52371
48684
901
55217
47696
6522
38367
35283
23152
35355
1573
41403
16876
19119
43212
32681
45647
41856
60265
22576
54842
25555
62492
45511
60052
40122
19849
10871
50414
43577
48097
49866
9762
4060
15780
35596
4716
1577
19428
45080
950
56966
54456
45563
1636
39993
15359
55706
41439
36608
32030
42284
17189
1054
38232
45697
61728
48986
41887
14294
37554
26568
7855
19053
35670
18274
8089
32862
58667
14578
38121
18106
32899
6937
10060
1664
41464
31294
42681
42544
57493
46661
28376
34225
10250
26321
44363
52324
46567
294
16902
39088
48584
26483
642
13437
28979
22234
41504
5501
45615
7947
3075
44205
23301
23683
22470
9394
55038
54693
17265
40734
51483
23980
64473
52428
47486
14537
35160
5628
18919
33112
34733
50909
8496
25960
40611
21680
54654
41299
10420
11461
58534
64070
46940
40891
38782
16030
46636
29611
48373
32495
39121
56726
7957
51081
2028
65106
6103
40373
30373
27473
14967
7373
50913
48339
44189
4524
53626
19306
61310
26801
27780
7773
3503
14383
39629
32856
29287
31467
18407
35327
30543
39810
34496
3091
64444
7865
22426
20616
51412
56365
30745
4829
12879
6800
42044
16972
43249
63006
11196
55341
10534
6197
23824
28273
38615
52223
62155
12679
51091
47548
23327
40162
37473
23311
2303
39433
9442
25314
29090
49837
19746
35586
414
56968
50466
37505
36803
20304
39461
11391
45174
38944
32603
14099
44057
21791
11232
42831
27759
16334
34227
65299
46339
53001
3088
51112
42404
16155
51447
17135
43952
51866
25418
42400
50649
17713
20593
41104
32634
39167
12701
38177
32998
22086
50458
51041
22714
58787
1200
9101
45265
6271
4132
12178
30833
20536
44002
54451
49522
11028
33796
6617
35648
12811
54009
9918
30323
31035
20067
35300
10444
35806
45024
20539
53030
15739
29637
8443
24803
38801
31964
29568
7274
58025
316
1245
31579
16507
32718
53638
21622
59355
56366
49564
16975
32170
28901
4400
50484
8386
40437
34848
15213
58747
10066
54592
42868
45010
56036
6042
2694
40707
39314
528
48673
11137
14464
12986
57761
38890
24220
35274
46089
3222
35492
60547
20848
13155
61808
1215
34375
22710
51022
25018
41348
29329
108
43101
9577
35084
20999
4864
56473
54614
6940
21861
50787
46435
34446
30856
61947
13002
50679
16542
18996
38413
46440
53067
30523
32435
59482
57816
36644
252
47145
51658
58314
37941
61526
2034
19438
58003
7986
40665
47191
7316
15470
41983
61727
51117
10962
3558
36637
24715
59457
21149
23314
44753
60682
7570
45233
11628
19563
63306
34182
42445
34323
64593
23909
35131
64023
7613
22386
5681
16649
26745
64402
30976
8074
35633
11871
62682
5255
31521
40783
24606
30777
26866
35971
2980
51996
62488
48613
63100
19613
62898
1993
29300
23305
23413
45599
20399
27957
59987
45310
31379
40145
36013
43015
2496
60680
65358
33290
20399
40971
65012
59433
39475
28698
4764
9102
46653
52940
25925
29484
52456
37273
20341
55555
45803
62218
24916
11782
42418
35042
23941
48729
64748
46371
43325
13054
62904
32762
44088
47126
34098
61726
33746
10827
22621
13926
48682
51212
17037
43315
65245
60671
62428
24800
38808
11414
51272
55855
6225
22839
40361
36698
6386
36229
19896
42986
40917
43300
22302
31155
59419
64472
37407
2463
22842
64315
42339
3708
32470
5255
6037
37448
36651
457
39644
4724
60293
21932
17668
18088
22231
18460
34621
8367
28935
18913
58386
57269
2795
12955
24894
21423
53825
26817
12445
3537
52139
47182
59441
20815
32012
36985
58533
48712
61097
5003
55716
6419
10267
35453
2218
62908
27043
35489
19760
33967
9901
54528
24782
42052
52232
27188
36691
45728
1971
8189
7845
21010
30472
49159
6786
25585
27354
50527
29504
59596
28296
5145
37928
53717
24127
8112
46382
52352
64722
4226
33981
56381
22145
53628
59328
63800
9328
7267
48663
53196
10716
40750
26301
52384
47366
10994
45694
289
58660
15258
27664
5423
13138
39606
17894
1930
8210
2184
37526
19119
32260
23897
64923
45823
40796
54517
34245
31205
6735
12921
4822
26654
6119
62042
39918
36867
57339
3606
8646
41932
45167
65460
10905
29260
56924
278
721
6438
29253
49086
22800
24345
64493
53272
26623
14151
320
41806
14772
58971
55041
64535
29791
61880
55849
59148
9514
17594
54207
41117
43494
31315
4807
63469
56583
11393
24657
39847
55858
61730
312
8228
2587
38724
20405
41225
41604
38576
24938
4262
21854
29776
18654
34822
2556
14881
7740
19777
34680
14050
51473
51105
44795
27880
42538
18440
17972
7280
29917
25466
38674
5752
42514
6298
53054
10414
64175
7565
19435
39857
801
64632
8220
8679
56168
60591
25015
9288
64616
46228
43481
22593
63150
65284
36309
50676
12346
34587
10457
29680
53473
4381
23999
2780
29182
45811
60689
63625
57452
57310
46277
30843
10978
7593
5567
34414
33563
20266
45565
24233
17660
51508
6287
56191
36555
13925
51541
29510
33881
52235
41851
29371
39860
28696
14349
36200
63744
24470
11595
54176
49024
49241
20940
50115
58678
63315
57229
34713
49938
39218
65303
24651
17177
32004
45222
42526
40075
63480
18139
63773
64697
31331
50396
56228
44895
30828
46336
42607
12756
6254
5856
36852
55838
52579
29623
4176
37456
40181
1051
63153
23590
19781
48293
49582
28017
11459
16675
59759
58661
1950
41697
56609
20929
20427
38791
5402
44562
50660
37780
4896
14576
43138
25308
4778
4129
39670
9298
25723
21287
13370
23567
56749
55354
64455
29264
37832
7542
12238
2404
3915
58315
57704
32264
60172
1062
16678
59997
13598
31845
4422
54456
59600
3579
28462
38680
13443
15421
1228
27451
64448
31530
12196
52014
53936
44796
36082
4898
53822
55799
57544
41379
50365
4803
24138
43346
35459
21605
41382
37579
53005
42712
8136
21400
33081
44778
24188
49565
3634
31561
25843
62811
16645
17986
50585
18728
36567
12707
62654
34911
26621
24963
14611
47341
36793
45717
11142
9101
1514
1657
16788
61698
17068
12008
32
3032
22638
29416
37076
63628
53493
64536
55812
36780
14232
44701
43921
28666
16715
64371
58000
35410
55154
34896
17364
43399
53680
191
30854
63245
33471
19299
1837
26759
65388
37935
60657
21986
7104
31739
54295
41676
36550
19576
11836
31476
24237
13498
32926
48830
11934
43881
14196
6386
17678
31493
64686
41636
55328
63893
4693
15544
28707
53126
35146
45232
29806
10995
58220
3328
64400
38264
2804
40095
56701
26731
45205
54639
52021
62332
55820
26362
2145
61525
15062
6469
4283
7771
46030
31445
17905
37831
38757
30155
60747
25263
6982
53804
43092
17335
36783
28770
38835
56369
27801
8746
46272
12131
45680
213
1524
19565
62380
4394
22544
35092
26867
44899
11292
17553
15268
19775
38818
51088
8532
5030
32234
61436
32396
23816
32700
34105
33037
45896
13199
52818
21861
25580
19793
9638
44559
61723
53680
30150
60790
33660
30825
3899
1454
46760
38737
28972
10173
33759
9836
63316
2230
3003
47343
48111
61546
45933
35956
51621
41162
22322
28635
51861
17294
3195
38508
39225
45664
61480
45856
14887
9687
58953
51642
49385
64809
31349
65236
42450
14882
38716
42558
37202
57035
21885
16449
18280
24175
52530
16795
23891
22872
9845
35590
13112
49382
24029
43762
65098
46165
59491
57270
17153
49605
49684
3935
55288
53573
51796
56044
57645
57233
35215
44331
54951
45303
46442
53364
32756
26462
15596
50124
9564
4154
2689
1432
44806
34071
64644
55151
7245
28708
21679
59767
62991
60644
10977
62405
11848
26107
44280
53446
61476
39012
47552
34412
43377
49233
24378
18862
50091
30204
23024
19953
23166
35371
62150
43052
62862
2095
4518
50360
49372
39888
57887
30201
16816
1578
29103
18116
42455
64573
6606
33685
54858
50805
51702
2259
30755
51458
32352
8618
64220
57215
38337
61150
56953
18530
5672
4821
49219
59952
40662
42786
22746
5598
2961
41831
60918
53977
45545
24130
29102
61910
3739
30797
24565
56421
14744
42925
31171
9518
31866
46749
6992
44215
41027
39039
935
18338
45563
55396
11798
5580
51986
5420
23908
34439
45548
5269
51831
42569
28327
50255
2834
13346
27247
4339
38819
32785
6892
40130
1396
14250
17230
2134
30424
29665
33941
1276
51611
16267
29512
3731
49048
64826
42756
28007
6650
2622
32677
45195
50597
56067
41948
51894
52206
15591
40272
35901
61802
29149
53467
21973
59321
65175
51957
6781
60015
6373
59124
36994
46072
55039
36619
62461
47747
20524
61329
18441
49368
8750
38918
33491
5474
41835
19344
48339
35158
60785
39706
56161
33087
14448
60979
29000
17997
49357
54146
64195
58185
8159
45914
4802
10099
53797
19528
41754
14204
16666
46995
39379
32490
25080
44509
41312
33095
29686
35481
30679
52793
49821
10024
7258
35215
31186
5813
28720
8287
21928
22567
58111
44581
32138
54239
10216
55137
16911
42381
19962
22136
15333
37333
47652
23246
25268
28074
44603
56429
37906
34386
11147
10989
13567
54442
14232
48917
11839
14609
21950
18972
4978
18674
63035
7727
54429
8644
16880
8569
32177
34640
26268
2271
53930
23153
47869
47702
23323
37562
34355
41984
37089
58839
28810
23667
15589
23361
47515
39124
1002
48408
44836
47979
7936
12545
22372
6055
54355
31199
60611
55482
29313
12398
42733
30488
50883
37252
38049
8002
54045
37583
3444
25265
53527
2905
42673
34238
34442
30645
34181
9291
59582
36473
64363
15428
55161
12856
56949
22783
26546
66
60204
62255
22204
46794
17098
64328
63624
32194
56403
4234
37900
64552
29106
32311
24276
44740
29981
26084
59629
61810
4791
22362
19675
56131
45305
39127
52507
51889
31414
9200
51507
32441
54577
7159
65453
40308
35999
43299
23525
27998
11489
40451
64125
63479
18459
59411
19898
50812
3350
52852
24272
5462
22763
9152
54810
3509
37521
42028
59908
8612
64962
53308
14396
58953
52315
61115
48399
33683
28753
33328
61365
31812
64163
17247
11186
10906
65509
41170
57170
56866
43072
62936
12133
1074
19296
27172
54155
45472
17800
35884
8146
59187
27586
32136
47967
37766
52372
3714
37096
15495
21046
53284
12683
18536
44653
65257
47223
19173
38879
9527
56791
36042
39282
40127
35754
35076
58303
36453
59236
18544
49410
8874
40032
30620
54367
51792
34862
38509
41578
33906
8662
41306
36632
48993
52770
38981
24140
40253
969
1681
54382
58757
63007
30036
8713
24707
64054
2585
52321
12482
49391
11233
35782
44634
20319
15188
35426
28102
7874
747
18825
30654
33858
62627
18681
49835
40459
51336
37880
10980
39212
9888
25805
35915
39364
17262
45846
1004
41438
1570
48992
31693
26247
13548
54324
31663
17544
17887
33510
53842
52794
35686
14775
41589
34539
55137
43770
1964
5204
59906
662
2198
7020
41967
33716
10029
56708
61258
17525
42712
33865
54089
48022
48672
3302
18040
15585
50908
47604
36624
15763
45919
21830
25665
37951
4635
61471
62839
4724
35975
56300
4163
20980
11182
8750
5242
25250
26266
26933
31683
38468
63672
35164
50267
38850
21096
46538
14826
39936
62441
46604
21560
65179
62661
39737
4144
19251
54282
18325
45007
57267
1813
9318
24714
10848
5707
22800
48562
44846
7443
60358
29984
56734
45834
13808
19835
54824
1036
1993
53007
35413
64702
61739
9770
26345
10426
27413
37288
26929
48596
7055
57573
50964
1286
29524
15698
51633
59615
45108
28078
36623
29674
45317
8995
60190
56130
20886
41062
53199
48280
39631
53042
20109
8377
23554
19437
64268
32685
52995
6684
35649
8301
61342
53269
15238
37608
31012
41793
8502
3514
252
58180
10370
41614
62776
47612
51318
51613
11192
44023
9199
43066
48115
26255
58692
35797
9156
33381
45477
42751
22322
9155
35040
55702
657
57392
13292
24464
51408
56810
4460
1856
39193
12758
53456
26575
54545
55222
31666
35939
56706
12822
61628
26224
42101
7962
34648
21154
44797
25520
23148
28881
57305
55718
63839
43089
4167
51791
24747
39285
65109
14741
34783
41141
60161
32956
34148
6440
52707
29531
47313
9602
60126
47981
18659
6100
6969
457
17779
6080
36761
32641
19253
54618
56616
4190
57675
32685
33623
7629
57317
18538
3076
62301
15659
17846
20909
5909
65449
33218
30099
6676
24908
27772
54512
61959
18889
14972
55646
49479
38272
20722
27235
35158
26610
64498
55840
56785
44870
22296
58360
29257
31995
634
35617
50199
31548
1895
41540
31962
29633
29119
55956
10184
52610
14426
53124
794
58804
18059
34856
54817
20359
61597
22770
53617
7210
13473
55986
22559
28332
4587
63240
34242
49857
18085
43719
15722
26672
32721
46923
46365
47454
986
23525
51916
26865
23944
56100
4317
26591
44399
34434
48084
22583
59562
61939
46077
63819
7530
21791
35925
57590
46406
50926
47656
51574
45010
35007
22657
37847
622
13282
41289
55576
49920
57400
53379
48448
52682
33560
4989
32311
38222
34281
30069
1575
16065
29079
43084
17532
3452
38191
17829
18435
16554
10414
34846
45668
5842
2332
8144
48937
23006
48074
26715
40161
28412
24875
3178
3811
44165
1993
61585
45242
5706
19086
47503
3633
15378
54186
47789
3140
52903
45209
59187
6766
44735
57001
56200
15333
25566
24806
56333
5503
59447
22721
44478
27727
46962
27694
17761
22038
42778
63289
55685
32419
49123
62132
37697
35159
34571
62958
8568
23460
9892
59098
6150
5142
63019
34792
55640
39520
33416
34915
48882
40390
45561
16178
32055
29687
55578
46811
32345
54179
43467
7717
38701
2159
62901
38556
53173
42675
50873
27420
20476
15419
37923
33728
17419
22127
44011
18005
44623
20440
12309
4890
53022
48946
2488
52929
5865
37016
38651
62823
45005
5296
38070
23800
61409
32504
5386
51017
30454
8234
19442
23390
20533
46914
42770
30577
2035
38924
15913
36948
21838
49953
51481
35448
61338
48841
54708
7315
36404
17331
50183
10689
32266
50382
11408
41271
35917
22095
13722
53483
3367
55395
27072
12201
65526
25416
22490
34371
62126
10763
40399
3956
64245
6752
45063
16790
47457
54586
58680
14875
48162
38374
50477
51635
12248
11778
11637
7024
15928
16949
10058
41244
5554
61185
9606
54760
37362
55372
35182
22885
8744
9656
2805
47497
5925
18057
57236
36238
40040
19873
22323
27459
42282
26900
41173
10250
34017
60046
13310
55650
12099
56944
17853
36492
25272
36999
35957
29961
29199
30247
5012
45265
18433
58115
52550
61695
13179
47217
51249
54965
25619
21381
64608
15914
19956
30047
37851
15429
45906
815
28452
50950
26912
43598
58189
31677
11652
27765
44790
48450
39916
44669
18674
43155
17182
24716
33767
27444
50783
41365
65299
39515
29067
27330
46320
9027
55798
57693
19870
5570
41812
33381
7004
10110
49062
50826
16669
48363
40739
1010
41684
36765
49545
2863
32279
23001
20731
51475
51782
58181
34765
40993
40054
20066
51884
7487
22444
36322
18328
57917
43111
7386
49185
7121
17837
60548
22267
4718
63969
35196
54144
9389
31128
39318
63840
42265
39143
54187
45082
35629
42326
47645
7392
57250
17574
9944
27232
40407
13869
44424
40616
58496
53987
53794
36664
2294
22631
59501
40874
27884
29794
14808
44905
49385
54312
59465
7015
34454
48503
63089
16666
37107
9597
29459
58829
63424
48123
13425
17503
33358
63247
4575
34858
11633
13956
5687
54987
46674
51257
19977
61306
36187
1308
55365
14962
45713
26424
23621
21090
26973
37769
53137
62547
63052
28894
1366
39542
5505
867
60053
21114
38311
16116
39145
17119
16095
26547
35976
15545
26954
27507
36778
52132
55963
57942
312
17467
47353
3997
32133
36021
62042
13397
54578
3841
52011
35803
64859
2447
5732
27717
62012
16242
48588
35090
4908
28758
42069
58506
62053
42521
46348
53275
43586
15220
38453
47927
50567
62239
16429
9683
38857
38133
64593
29819
57007
57231
50421
50763
30377
30026
37148
16583
7002
2861
23998
60347
49612
61767
11276
52677
36729
36557
44967
15258
56147
45046
11207
47421
20029
29686
26439
17962
16928
34664
56168
4231
59844
14771
65500
64995
38862
34711
40548
62155
21049
33666
28249
54112
57360
13091
31895
6163
52933
43854
6627
25799
38991
42789
30498
64734
40535
5283
47260
7476
4985
37287
14703
8753
35851
42312
45717
40496
8278
45
7515
61009
42711
20785
10550
23669
40215
6832
43413
19837
6163
64534
55516
41501
14422
35327
4487
43078
15563
3705
11901
40690
10009
2660
55696
31064
24803
62910
63809
932
52166
7868
41988
26277
34552
2023
18960
58889
17305
27194
38140
52595
36463
48406
15322
24443
59627
64419
19991
4672
14203
21610
15479
18999
38324
1492
41791
36974
65097
3246
38495
49706
29188
55234
59963
17300
3014
20964
29128
16310
55335
39163
11096
48842
2683
27676
51310
39122
12523
29499
43233
51124
26162
49931
57805
17736
32455
23756
35442
63359
54296
41361
64747
23064
33523
9112
14119
15886
43050
8056
13124
63487
15095
31556
11690
36626
55269
37800
42416
57898
59367
45523
54608
38710
64198
57809
11358
13356
25548
23076
63947
63683
13153
42268
16603
43506
44935
31102
18445
29242
52439
41543
27226
15448
23617
14118
38392
24074
52370
54243
59897
22362
59064
20601
29724
3801
15235
48613
51629
10612
6179
317
59612
25979
9998
20002
63666
49515
50442
24202
37570
59684
47855
39964
39071
9574
9132
13759
38716
53441
50057
41801
64516
40029
54092
1766
6948
54272
46984
726
33604
3839
27328
50114
62606
9802
36122
55716
63284
44901
64721
13236
1891
38876
10227
24606
7406
48923
25619
2323
48193
7928
44459
60717
13074
37267
14101
25101
47781
24773
9629
14067
18224
3969
705
54832
8233
13890
47897
42301
26792
11928
50880
28039
16837
34856
39183
36253
13875
45554
11396
64038
55986
16518
56453
16870
21262
29871
37335
2287
25178
2001
39502
4143
48929
5350
21316
20506
16768
45584
14534
61010
55686
8648
33411
44051
24166
37137
2296
15220
6880
11722
18493
26525
18720
53728
56068
40473
50753
14254
42385
51623
44341
30504
40878
40844
31049
22507
20132
9801
14802
9013
43054
31042
64594
23806
31996
38726
22961
24843
9428
32275
53168
1554
17578
3684
60677
16867
6919
16760
55328
13686
14847
55074
44794
51593
827
15325
56197
62954
6402
38796
51150
33791
10285
14447
6726
60175
53171
6153
55172
62203
32952
25209
11835
20652
36416
15851
40287
43089
24318
23932
31908
63153
33898
51824
30409
63312
57467
21516
10172
5872
25346
60588
8164
8967
11177
62378
54218
53097
45929
58072
22395
42509
60371
52464
16526
4412
60859
3460
10338
51110
10854
16396
58165
16234
55309
64129
56743
62207
33287
33328
1856
39240
43737
60161
2105
25489
37422
13113
29494
49659
31236
4646
37459
22738
30549
31706
63250
60021
16491
63509
30018
8316
46378
2112
28054
19619
19531
41492
51759
52193
51375
12492
59787
10114
31940
35473
45635
41079
62033
28875
25909
24406
4864
64552
40107
40870
29888
52969
55638
38121
45455
37072
17638
52167
35288
62067
10789
35905
6191
38716
37839
64691
40765
43776
33337
46169
37422
32618
10813
52646
37274
40362
26778
46033
18541
5438
13857
23561
43472
62711
20369
42340
36839
3203
18488
58407
723
32039
3478
23345
49627
1178
45433
61605
26801
42734
43333
32853
58696
34623
38847
45004
64296
31514
3589
53390
48562
174
50869
65034
29221
14755
60732
7912
49897
52209
18409
45672
48232
45483
61010
1913
25465
61804
11324
37643
61596
37573
34721
62846
53185
54129
56521
7187
31383
53902
51296
9909
11092
60435
15929
61680
46614
32282
8652
57835
33198
4076
44303
40413
45881
5919
37202
64931
57956
64031
51172
42996
53693
63305
41036
23920
9173
16096
4412
47899
2499
36914
19030
22300
8364
4028
14988
55493
13947
14342
8355
39860
40161
58288
15457
40440
53723
44434
56421
9317
19437
11380
5949
10522
30657
41337
49683
36078
35444
1917
64458
5715
53300
39047
61656
9783
25972
12071
62135
35304
12879
65201
53266
63782
31565
7943
43696
7169
15368
46403
28671
63116
62760
24547
18989
59963
21468
48307
26925
40808
24710
11726
26624
7084
2623
47127
59947
13002
21462
35087
33160
44409
56498
25788
15814
41882
17061
4105
45092
478
63194
59328
39803
47237
39509
29934
40594
27037
37872
3441
14802
2793
12232
55191
30867
44833
50323
17072
6327
6429
51147
13648
33880
13766
48935
27395
8777
17016
59177
7933
22532
54079
47739
12056
51122
24465
16141
13653
16399
6303
9578
61094
64210
29927
23431
39266
53671
51066
5954
5773
41330
15238
6853
47702
46650
11486
63795
58182
12530
58504
44197
54230
13282
53262
8784
60305
22093
17771
26876
43631
35872
51773
19142
55626
50932
26639
38097
31185
22390
8720
59999
63935
23441
31220
25901
38945
37047
37557
15671
30600
19505
12142
39590
22116
55112
27093
17108
79
7711
65232
36934
6610
29607
62701
53646
30128
3084
37633
4105
2451
22535
24301
55910
7668
22692
49715
57581
13298
2794
46603
17015
7672
15472
57179
64263
21365
21977
5457
57700
21885
29610
61301
15321
57889
13852
8607
22627
44992
19453
10699
52666
37026
28916
53072
15334
26356
23992
6886
12077
35718
26105
37339
21171
18726
23890
22029
24291
3074
14561
37650
38339
10035
8210
58773
21849
38051
52423
47636
18073
34754
53392
29332
41874
54034
1209
62735
52002
16772
53629
14931
24100
59968
47450
4512
51989
10107
7299
37611
57099
17743
22948
5158
39895
59165
11366
27620
20595
27138
27634
28180
27006
64645
42244
12514
50952
46489
34042
3630
19210
16767
57030
13051
42460
23764
37032
31060
3040
14547
58134
28812
31577
3648
35202
27626
15871
15859
21148
46431
1651
28186
60664
6777
3083
59741
17597
44774
18005
9489
33863
45145
63242
60495
38312
22220
17759
35337
23396
1659
33731
63247
36330
1281
14778
37753
16440
36800
47578
62829
158
59417
58102
2845
28679
13360
27427
34536
16166
57748
63133
13465
10610
38774
16359
59548
63165
43566
53936
9635
50030
32017
7802
41627
59344
54154
47763
14460
55580
2263
24005
54068
2643
37306
51097
33090
16051
10227
40627
37587
53357
59082
36532
4412
11335
20887
29171
57233
50499
55964
22171
57421
55223
21716
32878
40232
35715
54205
55828
31160
19007
46885
33992
64529
43531
4468
44501
44492
57981
41070
7500
55495
10921
22568
30859
5108
3844
15662
58027
61343
40911
62925
53586
21235
26240
54416
48870
9584
28075
42778
64804
30101
12569
60702
28579
49061
50000
60715
26069
61084
57756
30364
47083
20397
52413
35686
44865
31652
47614
34517
61711
4954
14241
38757
4712
55777
58694
55066
18647
850
34884
36137
9059
11467
7685
21997
56597
34133
46421
31974
15248
26181
52516
32817
44782
40493
11158
43095
38638
46923
51770
2663
504
17703
41188
12896
38670
8840
34878
8086
32956
57770
13869
10593
27417
4926
7219
3397
48655
37522
61345
53707
5619
14539
44870
56591
21403
35590
18563
37999
10488
3497
53298
46183
26104
64827
28747
49837
58133
32215
20930
28885
60528
10323
1808
39236
39686
54575
8870
5388
21506
23510
34880
11850
32896
47352
48917
7883
12956
54696
22666
53715
16251
35915
3008
56548
58141
47200
46854
12381
36784
58227
41906
29591
3453
22771
54916
49304
37662
57824
14974
53741
236
24124
52924
25298
59728
19506
50160
62688
1237
20870
61040
20298
52754
28596
16412
49696
29673
40278
25446
55008
217
31315
50330
27577
22842
45190
13898
44767
53177
60172
26506
51174
3710
57994
31601
12162
16636
43520
45680
29954
7560
40429
10349
11722
6706
24775
58235
14877
39998
4673
17198
45706
56796
47317
8739
35082
49412
27934
57097
32507
18441
63507
60073
12753
37762
23476
33752
64446
38284
64072
40859
12588
65161
38902
36195
65397
56068
52863
32529
2494
61497
44401
61893
5411
52654
41913
26030
33607
38887
7158
2946
4055
27089
39759
47736
12747
57840
41925
22646
45105
64257
33276
293
57939
49858
25340
15683
40076
13147
31930
18277
31157
35281
61053
35198
45667
3996
37835
10203
18443
51727
12060
51652
4622
20474
37852
26757
43877
53473
39515
3896
62583
22208
45185
20542
62954
58305
21416
41860
54301
60269
25289
50096
28662
429
36914
14164
365
15583
39198
20510
38925
360
17736
30485
45417
29588
52109
26640
4651
48168
17043
23809
8713
5762
63095
30693
13054
62268
44415
40110
46587
17062
20113
37174
49182
36346
46311
38185
2282
5469
63674
25157
21202
38187
23692
63681
49131
4538
26017
17795
7136
34051
1068
36347
86
57599
12556
7995
62750
43611
59542
60485
21750
17492
55764
64438
8474
57513
46120
22715
48607
1256
5269
46067
10179
2520
45249
60359
743
51044
17110
44119
6755
55199
29126
56971
35902
29829
38026
31111
30800
26995
8015
48003
6530
45963
38126
50179
54140
23133
45029
41160
55705
18465
56074
61261
19501
31558
42832
48470
28319
18363
63812
27268
31922
33978
12766
58903
23989
25478
26112
64388
62207
60918
48727
61988
2798
31981
35023
55722
43321
28132
25514
32214
46616
65482
59365
41355
27766
16846
15278
58056
28760
5333
50523
44019
21722
34885
29006
35277
64473
58891
21768
4184
58523
22056
26465
41504
34562
44411
54797
25371
52165
9698
16767
16333
56458
24405
46983
14397
45459
32798
48677
22864
38803
64787
28045
51198
59349
59994
9901
46927
2685
5588
15397
44227
20052
47805
27139
9598
51204
32087
39764
12005
14766
39985
27434
4615
39906
19960
21679
38863
15963
55383
41957
13808
53031
2914
53021
45471
65488
38937
41242
20887
64312
54410
31440
8515
54990
5055
45899
35879
5173
3108
14820
20463
32457
2624
53656
51790
40607
48092
32653
52213
39556
52081
52394
13301
30744
30928
60504
14620
5746
25498
22887
21201
37855
43296
63877
24783
52413
49369
40369
62050
41291
58988
28692
14657
8811
43227
50105
15292
43600
2598
59473
10065
14487
52972
1808
548
25231
49172
46230
38750
58275
22586
52811
40119
26982
37802
36795
38622
20169
20313
28839
19592
9765
29870
51628
61839
28415
15254
50074
35556
9320
20335
59634
32347
60105
16309
22216
55861
54777
36724
12299
62423
49494
64701
49473
32868
38866
49760
12268
19859
30465
31668
30078
24590
6031
10470
61091
47524
41229
27239
59032
13293
55121
27363
47026
978
4539
2786
11729
3447
1412
48425
53370
52928
38078
49209
56087
792
31770
7143
62815
3423
45042
31291
19707
43738
59632
52124
44252
32462
47816
45965
29052
9210
62979
27959
47786
62293
36427
61431
11701
62062
14768
31980
43700
39104
41815
39047
52826
21452
1675
56206
33670
64656
57581
46664
43882
63740
35808
53754
7650
39362
59554
56610
46073
57775
33984
10891
9416
45774
23851
23914
35795
17085
45818
30279
35425
15668
40718
28655
13021
23687
47857
54064
12205
35184
31265
11740
941
36640
34070
36278
36506
49070
436
19471
5774
28790
951
56812
13358
9621
23204
33841
14537
14458
34560
55772
61628
60851
64599
59064
49708
14009
52927
26021
7232
48184
55165
20525
58918
11482
62881
62214
25142
37890
19632
65084
3882
54185
63180
29904
37153
12559
43724
38258
51166
36624
40014
28626
40312
48044
31351
62551
62456
40505
30398
34949
38639
41644
57529
50424
15421
1159
34651
45227
54323
16038
53635
52775
34297
17937
22714
40282
38047
42364
64447
58247
59246
20539
40665
25265
36714
49835
46942
26720
9624
41725
60631
42468
7567
55239
40943
15520
52675
58914
19695
1143
37989
37960
16189
24509
25308
8248
38463
64687
63560
18075
59379
64290
47812
32243
46125
16487
57585
31721
22972
39245
11487
61268
26774
31289
55129
36508
62181
8995
12262
39943
26720
3359
56941
57036
49185
25667
52469
34913
56723
6449
22336
62193
62398
34643
32453
60635
60953
41927
26854
37237
28712
17640
9158
53293
4518
19806
6195
17980
54841
11260
1927
61877
57720
48747
13826
19451
48218
40809
53024
10694
22747
5077
31257
25103
49191
56288
49243
16819
12244
14941
10517
11658
29678
50554
28292
36062
57571
32198
12750
42882
51346
54347
32970
62662
11623
27942
61030
14498
11132
63334
26832
8167
23624
42453
41618
22478
27970
51355
61869
39599
61209
60618
5048
59198
25958
8465
48140
2741
6226
6914
36832
54891
42177
47184
13671
53202
35273
65447
24972
40717
44232
31656
29008
55178
15336
44344
42834
37452
52679
60040
40138
51319
32767
22438
62862
47558
36079
42577
36730
26658
11622
12245
65457
7623
41085
47782
12037
14367
31372
40851
11394
55158
16833
31923
2313
10962
34412
55120
32834
29044
31268
6810
961
52260
20905
38642
14549
63754
9221
49301
4275
34847
46783
45520
51686
52281
47920
52317
30660
55353
31207
59752
24585
59546
5766
49263
27739
63856
33615
51859
19821
64980
51010
39037
45528
7619
62080
13822
675
37043
4549
13912
43319
4102
6305
52986
61581
2326
63997
16887
61577
54436
54199
31019
22286
11375
65293
28319
42664
7122
49663
6102
22640
4046
36733
17072
53452
8637
26752
34986
50738
60355
165
65429
38101
63623
43962
27581
12471
43927
6787
2511
65019
21975
49993
1178
8436
58879
25316
27735
28327
27747
48085
49268
6320
35916
64037
2268
33958
5479
11115
51516
24369
20737
33155
24800
52450
22314
776
58016
30529
57835
43923
25882
2656
48028
29012
57769
10199
2647
55097
18692
3338
22531
58260
25908
59349
33812
41747
53311
62799
27643
32606
33761
30224
58837
50232
4628
32699
32948
19878
34076
35200
6808
38002
32459
60688
48159
10862
51116
7011
8712
61714
13995
32777
40667
65160
38444
6135
15175
17517
27760
14645
39706
19213
48794
61211
11115
25614
4302
33851
4314
39278
28945
11716
19560
56407
56274
4345
11462
36986
50762
63236
36236
59817
36783
55873
3022
12604
7192
25666
32667
30465
59377
49821
57256
24569
53131
10281
12297
16464
14207
51021
18125
21857
8200
37759
53433
11683
33747
49919
12454
3649
53512
57413
52243
9732
4891
11282
10608
13449
52871
22989
64917
61799
29839
1706
7939
45182
21217
44589
16788
703
29765
51070
3593
6955
63788
25394
27960
4603
23490
24308
25594
35576
19296
16092
19760
19694
62018
52243
19881
19642
42611
32003
14485
30760
10834
47852
31865
34452
15503
65182
62931
15491
30798
25245
30604
21992
61169
50582
22265
15537
62653
12665
15854
15391
22741
32592
35722
41344
17664
56469
3234
62988
27752
5497
57491
32814
51730
55157
42764
32033
20569
64880
39229
22354
40999
11509
53352
62423
55394
16825
38545
10087
55163
61082
62055
55456
14989
41944
28581
64097
3419
47673
45755
50930
52939
58703
13956
45232
61775
40464
42448
53490
36102
40192
62966
16740
61006
64888
40394
18201
23762
52458
10457
30925
12449
30526
65216
7104
2324
35540
35030
10797
36971
59801
41858
5418
13791
38362
25707
25455
2633
34217
61303
7745
25046
9607
6233
18673
9980
4302
47500
24254
25733
56019
7502
56589
13455
61244
61510
33396
37160
6186
48211
29728
61284
12475
6294
11314
31616
18
48160
46909
64812
52981
26911
35550
29914
23466
47212
44335
34221
26890
65301
16382
423
13922
58587
50932
20677
43199
15874
2277
18295
26115
56468
62292
6829
4253
43363
44525
829
24267
28118
58990
28301
30839
26512
40657
50904
27573
61350
55084
3628
14960
28153
4092
25741
39624
5723
20333
42525
61653
19691
24224
25007
57926
47581
6597
48766
46644
64658
13937
9632
32624
8778
47107
6057
25651
65118
14252
780
16584
40859
33650
22671
7039
24532
58899
7940
3189
49259
28659
31293
43423
30295
46562
12388
27219
20901
21772
25653
49870
43663
368
44700
7701
9848
41503
6074
31455
35972
7812
23085
52728
17569
25146
32618
59465
57208
50640
52031
22403
7565
5634
33703
155
8235
39777
53481
23720
27572
11728
6215
2236
63124
25265
33104
2849
12895
25374
9958
44145
57103
64687
38817
27648
41286
9181
25104
37255
44032
24894
12928
10413
6316
31849
30214
8091
60234
36006
34971
36649
12493
32004
15272
44625
60175
54862
483
17885
3191
23801
58218
4263
16666
33181
44200
49953
33520
19261
38159
60949
24381
5391
47852
62944
2348
29699
5203
38764
9287
50053
38699
7203
25049
4673
33339
60497
8697
56120
24492
35356
17439
22350
33324
21053
41128
8250
7172
27209
3965
56001
56180
53661
45999
54683
43572
29828
37407
29212
12738
56555
61365
56269
55747
19121
26864
41457
62531
59424
2084
15937
10635
57300
20680
13830
4446
4251
37574
41357
59093
24349
52559
37008
26625
38544
10864
62293
4548
53410
48780
36307
53837
8373
21701
59501
7795
54433
54981
5638
17056
32663
64350
32727
16600
13268
30347
17779
42593
8957
12411
41831
27195
58800
25744
45583
54809
50603
45834
21438
13425
38938
30647
44605
36122
51392
26962
22829
54142
12848
22650
2035
51553
28991
32573
43227
25981
59544
604
58047
16362
24944
34569
62151
37475
5706
30949
29467
3528
65418
19020
7527
9418
24696
6002
17096
4671
54210
3604
10296
59312
52827
62720
39261
56875
64573
47650
51397
54112
50818
48223
24388
30101
28853
36421
32506
40446
24880
29305
38561
61981
32356
44202
38515
35852
6896
18095
15386
1721
5
52955
64796
11199
50378
20073
14528
28107
11870
13316
29293
21506
33495
62591
34239
26998
4721
49842
20926
39632
55797
57644
8000
56967
25226
25473
57253
60154
40916
46910
21272
52399
54327
45539
47579
56519
30479
32342
13229
12334
42424
32321
62039
35901
13629
25175
46285
18948
3179
19936
62917
17337
40765
45120
32707
37677
48514
49761
13073
46428
35668
52606
58966
20002
24172
45127
14001
3747
15093
6919
10760
35680
27894
61363
42239
28482
40839
11449
52495
54262
35078
35236
55618
10625
14509
40645
36911
54287
1755
40446
34290
19366
17451
60967
23553
46489
61982
10036
3486
11817
47461
52369
10188
62886
38273
7968
28322
746
10129
8589
7525
12888
21167
13809
26235
38601
22374
934
25097
44209
54168
41372
8019
46246
48367
1915
17785
16864
20616
55647
24875
58218
54672
53625
42279
57479
34600
31229
9930
7898
62760
57839
59156
38285
32806
37018
7120
8788
38042
25249
8011
17346
49541
46506
45048
5169
58050
39254
9899
14179
2908
49886
13420
37969
39462
43644
51179
47533
25472
9147
48818
42644
49734
50469
23513
4832
27706
53662
31002
53925
17417
18791
54657
30117
21979
24442
36207
6564
47555
45605
40477
15262
4943
34961
12367
16726
27191
17829
6457
29806
27808
42844
11859
13274
63856
41746
20474
46066
51374
39721
46364
10301
619
28707
16064
11330
32820
55327
43525
58249
818
34883
56108
2371
23771
64626
58922
64787
63963
60111
7898
60911
2728
22342
28354
23689
19225
54944
10203
30413
6793
23756
28162
46523
51615
51744
38732
52925
6607
6618
42816
24934
58988
23531
62869
49918
7037
54856
57178
3473
58495
56714
27153
56530
57801
7885
51389
15132
61806
43794
37689
34860
14776
45178
31075
11814
17839
35492
47393
8168
51380
6750
52169
29276
18119
61909
43070
48323
48423
52212
55719
57411
23704
17170
60859
60138
40603
56954
11619
8470
60400
48260
24763
9745
12892
25131
4488
9765
59551
4865
56974
27981
53980
23665
42293
34696
34603
51028
21895
61284
12803
23524
45196
4005
58684
11200
47361
50008
16784
38967
10736
35637
40424
20219
35095
8729
53429
9155
1059
39731
48107
41075
11521
54450
61708
2041
21276
24473
13090
36677
44984
65373
28978
491
62775
36478
23802
44026
11304
60399
20112
2094
19497
44579
44008
5798
54657
41037
13251
3850
49980
4417
23351
15393
30423
10419
59994
12822
38960
51790
39198
1980
9304
29662
10939
65312
65303
63612
4895
10692
3911
32990
33268
33169
30952
9503
37728
5255
17403
55270
395
31812
59
9042
46721
55798
62624
30464
27912
19130
49507
10380
50391
27928
39830
51355
14845
38663
62755
30105
51188
51093
62886
51472
33988
44081
62786
21979
26660
42189
11897
11840
45504
436
17066
1691
40277
46139
1380
39864
2274
52039
5648
34561
27793
47295
13428
37613
2150
20898
4844
16017
25588
29316
42675
11680
58324
60942
21946
7516
13808
4832
21004
41586
47854
17801
29648
9620
53912
19554
57270
56802
43871
14416
3374
63366
24894
29317
19163
30935
36295
22310
1438
30749
37479
12940
3653
16471
32360
48512
29101
5710
11403
43261
15752
24465
34014
17054
51001
49156
48115
31020
37740
27229
63922
28802
1780
14496
12368
50204
53369
58368
56084
34564
39271
32252
35315
12305
6159
48058
593
20412
5444
55098
31006
54442
20728
46973
49689
7790
53349
29074
6450
44716
51349
29698
36112
17301
33662
27976
48020
49130
41951
31087
56603
36067
45996
12751
44406
30525
59271
25737
18802
26823
15629
44643
4487
45477
12794
18252
17408
43034
11073
54436
21355
20704
9309
52348
11601
48246
25727
50361
16652
44943
26398
6802
57850
437
34816
48972
49663
57951
10391
5386
55998
14938
57916
61521
38488
19952
22786
40685
44385
14410
57062
46459
5524
17330
38143
19341
19287
48065
7384
15194
49776
1244
9040
53083
16273
58164
41552
49302
19539
35067
58717
25212
41238
62868
36824
380
48359
25013
19650
55941
18972
14143
48483
30511
13050
11136
40792
20418
61062
62380
27910
40493
18578
63292
12119
24096
29943
16691
33014
7889
2479
26369
2706
55665
2035
53565
17824
63118
63331
16799
3359
20689
8223
59079
60428
16120
23714
5222
39817
22073
60354
42259
51360
53038
37011
50053
42497
45327
40497
63347
57019
23905
34193
31451
20884
23933
2426
17443
51270
42352
34597
36155
48799
35728
18704
59473
51912
36988
51175
18819
2131
46787
26805
54291
17401
28012
19689
40599
29863
17019
22852
88
30035
13133
35534
38548
40406
22294
10420
24318
35791
55018
2419
51849
40188
32459
30275
65127
47550
41711
29954
46637
13276
64471
2810
17779
31441
8739
8360
42373
30790
19359
18657
47858
1101
49982
30443
22466
16011
17038
14086
14555
46285
63822
39915
23990
40051
15425
12997
41190
24372
7331
55560
15710
15837
41296
51870
47277
48547
53114
21700
51126
20014
16506
22536
25044
29648
58454
60203
9991
63809
40457
27893
54174
26910
31457
13923
27754
22007
23724
9802
28556
63920
6373
25546
8945
42379
60752
34311
30197
30551
25315
14620
15550
52875
63223
27444
57283
3822
9635
41679
59991
50856
5171
31534
56145
1881
1052
55118
33163
37069
14669
8202
48268
62608
10114
2660
36824
37004
59150
18847
33178
12013
37686
28867
3473
40118
27903
5717
51446
3129
34239
22086
42527
57097
58585
6448
15126
21423
41746
53956
39630
36263
13530
56286
63844
5484
19039
40522
13088
6537
29091
43161
21270
49914
42928
48910
36744
25173
19496
56814
46009
48114
41887
59250
6808
15609
59107
2707
42380
41744
20604
2949
4994
6344
63898
42088
43726
16399
8323
7595
3494
56421
32381
44062
26812
42398
15234
14365
19140
55089
7008
57562
5805
31246
61372
14068
37331
5164
36058
61209
4483
1139
19899
40897
30787
39110
36469
16732
56723
14534
6902
9281
17554
33293
27801
24536
39016
39733
50745
19651
29135
5775
26661
64033
34788
7538
15874
59692
11936
30908
20626
40656
42807
40245
28563
11151
34126
14436
59443
10828
31549
52162
27772
210
24609
40337
46566
45321
1244
989
48596
42937
18204
65164
19942
59565
36315
2233
6121
47101
5594
12958
48638
15673
30338
26187
53638
11979
3166
12190
1613
15264
26966
18274
58260
33317
31780
37235
32130
19265
2893
13059
4611
58424
20959
61949
7333
44797
58165
40890
42346
38690
58507
36391
7587
4292
61206
46756
25216
2360
49267
31056
51244
3113
33057
50844
39681
39023
49026
32907
28019
30566
42821
42424
57319
30580
60973
24779
50855
31628
2502
63607
21506
54808
25184
23076
22630
28829
39302
25449
10740
57778
51925
10376
36277
10005
13275
22273
14641
11618
22437
12954
43615
31808
23380
35057
21137
36347
57506
65439
47013
43521
39854
25693
34499
62335
24481
23182
7707
56404
10336
45890
64802
15780
8131
37147
27159
56933
16503
25123
26092
25546
40449
30550
34131
5020
5665
25360
30446
56848
47107
46824
13141
37030
31926
38789
62556
35402
16363
6848
21514
59544
29944
35304
2893
10259
45571
53448
35006
5952
2605
49726
5033
26932
7863
17882
55738
2331
36795
17752
20295
36760
23571
5117
6204
60446
16411
65228
24836
40121
47076
47649
8577
29055
53705
37543
57838
58637
41651
41274
17914
12361
38265
946
15554
5935
53031
55464
28810
33635
13203
44967
34827
18175
61409
4916
60186
1538
1279
39467
22631
7800
41433
63658
44549
32000
47764
38129
10376
10962
30070
39097
58901
22165
41716
56345
49672
62618
50319
19896
21474
6758
31208
53401
9253
6037
8252
45899
35926
21537
960
20334
18872
14486
53170
57348
23662
27082
52727
32654
2841
9034
35496
47409
46320
31574
45815
44024
65382
4179
5137
56150
56711
32289
52543
57154
13003
6509
15457
49991
38322
51021
43658
38845
50051
11399
41084
9139
1198
9785
23035
19468
3909
50427
194
21532
31756
3536
25973
48827
57979
36382
13397
13737
38996
11522
4643
40178
50029
51414
5696
2885
25817
7788
30098
59613
45825
59124
54725
54671
9365
26584
10250
44868
29121
40739
60284
7988
60225
42843
35737
19972
30628
11864
36184
17440
34228
27765
29940
8361
32580
53458
28122
39484
37605
35454
45270
45385
41469
35870
33431
39185
243
46342
21513
26898
39445
29627
33754
28004
22848
48349
13626
44680
58783
63015
36771
10604
51010
15415
40612
57614
49022
62362
63422
4445
49217
34004
41891
60511
13163
57923
64898
41029
17320
47139
50946
39319
49934
50541
58113
63727
27
52463
20289
64764
18996
58254
29049
25812
14301
2003
7544
27544
18695
42895
32865
59259
42699
61508
43610
51186
9353
29366
38972
1871
35628
31542
42786
10196
25537
23024
4233
48067
50970
20597
45096
33866
19460
32911
48299
60435
60483
2790
9095
40055
47922
49030
25865
61407
8607
47827
26245
36494
51789
7273
8484
61337
25692
42199
56430
48342
33911
50902
4844
4747
8733
4888
58100
31893
39772
29292
45550
10667
32414
65299
14105
12901
26578
49179
59940
9871
3902
58952
3024
21713
41311
45431
47930
61152
17858
38838
39608
28299
9756
29080
40048
24835
42950
49592
29240
27298
25885
52865
30393
45370
35877
63552
33949
25554
23332
59357
52714
21020
61437
19988
20313
6481
25174
746
35551
46414
24359
13533
6836
35531
34581
13188
59134
64400
12256
58019
3510
7428
39853
19417
52230
8239
62824
5709
64766
35204
44220
43181
25672
9645
48905
42734
55087
216
31395
15292
33457
22580
20189
4137
50071
26569
48634
64546
28909
29668
8416
7379
8479
62422
52902
52791
26473
8550
15039
698
46403
30089
40476
46387
14750
10720
50389
720
45965
50529
27043
17778
16180
27898
29944
1124
44360
2972
17539
53489
8028
53671
50363
7619
33530
31720
20804
22769
44823
55090
36024
47283
59796
29221
5146
48368
3563
8073
61404
26157
53375
65275
21957
63775
14016
2945
28880
52640
65206
54573
8114
64248
57117
63244
39100
15818
60549
10136
60086
43728
30912
19454
19356
24256
29948
29921
1400
13525
1676
23434
22755
48492
5565
53849
61368
20213
49967
59994
3922
12725
22935
41685
5494
13556
28897
17923
7332
47360
40741
49677
46222
65258
46239
54702
8211
28786
34969
59632
19141
49853
59261
22716
26881
8946
5279
13155
64512
15326
42012
54913
2612
38503
57625
40290
52092
21468
61877
32628
49488
64606
11054
25429
65111
65439
52959
34707
41336
42603
60038
16833
19193
316
23562
47345
11986
35137
24680
42179
22924
44382
40879
32625
22786
23863
59349
17429
23378
34844
54177
64264
50258
28574
11042
56025
29494
10682
43390
37449
31159
38240
54483
45104
52672
8449
6555
22572
9161
37646
58294
20976
49356
63731
28939
56913
9040
23396
37743
45771
62100
26317
22476
7299
4451
36257
16677
60431
53744
10186
21625
40349
14417
39991
3419
20773
30777
12827
22640
55941
25070
9145
32533
49202
56858
5646
18400
60678
48495
20631
14530
35240
58532
34515
22356
9516
361
54013
62866
46524
9658
47147
13556
4904
54678
18113
36104
18617
26149
20859
62688
24301
37063
7962
10214
36572
52131
43679
29981
59297
57336
12630
18971
50627
39808
8276
21199
4433
5985
36796
31653
41756
64450
42191
21123
28509
46905
42773
22956
46907
28383
56284
22809
34454
14365
40680
28474
52131
10382
64921
42924
63325
57958
3456
12200
18851
8214
19488
8904
1554
50914
9150
12210
32555
37629
42748
31379
26627
2041
60701
31016
59864
41528
30505
44071
35185
51274
31021
57167
48772
40708
33885
61127
38385
27146
53243
45198
52247
6552
23975
36355
45296
42676
27109
26317
48006
59691
5216
60099
37358
32358
53127
63784
16395
19782
14370
16387
50356
49566
26290
29382
55568
1870
29143
16352
45324
40090
8518
58612
37525
46203
33942
45484
18266
56681
57872
39746
50964
58310
29320
8778
46826
14960
64339
20461
53377
45371
40358
59230
31066
60295
17217
15447
29596
28240
44230
7432
4335
61337
2857
17258
7313
65016
39761
33459
9772
62373
49658
7705
859
31412
47330
27565
37074
3803
56489
42159
61478
52798
42674
7827
8189
60494
33295
18566
5220
1597
7694
56762
33671
11820
48567
57660
24748
21003
20969
30328
49598
13512
19790
60252
1306
41756
61520
30160
39789
2088
61370
48516
38915
31419
47354
50420
40245
16845
2657
61544
16567
33860
48416
9560
18114
61299
28451
33972
44810
52479
18777
20125
1581
33773
41393
13010
31488
40292
29720
53846
56062
9511
58326
63535
41633
19307
51103
8980
64833
41008
12920
6376
40170
31433
15881
13134
27926
13012
15273
50339
18930
53749
15985
60282
56565
7655
56530
5780
54377
17425
32819
32243
8027
1846
22239
54854
64216
32315
38405
56336
11523
53242
60100
35744
46899
41387
34309
22132
41319
9711
31330
48834
8972
1984
27960
40065
10217
51274
25907
59413
2856
2044
54105
6161
6114
55260
63982
1881
56386
44631
12008
29457
65085
49216
9056
49548
18251
4200
34809
56699
35502
48080
6697
15235
45257
41896
13015
31041
38273
28765
47140
64064
30132
65176
49694
10904
44178
35911
17041
8318
39561
19134
20279
55157
57085
28555
51536
39165
55132
20930
6476
61429
12172
1770
31417
58992
29749
47705
63362
9989
15300
17062
8409
2900
8328
59905
3976
17970
63111
35764
17263
54752
17643
62607
50524
25081
59454
20033
38736
32499
21346
44436
39755
26063
59007
40557
63954
43521
6099
11531
6295
5364
57875
59191
17342
28050
1165
1378
58409
40775
56147
54027
52305
46641
11296
6285
37820
60430
63757
10612
10050
8853
8243
16799
26631
57246
50465
7975
9087
21247
49215
44306
30999
13360
53995
36676
63532
24827
3945
9967
47694
30354
44087
61334
18893
29308
60384
12141
62299
36059
10096
20744
40977
1716
3441
22514
60905
15808
47960
43401
60798
40312
37757
6415
7854
51615
19482
9169
63765
6923
44857
45565
24185
49805
50476
8687
61663
38560
22512
29497
8434
33422
46466
42702
34501
57741
32302
38816
51166
46561
21542
39225
64631
51974
63623
25959
28714
50593
25523
35189
23215
57298
37612
24627
29168
48844
7802
20612
41509
56987
35351
13192
23837
46399
28713
51982
33204
50408
53631
10720
25783
1047
9020
11688
16108
32660
14493
42570
30539
44813
1004
39535
17069
14363
27153
16929
36657
55738
5681
32034
29278
25306
31893
24427
3685
35538
60493
32416
36019
2463
23092
12328
4885
48151
18894
4056
18916
4415
58713
29933
65510
50117
150
57791
56637
5053
45598
7209
35064
30858
9528
60638
7735
51862
18575
11804
32562
21781
32132
3752
8034
33585
8044
22414
14522
61083
52255
26826
49340
53669
18454
62051
26386
40153
651
37199
54345
26615
28104
53260
12934
60118
63956
4469
23159
47605
47046
23944
6508
61851
717
24153
8031
46406
48847
22715
18652
41063
22738
15402
5623
62231
46095
59635
30306
26476
21398
40462
11307
49791
32292
30679
42331
11568
18933
56241
45766
44457
50312
7497
28708
51271
22307
35789
30910
18024
17808
27604
59651
7739
50784
12358
48631
13932
12446
22756
34996
22316
59339
18471
29960
57195
38492
55702
51394
51662
39638
13466
64025
20917
14250
24631
27185
6368
9786
53639
48705
35017
19517
49486
14437
52060
55329
14448
20063
53080
30162
45518
58203
50616
45299
29761
2778
18291
39670
36195
48640
47008
22977
39941
27732
22942
58675
47325
1939
60677
24364
59828
787
59093
57657
34055
58811
53529
7751
12214
37260
48142
26934
9829
17798
9378
61708
14331
64033
49025
42464
57981
41064
64890
33276
10669
15320
9095
7639
23246
32997
41367
2518
61513
64941
42573
38314
11605
32240
40567
58471
49164
31274
36574
8231
25938
9285
61164
50687
6485
20860
6590
59801
27931
16610
7076
51252
12414
29690
56722
61233
33194
42105
45896
32928
65067
33450
36726
25900
46163
4683
44158
50624
57825
59678
23598
33392
20515
63076
25542
33212
26259
19527
24343
16130
34628
64009
36888
13142
60203
8441
61573
59434
45999
37501
36841
36738
6899
9282
16758
59217
35733
15470
14814
19168
44284
11310
32901
58928
6791
50403
21112
36354
64215
47603
19077
35465
14804
2317
23164
27286
14059
37119
35561
36061
32177
37299
51713
48128
45412
18213
13265
29399
31629
9045
37275
22933
29174
39472
13718
13530
4043
43369
55451
44025
43438
43950
44085
36534
33675
8072
51187
14994
41565
32376
37361
57889
61711
33426
28862
61818
51242
19153
26215
33980
61350
33027
6965
41701
52817
53388
63827
26748
38847
46936
26421
12010
55413
56424
64556
51519
65321
55128
50178
51192
55707
55756
25620
19007
29190
16137
22729
299
59808
33798
46408
64586
43445
37729
40382
61078
16531
57524
58880
42656
63475
62896
44275
28148
29078
58937
10767
27868
9998
30324
45561
15354
4337
59033
24797
48941
65327
52693
24381
22902
4694
38995
13257
833
963
13334
9452
25735
49021
23526
58320
38054
8640
13263
37782
27415
17916
42895
47179
61669
60213
36068
4587
12943
32409
43515
40249
62305
3321
57835
52530
33174
22565
62350
33733
64853
56024
15516
58266
46574
20866
52188
11646
23848
42899
40620
55821
44851
31156
5689
51045
25127
7689
33266
37165
2015
45526
20530
6174
41236
37868
16643
18838
14408
29453
59123
51022
31214
9837
36505
60688
31675
57129
54291
6364
49859
42960
9958
52929
8485
40361
8178
47624
41793
25120
36634
1954
4392
28849
32628
4576
30304
28605
37319
35185
64117
18570
3150
36188
34540
55833
39451
28722
43936
35986
51922
36878
61883
42914
38678
29282
6285
1731
12588
61185
14609
50233
17636
5277
44797
16342
46224
38007
43104
62256
37752
14589
16192
34
13234
10592
30993
27721
14864
65188
2812
58189
43549
3305
22382
935
43437
1986
19380
20213
5750
17126
8601
1985
32176
4065
48127
37612
28618
30200
3853
55025
18606
25804
38410
15957
29318
52220
56561
22468
45630
46052
30368
27250
57448
21244
38870
28753
27655
60337
50445
49476
28322
63032
47624
23934
23401
58840
51587
34220
36647
12492
63047
23377
8304
40784
16336
9714
7659
4039
12682
55125
58674
9228
13581
26328
41980
44187
7420
43874
2710
21259
42321
58261
21838
30706
36332
54182
29965
63157
31151
42715
46682
51285
29924
40643
51461
38505
46301
26984
38768
51223
39714
59877
10721
29972
20459
6035
43806
7473
58482
47025
24402
9588
36575
20533
44840
28179
37148
27380
33995
6566
10136
4691
50460
1344
42759
52580
8199
29288
12049
51567
13858
1772
12280
60344
35604
44166
29375
30061
28159
55423
35979
18536
1546
5124
4583
23149
50016
53152
37112
35758
6857
24443
15204
38160
55788
42997
17392
51224
49553
62094
43696
19350
24834
58926
33217
12611
15690
35155
35620
25761
30133
43201
18118
13979
39037
54493
55887
21298
47222
12634
16770
14871
64890
50891
53267
18013
42289
14732
11093
40205
58501
392
47930
60881
1668
57767
37461
7518
58905
12534
50237
3769
43894
22664
13698
13513
64000
26856
23609
9544
46315
34316
48877
50792
38437
45237
15790
46727
38724
5964
5189
15840
2490
35843
36306
15573
29863
28065
38371
6054
30383
22996
5518
21623
12293
63634
21121
50451
46624
19373
17985
48648
63491
35586
60296
32525
3503
44317
35528
43285
868
64926
11039
27419
12887
22632
5306
59815
5220
31117
29619
55686
12607
41976
6861
35756
5754
19239
63554
53436
36509
50504
25901
35785
54716
37548
14512
31394
12990
52338
999
38250
16332
41867
59796
3944
44383
28468
49009
37376
47050
63888
27108
39978
39682
62944
11917
50170
56708
65521
62847
52121
18701
59667
37680
6719
28766
12872
39020
41825
1811
18300
52570
36723
36517
54074
29016
26394
43962
29729
20090
52915
53210
19910
31230
23224
64731
60560
20272
60752
53745
47734
47970
19705
19384
14783
29345
14363
57608
11416
21557
54301
31038
14180
25424
51219
47343
63444
26810
59339
35713
49646
29941
62052
941
36725
63022
41213
55792
20944
56592
63638
4707
12849
57697
18269
12980
65143
31903
55676
25366
63910
40468
39118
54181
64788
42161
4919
65245
40196
876
23234
41061
17961
65086
11170
4894
61876
24278
47832
33297
6100
42930
27210
46133
6118
63774
62052
57169
62620
55444
20245
14939
369
4207
36742
46389
73
55903
48717
18813
8651
28379
9521
36668
49504
22262
34477
11644
23542
46812
15112
52661
29672
16915
2187
20646
54572
12777
27924
47683
33821
35019
44639
33106
41156
27345
44752
36375
8213
63136
52577
62005
42371
3071
12474
1556
58553
8046
25841
62740
63345
5566
52448
43812
48316
5151
1599
52765
5431
28597
43879
60199
17961
41078
31618
60706
62673
50909
28950
42337
40949
2274
55076
35932
45584
12037
28240
22256
14610
44091
36802
64745
50073
53861
49352
20624
9851
48793
519
3556
39046
26060
15912
6625
29342
57629
48074
17466
9551
62063
50361
1284
4227
15177
50304
53290
53547
55668
18899
4691
45792
26085
20838
14630
10705
24477
15028
49762
57009
40612
2350
15477
46570
64851
4434
39710
31061
6421
36298
53585
26254
29321
20095
61965
35241
14703
20993
55394
5305
819
15903
39541
13918
64823
48262
43607
22662
15836
28429
147
46875
149
19422
54157
49471
59079
33735
7314
24650
20365
45956
9434
20142
43032
23007
53333
56957
34501
6587
7675
55014
19920
9507
45097
64692
38013
18105
14062
35329
63542
29984
31928
53159
45713
19324
57176
35360
23802
22877
2137
53787
16974
29241
50833
5976
10825
47840
185
49751
32997
37334
15519
45762
52752
2355
62589
39381
59998
35868
63199
14921
24039
27452
43155
50703
1763
41484
4608
38569
8391
6195
28430
44577
28103
43990
41261
4617
35209
5553
13771
18584
57186
64116
55219
11025
58022
61386
45064
54008
33568
48538
40220
13394
46794
44623
8936
43651
44478
11433
32966
7478
42896
38193
52434
5042
30953
47968
12079
14527
16027
59624
18707
20918
47187
43214
54742
48372
28874
36520
23609
9977
49441
12911
18996
3178
44703
3622
343
62086
16551
52683
39404
16928
57040
23466
57205
53189
6650
60499
5726
51368
57967
53629
41114
50311
63230
8197
9903
39742
27139
24790
2285
7381
28699
688
15115
65069
32460
17090
15571
23415
51661
34665
53604
30750
33310
43201
2477
13351
39345
32832
43321
41946
52337
54199
24262
44824
49488
64820
62573
2101
58087
48757
49775
54643
55898
21483
26529
20636
11568
36959
55221
57459
36732
46480
2982
41780
26713
63901
15276
2004
25575
49110
15343
9576
13077
58802
25274
12644
4205
38464
34040
63274
28792
63180
46335
11877
55443
1535
17756
20131
61979
54479
39561
61884
34490
34402
63841
57113
26669
56390
19031
26056
43347
18977
9854
51457
15490
16914
62870
40954
7414
52615
47400
31185
56466
10629
40437
18675
24756
46801
35092
56493
11220
57471
4448
8975
2982
32228
58950
41753
30912
57722
57462
29002
45395
19615
48720
37821
35923
10879
64466
9820
32749
15017
4828
65470
14313
51404
43836
1215
55498
61659
34033
18553
19500
44512
54516
9772
33767
32713
65033
48157
56963
49061
56672
8974
31308
55185
29350
23890
56136
23597
23289
33513
63803
21246
22135
14547
50446
11499
44018
58787
52417
51868
19828
26570
37018
1658
49445
531
18095
12191
20997
26801
51396
53343
52026
32316
32360
39325
553
45392
21693
12058
23821
45897
7347
34841
47967
64324
35074
9748
317
45329
33862
41563
32695
19726
20813
45277
55324
14764
12284
18746
26920
37026
22559
56202
29876
28877
48488
10270
25099
63801
28472
45469
29165
31460
4120
50940
17334
39238
64629
50134
10486
44079
60108
12240
64608
37248
18787
58813
2104
8223
12227
21226
26283
41917
6122
37290
41548
41233
1044
19065
35598
36657
56109
36947
42426
2045
9814
39752
41245
63601
14733
52823
32039
37753
8564
53146
52402
57595
50270
37524
30463
35528
59504
61579
11712
3091
37395
55592
52031
31747
25862
28190
15703
40681
37706
25591
15830
10333
19993
8038
28497
14054
46682
52108
12813
9359
12704
26617
64966
43106
48394
34090
43965
54592
38911
2133
58544
28390
52188
35780
46890
52753
44202
51263
56283
36198
41915
61149
15198
28136
20556
60472
20830
65158
8071
6982
6281
12284
59515
32934
18831
4735
1435
2184
19809
63009
26381
52146
44535
24719
62623
39645
39810
1983
43675
50752
25560
19043
60709
36124
30305
58348
31588
31528
22762
50405
4837
51587
58238
28021
15364
36046
22107
757
46258
17202
10342
2120
31650
55687
45390
46517
5177
17451
37251
27156
32020
37461
7316
55361
63349
11797
48808
45603
62071
61867
2284
55061
54627
48573
4131
36531
3528
37788
65392
30413
34643
41782
11041
38037
14802
64851
49855
2783
3536
46918
48371
18546
44497
27444
9157
13625
28321
21547
41863
40886
29060
17752
43422
847
40933
35160
30085
46394
41746
13546
38109
47046
54545
12819
56257
65211
16311
8464
16443
5472
47647
7354
45496
78
34744
57926
22765
6922
31691
30165
54099
5679
25333
48479
24843
47358
20197
10929
63151
6052
61811
61234
8720
24950
40564
16311
44374
50737
28466
26144
22644
16218
55185
48776
31544
32025
45893
58920
3313
24742
50889
28416
51477
11455
12853
3049
32578
12494
58883
22445
48544
25768
61859
38448
61803
13623
46983
30927
8981
7176
33327
20026
34926
13784
23451
14657
258
47108
41905
39820
57424
34988
52206
57183
49716
1315
23197
37634
61585
30275
42377
43006
24666
58524
12245
56152
22754
27689
34092
38881
56025
17233
10567
1218
13564
25171
29448
12819
11768
14320
12171
43340
59314
3007
24028
13924
53493
64530
33527
13589
14745
14147
51772
18658
56074
2427
30854
22548
62807
4926
18678
47305
45623
57387
23106
15157
13224
15743
32606
34960
39662
21182
49250
12302
40769
40872
12825
8201
38725
35409
40524
24904
8581
9049
38182
960
1153
58027
40938
62130
17249
26553
21711
34561
21542
10883
49764
52190
45841
11100
29133
9715
20470
62468
11027
7927
59094
10711
28462
65433
20643
49863
55652
12463
50234
29515
51172
56913
34586
43906
46375
50208
13997
32062
49
25144
9706
7007
13287
37904
61550
16848
19955
56369
34302
10427
47716
46282
16597
51010
9539
58101
38997
57042
4630
51587
1420
16647
1754
61954
54255
48799
6292
1609
12323
23535
56846
7991
49996
32646
49579
63975
54513
31886
57676
47014
42748
12337
39658
1098
36511
50368
6952
5568
57947
33252
3353
8903
56169
12408
10987
7316
3365
36554
37303
41302
39309
52564
29619
20183
63650
15077
24740
22162
4421
21493
59947
21937
19619
34920
6432
65110
49263
51808
48082
2337
9796
59073
9260
21388
5263
48199
55927
38920
63428
3392
31534
39223
57267
20500
63060
126
60951
41105
42005
19243
36588
13642
34831
10134
262
13444
9364
14161
28302
25176
45184
55465
5987
47484
11654
2131
49542
57193
64620
62144
52494
16725
53646
6936
13621
6727
44390
28016
62122
65064
41904
15310
64340
27138
59604
6184
39872
1073
51092
24349
909
31008
26661
22589
36811
8232
29097
18363
61469
9918
32332
10845
51886
61351
48905
42051
6576
45046
61178
14967
3786
18834
25850
51266
64128
8091
47288
10106
28595
10569
36606
61438
39911
26817
25839
59906
55327
19275
58725
13301
24359
54996
42066
42975
64816
59709
35975
50618
42625
49171
17432
34946
33884
23918
59502
32458
19685
28642
36706
59482
52028
37983
48543
2815
63695
45756
9379
35555
30137
38016
16082
59351
12853
48823
16110
23772
63413
64142
49545
60460
44670
27526
44245
46596
54433
46213
19251
12193
57754
22198
45487
37606
22492
59705
22316
8879
2377
26898
48129
28820
39250
45532
19152
8876
25073
30996
13736
26477
36287
7599
55608
62462
64473
8752
24096
64952
50812
34754
14872
38145
38559
12121
51417
50969
57731
53823
11272
29313
317
61067
50601
64900
48490
48058
17728
9748
9339
18925
30658
11202
3012
52875
4639
19550
50734
39942
34454
15853
6944
31834
19808
35144
58802
60115
65479
28239
15923
60345
60135
28991
38632
55463
38967
27506
18220
41670
9840
32472
47270
10020
54704
39396
11197
8671
8145
18040
54853
31532
34335
22790
4932
1076
48162
61836
28595
58003
50856
55823
22957
42803
54083
54788
13722
34525
20699
5385
47644
53344
30440
43513
51749
16611
4427
48376
14513
27111
26672
57700
7100
62785
36884
59386
28911
42295
33755
31683
14537
58747
4493
53663
25438
40528
34106
62184
3159
14707
63825
38612
893
35577
62580
63820
37830
57064
45989
21860
55290
34741
6680
51037
19630
28709
41548
26893
6599
55617
63489
39723
16102
113
19890
32629
61948
41386
10455
51285
39199
57567
37937
45438
2997
460
62745
61390
50242
10339
16165
10840
34530
19813
34537
20254
38944
59465
13929
7093
4019
34582
47828
35662
46047
25242
6549
26082
9685
4533
23163
50975
58268
7110
35552
13966
20087
44740
60245
40661
4473
49551
25340
30314
43504
29422
22773
45020
11934
51952
51169
32294
47701
1881
20085
9303
32527
31053
51016
25521
12209
31768
11858
8861
1019
5645
59195
46369
34657
57420
17243
16094
57756
12070
42511
12983
26234
26264
35208
59660
11968
46602
21845
6702
58584
46852
29448
37232
19382
59637
46773
40315
27443
10005
8185
16769
44640
43832
59272
46022
2590
55391
5928
43418
40635
58731
64122
42645
16617
61022
26811
48918
56550
64446
35832
23873
7517
46111
49285
41553
65129
7158
10663
56293
15478
33759
49615
17812
42057
54228
64151
36367
26463
16808
21749
60496
41760
44886
24539
56266
29242
54158
17146
14442
23909
5744
54359
53716
55199
7661
18391
46205
57193
21523
18841
27549
49718
7662
47948
22850
24338
57558
14166
8122
32307
13075
5047
49375
64667
35811
37039
62004
49899
43180
12229
33928
47316
38871
65350
17737
48688
59572
13762
19674
61362
9517
61640
28900
51437
9134
38366
38822
64555
55483
3004
63932
48360
19477
40136
29230
29582
53909
5823
31016
60507
18533
15607
3757
49070
49866
16322
1814
38041
20674
22466
51300
59315
61362
45399
31669
17153
18139
103
7346
46565
37765
47323
4580
28927
38565
14025
46302
30950
51051
64761
43286
17130
7605
41671
610
19555
59413
338
54327
35472
57346
31000
7489
52858
53101
56203
14080
14957
45137
37579
47383
61236
63673
32654
3781
50588
55486
52818
18230
52807
59795
63720
10346
18812
8560
30762
34031
26457
33782
32682
42382
25225
41047
11224
27156
32940
51285
62064
28348
5767
57916
18775
47371
37160
39178
4292
26584
46444
13593
43167
7610
16778
35052
43440
31577
35389
12244
47292
16115
42884
33472
59601
35236
8333
32537
49895
34768
11944
34093
36618
9611
25703
39483
14363
43316
22327
36268
51770
35123
39401
44143
62117
44544
40751
29916
42714
51939
36965
63359
17477
41228
35857
473
36072
57140
57096
48855
11428
32933
7911
35498
8005
44541
37555
18563
15420
15078
47417
61781
528
11423
43926
6519
25157
59353
1279
44885
4486
65066
18014
27994
26864
5559
16928
60884
48658
12798
18765
28684
47315
30187
50335
16243
60850
54426
51036
4478
47396
42575
50339
12970
47697
47165
39789
59807
23745
36027
22938
52168
29509
27427
10541
58825
34934
4828
3342
29205
11822
56860
27063
22654
37223
13250
23475
28300
42859
11314
7196
35152
59475
17909
2035
3887
47908
18263
7404
49765
18463
51108
37872
13638
4143
27808
37543
62253
11800
55575
35384
28073
27547
45305
22356
38665
4895
32487
27757
45427
22705
29662
21953
9468
62244
948
8912
10433
46811
34422
44419
14110
16753
7634
32331
37065
8588
38895
27491
24094
42579
14851
46597
6583
57015
34203
11217
32809
31412
29830
22046
47789
58749
14527
33695
37713
17991
28443
64836
24370
30418
24470
19438
3976
44094
43617
32140
10288
1246
11897
50634
1086
64607
57801
23703
56994
56456
23198
40583
19145
58787
64264
64753
49611
46768
62012
29356
13850
25687
60804
44386
53490
52504
59927
8505
44088
15606
40571
30838
40525
4163
21976
38863
23166
44572
56093
49257
33869
59602
32846
40818
708
12213
50881
15973
15064
25360
61246
20197
24304
39872
42414
17295
21145
13014
29681
6490
10489
46704
55273
27634
133
63571
49886
1146
36674
8326
64303
59340
3176
30380
64785
49280
31591
25782
41040
18207
34986
24498
57275
22426
53169
6534
51488
48577
46595
40449
52179
22308
58708
20968
62683
23675
56525
7007
19824
58689
29142
29554
53883
19059
45475
1
43977
6708
15263
19874
2793
30500
28688
57952
50455
51900
20017
52775
54171
13464
64483
19868
5686
44873
5877
54346
18919
9403
44694
55765
58357
48186
38057
43795
4147
61113
25331
64321
4873
64974
43733
43975
51321
54715
40497
61142
30900
29
47145
42042
10433
15609
42255
1459
3269
43201
43584
26228
49355
3458
64744
45655
40072
37396
46087
59374
8870
37644
8021
57585
27989
40236
57816
31153
48551
24543
38887
25015
52941
1939
41670
25374
291
38807
42964
61455
53001
25960
2766
52682
23668
13552
1391
16046
57396
25933
27335
3246
9783
57356
14119
9131
24932
17338
52117
45242
28679
46305
50705
3221
54591
49366
56891
24446
6322
17118
33191
57772
45494
42475
30765
20495
7804
54313
29104
51749
11542
47137
62521
15291
5995
49501
43099
26882
60115
45088
16156
12649
48757
42603
19901
3704
34426
61272
40586
60647
15669
44064
24930
37506
26132
48996
16150
54491
41840
59758
8060
47994
17251
59803
29025
16679
61316
60046
17107
49900
37723
43202
34167
22036
7662
18876
50250
54317
21703
1371
7611
49921
21874
5097
39121
36537
2728
44549
50767
45159
16919
60593
43202
12807
60079
58132
18530
54025
46871
61610
42001
63239
25881
4099
2365
49163
35065
51138
40617
35118
1308
691
7419
64544
42179
16756
37171
54005
39615
7361
19654
60172
28223
31621
54335
22641
11767
48759
43323
3110
30229
60744
34268
43916
11359
47013
28992
43578
17455
47001
49184
58871
35751
25421
36826
5805
37540
11556
16236
64184
35453
16625
44629
7432
61097
47304
16321
18872
48320
33697
6871
39951
49831
64562
9000
31484
19331
22401
56015
20275
57015
36246
34486
54266
44830
40935
30636
39168
18382
57620
2056
15908
26579
465
63554
440
41537
50496
7040
31224
56529
51840
37431
936
54366
58771
387
25505
9861
45509
64731
25066
45169
60836
32842
19815
42355
56387
56066
15253
63406
8355
63150
33415
45204
17795
30976
13631
24300
35243
6400
53219
49930
3790
25208
3613
36547
33054
32834
24482
11138
55474
31643
63562
44154
59071
23630
24197
64649
18996
25271
59177
18290
55931
29515
59867
52633
37453
48019
49237
42719
37550
7985
654
56491
64211
37283
53119
20443
9667
52296
18550
4687
31212
61450
17636
14345
10401
21544
23508
17525
10615
16938
41792
62271
14745
54179
31271
47297
44724
38783
58189
56303
38705
59207
21390
41785
64367
62631
14288
21132
64374
19280
52021
61176
30922
56281
38494
56913
51476
59658
30331
15796
27156
15229
11507
18796
34053
32824
45896
10017
42286
46512
6907
60953
26534
31676
36913
37142
52031
2000
38753
29382
42700
28163
43243
56270
5756
63320
49565
53566
25222
4318
57131
16890
24833
54022
59833
56891
53091
57024
40064
4730
8333
408
44991
26889
16804
40376
60772
13046
22484
5400
32881
47599
11127
8819
27169
18381
28705
33882
10789
56040
11692
21957
62987
23075
12528
57090
45138
12110
41860
28920
54774
24201
40768
29599
64121
54899
59495
63699
34081
64184
35717
49879
6650
36019
24043
61439
10165
51222
60816
65360
5673
20326
21568
55513
61497
45661
32402
1055
35941
24377
57327
64064
12417
52404
48896
29426
30783
22678
51120
27783
28766
57482
53456
38485
52838
39828
26356
14582
37174
56303
3986
7181
8697
33028
4766
31476
50825
9152
20717
834
47044
21596
24275
22348
33475
14795
11179
21477
15325
18237
24079
37432
9310
45619
47935
49332
46184
11697
39829
36277
36093
10334
59194
53720
49704
47079
45074
10717
18114
46336
55686
28991
16973
54417
33929
59858
4370
16952
63729
37140
11848
59311
12729
13120
21261
65045
52820
18792
3435
52833
45297
40182
2634
14538
49177
62038
43649
43010
31793
42427
50782
33967
44369
3219
18188
16890
1239
27371
12686
7985
62511
63447
6763
62164
59357
39957
25127
2754
58834
26416
19318
30407
60076
3668
36631
25967
25347
7945
33296
54260
20753
1683
65229
11274
41073
20390
34722
57676
40149
46493
53274
4856
2184
39623
9812
47436
3998
49998
20769
24544
38203
30738
1860
5592
52166
46799
61058
49994
21444
55870
42190
17130
1465
26378
62836
2197
12175
46994
3034
47479
10420
50128
28231
59392
52568
56832
22654
38406
11332
42892
51747
52335
10018
53206
38795
60277
47769
24865
5475
38367
36159
50787
64523
26374
26792
15985
65484
3698
63776
22120
32931
37827
46290
58418
15050
54798
31456
53854
33997
64789
9443
21665
37350
59949
49027
61285
9783
27714
34572
58656
36766
52319
7672
36946
7241
42987
37638
7598
48307
24600
60892
52217
8477
42518
31370
8654
26392
21695
8087
27457
47195
18683
34812
20232
44977
58409
44233
55642
38063
64999
12494
65428
16565
6458
48638
27118
27024
60864
31933
61445
55655
52112
34181
32145
47992
52461
43700
44902
35899
38897
42359
38175
42351
19244
2232
13378
33018
32013
15915
1158
56945
60081
65426
35558
52335
21706
26058
35589
3342
4939
4152
7329
21913
9143
32769
56883
30378
47033
65525
23834
50976
16647
57730
26893
59606
37262
45148
5805
36418
6796
35981
60685
12051
25655
12773
48981
25855
24974
20444
43934
37337
26118
59524
26900
9403
39210
29285
28216
7164
22531
33277
44769
1547
11662
55973
62985
61510
32025
58176
59718
7580
27675
32231
10429
53739
48212
34785
2140
43489
20346
27860
49370
1996
52794
60800
11833
28368
62088
34512
4732
17519
46630
15767
2235
13490
57825
48319
43215
19980
60601
52698
17014
35215
21803
44994
56440
11019
13393
51391
18074
43720
2924
37662
24078
61776
56508
476
42102
46562
40381
5028
28390
54058
24518
25677
52801
49116
53209
40428
36067
29433
61655
49857
20845
5109
590
32932
10984
7825
26343
27631
29538
45164
26045
50840
44397
42981
63820
57256
678
32066
12308
38884
13421
64130
46787
30041
37764
1121
8752
42391
23077
20676
39473
30043
29186
18497
6864
63005
56019
38617
46515
51204
57892
38829
2809
13534
41276
11830
21347
32946
6309
57467
13775
32209
38118
43266
17120
28566
15838
34022
56697
17574
26389
53677
20289
23950
19443
34178
14265
40478
52021
32586
60946
3609
61672
4762
35327
11061
17637
22790
58692
2115
43321
26485
15268
13902
42385
11673
13899
50102
56292
32449
64602
61265
23572
26487
8368
13468
32129
14170
1623
50809
615
34064
11637
43660
32086
27107
32102
52369
9952
37533
13083
32141
34270
39649
13448
30096
61840
36401
28178
17523
21009
32781
56884
21631
7989
35054
13248
48420
24766
63001
44063
623
51746
36396
54210
61169
25060
49674
37273
30848
14857
38866
22939
2647
14225
6943
51357
18792
51891
42920
41162
51875
5080
33711
35317
15989
48381
33273
65069
58039
40124
27084
54172
44795
50550
63885
40263
40052
15385
42816
22667
24510
15737
18852
41740
36527
30658
21555
54099
17046
34530
4873
18858
51642
50423
29366
22045
948
13586
52897
59426
17312
56068
7948
33325
35026
8929
64617
18260
22702
25130
1799
15442
16763
12912
34099
48708
3371
44932
37672
27120
47953
39267
4906
9182
56253
35823
48571
4159
56525
13256
53479
62871
51044
40279
45776
30363
57544
9058
61315
46649
993
18900
54122
17290
27961
47934
24025
13139
40425
22555
27209
9848
41626
23589
48278
27105
37509
40250
54176
57870
33299
11426
39100
77
47798
26461
34451
57362
59998
37096
5813
21529
30037
21513
6676
40770
34459
20543
29218
44325
30514
16465
38212
2514
59790
18631
65383
32527
29720
63433
15137
53957
5420
57007
4205
46048
45208
38975
5244
5877
7060
14422
1199
35425
43341
6824
55681
25794
40908
11513
14990
39685
4499
21303
8069
27411
22590
21287
13617
21914
20499
62567
12502
17301
23179
41091
54996
53978
48889
14198
7382
24517
36408
29180
4662
46545
25868
48352
41828
4921
46652
65006
42360
17930
64535
63946
17470
46419
39657
6598
8570
2478
11980
11005
53464
39250
41655
47897
12490
65326
42837
48869
53572
8014
18777
18104
18390
406
50059
13354
868
59267
12219
22606
24144
32955
35411
26451
49062
39043
15261
20671
34490
10679
49818
53767
35870
26872
34888
63772
35243
758
14490
65160
47402
32946
23590
30660
44453
39343
37627
11653
385
22103
29638
37947
35111
26015
46667
54793
23599
5498
14457
39164
26319
5532
31290
59711
16779
39811
34370
27634
39682
27231
40924
27648
35740
49717
39286
15269
24980
41548
54200
61109
34109
3455
234
41262
41609
43687
17917
31747
63365
17718
13262
29574
53349
61184
31231
42485
56276
4342
38178
63658
53613
40061
39518
30920
24345
8962
39662
48517
17338
39374
52288
637
1939
25329
26608
27723
9640
19776
20470
58693
52231
8887
39391
47128
15883
31608
720
10760
52870
46429
46805
58126
38442
32645
52283
12529
60540
63167
1387
7710
28572
32229
1264
26775
33019
33802
10769
19687
42577
57133
3933
18827
58954
56814
7327
204
52068
42741
1700
50566
50170
38568
8741
555
28557
36821
56035
14253
19965
28740
62894
39133
33192
52982
13756
17122
33032
40845
19177
34086
32876
1644
61539
19207
39190
49720
33631
17415
529
18077
22418
33400
29746
58498
54537
62777
52174
55423
57242
56980
7404
47458
25522
20022
33792
42772
33177
45630
13115
16120
33961
21072
38997
53627
47637
40136
64929
13083
1107
24933
30501
11280
31592
33132
53323
64330
50517
52740
11837
3864
64989
33417
45391
60860
11901
30150
18073
49124
28144
55724
32234
11185
15849
59051
60718
64469
41915
19211
19586
15741
6175
5910
52028
61386
37886
35532
16274
16202
56996
41823
939
18287
18399
49337
25604
33167
30022
56727
47928
55142
47508
43879
11573
53212
52503
9264
35081
47986
43791
28716
55152
43899
55939
7083
46199
43942
22160
29698
3100
24803
57496
16461
51734
13831
45085
34172
36221
13689
8750
21495
52117
41291
25736
65184
37712
4819
52576
15895
47466
144
42613
25067
39415
55115
47703
60134
4368
41850
24896
7797
58043
10376
35451
64333
39084
34653
20487
40201
26756
30536
61891
14108
27880
19382
29750
36522
37900
56638
36768
7083
65488
56714
64253
2178
10427
6076
12734
38076
64334
40720
23974
49078
9584
15970
8617
58145
27449
8839
14328
6827
62601
10741
33551
57767
17614
34706
10350
11133
38476
37743
46577
20156
29014
43846
22560
64430
4525
52719
16353
37455
51921
14145
618
54215
15855
56682
37537
15359
23078
37194
15085
45492
14801
23898
50150
19602
48213
2158
41759
5167
44682
397
21232
54559
30159
40618
52112
43926
57844
1444
34409
37021
55666
34908
24986
32444
7200
12886
37823
25174
62942
34135
3951
15117
65485
58880
53985
61960
53540
38558
20792
29003
12353
57854
23895
10926
12486
61898
42076
23292
34771
46697
36696
7486
35290
56187
42818
29623
16262
2338
16325
4651
15005
43469
53449
58524
750
14097
28389
62310
12003
64330
8716
28903
13355
44431
45650
26633
36239
44577
21378
40697
7634
1649
49919
24450
30180
38116
23696
46691
38728
6725
33365
7641
56923
38995
56478
57518
2994
12047
35547
47899
29156
4032
29497
13939
60878
13831
41070
62627
29711
35337
31307
11545
20256
26778
41487
1008
28264
55602
45980
53327
53888
2797
7440
42808
60651
39588
52411
42644
32352
24008
50204
62841
34148
21064
45337
28297
53316
9240
11412
39914
63550
43089
57755
21108
9277
43148
4146
1555
25221
33108
47332
27758
47288
38397
60198
2656
39884
49508
46245
60417
16444
37111
60012
10201
9000
19301
48501
4972
46116
8367
55766
59544
23122
46732
23380
8109
16770
50051
61814
64006
6709
16728
64173
4166
23252
13948
8562
379
23800
58241
10684
30171
64096
58864
44499
11108
63502
50008
23842
63303
48536
12216
42868
15925
11531
6278
11076
40140
37847
42194
5925
19022
59894
18927
63831
8549
32636
56339
44776
37934
5598
59843
1080
37113
34545
35032
36451
41520
2146
30824
16330
59549
23543
17971
35368
48054
54623
35617
32200
40014
20126
13572
45099
33029
56056
44945
8386
61572
9561
7256
51259
37341
14961
23198
8175
36241
12466
26105
16783
41856
17428
37188
4225
7411
50675
61860
46973
38721
5279
58726
56220
11742
19847
24709
34909
34348
49433
53593
54625
45140
54143
65260
16731
7759
64324
28222
33621
40109
55374
52680
15142
24522
39990
37731
27310
61041
51780
72
10507
39582
55008
42973
48898
24286
38885
6581
58664
64837
51173
6678
12864
56900
34949
42395
47688
23331
55586
24534
28735
47022
44566
21384
32956
59333
6421
52672
64905
10644
63243
40846
34057
33323
45536
10127
39192
46153
18969
64156
22461
37665
44914
50938
20654
61886
33398
53692
20108
28635
43027
61872
27919
4804
14682
12230
57962
35927
56644
42666
62988
9954
62021
22291
15955
10941
54445
11912
3741
9679
47588
35870
55318
12504
24396
52903
13542
61929
19677
41591
47183
57341
44154
29897
5576
48021
7820
16202
56992
13290
10649
59098
274
44889
63985
6205
41259
30856
59504
59758
8016
64410
3831
60088
26287
10613
31461
23597
35251
29836
35865
56519
61038
11959
11397
58584
1415
42037
6977
50874
26693
19187
60033
10712
43164
45406
27704
36198
8611
5198
36762
59621
43993
10746
55864
31349
29993
15993
53203
14719
26740
13600
42261
41973
47097
33339
53506
13150
47232
34372
18540
14855
64605
13697
58998
41215
2724
420
41867
47001
63084
49914
58973
50347
61556
30633
4717
25373
24155
37734
65080
17874
22045
64016
1136
5684
10272
42943
11287
16947
31176
3118
64081
18513
54662
11796
20292
13390
62048
12531
42419
55593
54302
674
43847
58862
21659
25937
51642
36981
8696
17581
1996
23995
13602
33444
51461
18156
1557
61738
42193
10063
26376
24917
47436
20195
25242
25955
53578
49927
34732
50712
4641
13341
12624
33554
27585
21292
6856
18730
57669
49956
27523
54967
23779
35184
52698
48578
60945
35098
3424
44817
4910
46015
51053
39621
15890
47631
49511
28188
51729
59327
66
57377
1831
854
19742
12785
14427
44270
59671
44931
24836
1638
64894
23554
47099
52471
30171
30931
56576
20152
21532
13824
49036
42309
54828
16644
51339
5910
6154
50756
40758
44586
3390
2691
27411
64886
63237
11852
10965
35716
31356
19736
54727
32858
35571
52512
45905
44503
48033
28192
28295
22210
21361
17910
41597
61908
18539
21842
29757
12830
62080
19885
36256
42012
14414
32750
31671
19605
11042
62973
54249
55220
1372
53182
46584
61902
34130
65029
40626
55706
26946
22053
32426
59468
45657
9350
63360
41250
50945
39394
54789
5177
27249
24573
54329
49536
37883
997
39288
6057
5978
10370
410
35761
34982
40585
52624
41607
30865
41301
58037
28547
51829
50836
21434
37632
10019
22873
35730
16917
19820
50207
12370
55627
32413
38227
63069
54118
3103
11775
19402
62699
59384
60054
18960
40451
21624
24473
33150
29147
40549
31529
10566
43783
49280
32043
568
51041
54854
16810
29072
3891
13884
49228
38230
52134
19102
38853
26765
50983
16526
38162
6890
34739
41018
18895
20614
23163
41660
19127
54465
57826
56566
32948
29046
53367
41351
49462
40813
60263
4341
52503
49706
27263
52369
2718
64793
12216
54964
58580
25364
27408
20849
28464
50345
36368
39427
6416
42793
42052
15563
21566
45259
20857
64807
33759
46696
11528
49165
24193
63867
42328
29535
53309
39104
48596
34567
60560
17918
19888
16816
18002
26046
53983
32198
39671
56257
59976
16159
52113
49303
22195
52789
58520
29212
55360
34354
9875
57140
28596
11797
50662
53973
60220
61292
47210
24301
22542
48776
13072
55062
55523
55229
12026
48771
35432
35733
18999
53583
62186
47815
15453
33924
22218
8859
54802
12813
9020
56739
62245
6827
8973
11382
31154
32817
37581
16092
49360
39191
28933
51719
10826
31597
23532
26339
62380
3235
37717
6600
18091
64882
20321
23739
55104
46958
53822
18477
39296
15908
48584
7685
64467
40585
35424
42834
1375
1461
6076
51519
64101
49408
22488
45473
16364
63389
16119
44660
23042
55433
30081
52967
4542
53845
33732
22377
11142
35415
15878
65492
49177
12359
6
53687
37893
28275
62863
26017
30923
34129
10836
37975
12449
29793
65070
46423
58529
20669
50129
9808
38165
1854
54243
19678
37916
36919
50651
1636
31083
62717
29311
34248
36551
716
33689
17089
32200
26668
29091
34924
51268
9200
47832
34312
33338
29164
23569
16957
16859
4315
60517
14548
41908
27000
2584
39173
17629
19507
42452
22931
30925
35522
60221
60428
61074
7157
44384
8169
61032
45418
55488
18610
62860
57904
62955
36537
9336
57631
2114
12430
1191
9900
58327
31316
17180
6812
17427
23086
63765
44491
44304
23018
39560
53195
40133
58078
57249
37863
18491
19867
3370
12718
55635
17111
33012
28061
12334
27538
28800
28070
20408
12416
1948
15630
44001
27921
17100
38001
4421
749
49607
44191
47080
40203
17212
34422
61696
6770
26471
44052
3634
53532
16073
44917
31368
813
13201
39651
35735
58558
57926
13401
28089
19231
23363
49487
28495
31973
26155
5495
34394
34523
45173
59657
28756
8418
3906
54571
57578
37760
19172
50698
42319
58757
5487
60823
8519
2440
30002
53121
26085
24633
22870
61912
50320
44257
24288
32622
18663
10336
62390
20664
6968
53330
61759
65109
6452
2335
2411
4425
31128
38356
30576
28214
39873
1339
51154
14055
23750
1525
17125
8463
4373
22272
17525
28916
56729
22424
19521
34319
45495
18872
1061
2626
52829
5351
37438
43090
54283
20674
53128
41405
44076
16711
5441
41389
64671
41541
2730
6951
7545
59799
40928
9497
20927
20707
63592
39008
1979
35807
46187
17803
49473
35166
46169
22310
50635
3041
21449
14544
53453
19626
57051
28984
58777
39384
14353
29145
6855
26943
55518
48649
54757
7632
5882
37560
4017
64012
20208
59613
56283
59252
39963
19832
44417
59320
34287
18293
37562
35662
33946
27224
11508
26077
34840
13593
23499
6930
43769
25583
55779
9334
53525
44136
57213
40188
49038
57800
23890
7362
53142
32135
58247
64052
38915
23638
57494
34581
17378
26533
11442
24831
27420
52809
39455
33832
41193
54679
45647
16113
24574
12820
47284
32046
25337
39709
25607
9123
23985
4131
23514
28680
16714
15639
58397
17635
47694
52982
57133
43962
53158
41499
7991
50337
65059
36122
23276
46757
60421
57780
145
11683
25459
21062
2106
14688
53327
230
30927
48593
4026
57230
12747
51358
41990
50967
50729
3143
19893
14748
54789
40534
50505
27089
35331
51917
14443
39295
17437
26201
32339
17123
12131
62426
22322
31553
9809
11958
25058
54695
13499
59123
48905
54703
46246
0
48111
15556
47944
50924
7011
33313
20278
40536
22426
51974
7790
61657
18298
2748
65010
53374
5846
32202
22690
6847
55289
57539
28725
33833
53544
6579
31928
53762
21596
43972
5425
43327
25379
31320
28665
63014
65107
53350
22226
20907
44011
49050
31820
23909
32398
2607
19362
17801
25309
25898
65073
4489
25613
47076
42840
50662
45668
9389
41286
3359
54862
53588
45254
65394
5222
9903
54278
51368
59656
22108
61189
16151
52744
47590
65179
55484
48752
17945
4108
1598
1831
33558
5886
39634
61664
44646
39424
7396
40306
52229
17831
27039
52327
59860
5278
27024
48811
46791
55448
57790
44765
33849
32615
45752
40388
2073
62546
46522
56797
32769
41929
21352
45644
25137
45620
44600
28543
34431
17947
40595
19334
57783
43317
13846
9442
32655
44844
42564
53746
59197
51163
22104
21219
60900
24197
60934
26886
17394
37609
45980
55936
37491
46430
28940
34244
62443
39976
3451
22590
20000
31710
25503
28596
52464
58870
8579
46111
38344
37965
58900
4936
24935
37700
38883
58085
59842
5445
32429
58535
14781
22026
23562
14694
54721
20252
32554
58634
14686
45811
36727
23434
6127
25224
13385
20053
6917
15930
55022
19616
57526
61326
60107
47671
41589
27386
58246
21397
24379
38104
50952
47928
26866
19030
53143
28537
7266
10890
57165
39193
27966
16932
53415
40464
7943
17444
15446
14550
56240
10480
9233
63772
24737
28832
7221
17053
34729
61855
2948
60039
31251
56105
55330
59874
55792
46382
13090
30263
38659
52543
1609
1237
4973
54579
30746
9974
49668
18028
46398
64283
10121
16584
11391
4088
26422
14885
1226
44834
6875
60660
64807
36833
46078
64381
28155
531
32599
59907
32810
26391
49032
50467
33962
24962
20324
47582
8870
44958
7162
27449
13130
24191
39208
24473
21349
31464
59107
21799
27963
60177
15736
38946
42723
26618
29958
1024
52631
21270
57366
62865
31779
37085
18221
11783
25289
63225
64977
58991
16266
27968
7165
53069
49156
35681
60331
53868
9243
33584
50736
50858
11241
12024
51226
50619
18473
32567
13122
45878
27105
11244
44936
35852
12285
65395
54583
55421
21681
35834
2892
42907
10961
24077
47700
37166
44456
38468
15158
31731
40251
37503
34420
14025
28124
21659
61635
35894
34606
37281
56554
32196
32552
13955
14439
61370
1052
41734
61168
33383
32963
33076
59711
53096
52958
8189
41616
53705
28106
34470
56625
2157
38408
42395
3170
26400
57336
5765
17882
31022
10083
26522
2919
52623
23970
30923
18911
24427
3016
5387
16234
49878
22807
15360
29154
14839
19188
43562
23544
58704
404
38680
36548
63938
50116
42323
27741
10144
48148
35247
11568
44101
33871
32833
58707
43063
49740
58406
40516
31693
64180
6524
22677
62096
7393
24769
57173
9919
28560
17579
49236
36037
32179
54234
64390
58621
12315
7727
10499
24236
20636
31103
51719
9878
38426
14935
32529
43310
59025
41094
4169
17513
34992
51685
56428
19028
65256
17835
46106
6616
26395
33404
6057
56999
30297
44415
29868
16978
48842
36397
55008
15086
19116
56765
63753
40833
43648
40306
44726
4989
19196
15932
52072
12990
34427
3964
10940
8874
49407
13349
21067
30310
43690
56327
44583
31529
8788
26493
22132
45815
27614
495
1252
47530
57742
37308
61974
3190
15726
31936
44110
44953
44707
28168
23050
63407
10340
2658
18529
12430
43733
63281
1463
22118
2096
50348
38329
49902
59605
42911
39289
48005
19617
45575
31270
49770
9193
63933
12677
35583
29561
6913
42029
59799
61225
1882
63775
24233
48225
24433
36555
42858
39952
52863
14306
47776
41147
36846
51160
63683
15986
7606
64053
46672
49983
28558
5816
38036
54676
11060
64526
15943
61320
57682
7974
40480
30527
31940
62446
3000
26300
4442
54951
32729
54187
44594
44920
13201
12137
26353
63640
32727
27085
38382
2284
13534
482
60057
4789
55670
52802
36553
43691
43384
49589
48410
1467
49699
39980
22750
61077
35067
38872
26779
10685
18728
64032
13972
45440
29538
50235
59119
32501
11602
32963
4635
12753
33795
29170
3412
7541
36996
20862
56882
14040
38887
53025
11174
14716
29396
5727
20527
34635
40914
38240
7910
46397
5121
33642
12957
29390
20826
46833
32396
1831
59565
17241
31518
10281
36150
57689
7579
17794
15061
27140
3972
45878
4144
51384
55761
45634
31426
17477
34450
60364
15866
26595
20619
2478
22972
27294
48914
21102
8829
29450
22772
33945
57356
63360
35106
46592
44942
12191
26457
46878
21436
37258
22293
15467
18909
16212
50382
64364
20238
55392
64917
2206
16095
39035
32642
42588
42947
31172
29727
17400
37708
16909
37837
51140
15106
46346
23221
55314
40390
57049
161
62184
30141
38449
43585
48376
48045
21348
64301
59734
40295
44465
39680
28570
13289
11510
21582
33244
20921
57475
50199
65370
26107
63501
34674
28212
50862
12145
14628
3529
15294
21631
25451
56933
13134
28809
51302
38574
62007
34481
3470
36915
31761
19598
1589
28410
14635
8377
40198
6617
57522
38390
61650
2383
29519
15634
40096
65231
3145
38079
360
35678
40110
11137
47438
9699
19278
24702
56822
8777
13003
61096
54817
18515
26439
5202
1004
62894
13693
46286
28810
29883
5841
26403
61782
57646
38963
50311
25731
10334
50504
18671
18738
38534
33507
34769
14639
48104
42829
37384
40758
3783
16628
30035
64942
6386
55560
4027
19181
15787
49123
35064
56077
4520
13285
53159
21058
7375
13298
4958
19979
22287
32658
56067
1714
36461
14369
5066
46026
12554
2004
58348
54829
4465
16647
53721
33450
39417
24219
40614
38186
6350
27022
61017
30430
10436
23589
7039
17637
37697
14137
15546
26943
31203
26115
42397
38053
43123
62677
28858
14980
63579
62763
6966
28009
6326
58394
47493
29852
11183
59158
34646
25236
8015
58572
48848
24282
46113
16410
52179
47238
64743
57128
27399
36888
33735
54128
33860
13054
5959
41664
20396
28166
55958
56698
5293
65497
11000
58009
53544
34757
57630
3795
1540
33009
18125
4104
6582
61536
13890
28217
33327
18465
31622
54475
25481
14932
27135
54132
8871
39939
9387
42799
33867
50438
16183
56563
28566
35465
51038
18352
43339
57638
3562
45340
7241
60538
21
37526
26923
55751
39135
64966
23638
9164
42492
45630
18792
59875
53460
46250
40532
31865
51821
65168
56512
17290
6430
36142
16843
29396
43455
60972
22285
23335
46095
52177
27418
16560
18397
33533
13611
12816
61864
17453
43947
52935
64941
59853
49398
18000
35512
24997
59116
31335
38359
61828
6808
55276
14574
30003
7345
19789
55562
44844
57367
31886
626
52040
12560
52172
3344
48181
30134
35985
49807
16936
36714
24617
2356
52945
14854
20305
46107
620
35820
33163
21346
37147
27913
42886
45073
17148
3811
32674
30025
40557
31679
37107
46299
5713
26966
16897
29627
2938
60117
35575
28067
50979
39628
33101
26765
58605
65103
17133
11195
25398
20395
57857
8827
39682
16517
12304
8468
55400
14313
8613
65276
40253
33408
11918
49810
2022
622
1563
22119
51181
42298
10172
23104
57371
3247
52573
56444
41326
46430
54705
8080
26291
27305
63908
20629
2578
3342
16672
64790
24256
3071
14759
26419
29214
16603
55657
522
8822
39939
15722
59816
27992
59440
15468
49360
34333
5918
60590
18886
64425
20986
41740
27640
4583
22774
42250
45875
26231
11712
44118
47158
21561
3458
10572
12800
49159
52531
20475
7369
55770
58324
42561
37654
6054
30893
61497
48481
5881
3089
56604
58752
14777
26108
11024
42817
36436
46621
52714
29737
57387
32744
18545
14422
64816
12267
51185
22447
62751
5150
41759
39551
26987
31405
45319
46757
37086
37047
18211
275
15528
23966
1378
5539
36421
51726
44442
30658
53964
36358
19390
6139
58196
34720
31743
4445
17531
51975
32838
18099
35709
30681
46542
150
65298
43084
14323
63009
49508
44057
36685
47306
56951
26767
10288
37662
46445
45700
16927
10619
39088
32329
30988
40146
40709
55172
26778
18695
46950
51114
8273
27336
63884
21963
22428
24656
11713
31462
27254
38832
3487
60047
24463
39018
28730
61475
27248
20305
23871
27264
27945
25995
4763
9605
7731
54248
5019
53500
41102
40060
33539
1179
2574
46994
35777
19003
43347
38029
27546
59148
20731
7611
12045
21978
40424
51481
53574
6764
27089
31302
61307
36857
39510
36816
55910
63715
44071
11024
4131
30208
28599
33319
16610
10758
34297
25788
25986
741
44493
44693
11703
29421
2106
1179
55553
60844
65098
51634
26127
34333
21181
3083
44691
24171
24970
39182
48335
53059
4463
38738
45016
17688
10653
20959
26690
50870
19984
11151
58825
17360
32903
52674
11123
13695
13374
10557
59232
38229
2916
59467
29605
38857
31160
26419
23101
33631
22279
29382
22985
29804
65191
33517
45206
34278
11495
33075
59328
59571
23913
60438
30961
468
4404
24911
14458
11889
53515
2214
40624
11865
32303
6104
43652
14712
50891
44880
65449
43838
49186
30795
30609
48541
23107
49682
25065
37781
61676
65179
65512
23979
39154
39710
36785
12028
46812
64580
62698
6902
29063
57003
28391
48850
62341
10544
33377
33823
39661
62030
65361
10961
37035
55575
11766
64163
27829
48348
50621
53939
37952
5152
44999
43667
3079
61658
19354
5116
32073
13016
12351
58450
20075
12620
6901
63817
19540
59379
12802
47663
6273
37648
43739
18404
40783
51420
45983
14817
20308
51944
9508
54322
441
31810
64150
55999
19874
17050
2467
64859
42919
54307
41888
22489
37487
34668
46909
13255
5939
22555
58158
20154
61805
54596
42611
3386
11189
37081
54824
14232
24514
12760
26201
23438
63247
12413
34730
2466
30206
10536
42549
5649
7112
59810
40150
44954
20665
59974
44276
57110
56358
54317
60128
4180
13216
46671
35890
24850
15096
56730
26859
37174
35902
3212
63496
14976
61136
7921
50523
24195
19181
31274
27295
63414
26429
10251
49397
13784
40776
40700
54092
1991
22138
26617
1766
33258
16660
39589
42970
37162
30998
63517
32054
17993
15059
16160
27954
26124
20789
25214
388
37809
9483
37924
51684
37730
12200
17206
42260
21106
19590
33617
55846
28992
34854
39601
20615
8390
18082
57563
52288
46846
57982
60174
64228
20290
21076
7750
26534
26116
22929
57392
27217
11209
45417
48007
56797
6069
22311
43351
46289
25713
65445
45390
908
2093
16749
40000
2206
53206
64251
3872
23209
55063
53682
26199
52454
40248
51422
14423
52211
8282
34980
64929
12010
8768
52721
25792
4453
33757
36285
64081
16061
10755
46642
37028
5498
28474
62966
28479
49846
55971
61977
63466
30014
4143
26608
60678
41585
6950
62778
10542
22768
39186
33780
65197
26492
36110
57219
50170
40692
29450
65150
55973
47586
20449
26854
40603
12596
31394
23186
22973
5140
22651
347
37834
44725
64718
8071
33537
57678
59753
7398
10557
36322
64406
40154
609
46593
34892
15716
20650
1954
15978
17438
46010
42837
13954
40548
65114
2702
34756
36908
46400
44186
64976
11896
40688
12496
23083
53107
37030
60408
27581
43649
31420
38475
62387
28318
6048
13144
26223
47001
1384
23345
5782
35169
3092
58005
49173
28122
61842
19528
25496
24435
56226
19347
35639
16941
47630
33505
5221
38349
22689
57516
21503
33343
22982
49231
58412
65033
12387
18309
47636
1291
22501
1769
48817
48105
49861
30397
52519
11192
915
50506
17797
64131
53147
47280
7235
23282
27296
22453
36589
42339
44718
11477
9786
1859
14361
52775
601
59200
28992
11232
38255
53454
31396
4708
20758
22394
6266
14694
8568
45338
22492
29561
3291
48337
47404
44393
53606
32434
46438
19481
6337
51638
22110
43445
6687
5318
7646
19457
32750
1277
40012
28852
57161
17930
23500
19947
54677
9006
34220
52088
21497
59115
63343
38020
20794
15868
20441
59201
43068
2182
43607
14245
49086
16250
54535
15286
23625
4862
45075
37669
148
35450
37745
10704
25319
32399
9166
28867
19700
64345
30408
34214
24408
6185
4098
8978
35954
35612
59572
50788
16012
48023
48054
41447
27666
42156
33618
58535
40881
11840
52105
2443
15640
53733
22617
25676
16722
54483
24385
17996
21132
6951
23448
26900
11862
58943
45585
56300
54087
13822
54825
62156
30990
5151
45022
34320
65134
34539
42535
6438
35030
17079
32467
15987
57504
60990
57094
704
14398
2518
11004
51071
11203
59044
4145
39932
52928
11491
54489
6866
54587
65006
14864
48763
23630
40451
4747
15011
21918
41304
56171
60023
54386
19437
18024
15922
23915
26769
23282
57511
40896
48802
2930
24833
22472
2870
30540
35807
6616
58864
55807
42745
62608
6531
46091
38822
8521
62773
21372
8393
23447
52029
50897
52401
50365
14407
37938
3649
7058
11015
25925
46552
50528
43161
29887
19002
64527
14180
25046
64433
4055
60080
32974
15364
62976
24223
58105
60091
35682
41645
34029
24934
8990
50738
49215
339
1489
52980
27626
54622
59848
41851
56388
23506
62323
36683
898
56303
22350
35072
6938
60180
4399
29150
55297
33888
61728
52489
43499
23896
49112
21487
57439
276
39267
23464
33470
45929
11454
27792
25235
59429
20254
29970
40273
2308
58583
61917
27440
51822
31274
21817
35210
59091
48240
30720
42249
57845
17338
61157
11939
25831
37304
48278
2282
10961
30812
58374
62192
15658
34259
40224
36564
13391
20464
5378
10729
56873
4696
54255
63750
42161
58738
51774
23990
38786
8293
64570
21313
16855
6999
24198
52075
13617
9000
21564
4625
822
31300
16998
4416
21296
22043
8510
19668
19638
58757
32789
979
23088
47200
65388
25905
55041
24376
23350
47411
7429
4939
45442
58599
52394
34982
57797
28935
62571
2931
50245
54013
4939
23084
8122
6579
36440
20013
1253
63226
34666
52525
56745
13691
54149
52364
14176
33086
42559
20118
5962
32252
56423
62643
19000
41819
64464
35224
56467
59835
46214
1291
5857
47475
42620
15877
62840
6332
39675
38358
53621
23132
53756
28164
33120
35969
50763
11309
22859
51211
37400
18501
17579
55930
23642
54037
8493
58438
18122
27561
38538
52680
30354
59807
43697
48787
50209
3839
38597
4135
40508
11903
15394
1244
3416
6415
4860
65504
31558
46840
30800
52024
13916
55702
21644
43668
54195
10045
19237
17903
36388
8159
16987
7956
17613
57409
30978
20110
5056
54370
5946
23706
10572
43674
2227
13958
44406
38520
6132
44254
8948
10809
35141
9546
10394
6369
61034
42084
34024
29786
53311
27285
15655
42249
50357
11121
15684
9241
16718
858
7486
445
27070
46747
59229
35079
9737
55637
41803
8228
3729
57235
24324
27719
54354
57052
33894
14104
23470
32114
18199
34908
1981
516
21656
5186
16373
61773
58232
41265
63349
7281
65114
26568
53610
28667
60249
2603
20598
5154
22268
53437
54694
34602
11427
35693
58396
59404
51132
25262
28131
8887
14052
27177
22170
33388
33610
27881
8833
5390
2169
46207
40666
12491
12636
62662
37345
42649
21669
7902
4610
26047
54382
23040
15930
34362
17203
3984
36096
56656
29969
41751
54038
55165
59825
16790
62008
12345
63489
45655
35595
55460
62184
23635
39656
65216
13707
52562
14360
59030
16789
55363
52308
17473
5358
32204
32765
53782
38508
1668
324
63638
30288
4479
18021
44000
32190
18321
48454
43838
17068
6077
6305
25543
11401
37588
33802
48154
14466
34359
40225
47112
56227
29081
12106
11449
53425
4335
7853
22266
27359
22941
26703
569
8541
56986
33401
26025
63871
30199
47717
17354
26550
8584
360
30807
61423
19340
32821
57991
19097
7708
59
4363
31992
56754
63556
28197
41574
54862
8823
36712
20731
44086
28087
26233
40883
35902
9561
18235
49708
57618
19488
59328
22988
30224
17677
19518
24465
59691
28949
60420
57020
14789
6979
14580
39511
65387
48409
9767
51530
43727
10719
38360
56272
20539
34310
20995
43197
45905
23875
41574
55042
31744
40095
64982
61631
34739
65008
7511
10882
17136
20701
49247
16685
47280
19432
8416
58587
9494
37984
15191
50860
60009
2757
50332
1309
22135
35066
18125
11106
30003
60818
4700
32974
17122
53241
32626
10902
13288
14767
53822
39126
46196
49876
31846
63872
61256
32694
10101
42843
6377
20998
33087
39308
64303
55979
8642
27881
63625
21472
37442
65368
16007
40645
4756
22260
30093
60281
4765
52092
30185
49262
64415
8373
29214
22873
19546
60506
61000
34514
42205
352
14576
14602
40220
58042
7646
51822
27073
51755
22534
11405
62970
19717
37552
41507
26083
62222
5664
40953
17613
3258
46422
47602
60972
7383
62099
8561
23386
13565
60030
52632
50703
64140
55188
49475
63030
41383
7070
32236
44974
65243
42022
52009
39945
1685
51253
32449
13315
61384
36364
51670
20806
29457
28688
4971
61796
51950
6486
40099
4260
48076
19892
9681
57885
15058
26427
63518
59121
46139
45632
22034
28458
24907
14656
58883
19498
16191
56700
8706
42807
8379
6570
37871
3349
41691
13726
8584
6928
18093
41938
11012
46856
34487
33502
56290
61511
54196
5777
34199
33131
22704
4554
43601
47769
13223
12370
12137
53110
6578
49248
26078
44619
1800
40976
22939
21629
25864
60915
11802
55028
21479
51316
54010
27597
11977
5873
27526
26816
51323
55595
528
2561
49572
55979
32407
23775
12428
21164
4150
20603
42038
681
39786
46918
15847
61564
37963
53963
29231
51468
4454
8492
54269
61439
57533
26324
60669
22792
37425
58897
62485
55520
29043
23690
58177
28589
41680
15694
30753
62014
25466
16040
28422
16990
43892
43333
25507
33520
2824
44378
59571
31087
28282
8248
3338
48028
36456
20237
31794
61824
51670
26900
54867
42422
4693
25755
62293
12167
57232
2780
54476
257
21050
54887
38534
41877
15987
6866
59000
34852
43210
34130
37315
27863
61659
31820
12710
54936
12066
49343
31793
101
50456
27114
6501
19847
31921
63264
13693
14696
22714
35029
22619
25048
21045
46965
53166
29974
49902
52795
37045
43611
20001
1570
63695
38332
63048
44697
50157
47443
51920
7639
6437
29092
59429
37458
19143
5038
1160
21879
24085
21025
17860
34573
57257
36473
1560
60808
44547
30756
36439
10363
45766
56542
60190
57876
20033
13064
4224
16100
27353
44121
62332
9730
34540
37685
21349
8759
36620
17117
55450
33227
44191
54689
55636
48694
20417
61882
28537
29063
14454
61404
50885
27135
486
26380
63938
11720
6825
19741
56108
2679
16425
28425
61838
26890
19147
41147
43836
17354
13821
4497
63743
63409
51183
54991
30277
37381
45029
42644
41425
41222
12811
36321
8798
59649
39977
15
27036
47871
33196
7706
32084
38761
55726
44780
7521
64573
34430
54590
11572
29567
31622
53729
45989
39218
32652
53727
10329
41872
20626
16590
57854
16155
624
53803
17345
17767
6427
8045
10784
28912
40842
6675
2674
401
62393
41461
52297
10729
33157
46784
35001
457
28595
18067
53137
48193
879
3755
15533
32978
27584
49168
54043
11321
49946
3441
55431
42074
334
59721
15086
26181
54311
56304
2215
62343
32482
32785
26612
29712
42173
55241
31582
34241
54434
24275
18652
30647
2272
4583
30159
35962
18048
29052
62565
34415
56338
35182
11471
49867
36490
57676
13743
38366
5898
4708
22935
8470
36047
29051
26958
11858
37329
61865
52288
54728
18847
32871
53517
57866
38381
30430
45416
35551
1063
47978
37706
42506
56124
63793
39444
7608
8680
59223
35021
35190
5059
26840
17853
41927
27276
36117
28273
9356
47490
53438
36952
23335
22833
32427
38692
12335
2958
15509
46279
53624
8317
19840
61589
47803
42490
51289
35850
7608
50410
59893
370
60334
42347
22139
21392
30385
64214
55721
51623
64379
35227
48100
17955
749
8345
7251
55752
63027
47849
39595
18591
23073
39642
39862
22183
10189
29328
21814
57084
46312
15876
28443
55056
60915
37541
42901
42403
22891
36848
47697
49656
45259
15041
44196
48451
24929
54531
27740
11971
52128
14328
23801
3673
17836
51381
54083
5694
45745
18479
16903
52593
36429
50489
25406
46338
38564
49503
47742
17536
15288
31831
262
35587
33736
43327
48027
48694
35479
6213
18132
63934
23281
8998
11314
40091
38920
46743
12307
37287
11671
23399
63377
39511
335
30059
19587
43971
17960
54866
60497
13837
63938
3223
4563
33997
20647
36135
49468
5723
40627
6110
14748
14386
35127
14209
51314
26993
18284
31460
16979
37350
15992
2251
62010
31376
43087
61361
61751
4506
59593
17559
61726
10174
32562
57229
27621
10689
52944
64437
62266
3719
23248
46837
45909
42118
20914
53972
39554
47702
46353
7417
32516
4200
33344
39193
36096
21440
50860
18551
54662
25180
16778
65223
21161
61892
54567
29000
19652
50118
58022
34947
39805
8755
25188
38915
36779
35963
63584
64670
15063
9427
9683
36931
11582
56840
53373
22683
36362
9793
5243
65115
26433
3836
52619
42822
25154
60280
50668
40394
61870
48060
57072
9098
46905
40332
12953
41498
23515
17246
53376
46058
23147
17874
45478
42297
7030
64281
63892
15843
50114
14304
27258
29011
23272
59231
52236
58725
47471
63746
51932
17139
62176
55276
15899
43148
35505
14485
34155
51153
31300
28727
36651
9062
45285
46806
23850
38649
30922
62963
26166
27912
18660
43214
37338
6669
38796
54498
38892
37380
34525
34683
57398
31718
5523
33216
16492
19211
33930
40054
5862
55179
45102
28758
8812
40591
30102
9047
51955
34419
59975
25315
6265
64449
62477
55635
44381
60705
53792
1753
14061
2460
7583
19053
42673
30121
58195
62256
14555
42667
48975
59714
4307
50109
7298
52945
33059
17785
56157
64776
29236
17851
29290
923
28869
15999
1754
18866
65314
2447
50652
23699
21773
5519
54943
61326
27883
30359
65345
8341
34472
16621
48933
37044
43937
46984
62391
57959
37282
52793
34648
35247
6988
58947
25015
60556
41445
24783
49573
65020
12400
56252
51687
27375
43761
36183
35965
24304
776
64442
36513
64751
49014
50709
64743
32516
41880
28807
52803
53649
7899
36824
9095
44245
44093
34781
2207
19583
64149
34533
59763
44994
9396
17989
32391
40489
26613
879
8061
64971
17965
53719
19509
34442
4880
38240
19394
42808
27838
52447
22547
62732
26317
49445
7470
63828
56002
60154
54826
5642
18442
5514
54396
4555
7446
48277
51376
63999
43283
51346
60150
52485
20411
61011
28846
49187
51348
54467
47726
2788
62151
28229
27230
40721
29798
32946
19885
55556
55410
11983
27145
5536
51685
639
50492
52043
25866
13640
36323
9866
57863
18472
30978
54734
27127
60490
53765
53773
48204
13151
20339
57897
49710
23976
57589
18323
19731
17341
5191
8665
57489
20861
46642
57127
21852
8288
3677
16318
15754
12344
47439
51104
16944
57608
30991
27975
41980
34843
58135
61161
47743
58407
4400
25590
43369
4784
32274
40872
59205
656
44166
28457
48386
27572
2989
60437
47690
60374
31588
11921
35481
27489
38890
48805
2734
41079
37820
42276
39132
37350
27023
53994
61744
1881
25476
12261
1308
61349
62427
9715
4333
51851
16262
27870
38140
39104
63992
21236
37404
39704
31153
24524
38063
18418
11476
65221
5289
9641
45873
39312
45623
43856
8292
32919
49612
52133
61424
8932
41040
33157
9802
12887
25533
4015
6929
26120
24465
29606
44312
31710
3014
54973
8327
39127
55285
44402
37698
35731
29710
31880
37457
50900
50398
928
51809
61894
18552
27158
51705
34915
33496
36673
7935
48575
58148
43674
41706
61371
25012
51782
4821
16411
50516
7499
7159
57485
4375
20714
61541
39047
52767
60921
28518
62848
1516
62927
39970
27237
52808
60576
11949
13903
17073
9282
27202
3594
61615
26332
60548
9870
39012
16322
14048
29334
36016
27233
26126
28872
41060
62375
3395
34964
49073
2547
25035
10353
40853
40902
9508
6177
8217
6211
14852
48779
58191
64201
19519
23892
16568
42418
35781
62679
43538
57509
61578
44310
35929
11828
54021
15008
17062
52400
45443
20929
20108
22436
53669
29336
23062
33743
10025
40859
15161
34020
13748
21611
15280
33743
64251
41078
45535
48821
20794
27673
58564
8377
46426
35919
63288
18566
55235
18485
13057
28869
52039
26857
62899
23716
16327
3825
54393
42558
57842
23149
22638
17058
17566
48855
53435
29340
5172
18331
10342
3532
7108
57081
28389
42819
47719
1226
1515
25692
22404
54653
50650
31628
34581
29049
31440
56178
5238
19025
30519
37902
65088
15396
37120
11663
32268
33691
47307
43989
26081
34601
5499
40212
43978
37067
11478
36206
3805
93
13308
2702
5464
52108
37513
39650
53455
24858
47964
24733
20864
47150
4767
51387
40983
19222
15894
14165
24956
27827
13081
47911
58963
4479
25526
10507
53304
23688
54815
53030
65428
8073
56975
17489
64978
35080
51781
43982
64222
61208
11792
64919
8086
36531
30752
20410
35371
43517
61565
9178
60857
18198
2904
28436
6205
37078
38627
9375
53300
52603
13892
38121
41602
50949
19386
24700
28426
22277
32542
43447
46581
27001
46054
23593
11809
40495
3412
27048
33945
12425
29322
2308
58123
11810
11168
1767
36529
21185
55841
25023
32532
47651
24439
54939
44659
36170
27699
14239
7397
46836
20042
50032
46426
5189
40251
54702
37005
8599
22080
25192
10828
44137
63164
12441
3130
5600
23562
10289
24020
53946
7004
25632
18201
57798
49873
13525
13338
35511
18300
49700
31892
29631
26633
32394
49130
4754
58597
17334
56127
42612
25
8297
59610
57218
33046
6216
8018
34122
17016
31291
900
58654
11191
42837
55455
34335
12910
53223
5720
27679
4051
32722
25698
28919
48921
14811
61030
47364
55330
5108
43884
45397
58357
34670
3896
37785
62765
38931
15069
7416
34906
61349
51533
65027
63983
45544
64830
55959
4395
2771
33375
16629
28820
42707
17716
34158
56221
139
26540
22991
8254
19500
9716
63157
60469
10070
16704
48270
17161
45289
17592
9337
53604
22106
52188
39286
40465
48430
24693
16714
34294
25465
7767
1975
9620
45995
1721
8395
42519
62586
30650
56867
61981
18171
29028
62896
8215
28850
63365
14479
45638
43459
37631
10777
42798
40620
64670
60493
49363
17428
38495
23841
59345
64462
17432
16168
26651
24308
54926
9436
6481
20462
60260
301
27512
15589
62391
48156
31417
25303
30597
42257
10162
3802
4546
6057
2875
29288
18563
37905
57086
16876
23526
38935
50433
48668
63364
16621
45062
36757
47346
56348
55782
61641
47408
42942
38124
33852
61164
32690
7552
14254
20176
6135
18
41523
11066
47839
50220
55730
12558
46750
20945
15226
7237
53128
23894
34247
21221
35366
3516
17453
53991
40273
13980
16078
25936
64426
39623
51606
57445
37503
3999
10477
42645
55011
7440
10426
38759
12919
2363
25368
10309
45486
5523
27145
14118
45886
40037
28877
29854
15131
10317
45911
11015
38193
1506
23231
21300
28694
13416
16467
6324
47966
63256
27366
27314
23743
26776
23069
8414
27004
7164
40945
38155
64335
26847
3188
59441
18905
21930
35343
18644
30658
58186
23217
47395
24190
7387
30989
8981
23936
19782
12822
10880
25910
18099
56404
22705
16264
60325
58092
17291
28075
49663
65405
43604
10263
1572
38955
11754
37225
44855
31618
49135
40563
24723
5797
10016
20033
13161
45655
23021
49288
33676
61100
61915
42375
55170
9050
55449
9863
49930
15214
17740
23665
52575
24865
22106
57191
39010
65135
24011
22623
53410
59091
27296
35062
40858
48320
54561
61203
4524
51038
39107
65143
62489
17408
60034
17225
48775
55139
37000
59393
58931
54177
21252
36402
51072
36276
38251
11520
43536
33083
9889
48857
2388
10330
7317
44981
47596
2520
3870
27610
17546
5641
1310
10946
27813
24392
22098
8480
61533
19695
392
53301
59527
35553
15247
16082
10553
62663
52842
46229
29112
2312
1816
19860
41554
52018
48669
17424
8481
30194
47693
43507
30746
40250
51830
45383
25778
22399
47093
22100
25111
61218
50538
63700
43962
28845
3539
63163
8417
13739
58507
39174
44100
23965
60807
40344
32005
57921
16850
39769
52302
12628
17859
9877
4296
14657
44027
53174
45680
41782
47078
43002
53454
24275
45071
19179
14721
25445
41501
59422
58672
40563
11142
24956
58926
31705
50608
40719
26798
60513
61888
14145
10258
48074
27658
16544
47415
27730
38619
49089
39396
29106
35587
41823
28787
10366
2269
952
22037
48716
43098
38808
44135
55822
46273
9386
9951
38382
9476
8659
47210
44142
55945
30988
8611
24551
34888
30954
40532
15274
10174
63661
22650
55853
2467
53498
23152
13463
20583
40029
33155
50217
4635
6722
48726
37048
40123
57224
51202
57001
52298
19140
49271
30440
38437
17054
22028
49005
54671
53007
50074
39922
15945
61256
1277
34550
49602
31982
17786
49606
45310
34300
8163
57313
14642
42634
1287
6027
1834
56960
44376
53269
20438
11740
16330
22356
30901
53599
25863
24574
15543
53387
27807
49599
16238
59807
13644
62949
55724
46382
21634
49797
3035
46512
41655
39200
159
47176
21194
7564
31433
41278
57104
20628
1104
26881
30906
14017
44497
26027
59136
31270
22541
41190
20749
57616
1678
12962
575
35818
52312
47012
49413
43094
8534
64210
2578
63197
62974
43580
33037
49065
28453
5141
50967
17251
137
53497
44816
14400
58029
33295
48249
3059
62872
29403
20753
60070
17374
200
53396
48178
45366
53644
60767
48089
13982
38077
55986
56979
19642
1945
56841
32991
34451
10959
18497
34064
61006
23468
36460
9360
19351
7285
48873
19591
5275
2092
19558
41887
51009
41394
47065
37786
17146
55127
47039
33167
31020
53736
33530
1549
45938
41046
49359
32412
58437
8718
48880
60789
34815
46551
31255
40378
31143
64910
62598
4388
18162
21265
33234
806
9933
43710
33056
21051
48503
28554
51119
60101
5133
3357
26603
13300
12508
491
47545
63387
60746
7628
5188
7935
6827
53096
16231
58046
62502
42873
50034
5213
13444
55346
3019
11585
54635
40535
38960
42413
2344
33207
16585
51682
25361
32038
49802
22286
7752
42777
35975
27764
34135
51942
60471
50912
27639
7887
60035
8136
43222
18191
52619
26261
64820
31402
17302
60235
52963
36951
14703
24872
65101
47619
44455
46035
57237
30313
42680
40511
48759
29001
62979
17016
45167
22305
45471
25111
20517
52146
56944
14846
60274
28881
21664
35437
58412
57366
33637
28993
51825
11477
24102
57081
26175
60515
6928
64340
32623
46305
8348
26646
25198
54370
4470
61423
41
45185
32759
1107
58412
48897
1466
54446
56946
16839
13141
27808
47755
21643
60078
6275
36526
15409
63501
21401
31031
34843
10184
50527
1094
9741
7528
44721
63364
17225
41658
34697
36593
51525
41730
15514
37008
58918
55772
37765
60164
63418
27589
46392
26399
57978
20603
42918
4086
2296
23650
11957
60074
46833
20324
21740
38426
31846
51153
41570
21293
21590
51947
39228
64499
58137
14963
40113
36315
4888
37184
59853
60965
28395
52204
35169
61973
52540
43547
3185
64708
50153
6649
42340
11989
50285
27957
64784
7740
43074
23258
13422
18902
23651
12402
14633
48632
52481
4684
16017
36056
49041
3755
39108
49278
59633
20285
40458
5832
13878
64760
18640
42906
25661
5690
32353
8475
18747
61776
23795
60687
61189
29136
40536
41151
15019
61086
36554
59281
2470
64554
8744
41380
7899
39498
63651
11428
60053
10278
18472
19471
43358
29188
25892
40963
58901
17766
26316
17584
20883
4498
26223
13659
58813
22319
45144
44663
33623
48279
18821
38640
32849
9399
54187
1031
21074
14710
3099
19957
57112
55350
32306
34535
4949
58698
20163
43085
58598
2619
62150
8741
42762
25064
10370
9717
35783
29664
12885
3278
15439
12894
48262
31360
43336
27189
59800
51071
43448
25872
31136
6735
14889
59152
62857
39050
2551
33203
54588
39298
10976
38507
57053
54817
38974
18574
31627
20081
38449
32342
22002
17629
1598
48884
59218
30357
15811
9312
48138
2520
28136
32704
24512
54799
37301
459
49405
60048
20308
16858
30957
47614
18049
10969
41547
6520
20688
13965
39446
30008
20836
40604
24341
15705
1390
2210
17718
36308
54230
54601
34757
50219
52632
42414
58371
39483
64212
23335
15311
43812
53542
61057
9526
3599
26405
61708
26517
46999
31549
63970
45891
53268
18933
489
11802
37607
36642
1534
28988
11703
56051
64321
6451
24888
18044
29484
44261
51798
9663
13068
50652
36046
24630
29397
26497
31567
11056
32755
45115
38509
41728
41151
45959
61366
45116
32211
23231
46933
49998
16942
44217
11870
2341
34242
34376
35528
39359
44859
22782
12569
21412
62919
54352
40846
45407
9307
64825
50818
35800
21360
19763
40151
34111
20676
21264
31261
55115
20132
51417
47047
33081
38662
56065
46794
5370
18385
39579
39292
48542
40635
22449
47133
24676
13136
32893
48187
10418
53661
21690
55382
51486
60819
53932
16005
15638
60012
36981
45240
62852
52524
51015
35363
5615
51354
1081
51780
3108
60457
9815
18712
26230
52824
55959
50494
60965
48336
64688
11675
13277
10859
56822
7478
29838
47865
20955
33604
33230
12234
587
33213
55159
35406
2883
21274
52612
3896
31603
60362
25468
62663
46375
36961
39181
46386
18257
8681
12682
44943
34440
57048
42064
53606
17252
63613
16094
12595
57616
8580
7781
53039
1192
48997
35848
19082
25793
28777
29647
62235
59877
52118
1919
51938
57239
44038
57403
29958
52233
39191
20962
21109
17623
22150
51359
59981
11286
60785
6601
4332
57599
33813
64049
26821
18043
51913
10908
13018
49621
63341
59210
64724
45018
36350
47416
47360
12258
9381
44623
5448
50205
26002
46837
22866
38630
47696
38028
39457
62802
15559
15730
36230
1342
16251
13496
54774
41024
14594
336
22831
30260
48640
30680
43506
45815
27346
52186
36524
63873
51009
39653
43608
62513
43207
3339
24130
33234
47738
65041
24800
4486
47579
3399
5755
43797
64098
26766
34195
23376
42358
1501
33677
26832
24128
61097
34930
47403
27600
16747
49274
24860
37589
5323
32084
40780
22588
56355
64404
58805
7153
44097
50112
28878
12935
13070
26987
63230
5351
51323
20535
60296
18456
64257
21736
53857
42948
51754
7573
19984
63801
45215
12742
32139
64953
3814
23588
49217
58899
44759
32661
34826
63063
17612
30629
1279
51694
20785
64363
7116
24383
54598
24469
48077
63218
40631
51056
28727
41076
12824
1351
38104
6788
52482
1518
12606
23232
38447
27219
36187
2045
17675
37868
18706
28525
65193
39890
16898
3133
50516
5609
26986
16183
38673
55185
57668
14312
65057
64993
13285
44058
19250
46337
16468
64654
56806
19225
43506
11237
31669
28690
57238
15365
50792
34749
12887
32820
61583
57008
45526
26282
10577
18348
20464
39117
32163
26681
14453
12846
23815
17430
63290
4402
6833
9751
47297
43170
49122
60649
8737
63586
47269
6820
56213
9686
36082
63609
30944
46192
18428
36290
35989
6241
23485
61066
34844
28076
21161
10163
57818
49310
37059
65006
25314
28553
65446
16325
25414
21932
3846
51922
30535
31568
127
18260
29734
43906
7549
42444
45508
55676
45912
38089
46627
18171
36268
9610
46872
50034
3508
51288
29872
42371
31270
6254
35738
5610
10806
26469
41273
58185
63642
32871
47124
30599
26561
3835
30372
17134
28460
37394
22739
3778
2058
51528
52311
59002
24902
26494
33777
12259
59282
63466
41235
39323
2496
52200
48183
41137
21343
42344
12682
25018
12008
38112
62989
6290
44754
34399
41610
12839
36120
46645
57204
8882
4028
64151
30988
6496
17254
9531
13853
28069
63048
60518
43827
11285
6306
57964
21645
59978
30918
57173
60849
64240
39318
6716
34324
20407
1936
16158
40495
59258
64298
27443
55651
6270
47198
3556
32983
14557
48888
23204
1386
62198
51693
31981
3787
24917
11948
37493
50922
36228
18096
18380
28498
6290
26795
48876
23052
27538
16257
250
9090
16853
47816
20483
34840
49606
48406
38303
20265
5559
57862
41146
46997
38305
63379
7768
25468
20761
55160
52220
52331
2785
43826
60572
24427
55100
34768
39806
55490
46913
11621
28014
13127
47334
54327
3052
63613
50840
10619
56112
33530
34414
31072
38864
56531
7157
38379
32096
21410
37808
6534
53300
45655
17161
49556
51897
26989
19134
41703
53271
27762
39471
40170
28268
42503
36562
36447
47786
62010
13824
49438
29743
51844
21961
27771
16713
690
58080
48675
18723
50784
19578
9314
34185
2985
65115
44109
36604
13674
32475
21236
27886
10828
9841
31510
32539
55587
14014
45112
61580
863
29739
7684
5519
34667
13024
30652
25311
1090
6398
38790
43710
48673
33304
59377
57361
28115
48590
24243
51291
1087
6666
47799
64665
12266
54957
52462
18949
50300
13643
18100
4467
13469
25889
16071
13543
59109
63795
55876
20752
54755
42594
50565
8239
13639
35834
41550
52268
1273
63805
7414
10079
38608
6266
58179
47249
30879
10139
42691
33438
37374
40778
28020
39844
65488
11203
58418
5796
12721
40065
11125
36849
25442
5067
8141
8825
9012
64698
56968
31282
9426
24206
48398
29096
24857
22683
5753
38466
50667
13819
19659
38556
29502
64343
63995
34589
24259
64805
2940
13569
57833
60476
53554
60296
46984
52029
8731
64749
18776
2853
34181
44592
42380
33665
25426
55641
61013
9690
40635
21581
14057
25016
23494
18637
52136
23756
62894
12123
47138
1734
51649
61245
36142
11752
59823
26787
19363
53559
23937
43095
39008
2804
8318
16997
12567
58718
57098
43639
15756
795
24820
9229
9114
24684
15138
57741
60767
10740
58996
28328
5660
16487
59507
40330
59439
41231
39495
24013
11342
10658
37098
48491
30557
13984
54114
40308
18969
62332
17575
23094
651
13318
23734
63810
41580
1607
62275
51092
7168
52497
24586
13772
10123
43567
6943
784
13966
27639
31942
54288
26353
50074
38720
1073
19915
60143
51653
24131
24866
14856
49019
32981
4631
2500
57224
12064
26685
17680
44507
25462
18584
10895
31582
2254
26857
8637
48481
24158
25823
52577
47408
10885
18715
57938
64341
43652
20383
44471
46679
40302
56843
58487
59842
62164
31084
730
34990
1673
11782
7581
2492
44898
15863
62391
644
50629
62075
24585
45819
25972
61671
21195
33867
42284
46444
3119
38038
47351
59870
44876
6757
10559
8551
46831
34554
47153
41693
1686
19834
9061
27202
19798
34154
19653
209
49629
53396
11107
18458
11826
7380
4241
50757
53639
13161
41407
19222
20731
28394
28018
33270
17947
45532
21078
54420
37792
37718
11651
39180
14766
950
61880
21446
40822
27675
24358
10941
25556
21342
38373
1354
46461
3211
17745
14862
54121
18369
9321
20427
60146
35449
62292
39469
37334
23550
2934
13068
18893
21491
7211
49935
38296
29663
17747
31976
28793
58340
10236
42818
48503
12753
35800
40207
33172
6388
62341
25339
10658
12381
64261
61377
2822
53247
34767
14167
59428
49840
14947
55198
61752
4873
45871
39204
7174
56627
6175
51573
11780
35146
2003
8758
23745
3356
28373
47654
24265
28914
38406
58672
47953
31854
24017
12354
56147
59320
12359
6707
23452
13644
47061
10168
6424
15529
5032
62078
59332
6100
7695
54998
34477
3865
2619
2326
36210
62877
44806
31584
3983
55992
33631
15017
13953
42018
9474
57791
40914
22106
15196
3570
48990
28204
57550
39835
7479
27685
9195
25498
55068
4706
46671
10239
186
5266
13817
27018
19496
26387
19129
1709
32024
63606
31249
1942
26801
38239
37956
23232
17799
56893
49444
5605
8157
30546
41214
51829
8185
63891
56595
14750
22526
43313
63451
8130
34781
15754
21604
53486
21166
61281
11690
1447
36302
9836
21907
22903
11620
53912
53185
6186
37314
62006
12441
10146
41518
41600
8426
39745
42193
54216
17278
38731
2176
2691
12796
2972
31305
29678
59655
62569
39409
8481
14986
34485
21107
60457
36039
23522
34371
29492
33530
44549
36275
19957
20602
21599
23817
47287
12643
39113
22208
41000
13189
5249
10896
10806
12624
6800
35499
23159
59989
49199
47282
43117
34990
35157
11421
64924
17959
53813
52830
46224
29618
63683
61821
44010
15150
42486
64656
63201
65153
6197
22125
49715
3154
45043
2995
36039
8049
7431
16483
38020
13195
49949
43482
59751
60694
21147
33616
17202
33101
35902
61037
25811
281
49330
49116
31765
50207
13864
2201
23928
9776
27730
27050
11491
55940
35488
967
28328
41727
31008
14739
18455
62603
48089
17452
57591
15264
7911
62248
37523
27382
54089
39701
32265
47048
62797
22836
18849
28391
30850
307
39074
51471
11255
35557
57094
49645
13054
2564
59691
49891
15443
5308
44401
44733
6594
9341
46242
1051
49399
60067
32268
5742
25855
55789
20507
15525
17391
51033
60208
32108
35682
36143
23034
32315
16172
56856
64075
34241
4243
7976
39026
32765
35399
20281
44204
61256
53279
42414
43284
22395
3745
17445
49928
43995
34378
32989
58395
52567
56132
44655
50930
50411
17087
3653
45891
60462
2867
19797
31746
26640
49018
14968
49992
44054
15739
55511
46979
20468
65215
40020
14603
39669
21115
11174
58631
63801
19667
58886
51338
59188
7024
25768
21321
24028
31549
51350
37957
33763
63434
22604
61904
48941
22905
60090
48559
45914
38344
42577
59881
16640
3967
23492
18608
57943
64355
40681
49265
57608
17184
59727
24110
39369
27376
13713
27684
41258
21373
34632
45223
57844
16912
26158
58592
42553
1805
48698
25156
29914
47165
46093
38310
23829
26610
13092
31429
41101
44986
48979
34786
46348
57558
27274
37331
35546
45487
61396
36920
61611
6054
63230
39359
64304
55276
30821
47776
9640
41923
18474
44618
9382
56618
16181
23849
61971
20581
42564
33330
32959
42770
64672
8556
37329
29867
47009
58551
16174
42397
9476
47216
49818
5918
41904
38090
47284
49743
61325
11157
59812
43962
27334
33071
14832
15065
18792
28098
4631
54444
16166
62888
22863
56
32220
46799
48399
50107
59296
11867
61815
40650
59568
36982
28848
36136
62465
42883
10896
13645
43318
22049
13336
39289
18421
15107
1600
21093
19702
2687
38095
9943
34546
25191
63586
64690
35460
47165
59882
63245
35827
13214
42988
49214
54102
44221
6558
523
15534
64674
54459
61856
51583
17204
41567
51305
27039
12062
45752
10355
22489
877
62929
40171
34284
40238
19068
65273
22920
623
52430
12520
18836
38420
41294
1213
39958
40654
36822
39096
21356
45260
9221
38447
58488
35518
43855
37620
12545
43364
14097
30446
10459
5081
7707
61344
8869
51350
55783
64618
15992
39052
29976
41954
60927
41662
29141
32100
57579
37088
41924
30137
33889
30541
20308
2148
12648
62454
54173
33312
3974
46226
31374
65243
20610
43226
64280
61594
4549
64314
65504
49898
230
19809
57774
41695
58373
30077
909
31552
4216
50258
11811
22187
13088
38959
7251
45752
64239
12841
34911
52449
64320
62066
63308
29301
11465
23491
4964
47134
38289
49634
56860
29370
52685
16381
2258
62576
38937
47972
55708
42363
17615
7101
55958
61223
10225
7520
7256
31696
1854
3085
51160
8196
20321
14942
36099
41180
45382
59309
7501
29378
57100
13546
49364
48079
61718
22081
15726
23507
35031
62829
65270
2
59607
45823
30359
25820
35561
7032
9163
47117
30757
112
46949
65479
22551
30630
39578
57605
48893
30738
50486
3617
18684
10355
27714
56861
39059
11212
19203
16625
385
65351
32450
40544
18205
17761
45720
6694
45769
16716
3620
15383
57216
21134
32969
50483
18163
51592
52796
24209
56093
24269
60013
5651
46613
13806
6217
5541
53291
39574
22428
5346
45316
28205
60367
26276
9238
53430
64972
52062
8945
8165
17418
32203
57492
50867
64537
38086
28644
9945
22734
50974
32175
33549
9284
32748
8724
42937
62354
40389
24093
49635
16474
35086
11424
59687
44405
61224
38524
42655
2356
65469
26224
862
63060
65406
30160
63624
42347
48070
34753
8237
35610
58723
29138
51248
13870
4585
20510
22591
23471
39027
16986
52543
30642
43471
28025
37132
59902
44618
9301
10940
51750
48295
8712
42665
20392
25408
23449
50529
48386
62992
36054
17324
30915
32120
24113
16313
7498
21829
25704
3999
35906
52335
47632
29014
64481
33479
16150
5614
29842
62973
22543
34490
14170
38871
41844
6630
32943
59308
20320
16562
10610
29144
37069
12265
57166
8058
15780
20181
44447
9955
40790
14837
5377
23461
63699
28826
11554
37262
65124
40009
60696
16993
60860
59590
19742
8929
59629
3079
31429
40867
56339
65383
2169
58975
13388
27460
37437
47731
39282
44726
32176
16837
1793
53621
41269
17964
2152
41676
18644
64101
18030
26785
58472
51903
41571
62062
36274
27833
47870
12331
31487
60844
42877
17744
62819
13470
25257
48716
62993
4135
34225
11344
31884
62656
20346
4001
48307
63261
10245
51408
20714
15047
29053
52427
18242
29941
13744
4713
65269
59861
11391
45673
3969
5424
6428
1834
14593
19788
28522
21262
32409
35480
33832
20691
18955
33239
50147
46021
50649
27454
9953
39378
3993
56891
35351
41625
21905
40085
51539
26716
65117
15019
42000
59655
20127
46276
65478
51739
61503
40886
61902
26472
50014
38545
59432
791
31644
11364
52093
62085
16253
63542
15624
51124
42065
17170
34511
53044
29418
25089
9207
61004
37045
1906
63198
26993
57312
10309
2194
24159
35097
44131
60134
5954
2828
29167
20142
62881
38235
24311
8835
19692
45809
12701
12342
16300
52910
21494
11478
59290
21529
45752
5394
33924
7170
3831
704
9021
1033
52500
414
65271
53935
9378
12198
9012
13270
19644
3131
7090
23792
63970
49786
55966
4125
6012
59595
52422
42030
58321
12105
65160
22952
23510
16654
2206
61694
12465
26888
64066
23895
47038
47299
53704
8706
28354
60862
18134
3170
46156
13134
42391
43543
51529
60746
17322
49544
2104
21306
58195
65035
3301
24457
59674
27676
55190
60295
31912
31299
38983
37802
28649
22483
26497
25388
12573
39813
30948
49682
48030
39375
50315
23576
58483
7424
46692
29163
1191
22837
58346
61882
56294
49537
57917
53666
53784
8521
27030
2293
39550
32870
57034
3700
32773
47999
60391
3221
32594
21061
56942
22131
61857
29849
42846
55127
35305
42525
2948
2487
16251
8596
16768
13849
21437
2906
6033
58365
11066
60430
47051
63773
13839
59342
22217
33307
41447
20350
14759
43461
30715
36257
20346
16013
39340
29410
63808
30948
23983
37619
65291
14704
20157
25386
50639
62563
52008
35321
17422
5664
7991
24305
22981
27390
47569
28492
149
4361
14225
27470
4355
27457
9177
46400
46492
5753
54434
17502
34002
30976
24946
49178
19744
35733
15020
54834
29199
649
31827
42416
54940
32351
16062
26727
38204
2531
30843
5103
22532
60107
24852
52971
20479
14451
45453
5215
17892
19497
48426
33161
10230
64796
50123
3461
18430
40851
11000
54568
51874
6626
7231
32356
26287
3286
38667
52909
65023
4047
5609
40935
23167
26416
43539
33182
4901
2583
56135
16342
166
24610
64890
37908
26842
50653
633
4569
53443
14102
49829
37830
36767
2358
43037
55743
54027
31385
46539
61398
8109
40028
26703
44246
31893
17112
21051
60931
26346
30478
48355
57309
18325
17105
27190
23822
34818
32468
832
19346
39974
50216
64252
15748
22611
40022
47119
57054
35393
2453
11083
29464
40910
32077
36931
14483
4802
56661
47689
22888
9763
10850
43642
56879
3170
2909
3925
9361
8766
26753
2947
41369
7388
55762
11509
58092
27667
27024
63786
48492
25844
5201
342
47230
42725
19180
41997
61047
35556
9776
42644
1365
30222
20917
16285
34275
37245
35878
64029
48936
17703
22078
13250
15718
57023
28681
25868
29671
56959
6259
18673
29232
24311
54557
17038
25708
38012
4150
1068
34922
65082
44771
44025
60792
6923
29810
63951
37659
51139
5605
16514
12793
34732
16037
31979
47401
53901
21644
44740
40233
925
49993
35976
45252
31376
30267
62666
2661
61009
47001
20783
61962
63296
11951
64053
48309
16662
33412
63736
27802
29324
50434
35667
49584
34622
27606
51190
64767
55793
11492
36719
62499
23717
47215
26822
57021
53424
41288
15983
55160
45506
2308
52420
6778
34188
22141
27387
48723
12611
9129
64447
28322
40165
44956
57017
38830
25444
17781
14953
36460
544
28721
51603
46550
63088
27069
11582
39513
16889
40185
31124
1774
50039
37368
27979
29341
23903
21699
46133
1197
52439
18137
2173
33563
6594
52517
1197
60898
44703
46785
49702
17813
25516
63248
56500
60279
9761
35449
52001
47046
28962
21390
51111
31146
64210
63138
55711
22340
7370
22324
6678
60543
1715
22325
48120
12659
26409
30678
1317
53129
11465
44633
23570
47382
7934
57994
27207
21835
52263
34974
17753
47389
14936
43869
51080
28954
49524
5034
14886
8126
9674
47879
64137
61404
31646
22298
64385
5313
11187
25995
50300
42824
55514
60901
19062
8851
50703
11953
46705
6060
62858
36675
3021
12036
19466
287
37514
26429
19356
45825
7717
23244
26893
42055
44665
27318
64566
8171
47810
59018
43038
10479
29673
22067
54125
49118
13794
46688
50308
28382
57126
34552
52155
57160
61500
55449
5641
39040
1608
50422
27906
9591
14476
40484
41031
13874
45434
34020
9835
28201
62406
64515
29273
9977
49547
56247
12926
42416
22125
50237
63309
16435
9510
25006
27152
17783
24403
61860
24756
51977
30783
26777
5249
50453
24045
25170
12594
27117
43941
41303
32677
56475
56575
63443
4080
2346
27806
59103
47103
53081
4076
25708
56116
33831
38130
11048
5972
2393
25814
1606
25575
2352
46805
44453
12833
56769
7120
6433
29076
52400
58690
9537
64366
14129
14868
22339
2449
15399
46945
38661
2591
34128
62746
49719
50870
34088
65285
39143
21692
14742
18887
26596
52729
24386
4543
8799
21149
31095
8420
39812
21644
8123
15609
19697
26265
19657
25268
58485
29021
32218
11918
57074
33718
42034
46560
3253
22119
23060
20834
59882
4917
15292
63682
21255
28077
27348
13338
46564
43734
244
39520
13689
21688
10835
4709
49553
65470
5718
45913
61691
54465
49987
22280
25195
54160
60036
18724
32409
17221
51095
26255
44869
58429
3488
35675
64375
11963
1080
58489
27874
63113
40232
38187
8310
32345
3475
52017
25646
25568
11895
13667
3621
29900
28264
38394
3719
4011
54274
54842
44026
55687
10613
25747
60862
8539
4644
27946
7026
34422
55069
46206
7012
47801
43331
44938
30759
32397
25554
46213
42551
38796
27023
6661
65370
13382
22703
23552
13430
39688
33739
34181
28219
49190
2426
49305
41313
60093
63647
5487
53691
41724
56769
31657
22473
49391
13060
12261
53635
25012
8449
39032
4100
55866
45654
21569
1670
4416
7654
49851
1751
25877
45056
12547
16743
23871
8848
6676
54750
26578
56586
56558
62284
57891
11128
61541
58268
292
6396
46690
23983
19699
32840
41880
31124
19812
30989
9980
20491
38491
25243
58941
59793
8337
41603
19013
62538
51250
10802
18639
55415
13084
64640
35670
47208
14850
1368
5181
24949
14893
28658
26644
1055
9914
3500
1116
30579
26070
16921
59019
64562
63121
13016
36370
17963
30037
10017
62887
14653
60766
43335
46244
30928
22323
57826
48563
48362
22618
63119
49540
29179
61232
49184
12671
14991
13841
24269
38776
49291
1472
43055
901
31215
27747
1234
62159
60832
62053
26732
56251
772
62305
46290
41265
34704
61026
5153
50317
58848
50593
8451
8011
22127
43383
19717
26494
1918
7156
13238
1145
2259
19895
41955
45673
46786
31109
26066
18280
51032
16546
45423
28335
17722
38221
6598
38903
47485
64919
21721
18708
52316
48321
4157
12948
16786
18150
22987
30750
23566
5154
33118
50979
51048
7611
11182
2664
9322
46818
47457
31348
3480
36518
36614
38567
35389
8011
61276
26666
3808
63213
48914
49300
64478
45792
64867
39220
4604
47174
57438
64261
23677
26428
1783
32600
47639
13730
29965
20638
48213
59072
16136
28731
37437
29659
25831
658
5350
59166
36228
34999
31849
36331
51871
35162
14485
50771
31094
42568
22644
51922
37711
27211
64431
6542
35805
12924
9178
6017
1769
65345
53626
35132
28897
47409
38389
46981
42589
32190
27087
45445
36027
63785
65392
17207
32810
18048
24068
45246
29933
48261
58514
14539
30903
28441
42633
45872
50768
44101
56771
26789
19020
60182
43297
62682
1970
39249
35953
47726
7581
18202
10524
12907
6387
63599
45992
43511
29090
10011
33026
2145
30924
62444
2918
47385
11110
30330
56427
53052
43600
49234
40931
53322
57444
19096
5885
10801
22270
55611
65172
18459
7591
51424
40881
19523
5804
15061
47398
45039
44089
60911
52247
41663
61808
31668
32550
28587
57985
24129
9445
65200
26444
21009
17209
4597
34425
10924
63313
55929
45466
26453
29069
24865
55742
60416
6829
12911
46041
31677
56033
47007
40761
49691
26538
22753
34129
18717
64983
60787
49391
52706
53953
61247
7886
41721
47994
53475
35362
38688
9196
55721
57090
34755
24444
21464
42697
23189
52147
27279
6813
18739
35327
36844
47698
56258
31754
34090
6584
61479
37913
42738
50989
44620
61634
53375
22180
28262
20181
6884
55153
56180
27441
2438
16406
17094
50161
52811
45550
13818
61438
55043
43906
5510
2531
40373
21998
9207
21912
21222
51220
22366
64583
3011
37173
51478
57331
16100
18408
60693
8945
47778
49433
57343
45315
634
42990
36110
22876
24444
57406
11280
46073
64281
18550
3319
24844
3933
6379
53688
16897
60465
12216
40181
62456
39009
17185
64893
50062
53886
2210
406
2357
15302
2055
20889
1406
41357
28538
27659
22255
14784
57356
64529
51567
50639
52047
55874
27752
19840
49668
18479
9230
31307
24704
41788
7519
55440
4319
42084
61193
48231
54636
8430
4557
32977
36290
42840
28912
25675
50993
56767
63870
54550
45053
31935
15001
61592
31240
60141
574
6048
57229
39256
45390
4871
4285
48505
28260
21272
48197
10755
2748
55623
15596
29279
42358
35115
26933
28315
52322
45303
23124
38698
34209
14983
16450
58472
800
10961
65009
45931
20733
52157
37361
6749
14613
54994
63760
44813
45123
22026
55390
9688
55949
37189
33703
14337
15867
2422
17288
11740
15740
57732
51671
2930
26430
323
2799
11364
206
49664
19454
42430
33933
30951
57109
41577
29184
15158
33257
31219
55811
15774
39929
45258
39876
52962
53332
2056
230
22985
15806
9477
16376
24062
23237
5254
33936
19765
6012
63606
8192
62327
16342
25034
2388
36085
37054
19385
38888
52724
61776
61807
44345
32889
14117
34497
17216
24222
64310
54618
54258
40316
14062
51735
52
19357
24640
32844
42747
65116
61886
12554
3916
57470
23383
21858
11166
41681
45179
63308
4746
21691
44183
53327
45891
29639
31718
33575
54790
4256
59577
65523
40688
50257
22182
33176
9329
36290
3944
62146
62072
25082
32965
44946
6636
20659
3662
52339
44640
36915
16187
21616
40824
40386
41158
64660
6379
43988
13967
60595
25810
14937
32383
39381
20067
49408
751
5185
16507
61423
44053
55178
49740
60440
11868
43633
33803
4283
44580
31663
31360
40145
45282
54150
51178
38525
42353
35477
192
14114
21367
17396
1883
49411
12178
37225
32142
15968
4615
24446
27049
17780
11563
18052
55206
27492
22075
15158
13448
33675
34500
45783
48546
9167
6181
30862
10636
63180
9776
34399
44
23838
34745
58807
13942
14533
25140
58911
16166
34003
45326
38204
2066
19097
5041
13083
61087
54536
25897
20333
21218
55985
4645
52367
1372
13542
59835
16744
8107
58147
63151
4870
15233
51842
37258
7062
50126
2756
55183
57214
63159
57277
52469
10007
1932
25272
57012
50868
16736
12413
29606
30489
9559
57888
50345
8624
17191
58814
48917
46499
54897
19963
30171
45937
50702
39048
35970
63767
25888
12902
8826
55698
29779
12350
43352
24174
31838
7249
30412
32658
26174
16404
36289
40508
13864
43924
5907
3109
18006
4356
46619
40742
3786
35531
32056
41366
5808
9545
61696
51862
15761
62140
37657
61799
59810
1193
24592
51011
47366
34260
39313
42712
59363
29130
31301
43784
62143
30301
51141
29990
19953
55825
33719
3503
3313
37318
61989
19546
35443
58147
14171
29573
3475
58900
33378
1951
27461
8659
42629
36972
20741
4984
26615
38178
42904
24720
36170
35706
44931
30957
40745
57788
37113
6161
41494
8626
1882
4191
4011
15326
8555
19065
50979
51487
15438
50304
32510
36102
10596
24068
7064
31721
18914
19921
35829
9889
18161
36375
40196
44925
50140
24772
32511
31075
19119
47100
42653
12471
17206
13883
55908
50360
58551
52271
29956
50945
15026
12749
46401
38471
58012
6971
57509
22163
47179
12149
31792
46337
40491
46267
58265
58676
60958
48794
44882
29568
22544
49918
62039
40387
44113
48176
50173
12119
58167
48046
61972
36697
46052
51630
23440
43571
38877
65092
25929
1435
47952
51043
28420
20906
36390
4193
27136
62512
45154
22311
27237
45670
19505
4475
24064
24299
12549
25508
2815
54475
22927
38737
54861
54895
5033
50829
42525
43241
60777
22383
13984
6417
1245
4441
59833
13092
53625
41221
64193
54740
34993
45193
9113
19939
62499
63661
32039
2605
19120
27935
41992
60482
48183
7334
24121
57912
48385
58160
15870
35734
56548
39657
65420
21206
23004
63640
39388
31460
62051
25099
17986
919
48697
9040
30184
25668
60526
26683
49317
8091
22534
40816
52531
10839
62762
59207
4820
56547
33308
295
12275
25965
8912
37683
4685
33274
31444
32412
58324
42333
23573
26827
56942
38062
8516
63150
48450
18391
63387
47776
36217
31242
35169
64914
13794
36026
34825
39568
50051
29673
4928
6847
62832
19617
51538
60212
63343
36413
7397
12787
12832
52144
15053
46544
30276
3200
18973
17480
21317
23345
8971
7709
47829
10548
51060
11094
39655
65480
231
56936
14482
44885
366
22611
56331
4368
1256
35198
51064
48758
56024
57048
46528
9556
46811
17851
609
56194
65368
30752
29484
58894
11141
36652
54065
49719
18600
65144
64686
39942
780
32412
12985
43655
9632
34662
22274
57666
53154
35921
54715
8315
57869
2761
22175
46629
64966
10542
16547
56024
44608
32552
17174
30058
16290
17540
41299
8244
55967
44587
32372
22317
54850
3112
24442
2028
4866
29542
55302
39626
43968
63493
61389
58702
43222
26991
48293
30037
57269
39633
39776
25695
25211
30213
35810
61624
64873
38494
59672
20235
209
25705
43393
10941
17320
35096
23361
744
19720
44290
22658
27263
58105
64525
58293
30822
51860
34865
4479
2716
50122
14377
30528
63418
5904
28145
64405
48060
12015
62194
64581
13963
28484
65268
6032
38946
10517
43240
40506
13087
29459
35663
44925
63613
7597
43238
27006
37114
15114
10986
8284
6015
49598
15131
40455
50713
4478
21430
26442
58256
28340
2488
55506
56590
10879
17222
18259
53710
61604
64464
56085
13585
9293
5687
21242
29428
43051
21530
40069
26969
12800
46665
31057
16173
31216
29563
24067
60616
13536
15309
49325
60125
42447
27875
50653
16688
16182
28919
33925
26255
7320
3039
14198
47674
28777
51727
61640
2187
55403
16209
22155
6544
15666
46239
18379
3940
10257
35624
53
7509
63855
15705
28473
36533
33860
16891
38160
4028
15692
7694
31515
1594
44059
38456
346
50704
31515
13028
3782
21451
34670
34259
60492
58965
10320
52677
35714
38732
40138
14566
61003
40327
36826
7419
59992
52829
8327
35182
16352
15132
35679
41492
15257
60911
12020
28828
870
50377
32203
30472
35235
61850
8799
23718
10594
3375
7305
55255
57944
64377
59059
51401
27962
42527
30740
11987
10939
11080
26917
48944
30004
48001
39449
38058
18679
5747
29392
64678
1
6337
12062
35637
56540
18675
27038
54361
307
25648
7965
4576
9410
63319
36859
4962
60708
64620
3162
53044
30490
56276
1813
55520
17537
29996
17785
33000
6768
62122
61440
18485
1360
18333
52662
43139
48739
55652
51078
50951
3305
21904
281
29694
32090
5002
40607
36193
60572
42549
46258
4414
59714
54598
24581
8386
13562
8156
56759
54053
21832
13213
64197
35671
36399
56819
6014
6703
25335
32234
60334
62878
62827
53616
43927
14328
56722
59828
15703
30238
10623
17776
53301
3068
54571
37771
23485
32798
55642
2364
1282
14644
4242
46848
59244
41114
57279
20882
5762
41379
29627
33808
61115
30863
61602
11089
37440
34948
33017
6834
64173
6148
57882
58701
14399
29871
48158
38809
34038
28674
47163
22941
55045
18028
50047
36604
33055
25786
63855
16802
56829
53150
39222
30015
19088
27938
64280
57697
25791
15754
34071
64234
6834
3818
30487
4084
32784
52732
11110
20937
22767
58259
13383
61405
57503
35648
58313
19214
6488
51301
44836
42138
11156
61211
4921
39753
57526
19551
54554
58438
12125
57733
28102
49038
6813
64064
53443
3723
56605
62784
27430
52653
19126
49267
25227
36970
34441
6221
1091
54301
44512
37263
7537
55997
15405
43219
26479
46814
48431
15730
9056
59656
7611
6731
58068
38278
39195
35035
36625
44995
27092
25304
5955
36369
9616
14903
40919
14609
8829
13042
54183
41183
20205
61084
18538
33316
41917
5750
43046
49895
37683
14922
55931
48507
28629
41622
12347
12919
35163
52754
29427
3060
53556
50565
27887
32744
41068
28059
34364
21590
43957
26849
21289
23009
37720
26782
37644
19864
50
48138
25066
35104
48222
26834
58682
53866
2283
27891
26050
39781
49079
61857
38096
13601
48493
59407
61763
61832
51195
21467
6140
26282
24701
17172
45085
48657
11106
12547
35285
3127
41823
5745
38495
44316
21141
60272
63470
9265
62349
1739
42191
30869
18810
30410
42681
1213
8132
55497
11037
35091
20213
29480
50569
38778
31672
40949
30189
31411
36639
31057
48961
26380
14270
65420
62041
37369
45037
46201
32378
59210
54728
48808
32405
8435
22907
49763
44540
38285
1143
46
614
54470
64166
62591
46594
43830
46477
24528
46671
30187
25001
10377
36005
25588
42079
39344
26041
11235
33900
49679
55836
14989
2300
55524
3357
41173
31652
18185
48292
51987
65384
42969
45001
43684
56097
39917
54554
38147
31733
59609
36767
5647
43729
39093
43542
13972
16033
57728
47251
20499
53314
35504
54059
12348
2238
52543
15662
3841
64395
39224
5384
20616
36779
4055
32184
5797
51474
47633
41906
42671
20905
14583
15849
17913
32980
57770
33223
2243
2961
6726
7889
51646
49505
11780
47433
19651
54379
3450
63215
64915
62149
53633
47889
58895
14631
28487
12478
45318
17460
43321
29934
43781
23095
6273
61903
63875
51580
25177
56826
36403
52248
51483
55026
37505
18292
9215
13634
27969
17319
13034
60807
8608
47810
31528
34930
24267
61514
8524
41009
60819
37757
47461
18811
50069
25084
1076
957
22599
9145
23732
41939
4431
33623
22114
27803
64515
62595
52939
49784
55269
21628
517
58126
12087
40066
61254
9048
27502
12239
28655
10213
44498
15956
3185
28119
37088
26201
27503
11539
17232
12069
1522
56663
30976
61203
37751
16168
49188
5837
29805
30477
15049
2081
7103
12776
26823
15363
56414
23430
23000
15353
813
59591
1345
40344
29863
10136
12341
6596
57694
46722
41390
6363
54150
46939
35224
36317
52820
6537
41597
50875
63547
51526
49917
6622
47078
10931
60532
9128
48884
34008
28879
39174
8004
21702
24769
23934
38952
20786
57574
55509
35994
63846
1292
31106
16126
48573
23797
62860
30907
48434
24304
25606
39118
42217
48584
11263
23173
114
58272
16242
33372
40701
31698
52398
55727
64141
56559
4981
21817
42776
52289
48267
11912
43631
25450
64237
23076
9705
59609
25589
6183
22884
35505
9609
41284
25229
1191
12570
43991
35388
8320
12800
61356
1144
12605
32654
24920
63546
57677
20732
41462
49104
45763
28806
64813
33227
35001
13444
34516
11790
23374
21533
39027
49506
5946
35256
41356
10443
484
44232
24126
14855
27512
58769
299
51368
18545
6849
17980
61873
27049
10603
7003
12609
19626
6020
22528
40254
10793
31701
39746
58407
28507
15784
8206
43847
46240
19199
57330
7963
2873
18417
25233
60773
5650
21171
43140
39294
17555
27160
62
63755
57110
32850
64322
16657
15705
10429
8275
22640
4801
38624
25091
47692
14598
14239
56862
51399
24059
52001
14108
58316
52822
4839
54639
39656
55467
5667
30787
57902
48871
19466
28586
56439
23050
17205
35029
11709
44642
60161
58094
7537
51792
62966
32337
45458
45799
9451
55045
3845
56432
55471
3500
32434
51457
59260
53491
6214
18684
35296
33316
24602
54315
62678
48094
16077
20962
9839
32063
44473
35971
46003
32751
46579
52351
57852
40261
20907
34311
7929
57028
13304
10156
7439
54160
18492
46569
57282
5600
21771
6544
44076
50137
28666
5662
64780
55199
412
17672
41013
48880
41975
27763
27929
12911
55370
18227
65007
63109
54889
17506
12833
10777
43826
54348
129
23738
64233
55219
17658
47335
41469
49754
51331
18054
7846
26927
35289
46732
37185
27801
14723
23401
30990
260
15086
59161
57879
8347
31288
32999
34177
4332
41408
616
61455
33990
47451
51388
12106
22234
19091
35127
37454
152
14372
42527
53811
30651
55198
60118
20752
4194
20699
18576
13410
6722
40064
43067
26311
42157
14022
53510
62493
52748
25842
32977
34635
64992
55637
9041
7668
2787
21199
29522
36815
18380
30808
3964
33954
29000
34676
33034
4541
58140
59746
24390
35537
40150
4860
13885
30902
46239
63879
43021
51773
61347
62475
7984
19884
17601
57023
29987
63218
31412
43860
64345
60366
13902
12125
43713
26236
32072
57782
31429
11480
26697
21046
16
50821
62418
3928
33313
3606
18438
58470
35716
36411
5898
25612
699
51761
20768
15330
22903
41585
56163
18245
6624
43820
50702
33934
7665
2647
1057
8851
48355
57304
43515
35733
29247
22123
2720
19028
40673
45439
9549
63966
54431
63814
12383
39199
32568
46775
64555
20683
24145
42676
41937
10509
50201
8423
52692
20764
42717
56227
56226
42667
10796
45818
29217
26485
49343
57415
62330
5320
56762
38265
51874
5792
39124
21017
659
2894
64731
29344
21798
31153
47486
58697
27572
26389
8518
18870
11531
41016
63723
54219
59294
58224
35813
51002
46695
51579
34834
46363
42106
58348
27091
9282
24040
17168
65153
24713
19437
24234
45658
24384
33065
62334
23545
57512
13736
9507
25347
22888
50362
18282
8553
19330
47224
50315
58720
24818
60561
20977
9021
9802
39390
17221
8695
25092
41870
40196
27018
53730
39115
10445
3872
26556
61922
21790
6439
46485
62987
6599
49138
19456
56290
17224
22458
25893
8325
28899
22055
7588
35963
55693
9734
61143
60642
55553
37516
37247
31428
32901
25085
50889
31032
55378
18918
17523
119
14171
29168
32830
51219
26134
45785
12007
41118
64673
41255
28955
23962
62337
36698
16339
43245
11016
21149
10513
50581
55591
36020
14812
20842
40645
63768
47429
56551
34476
8952
39396
22572
16716
8362
65502
7286
47437
20386
17699
25270
7174
27153
51854
28729
31760
59236
37952
29973
3390
40041
51968
9592
15445
28618
31998
24128
14880
27241
56608
63554
62768
53712
26271
8154
18426
15248
20984
40371
8083
12505
13319
14738
12082
6770
48847
9671
49956
12438
29217
44347
22584
53015
39803
17123
40722
38927
814
52879
23697
46989
29133
62986
45169
2213
45370
32448
43844
699
39296
62311
48564
27009
23179
55144
42891
20283
31446
15409
52077
25772
36003
24535
47357
57977
48509
60913
23460
35067
61803
62700
45898
57879
17189
24375
30854
17825
33012
44909
20119
34415
19767
48994
11414
53521
6774
7613
62056
44216
25161
57621
7498
51777
40980
21284
513
22624
53019
54932
17874
6774
9205
65145
42414
56143
17362
38365
65154
30525
23417
14386
34185
39570
45943
25195
53948
16184
44191
13428
54504
57628
51357
51210
1023
52672
5517
14049
34857
1922
50960
59517
39471
60607
41859
53020
28493
47186
22608
35651
56477
50563
31200
19610
52896
52067
23107
17716
51466
57519
13770
7948
23164
30568
14583
50067
1069
52372
1859
49634
57899
28880
24600
24256
12038
36500
8974
62387
18879
19466
36757
31710
2158
60098
56060
12403
22249
46868
64892
2224
48362
7276
34916
34681
63589
61026
39856
23167
24025
51770
20799
57768
42536
28127
21690
43874
48364
12500
43075
8148
42553
23081
9495
50956
39047
15966
38801
9226
55326
46047
45035
62399
1568
6635
55363
47365
18324
18959
31071
48802
31009
18915
18392
4885
46215
32550
2125
59760
47818
28605
54208
57201
42060
5311
25964
2552
40794
5383
15018
54277
52780
14742
58656
50247
38356
64683
18275
48108
8641
35826
43362
19630
21445
65480
1187
13855
21968
1221
65528
6931
32414
35814
21633
32588
52331
49242
2672
59990
23888
9049
33343
36717
24675
52029
21976
22545
55318
43794
51938
59892
13255
60064
11895
24546
47003
49940
54040
44485
56580
2345
3129
42122
4880
11421
37160
20613
59717
15880
3883
15647
7783
21498
62304
42002
17724
47838
40946
20985
13588
55347
11639
28553
23785
39770
3532
40541
36992
43110
36175
23838
14649
25486
10070
22491
46738
14971
6435
38958
15191
36175
31001
10666
37222
9512
25716
32656
13536
41408
11847
7086
32456
47317
20557
24059
38762
45409
9087
55734
19058
55069
11829
12674
64746
25368
38536
25454
24782
29322
41190
48902
48305
11019
27125
8230
6574
26071
25060
8326
10944
14149
24825
24612
52310
58363
2855
3400
14952
36858
55813
14533
3342
23714
11649
21339
40228
32040
47104
19279
6052
20497
37843
40985
47647
11631
49235
3263
1595
31600
25163
47761
18680
42659
60398
47885
50251
54966
12663
59779
8065
25334
46290
51027
24585
25495
9593
43100
63342
17262
41071
4761
53863
3535
62306
40174
12920
15675
63147
6503
18708
61675
1267
62530
28095
10234
56481
60178
10482
42463
21115
10692
31837
8065
52263
20227
62676
26635
58024
57640
7848
55754
6115
35505
60164
65326
21094
11116
47484
9045
13373
40167
59044
9379
26891
32049
1988
45943
59779
2219
36929
29510
7667
61616
32124
27681
64830
22650
41609
16039
44344
5995
38462
64885
19290
18137
24116
692
62345
60181
50272
65090
26491
18115
63345
5828
41074
4808
42603
2074
58070
45661
20901
51534
63464
25211
56957
43797
21662
19444
62125
47267
10090
46469
11033
45966
2568
13701
6902
23666
4389
13023
49421
44424
4204
46862
65312
24905
16937
53574
14920
62625
27210
62759
53911
26895
14881
2239
28910
56448
42811
1921
20427
37548
49383
25095
4514
14199
58461
63421
20539
14327
63888
56709
14544
65373
24248
63509
3814
53347
33616
1915
58668
60945
56148
25815
4569
64348
31851
3084
43360
9461
12089
59283
56456
48728
22553
2041
54175
60020
43619
20598
13022
32446
48605
50813
24366
44356
22943
13697
14604
56124
39628
14887
56540
23777
56926
8499
296
28556
48134
6860
23007
51438
13877
45661
60757
43691
13904
9671
41759
19460
32255
10023
14171
20378
18307
7356
5008
19969
23819
61713
34290
46347
62817
4341
17037
30510
7083
979
15484
40654
43608
3458
53180
22671
43297
378
17493
24861
34301
35849
21311
56596
32464
28922
33670
7010
28347
60902
56388
58002
64768
32206
26190
36342
44705
39788
33423
15184
7418
22526
41282
51621
44399
55299
41295
34021
48876
9472
5136
47249
5267
9668
52653
52764
37253
47390
41333
21268
37903
29536
36667
46508
9773
39197
27296
20077
62003
28742
5740
23955
63460
43105
6788
5052
22394
46567
25919
17734
7201
45925
2109
9579
37745
62501
2052
63493
9659
15127
25629
125
18829
19095
28435
27968
20769
50281
14338
13571
52035
64691
32144
59515
33278
31052
8626
61468
52681
12179
26467
29288
800
50467
57937
34362
57447
54237
34112
25459
32019
10082
59357
47517
3911
20122
25091
9156
9722
178
3460
61088
15969
48613
12253
24247
58767
4224
43779
15508
33114
36542
41490
54156
10648
60549
31909
46199
52576
61852
43184
21310
15944
6073
44268
7212
56777
2219
42038
53929
7832
59210
19083
43019
27243
31840
38836
62668
13233
22486
57804
61476
26673
52985
43089
42730
28254
59637
38867
16543
35260
62266
3070
57190
36650
8370
16749
27715
15821
32868
17336
10644
47443
4465
51350
20616
3629
19232
29721
19163
19968
19902
57404
62373
30572
26435
15463
43689
1649
14493
37463
16928
33957
54577
50724
22170
59148
48309
24219
54327
32679
50834
17533
25756
7754
11153
10050
16470
13496
13046
47974
45775
45270
61895
5517
58201
16382
19178
62128
51881
18574
46814
18648
46954
60744
22613
6973
5487
60985
938
49348
7461
59921
30672
39267
19502
8216
21994
3864
38172
48643
26587
24626
40435
64616
397
8491
30033
11155
19236
59767
60786
2722
4804
5994
15157
47411
29766
20676
26069
43350
58255
61307
14371
18997
5812
28279
14422
27609
51484
64888
42302
24160
54254
60189
62811
58721
25887
40609
4709
10109
35665
59456
9594
26522
5849
8658
45618
45615
16275
17855
58379
22530
28373
24924
48764
21097
10924
41352
43527
13368
1939
48198
35155
39366
2717
58344
22009
3873
55050
21817
30142
65516
25464
54209
13768
433
2492
7019
14997
9375
57077
13730
41785
32924
14404
3962
26949
52296
52641
48969
51639
47318
2493
41921
10616
44614
29609
7131
42880
7674
34540
46092
52765
14763
23885
52693
53418
23495
40970
49851
49900
6270
64361
11012
34652
48825
60160
4950
39903
52260
4425
37523
24265
1276
6967
22667
19752
40986
18687
40776
56855
35114
27593
53578
32497
56746
35716
65452
64512
58461
54098
17220
21753
57310
43265
13662
30169
29780
10911
36572
58693
9550
38496
17828
17719
2487
28540
26118
45278
24972
2846
2098
31671
30168
35999
29599
3147
58475
58416
41743
618
4032
7699
48915
28581
35123
8261
43857
58385
35861
12890
63175
25595
22046
44908
59938
59178
58905
48230
35343
64460
65126
29703
21436
22027
31571
48322
37714
29698
39474
37354
14988
40189
50622
8078
53072
26968
13574
53285
17404
19774
42613
63643
48792
53603
14285
2543
2248
33798
5968
50982
62444
16217
25746
29617
22692
36189
55434
22179
40402
19102
9556
22643
32920
21864
45746
26688
24265
47415
51771
4012
45041
49642
7447
29742
14863
29890
20851
5111
21462
39215
36650
44457
40277
47198
49250
1818
17792
63398
20196
15682
16627
21618
62884
32851
58669
8139
35670
36211
47598
54725
18881
2158
52074
35846
14765
48080
64447
12924
48676
47053
43355
13934
62488
36421
33480
9808
29113
63762
14733
65161
61771
36480
56797
52751
62784
37948
59500
58468
46861
50935
61167
15638
11646
34478
43453
16349
64803
46690
55005
25185
21039
8337
42266
39789
50856
25142
52647
6964
38169
53819
11607
46598
26757
419
29096
39759
22814
60066
47535
18418
613
39769
41795
47764
17028
26657
10974
47016
33995
23125
47385
64988
54079
50144
10668
35958
32509
49936
43998
61353
52702
59229
47900
19993
7925
15760
60459
4340
51167
11437
18121
28256
2727
16883
10805
61652
62
42403
37928
11765
6914
22359
14818
43889
53957
64843
36266
40673
23095
31316
8017
51491
41021
64972
3868
11688
38076
16685
39067
17620
11480
17845
33136
19430
7143
36512
55105
49082
52882
57617
65164
57631
16353
40958
64893
35127
2906
64678
56982
2220
35975
570
21331
51124
39749
59821
5208
10503
57026
61931
9164
44424
3675
46916
49431
41533
13461
64751
2813
20180
16347
5201
39561
50991
5947
46116
27069
60326
23352
8120
42680
34128
4649
61323
37253
43409
34771
64315
57383
5046
8725
62188
9446
14388
22882
12724
25379
25369
55567
9818
59310
45524
38040
54378
60365
40241
9248
54178
48185
30280
58704
45507
48965
3900
35885
39060
39885
28780
7180
18512
48818
7074
36746
4961
8617
8617
55080
24106
39108
48752
58966
38709
34709
48545
43933
20577
24575
53703
56408
57612
13293
52926
50509
29117
24092
6742
48095
14965
55317
24444
36536
51839
58586
24794
23450
55354
1966
59315
43559
16352
34116
23938
17598
64614
48129
64259
30948
36127
38256
32187
36768
11147
20079
48553
60547
20240
54074
33360
65127
57333
13350
31970
60323
14113
43839
30841
23161
35226
58054
52768
18174
47049
38596
43861
3391
18909
96
60577
56056
48217
58078
25232
35330
55171
49609
46001
52905
49144
12867
38437
41611
11396
64555
26846
1018
2303
10980
64820
36279
39898
31155
29743
42338
7307
64874
15081
35148
17228
29971
37224
27946
29642
55046
41938
16060
12467
38251
18847
19235
53633
56293
58776
11609
5324
16058
12182
48056
60167
4971
219
54979
19948
43266
57673
49863
54580
15305
46500
25072
34763
49874
38610
34970
51956
43354
16968
45639
55137
62911
1017
30060
16345
28994
19476
55516
34241
11266
37459
5352
48575
41120
14213
21353
63763
19457
63632
10438
44930
39116
16048
63832
47029
32859
13748
12147
29277
20465
8646
52621
22988
45483
60205
12945
50712
34984
6168
15401
30537
33319
8148
58819
21762
12597
5290
54689
22218
5255
11517
3434
22663
14442
4382
29356
33424
21622
64969
44344
24273
59375
47802
14
26724
12269
4512
63588
12845
51872
42600
9175
35061
14216
50247
22565
48216
46477
33105
48212
41388
24955
48117
33950
4515
39815
52948
14629
21204
8271
56745
21109
38915
47865
8074
39128
26168
3680
59260
29138
35069
38558
28261
13277
49134
16052
49227
41503
34825
54508
55273
3657
7352
12186
45996
19123
6010
28829
13888
21966
55237
61027
50899
54935
32018
1370
13630
2576
56708
8746
56467
5043
43209
32185
40917
17815
30831
30676
8904
33612
40544
37303
5385
8167
33559
6988
41399
51076
63160
63573
64367
115
50259
26270
33092
4293
41884
59185
22726
25811
13805
707
65454
31244
15077
18786
39445
14305
54836
39097
505
21513
60491
63414
22421
53836
25204
22305
32396
46953
17681
54120
41216
3694
60878
60181
29322
24905
61147
50843
3605
38395
36984
21976
50257
50175
21214
60654
856
19074
42439
8015
34350
48728
960
1547
226
8640
8987
31272
43439
28188
40596
50233
15591
31474
8979
17867
14897
61885
55621
14278
50792
59824
44572
50922
50141
43447
49815
63688
61737
43983
278
49076
51580
35127
16845
30428
31510
5232
28484
19379
783
61133
46314
18914
5163
30241
35101
59512
53785
8202
35546
551
47971
5630
33387
48393
55689
23217
1752
41095
20368
55078
6957
36692
50723
38183
57859
9580
46735
63952
63825
19042
37999
3855
17938
47293
3916
49138
23018
1302
32754
4240
13249
34722
59868
64596
27647
55749
3740
10453
39664
20569
20680
12690
23070
44917
37005
5571
45861
59045
46348
9791
35999
51206
56960
29921
9119
11733
5683
13387
34517
23479
48866
56870
54863
5959
25587
38776
50162
18500
26183
39058
683
22550
21119
19803
28019
31934
519
42344
32144
56864
6093
28253
12734
34889
64068
45950
64828
22627
24908
56173
19351
52845
1185
49018
17035
56900
41992
11515
14268
55071
22121
27833
36149
15786
20202
38176
40927
28346
63941
29846
16070
27463
18705
39073
36542
17354
4222
46367
46853
55403
5492
49938
12643
54524
39841
31352
53389
58373
57085
37924
46501
58389
46876
9380
39033
59191
31309
41528
60927
33736
41215
47655
53019
11585
25557
40062
37823
19336
48238
58575
58436
31141
25835
61254
18762
64137
50318
35882
12875
64827
52447
1483
21237
13628
12033
23917
54684
59176
42476
39383
44769
4184
31124
40157
64004
55774
3737
9357
60922
63135
9647
39055
16885
60996
26009
7280
52756
19026
7426
65351
36362
52578
5592
37246
33749
42434
22403
10664
22833
57046
10772
5561
48133
1218
32143
7826
21068
55917
12834
5571
44092
41624
30511
29912
62291
60929
48889
22527
35836
35597
10520
43943
19213
40833
519
27841
43264
21260
10609
13239
56618
39702
12173
20209
51225
47193
15985
121
33427
5806
36975
51005
16645
50519
32208
20251
46071
58099
85
11521
38245
39095
25282
52561
47832
54627
37176
14493
11167
53880
23264
52341
23301
61167
8034
60440
51533
33294
62049
44778
40718
38369
5715
30549
65129
59387
49772
64649
17548
59882
41333
8426
27161
16765
52378
52401
31969
2855
39799
38034
29726
57104
55275
39611
7688
39109
28515
11169
48254
44228
11195
10709
13615
7208
35972
33270
33762
1656
65049
58787
48690
5985
39036
15716
42329
39498
20470
25984
63037
41078
29562
8133
46860
7320
6426
32918
13010
50430
34975
58042
5583
673
35299
37297
372
40244
46179
11741
21506
40489
48927
7797
40748
18360
37094
43636
60940
10294
47400
44441
53165
31116
50182
22791
46619
39855
14128
63686
37620
8718
36146
36451
53231
63141
44214
30282
23165
27517
36292
18371
63860
21988
26215
59086
53058
30204
46033
17725
42585
21518
3997
35943
42550
51931
50477
38219
49626
35630
24859
56027
39798
36874
41200
32839
27170
23078
13079
25135
47101
4563
33055
27780
5955
28051
3433
8654
50143
19674
5193
45616
14149
40494
40127
8628
18326
15207
37306
64016
59967
47335
32197
38339
14970
29399
23291
3185
9437
7728
60409
24431
16085
17908
14485
49470
53532
3687
45924
11579
23780
58713
52116
5934
15135
35395
58547
22946
29883
29425
47219
34384
16568
58447
3296
63900
63618
56110
57034
19432
40649
63500
20309
19725
51459
31774
39181
58884
25759
15430
51487
50411
22173
27367
10604
32482
33419
2440
13224
56059
41670
110
40591
13809
15412
36106
19847
23589
52557
11450
56242
15784
34224
30884
57269
23163
40867
43782
63167
22582
44251
64128
32362
35389
35570
64814
56243
876
40912
4073
11600
5282
32170
12214
3270
19880
44176
43061
45458
8099
7226
40343
49890
886
51853
36982
20643
24457
40460
39947
11147
60431
6631
39510
5266
41695
9633
26169
5473
37342
56704
43085
4040
16806
25697
42985
17448
59811
62042
1607
17247
24911
34242
45663
248
43093
12557
37076
52595
56935
50819
47185
2511
34969
10160
724
32227
38536
16533
8469
56334
43042
31113
48897
61713
22004
38013
35701
4103
5178
63502
24745
28838
50965
22476
16077
11250
2374
4044
46493
41661
17628
27564
46652
16649
32701
11580
42350
60800
51478
61176
40584
51688
12677
42332
7700
42515
58361
32658
20799
8495
32972
31862
60662
10390
8948
4518
26130
55568
30799
22412
15043
47710
33798
13128
39343
3738
28873
35676
13569
2018
15857
22658
49799
41209
14817
59440
1270
20571
11930
49403
39435
36665
18127
27580
31002
59951
14416
53893
50726
52185
19869
17822
6801
50269
7301
30420
5795
41973
15434
53227
63533
34441
59654
5740
18930
44258
39561
59577
908
46310
17002
64978
6318
47381
38908
42892
49380
12338
30836
9001
35594
28946
47466
29833
45658
36575
13452
31106
53009
16708
10177
3172
45147
20314
27401
53400
27235
21862
62586
17395
54406
36211
49110
41176
6160
43
48605
19687
5479
24237
2031
55859
16647
51068
25258
16158
51662
56800
53968
45202
42276
49127
48450
47847
10286
43926
65000
37241
21333
34020
30276
31136
43605
16796
54149
61721
31719
13168
57924
22734
14719
7135
15210
7486
51902
56479
56821
47173
29074
38824
11376
31903
31713
58140
51083
28804
50933
13050
9188
39438
6604
4676
25478
8094
27099
35604
19839
23635
43431
32950
25425
26940
54338
22456
60152
35640
7863
15764
10719
18151
3949
27975
49355
61104
20733
14507
18531
61639
35346
20964
40398
9489
59882
22135
33912
27563
21597
19358
55535
59076
11804
20640
41088
33595
26695
31179
65136
9165
23605
56953
40248
33459
47172
6098
41871
10239
23590
28294
27324
57601
23177
41335
32970
49601
42333
20194
15108
3502
13749
7896
60525
8020
10382
13837
64823
9873
33196
51224
8178
60172
39879
41446
23580
46343
62022
22069
12742
17770
11519
49467
62840
7924
10233
19437
62632
50172
26856
64438
59132
32058
3758
4
21
64671
45577
10799
20338
35529
37022
29830
47500
33713
13524
8608
8642
29574
1383
59066
20254
6812
47861
16253
6234
59517
25738
15152
33996
24019
58955
53482
56925
55240
41207
9328
48225
32466
37331
19224
41588
6130
53905
24671
64567
40762
747
26948
12783
60886
54408
31429
18346
40418
21820
48078
27222
20291
16834
52088
17797
37115
3270
9650
42503
17968
35327
49831
11231
2378
22146
16449
40193
21529
34711
16457
3155
64626
42248
29421
48887
60068
55034
63648
49033
42902
5263
45214
60512
20096
27549
20918
47129
15941
49748
61143
49021
54887
54085
26081
16244
35214
46506
59395
6173
8038
49540
17435
36029
57816
61174
40504
44565
12192
1929
19110
42441
62548
25757
1019
29442
23337
50792
12581
54418
62963
12356
52752
13916
60356
5501
25319
24180
4521
63029
63383
11108
63513
23126
26174
10103
17443
56858
26873
11087
47286
10417
19828
64490
37000
39261
25001
44360
21225
46702
48189
57619
24461
23407
16548
64890
46509
39506
3874
24012
9791
14507
24304
42483
19811
40927
54338
6272
1401
25232
7289
29404
30341
14123
21246
22871
52687
201
14376
8096
809
48599
7039
65228
62536
56584
63592
21956
58314
6558
3407
29994
4689
64731
37777
37300
10766
35934
55023
41759
30000
27374
18818
6444
49199
27833
32241
64619
57286
57237
4598
63661
44320
11626
23893
35869
27696
38484
21783
11457
39436
46509
49316
25186
58650
36158
56909
56982
2066
47821
61414
12495
44823
63897
16874
15567
59110
51682
6033
58591
11482
47013
48841
22710
12742
32645
64392
42311
40557
53114
10075
27491
44136
9140
14844
33905
57869
42114
30752
14406
29013
37367
40315
53820
16028
24238
8963
30345
62562
58803
41994
26698
2166
31011
62806
15769
20704
29795
18814
36313
39195
29529
45963
25575
26367
41572
32438
8874
11054
43322
7294
44203
56105
23218
59037
63505
92
43209
9411
14462
18958
21043
28892
37068
16520
54088
59864
11623
14540
27072
41175
52861
15681
30093
58679
35840
63434
35737
60029
56093
63385
28414
55990
64923
3599
52009
35031
18480
13671
62643
50906
10245
2418
59862
1010
48158
61867
51611
62945
51187
49464
2776
60999
33972
46189
19701
20301
19270
7915
49365
4613
51533
16845
27103
51613
36283
5094
29293
57564
60682
800
51831
26262
36123
65321
54817
31576
51113
42670
49273
58719
2738
1808
42821
9483
13658
39985
54053
24419
33601
19599
64748
58536
23206
38897
64996
21519
17870
1421
27316
47081
58147
23842
56581
24503
30897
3110
30603
21149
40721
1577
57656
24738
12294
8242
34155
8424
15045
36098
53145
38747
49560
2222
38904
39773
36827
16241
12178
61545
46643
55791
17020
5869
29585
40210
62551
12680
57962
21976
35865
57720
34484
52223
12402
19142
16063
27349
35313
44515
46414
56889
41189
44048
26541
47197
16952
50298
54407
3998
21079
37970
48123
18384
61221
37667
56938
53906
17796
29814
14865
24718
64186
13215
59472
56982
52201
15314
58887
9070
18297
19442
27779
2859
20620
60573
28895
43520
48870
60674
59076
53469
35334
54441
26387
9793
48990
41771
61150
38146
30464
43278
60514
5365
5752
57632
3295
151
28070
53857
38363
30350
7630
9081
5822
33403
30975
3988
13118
62019
28364
57665
63772
15616
59327
61540
35074
37166
56860
55641
9047
30812
18154
35651
52064
58931
58415
6648
50831
55454
52792
55417
20252
39677
8400
33947
28630
1091
16143
14178
10241
58004
64770
33447
31670
63362
17462
26045
24107
19817
31007
9051
46646
61752
56160
9329
41541
30607
937
40201
9209
61707
23039
557
17871
39384
58030
47990
27690
64610
61628
46945
56077
57873
34025
63955
57609
58805
4245
56762
26783
8195
37935
44720
12913
19285
18760
34744
19830
17650
59962
54331
32998
37064
3378
60684
19667
60197
8281
48435
63170
26283
26247
60954
14569
54806
40646
30719
62034
60448
45852
41020
8676
12253
6913
30106
59603
37891
40317
38333
27633
12781
23491
63737
32891
33509
60156
32169
25782
35535
32742
11571
21031
13720
51014
40155
35047
11226
22580
58489
59877
64437
40867
2832
33189
49245
37704
50201
10154
19210
59056
32678
9459
51450
5669
61749
42220
38698
46825
62627
8901
37472
61635
42694
6772
5590
2805
46325
18404
36278
64652
51031
64380
16494
40930
4499
55258
7605
13366
33456
48599
5605
54340
38433
45979
48162
49543
13300
18590
22341
14838
43844
18275
7940
12921
25030
26319
52398
62037
11903
2132
52109
40147
25835
55366
46873
43241
27739
18277
13951
43830
36656
19660
52583
16306
17092
46442
25695
47164
63767
63566
16162
36955
28753
25439
25600
8899
36377
8570
61589
51675
19949
20616
40893
61691
44543
5137
60501
32435
18622
22729
2762
49217
21376
13009
20653
27343
62211
37446
44830
65257
25128
26677
43511
42541
44663
3899
11896
4096
1393
30015
26665
30331
39788
6736
31052
37310
23102
3517
53058
42369
30537
41352
47652
65002
64829
34768
64727
21000
49494
13453
2124
24502
63628
19886
56625
44016
14503
57475
27335
36600
21665
39959
14443
58310
8398
3048
7872
15183
4624
56713
3951
61368
46285
63499
33486
48505
58280
42529
29530
57339
26224
27991
36408
52900
59492
62252
16939
54809
9620
22180
4073
18043
18782
1281
26459
24719
29641
39738
15890
61626
36101
39583
56725
62015
32691
670
61532
30790
60151
26136
4424
43355
28735
47855
60604
23700
41880
24347
49732
60162
43109
61398
31344
17215
11094
47787
50265
48666
15199
23664
57862
43871
13284
10772
16186
15011
65134
51160
62622
43323
8524
22104
17247
6167
63935
62426
29065
38090
3233
48844
60252
28494
43687
58307
44474
52726
2771
4255
45966
38589
39617
17143
1814
13770
14702
62377
1906
10167
38113
27110
20193
28771
9303
613
41532
31911
57732
30926
61809
32497
52794
49248
54811
45438
47842
4370
47409
19918
9106
26194
47606
55396
15699
41210
51496
55685
34065
59599
58062
20259
34362
26795
3166
14919
1095
60402
18942
41892
26219
44742
2180
17789
11205
39125
55937
59875
52386
32132
49123
52189
41290
8118
9490
31770
57162
15049
14585
59808
49411
14550
51399
46340
22386
55586
48976
60606
49010
63172
35891
50181
12726
16779
2687
55469
27886
41972
40977
18038
54827
29308
22733
4257
50912
62476
49511
50716
34153
1708
11390
31188
25851
21019
38560
54900
32490
44524
49199
49592
45112
10081
35098
25032
11691
6440
17276
15462
21277
49747
42370
8391
49849
5107
51094
30160
5388
44734
45557
36575
12442
47682
25001
51219
38945
44333
10234
28539
64909
53664
53630
35954
28596
47715
49453
51330
33128
11142
33269
18939
60599
8241
13537
28388
49417
19816
38028
33482
63314
41591
23136
30836
55137
28637
8163
47984
14049
13499
53190
18551
29443
62872
19730
37893
42271
29383
32848
36603
16402
39035
24319
47451
25402
63355
29208
5673
16821
14198
17128
30361
10734
60111
4356
6638
17776
28228
30594
61309
5887
39367
41560
53917
38755
33776
15524
79
29521
23642
31563
995
42073
53546
25610
19469
53617
30901
10307
42810
17985
52347
36843
21653
31908
20339
19403
34332
45229
58560
42422
8767
19458
43233
13401
958
59651
38406
27200
6711
28199
831
47367
9291
52620
48994
58572
45301
29745
20870
22140
58998
57186
13924
19863
58493
3096
50222
59163
42156
25914
49734
11629
17659
34747
49207
50611
5919
33466
18573
43745
30097
51929
30608
64950
38638
34440
13274
42870
63963
64852
14167
29593
65291
4539
21535
585
17256
19303
51250
52173
28965
5196
42715
44128
33885
61519
53852
55026
49705
61906
58215
64661
37079
6176
15778
13740
12923
24803
11462
15849
24395
4353
28209
23031
9433
12320
20267
22094
61744
35227
7647
30488
2616
56043
39473
25146
58715
57098
12373
58352
15361
28248
28775
17986
11634
65514
40410
25279
39463
26433
7771
29542
57701
14147
35355
32855
308
57722
64540
30163
57521
42692
50608
56002
19919
46564
62843
46179
1798
1041
21046
39582
2635
41282
37885
41133
2921
61741
53093
32510
37415
9484
26226
22913
50859
11486
8323
54905
48823
34411
5293
25570
24498
45635
31621
58477
57758
18296
50037
54151
25644
52042
21184
44208
28921
54
63655
28587
21662
45707
36959
7254
10809
24744
9977
6863
16470
3352
48048
24692
24606
14572
60261
41365
55153
32760
55714
48681
23353
41496
22182
41765
11760
14018
37965
18526
19657
26503
62984
58991
28200
36449
39524
61561
19628
15102
51483
15115
16241
54189
59299
4532
26806
34236
41860
35599
61649
3048
29852
16221
29547
3232
31567
26337
7055
29848
50385
37027
21402
14944
53977
25388
35233
11821
15816
46158
21962
3982
26749
40202
38521
58927
32529
13645
34709
64929
5951
18298
29621
45959
34513
44321
35746
37219
5228
48132
34511
12944
33008
38319
36344
14990
49202
40239
18332
63940
49214
62450
2238
9904
34711
15693
57107
16719
26590
55225
20510
17592
46050
2856
63227
43373
19083
26817
61451
18153
24881
2123
22921
52717
51157
63877
50012
13479
65230
24013
48581
32808
36593
9876
41149
21682
48898
31172
58287
27649
40360
49993
15743
15076
8021
3527
65087
61666
9298
49149
32115
17802
35120
41642
22879
26988
15526
13880
38993
17002
26745
56800
19468
43965
50421
19705
10293
25695
20368
2494
12364
38413
43207
30942
13891
65083
44749
8462
1488
51005
57314
1536
6864
61923
64911
26111
28818
5797
15833
41069
9020
27681
24045
21807
12288
12478
49119
52398
22050
61190
60125
50008
10624
62970
47961
62711
7258
56952
32958
53208
45825
37732
42447
30058
14989
15498
23280
34856
55380
4496
25991
6593
34040
64773
57609
42093
62483
32003
30816
52877
47628
55054
40588
37571
8018
56648
11614
1558
46736
12849
27731
58226
51139
8558
12733
23864
45408
13486
62868
13403
33285
1426
25453
8518
34692
42473
26149
16192
64257
45287
1810
16253
34857
8698
31101
23134
21393
44072
1986
60742
24047
56587
27144
12514
61363
45906
58007
56283
5510
2121
30352
25034
44396
38771
65393
42585
51351
36775
23934
52516
51669
19668
29313
26728
26656
62073
39739
21567
8644
21286
44892
4851
54388
53528
9039
12989
32745
49432
49926
61098
60890
9077
5261
2582
44675
21642
47923
47536
34120
25807
53974
29585
31065
63316
49084
17673
16364
51746
5161
39767
54462
10205
27689
4062
32927
39618
18127
61525
50874
60566
20060
52198
32892
38998
20388
21110
18980
20345
11302
39926
33569
12069
31697
7366
40976
35625
45291
32539
53912
33565
64321
26583
17937
60847
53381
9919
41486
7602
9281
23018
17450
31270
22460
42742
12193
22041
53664
43687
20736
52399
65388
38430
3441
45875
15102
24028
10824
37812
26035
29494
63593
51825
38676
42209
33933
38997
22043
41394
6696
43524
64116
40519
13283
6019
37748
36350
61404
53235
54257
8695
23610
35558
20718
52515
13956
37621
2265
64306
31852
58777
44842
48488
37997
23843
22640
18412
45183
45629
16402
33470
533
58492
53412
879
21431
23790
51867
8751
48508
27770
60426
24248
40698
12548
3081
49242
29232
47600
64316
65201
28794
61626
50879
10009
63463
31006
55929
35409
42778
47692
64181
9782
63474
52183
3897
45547
55381
59104
49064
36589
31163
15220
50061
36053
33181
50551
13184
23319
32948
61117
17423
35422
38972
44761
42438
57933
19724
3360
26730
25118
38235
47593
32989
51448
46698
30421
49406
60407
12901
5515
63076
37243
49248
43840
33801
35541
22052
47623
49411
40314
53369
33642
59508
48345
12959
38789
61657
47786
35049
31431
63521
43157
41041
1036
60756
5796
59930
5560
41003
46541
8168
8618
11124
2522
33535
25648
30193
9503
49897
43203
27990
33377
32598
50591
40175
8118
57339
7930
42651
13813
4094
41656
1022
18963
14915
51138
55796
34667
20638
11666
38946
45910
57645
35428
40706
41882
26038
43005
24824
56582
51291
29649
11959
49833
59911
43820
2716
14789
24241
42822
46144
59001
7785
21623
12113
13548
13602
18765
6245
3215
19312
41870
38546
2476
10690
53026
25532
3839
38472
64994
6042
22462
13583
38374
19668
50318
28983
13732
21575
17202
45951
27225
22383
41610
5901
20701
31089
36647
60784
61023
54591
18102
64786
2600
5402
50238
24042
10560
56893
16685
17713
48415
4704
39228
42890
10492
42720
10592
13479
27559
30208
8840
15242
63949
28361
53041
3764
11832
46202
56661
17426
53202
13677
62934
11968
9114
62249
27097
37264
27264
34738
21440
28655
43395
40573
34630
63668
34191
38211
52388
13084
25664
15824
18699
29089
37260
39880
16170
56798
2594
57783
37809
1331
55557
32798
20553
4375
21207
54861
62292
16243
58811
43489
41349
42017
12847
46524
42452
10853
58333
43070
11429
43309
27919
22227
48738
5313
9364
57313
56584
39377
18963
31960
59601
15640
8277
43285
4864
57550
43350
20917
30628
48508
11615
55663
6188
46547
11708
65308
32329
25567
36508
38170
40639
46012
34902
36146
46915
61333
14261
60521
38214
42744
35332
20297
60191
14759
12010
44684
22978
64284
14728
35043
29669
13066
52772
27732
43387
19366
11554
48672
52846
56717
9478
61856
30273
31073
54200
21470
30056
33020
40069
18663
51974
38448
36607
59103
20829
46684
55686
58177
51391
46454
51178
8323
8186
36336
31371
27979
47314
10085
42724
64398
27430
8254
22842
1698
63224
8773
17783
2450
21535
47523
32783
17904
33895
11286
62078
63030
21008
28387
61063
27588
59488
33291
26554
30633
27940
46453
16769
61377
5458
14939
61041
29008
14928
57830
9740
10239
62837
18310
17249
34079
50055
29588
57635
2739
18292
60525
63386
63202
59168
33169
61251
43015
30128
50071
40855
31468
26798
62895
59182
11157
49292
31416
16518
51872
26455
13677
10087
4079
40965
29909
49019
25162
3709
17196
18609
32038
38183
44328
43376
26633
14252
33957
39537
29804
31129
3151
23362
24360
13265
35756
19533
34124
39985
35003
25668
38552
7846
9750
3798
21479
51351
20448
35215
9843
54472
51332
4473
32215
33229
55725
27510
49169
60479
51524
8463
29219
21163
63837
13907
10221
4440
6392
18963
19776
56190
46770
63243
15834
35626
5484
64688
64385
64543
21108
21321
61011
38283
17135
62224
19576
29680
26865
62821
11330
25958
53977
60687
50899
49649
8456
3907
41587
33537
48809
10650
17988
34360
21243
50103
35440
14876
18954
16073
51938
25563
44741
53946
10865
64883
48499
32763
12363
61256
35879
16012
25006
27695
28963
18390
61891
23799
49161
35605
8210
9551
55655
6361
35937
17621
58311
31995
7107
17367
59114
24799
29727
62947
45355
47183
13827
51247
18607
18055
5874
57747
35244
19412
30035
29370
5282
8501
15145
21970
60266
65278
29167
34189
64515
62376
42291
2883
7876
53176
47518
18698
37133
5743
38568
30280
50749
16788
3966
41368
26414
3520
26467
35335
45762
7469
11007
51689
39557
57880
61364
28705
48876
33946
25076
31602
14252
17642
62641
62425
55265
62399
54825
57779
55405
991
54632
62063
57733
48139
44516
52196
63977
18111
9230
18792
44456
14412
44935
16610
12948
32402
28794
46316
30660
23033
44575
17033
49943
57757
8650
36086
44833
11830
13601
48174
42126
31173
36257
65349
11891
55377
31985
9779
49972
3844
62453
49593
37881
1051
4346
35180
13027
60428
41987
25726
20642
24330
51143
23274
41596
324
4250
11890
18377
43235
59009
3264
21011
11312
54661
53238
48071
31155
24478
10809
27082
14997
27518
42084
52230
60575
12094
51676
33678
40595
47527
39545
64047
13013
17124
7262
6042
3840
9454
15190
36213
36904
62011
42055
4033
45131
23880
8825
2243
40415
29575
37086
60981
50869
8040
36076
56969
31742
62206
56242
10908
63559
48671
28436
46797
38889
32665
25658
65435
6211
10814
31934
21366
59636
38916
46308
20329
30238
37873
52813
14499
30160
11739
23654
39046
23283
61304
14664
37065
55770
13686
4671
7077
55338
10081
10310
56853
13092
7355
2640
47800
62143
56955
22057
17579
16436
37202
1421
39961
16795
6333
21470
15658
59432
52996
45474
1663
32505
24060
34833
64879
50421
31897
28904
26484
6309
51880
4769
56439
44091
5755
56672
56726
3842
29998
11441
37334
13012
13364
25621
19396
47526
31370
36165
37240
9706
41514
61063
30887
38793
53161
34019
12362
50119
19604
52031
16626
52147
57806
58933
20969
50824
30077
45738
59888
24671
60066
64042
12995
56782
52262
14940
63264
47817
9714
64827
13918
17683
56866
33979
50037
37614
16524
1555
1873
10047
24645
39886
17289
46713
61316
52953
3865
20521
14971
45841
9261
44171
18274
17837
42729
48892
32742
38425
10708
5208
62505
45231
61606
692
27512
32666
2885
14493
32847
3229
4627
45479
42488
14905
21967
32172
6930
28972
19692
32318
8472
5575
15924
13053
11610
19296
4292
44296
65421
16649
20224
64593
58147
32676
64475
62641
17388
49871
1654
53751
2521
63732
63357
9375
59920
18845
16807
24758
34502
50046
8946
2949
38319
59828
62060
53792
43024
8087
48748
2430
41843
35918
1140
37198
8940
26278
966
14566
46340
54831
29248
43438
19702
44979
54117
25969
19658
38629
9963
45432
14515
35691
1911
50339
43973
7097
15195
42572
47817
62982
31992
19023
23442
57112
19038
22906
35740
23160
3076
34890
43265
5697
11759
5261
49855
6668
50361
8034
60353
44747
53221
14082
31034
58352
8097
29145
17673
14699
29491
30116
31767
54164
9693
13292
56993
7505
48011
63626
44521
37004
57213
52056
54465
49396
51336
36065
9112
10196
50232
6593
14330
9723
32305
31433
30837
20382
30285
5608
18024
30718
2548
24482
49838
28188
18278
47898
59304
11267
35438
48624
61184
48370
58415
42492
49957
54466
14456
36985
42959
28620
60275
32121
45330
60681
13153
30612
50928
27247
51659
44279
5958
59700
64476
45613
47668
39027
52210
19542
11181
18042
28655
9397
64600
20597
8853
55024
31144
18022
16188
9763
27694
30565
55243
65207
56656
63395
57900
27337
32353
51231
15104
44226
14678
53410
804
47120
50539
24659
43942
16683
1935
37272
53262
57923
21699
31436
44707
48174
9169
610
7641
4891
39486
62882
19514
19096
63634
47240
42365
62166
51577
18046
36365
12963
59005
30099
21623
35471
45014
7104
556
9789
35440
45211
31536
60564
39430
44502
56506
21335
62600
32540
43941
31502
7599
57971
44911
33710
6368
45280
25554
17482
37392
1388
52071
43523
26960
7110
45831
55920
6283
23946
4014
35039
43747
38984
44753
938
57120
193
13111
14484
31616
52938
34799
1233
17339
41916
31683
48589
20839
18519
9143
13772
58925
46624
53761
49273
52910
8193
45411
50824
60065
38311
33090
60540
52117
16932
26618
57066
23825
1194
47504
28459
29237
34270
57770
6219
14108
48559
50809
64737
48240
32748
2669
16960
7052
26350
54615
52714
196
61862
57447
55742
53719
19464
37077
42340
4217
43499
21081
61703
35471
12197
11226
57570
36328
38619
58590
182
15402
24659
28652
7701
41273
62400
50020
30522
61537
50055
58060
23090
542
28103
10474
7066
48690
17802
27400
1062
59741
17404
18938
64322
31592
23959
41471
15104
13869
20496
24793
61271
16905
9939
2804
58761
58513
45819
59563
41015
10643
41169
39287
54460
11892
49974
12066
16823
38668
35993
39244
41285
29022
53392
40284
641
57523
31525
52309
19797
13233
13967
56832
16408
43530
15832
62219
5998
54443
11636
38360
28703
65187
39030
24490
20115
64559
12203
33314
29219
9196
62448
13246
930
5444
29339
47430
3607
29073
6120
22253
13339
43405
8535
41912
64268
39312
48499
25575
49538
18970
54867
53913
56393
12150
57339
33190
42760
38451
56252
1620
57746
4314
8378
13943
54463
2012
16406
50095
54147
9540
45056
5506
14426
58851
49294
52366
38093
26544
48663
65411
64160
10512
47530
63419
18134
11750
25217
27494
27944
40319
2540
32687
1683
28821
63852
55300
43400
16388
27664
18371
64524
222
6137
15985
20822
55238
7512
26914
4673
48602
17938
39813
35692
42748
2694
7519
46920
13143
44535
42928
61353
29343
7432
58092
12608
33400
26284
20226
11653
46032
19726
28463
5008
22234
14705
40517
35257
19301
43309
44401
46254
27072
64649
47378
40481
49324
2566
59625
58638
41928
38684
37662
47423
58728
51330
31869
26477
43592
45315
50608
5303
35042
62233
15163
53409
48025
12618
31319
52345
29636
28653
47194
31572
21110
34699
36570
37304
35344
3131
54438
8807
15989
28750
32960
60744
61384
64465
33590
2846
36591
17286
47431
17945
7768
33906
28005
35699
4244
28626
18701
52784
32228
33767
30184
35692
24598
47512
629
9097
5198
12112
10996
32144
38146
25676
35070
55408
138
53019
59052
43693
28587
42034
37949
29379
45211
24244
33980
64929
25637
13239
37643
62530
31373
20948
5769
36954
9179
21521
61319
38623
21142
33124
46802
2781
26952
49279
1199
42223
18424
3505
63733
44708
54583
46692
57316
755
15399
6932
31496
51935
39044
58757
40081
16830
15566
5307
43946
21183
55208
48383
37949
25908
11509
5328
22845
39507
46691
35404
9087
34036
57039
40594
62259
61695
56039
49182
42748
23696
35671
1528
48346
13602
49055
29420
64393
17092
44017
2048
40599
35079
20177
1339
39958
26486
49824
29107
57183
11204
44620
12146
37429
35261
22606
46992
36705
50789
18115
63009
34769
37713
44923
7202
26735
13768
30712
44940
10962
34648
54567
17227
21626
50574
57640
57775
2397
7450
36255
39954
33589
9534
35467
15630
49507
55495
5631
22400
61066
35146
49051
61207
29616
36156
59505
13327
49961
62899
24418
18061
17197
44352
15800
57118
34536
51002
61481
49744
10377
36373
33940
25226
5785
8928
5379
62931
40111
46566
2261
64606
41857
11510
44994
60403
43252
43735
6051
50052
8772
54016
26348
57602
52243
33938
21109
33332
40413
3756
34178
53776
57941
9504
49382
35691
64592
24501
18585
34382
15312
16871
36204
1696
40844
3255
12244
19727
63909
36749
14268
3735
42784
46068
55283
5498
42027
34538
28532
40979
24874
15951
47304
43262
64609
47380
41169
11851
61254
2637
38274
31172
10719
52945
21082
19118
47039
38636
18369
15584
49081
62574
48622
755
22879
57653
7338
37561
37146
7111
23304
21958
19665
16333
59518
3558
30598
38043
31968
3678
53743
23794
20040
18334
18628
37732
48289
3175
55388
57990
24759
34568
22853
30902
11277
55860
37934
5248
45575
16779
20015
37282
49566
35975
58927
20234
34947
13361
65285
46070
5668
13288
41675
7051
62063
20201
46004
43679
27208
34349
54070
54932
4078
17496
57039
14378
49735
22542
10867
39401
44060
18699
33511
55640
59775
39483
55672
12850
63747
27915
48429
18507
38708
37598
35701
6150
43295
7263
58166
36105
65267
42071
65335
20277
54580
62920
11172
4251
33868
6210
137
6288
23332
28027
59571
23022
3800
532
21550
31623
47516
64288
11106
60625
63720
27708
42643
47115
36106
34245
8044
48861
3345
11504
44277
15883
55093
49548
18908
27150
45759
2744
1674
10083
49913
2760
10994
47705
56143
6849
26399
53377
24966
30894
32048
36045
37888
30490
24495
44172
50734
43590
29258
61333
34120
49621
17441
60303
9677
6335
23310
19774
41649
129
52884
16325
22749
20690
40324
13739
46715
13100
18156
2873
16209
49127
43438
64635
961
24916
18975
22719
986
32239
40811
62426
41398
16817
11050
11204
32009
10648
37863
7245
19491
24347
29925
60498
37375
2089
31544
18822
33836
13024
24427
25858
24143
46193
21516
30822
1966
27252
63859
30494
36109
8563
25704
5142
12847
27748
12264
51325
43008
21371
50589
50996
55582
34852
199
6898
55597
8829
56966
33323
18943
33584
1602
57626
1215
42290
23040
1479
10276
50146
24127
9454
26755
52581
21805
30744
45151
1125
30164
59197
56041
19342
8188
18018
43020
28565
65005
22383
30913
41942
65150
45103
65179
36325
29017
145
53125
2240
54559
56941
31422
55744
58503
22977
23099
57114
8756
6599
35897
10508
29014
49083
62848
16938
23182
13529
22727
19531
52127
8035
8223
47072
48453
17779
59638
6938
49798
14806
31488
37472
8072
62004
37673
65206
28895
24479
26069
9080
3331
29846
14452
38996
39839
57212
27910
9173
49677
40456
59464
14838
234
40694
16682
50271
26495
599
57186
47927
21198
1439
31675
18205
13486
13707
55205
7046
63115
2817
42851
22238
42717
9903
1475
4420
11410
61535
59091
40605
54057
11017
47522
35467
61717
65150
12861
55788
36718
16663
728
14212
49470
598
9105
52687
2222
9375
63772
45296
45466
63760
23340
14730
15675
1013
48814
24514
9559
2326
63664
64255
29095
10859
15757
2212
56288
60346
14714
63675
25311
61183
45313
7504
52532
41253
7683
56802
61117
50676
118
12003
7399
54311
31628
34679
34768
47038
44543
24777
508
20420
47126
59475
7650
11609
46183
4660
55068
24834
61519
13906
43112
13988
56401
12933
53174
6231
41248
54321
41462
20713
33953
46893
25864
59889
52515
38564
8774
54624
50562
9871
37806
4199
3683
23543
27723
40979
60517
11557
41264
35304
37804
52449
62836
664
64202
4886
53721
54974
22801
48427
32672
15738
11761
21934
45198
58633
64604
33486
16797
64955
12396
16513
28588
31576
26186
5283
11980
42213
32971
39797
36589
34141
33211
55883
53483
9987
18708
55106
5136
29670
16619
31192
44438
13326
15796
61307
36268
34233
55811
23058
10672
54854
47715
61265
2183
13715
810
29353
51229
47087
27781
5388
27323
57575
65016
59946
31428
62569
43740
27306
24301
32065
34993
61431
20717
28095
47350
22445
10669
61163
9978
28132
9682
52869
59773
1241
36024
52498
18178
44230
42596
50206
40493
28918
32007
27502
7435
17154
3885
52736
55454
53016
14720
45282
36603
21848
9526
57731
56500
21689
23316
43205
37440
22541
261
62907
62206
439
33914
33344
17977
25390
31761
12581
39431
26156
31285
3721
8092
45098
63985
46717
2404
54613
58925
6812
12611
10605
629
5157
49180
19742
18464
22911
9533
21600
12384
2448
36211
43270
8814
59118
54231
26440
22609
30969
55908
18281
47685
38142
6920
22864
5857
11355
61309
2147
40578
15826
58232
45558
56126
39418
35546
48238
45778
65480
28829
38927
24045
13502
16043
52978
13148
50584
52248
53102
12551
29735
9672
9913
32981
57191
8691
2033
60632
1419
3551
29960
41605
38078
41940
62437
53120
17755
21918
6143
378
5517
62368
38445
41529
64834
21821
47515
46848
13126
31691
9830
41682
61072
38255
43877
57302
16651
19251
55016
9031
65125
46647
60292
34302
53675
22662
557
46574
30381
20889
54215
22597
48910
33860
38641
41933
50017
39270
61492
1535
29349
8009
21723
20315
42598
45468
2384
40195
61091
12492
44177
45020
29136
39229
57121
17267
44034
61561
9967
24419
13128
34411
27142
54246
7201
57442
35166
8651
59586
19553
18225
8453
8575
32973
25232
10277
6086
13317
10398
25752
25419
12757
43016
18168
43261
48376
24707
20363
20011
18432
22481
51684
35033
39543
20874
29093
35140
14188
14570
58413
29344
58368
43408
38730
101
28858
43354
14141
39182
12694
59331
16952
59028
2931
51477
11691
61392
14900
50876
2701
23839
41865
45713
15459
56193
5306
44398
63149
14125
48430
21785
24416
19383
27390
41447
57496
32927
20988
48369
40053
28215
14561
34448
24616
36096
60009
52594
13939
25311
25766
6572
31466
39537
11960
50881
33632
4759
38724
5378
34388
9705
45781
17078
23716
64278
63819
50099
9778
15968
27129
3651
29227
51088
62039
10132
6858
9613
34621
61808
33325
49618
34459
32245
777
17396
16282
36220
2225
36893
4983
49487
64977
51374
11123
41808
26085
42531
54134
53828
61637
7826
11565
2280
18011
5052
14708
43656
3067
50244
7465
4982
5761
11352
54444
58809
4209
14347
54340
1229
46323
16252
19757
46944
35027
47510
11822
43674
37817
63209
63348
15882
4823
19965
51198
14636
42217
21018
5091
20281
30546
62438
32750
10065
25085
36037
54245
32575
39442
16145
14480
26914
56797
65005
19862
19530
46120
6951
3638
8153
8286
2846
50068
28994
29480
60889
17850
53262
27694
25377
39937
46300
14936
48969
684
28491
40565
34679
60016
16034
9604
47538
581
1430
11761
3195
33614
61985
37602
32480
53542
48890
63314
24178
16175
39107
19325
48812
23713
17406
44027
46890
24027
42376
2027
48862
23981
37505
61876
63680
60123
1260
11983
37067
30909
31506
7080
24711
62622
46602
35104
24811
51563
38451
19326
35539
23522
26834
11125
11921
1382
6381
63224
21718
55568
30506
14828
585
31349
1965
24670
58482
62942
18843
60784
30870
20558
15591
53340
32556
5263
28120
63962
10024
18146
15033
48828
17603
52910
4008
58639
63190
33604
43947
44717
43673
55836
40207
39866
35557
18054
2069
42644
13668
7399
10531
11009
63705
37647
28304
7860
41909
64078
60955
57547
4340
3629
28167
39546
49910
32015
53652
35382
14088
35888
19585
23364
36614
32562
39332
8133
52639
25416
26251
29902
60364
15871
63560
40570
31137
33665
30130
58794
7315
53444
59479
10129
47326
34235
51937
47451
44238
128
48
6382
32512
44123
42012
13012
6610
21843
7962
2936
33585
24362
49581
55754
19813
39252
6824
32548
44190
29192
45254
24785
22168
32253
14104
16028
39255
687
19385
22058
7395
20483
36296
18115
34027
37067
2239
23900
42292
65381
13229
52077
29404
26262
16205
2113
50265
57762
8350
4023
12440
59787
24172
5710
8637
48416
64402
20189
15022
27833
12180
57728
2387
50848
42234
17912
54950
813
34263
15729
27904
46417
60514
23317
8461
22286
46115
58574
59185
9055
6349
24768
31290
49522
55211
27769
13958
41724
5095
19209
2287
38746
2445
47370
10797
50561
2377
21564
23636
59537
45254
20934
7445
8801
23852
57228
1021
26318
12409
8421
10852
6859
19621
42867
39037
15173
13680
25301
61241
20305
17201
10628
5533
17001
55515
64422
57141
54165
63732
1922
37625
8984
10910
58527
37604
2258
44008
31691
41412
3181
40063
13195
16245
63160
54122
9127
17882
43693
2175
45737
39195
56992
43651
13257
19672
9046
17041
58819
4471
53737
49282
52697
60686
35908
3760
55908
52524
24661
13323
56535
41697
58239
44711
8404
39048
55156
35412
40716
13207
26067
55962
14665
17298
40868
10317
29384
47885
37715
12697
9548
18944
13609
24690
35198
57566
15490
9305
64894
32629
8460
2237
15137
16405
6958
54832
13722
43503
61736
53339
16955
29958
35425
41544
38663
42965
3921
61192
39425
64491
13945
36641
19505
57542
29425
39624
59085
5537
39347
17571
28171
6627
27765
49647
62097
33453
1009
13040
47496
24310
47281
42594
45986
51191
49172
17310
34597
20848
56125
13349
24385
57428
8520
16951
61189
64531
55034
21793
61683
38433
18821
21342
4606
6195
43706
11448
8956
4210
10820
13992
6638
49261
29491
34995
15656
19858
13190
29844
48278
30299
40454
15360
20076
22237
63692
8450
36355
44784
45615
33948
15509
22632
30310
18170
50878
25173
56021
51519
10811
3248
24734
61108
46767
18791
47995
44935
31623
50520
45922
38357
6116
36052
41413
20452
1164
24687
23374
62313
41378
31756
301
3553
59886
27581
14519
24634
16639
8422
25501
36251
24902
33963
31834
1418
59909
33956
23232
35299
7737
32959
1036
46387
63249
39819
51826
56147
12616
8251
60145
53942
28739
61766
18128
51335
4977
25096
31532
18
38177
42193
37512
57003
38973
33127
57838
25148
20319
5196
25966
14058
10718
8420
9314
54278
46080
22064
2587
3329
56267
42046
3576
43120
16346
56800
12565
3193
44816
30003
47292
19095
7892
27566
13342
55521
31867
13628
6023
63604
6570
12919
21831
21042
52375
28304
64848
6619
63016
5358
15685
9374
57317
23689
34815
4137
59222
42165
64580
51007
29517
38159
57863
35840
62545
30165
55110
28686
36144
48429
878
52381
9236
30040
5582
9627
19921
41043
29378
59948
55284
28349
63653
47422
3184
14577
23522
55600
55536
15826
17332
33665
8853
17001
45545
20111
19161
18469
52445
62760
12734
64210
29504
27130
43171
8786
27258
25566
61057
28770
22338
52892
6319
61932
34025
39241
17272
53538
11089
20898
58656
12046
13448
37991
31024
2607
30655
24104
56985
34435
20139
4019
8897
24975
38615
55587
50226
42684
14569
27375
35765
39979
7825
52760
44593
56853
40876
22546
9610
32386
58408
25518
20653
3062
37122
25602
51219
11307
60783
34401
46220
1619
57755
37295
34363
935
30281
26651
47008
55350
9306
15403
57040
49604
26188
25693
19889
54000
34116
15218
62846
49487
24825
13080
34668
32937
49196
7791
25485
29716
53494
34552
61550
43881
36378
53364
30726
21586
27130
24208
22731
2303
22624
50079
62930
62942
31857
8277
31902
33840
37778
12853
58074
24473
43201
26823
25098
53544
48790
21957
21779
21174
36397
41020
41819
26343
46888
31652
62578
56358
52871
10101
50395
36255
54662
46354
11233
40309
4432
7722
5209
17684
16755
3519
22422
12950
20359
18372
60859
10261
4263
18728
50173
42252
1327
38333
37675
13888
40048
54493
37287
15130
5679
25755
5751
16370
49960
61609
15977
35768
16546
10716
62464
23836
51413
760
52817
28482
19638
4701
15446
54861
50547
46384
16881
53457
34868
8416
62545
39732
63475
38778
12268
25141
5581
48126
12538
3915
4814
27857
49831
14190
23467
11120
14152
55934
1543
21193
1708
53602
22855
24162
1889
64692
47946
21137
37715
46904
49417
61800
53042
12620
61642
50385
45946
45158
37416
29384
50994
42736
23770
11267
11525
22909
60125
49466
59186
20711
9817
57848
26225
15934
40921
42171
16125
30841
12188
11583
45593
49405
45160
11815
53018
15669
64137
62072
16644
46310
9156
49783
29406
43673
63026
32510
45193
22156
27501
57355
23419
40142
43579
52885
989
61133
10177
25198
61237
23039
5672
9292
50740
62247
61808
36525
44270
9527
556
37478
11218
27075
18260
55421
41955
637
14921
26254
34107
55558
41654
28906
26517
24201
62146
21003
6626
9759
18601
5487
17888
49389
47947
29890
36151
13987
50875
63359
11511
40908
9300
55464
49970
26788
6395
5193
57087
10004
23253
4124
5384
15596
57277
16722
34930
8288
48970
54284
33714
48161
42596
61340
59313
32064
39427
24416
59407
19320
57907
43185
43379
37842
3268
31107
50138
4179
3364
21240
60367
13652
26880
46038
7032
32614
20872
23423
39149
65206
35217
24138
14690
49878
56514
14095
5271
34804
49364
52876
63555
25810
14396
64168
24450
18075
6114
34737
27772
13032
24867
37852
60186
55925
22541
45702
16809
14471
64888
1211
43595
55109
8766
44373
29803
19829
9358
39775
53777
30603
16692
47330
9201
10447
62530
31333
6909
23823
24350
26745
46510
36576
14467
43518
16725
31634
28625
25418
7792
61171
2148
14348
16378
56643
22851
58298
25461
3240
34344
65470
43513
31548
54792
25399
50345
30311
38406
52298
35887
41494
57618
56704
40269
57393
45173
59346
25823
29709
31389
30648
48257
2423
20307
21025
50302
58651
33582
33447
46330
3449
52397
34039
31629
27071
44473
34512
63342
33570
58901
56967
58120
9888
17394
37728
10611
47612
47516
52095
32216
65530
16917
46755
2921
20755
43104
64203
40029
20117
20436
62389
43720
28337
19958
25150
6945
23087
3690
18176
675
40138
36191
18406
23621
19747
53159
11518
26000
7116
35168
55814
59924
61060
23164
53464
9249
3187
17972
13862
13384
59252
28061
54066
65216
9211
13855
52210
61813
11642
31236
22259
46502
52921
52027
8078
25785
19294
1925
47005
34822
64688
40871
17470
48762
11600
49186
6571
56477
6548
10005
45017
27105
57457
27890
32046
21402
5005
48345
34058
54288
35651
23234
1290
4725
15706
50078
59516
19852
20342
54674
43631
52538
21534
45789
37003
63914
17436
37959
737
29427
28789
36043
32907
14770
36038
9388
58452
56075
63711
22789
19260
44872
9167
63267
6222
64761
40508
20900
48909
2898
4697
37101
57096
52571
28421
11129
57555
9142
63086
56276
17418
883
4258
28109
5033
5762
23145
40890
33866
37248
10431
43700
11958
21747
22486
20062
38083
34780
24678
5457
50740
38453
10326
16772
32620
62421
63539
34063
55836
65113
40182
61376
22353
64790
35583
59752
23000
17662
30238
55688
54897
1703
9249
41941
22724
8164
33016
1995
10177
19756
20803
32112
49987
54529
14476
63327
28774
42393
38486
31109
15973
42298
56198
34770
21004
5274
52217
61368
52785
21443
26251
18565
43419
12879
31005
1319
7125
9515
36906
9864
13753
29768
2885
2496
38056
32291
27179
47917
57697
57964
54616
17477
28791
24439
26189
9026
36549
32203
24723
19141
43797
100
48685
29031
55585
6821
19712
36184
31883
23505
13047
33934
65267
50006
43044
7683
62585
3529
47987
16670
33537
56725
22083
36234
22615
21755
27474
3923
43402
65510
51341
11485
35255
50617
19523
18476
18920
11926
32088
64826
35481
55516
28251
1894
54416
16779
6922
45102
6636
57630
21881
40195
50983
4986
31798
1561
31282
22791
24134
34100
34833
18329
6090
29963
27233
39022
46615
26534
62288
1644
34581
44401
36577
25075
7587
5212
45290
10872
63730
56211
10332
48141
33993
10278
23935
62135
50918
13212
62493
22876
23532
10909
5623
16861
142
37760
28767
3426
50713
34608
64259
18015
63098
50739
22766
55202
10761
57265
4255
64135
57220
13081
53231
65355
45553
63624
62467
52100
37842
15668
110
46049
58411
34152
21142
43344
44050
22278
9182
40245
47556
20741
31153
1448
11656
62852
27000
47842
59920
42695
31168
33142
29830
30233
22238
62713
21423
19692
51377
43144
65187
39084
14106
42048
2053
12178
52954
8263
29502
29746
64440
17707
63205
1895
7855
35619
11147
51966
208
65023
25904
10299
53314
1563
14916
34708
38741
42537
42431
18456
50432
43951
5740
59263
19180
1200
64354
40991
44079
54299
12707
14831
14063
29557
54143
5698
64032
32795
18959
49777
1796
25059
31866
48386
14781
48801
331
60695
59294
15339
30863
33668
15888
2938
65494
22716
49745
49829
64947
26654
56876
25854
39403
22892
64161
5059
47118
16924
17230
17289
62224
41451
48794
51162
47181
15468
11789
57587
26500
305
9278
23718
42344
54920
41712
44797
15774
35212
17863
28748
35442
43636
17601
21081
45593
35242
5061
31626
59269
11331
58077
60564
1087
14022
38297
9866
32206
53658
32757
51240
8472
34438
4663
33644
43891
26049
28262
45620
40411
56496
54863
49816
10745
59324
18225
32308
21553
7017
6538
59351
61723
64966
42473
18165
26282
46387
60806
51641
50749
18874
53170
20588
22052
62021
51839
32290
13395
9544
62857
10038
16642
1054
61413
43691
50177
58335
50539
35909
12074
55715
15531
36928
45791
4404
62971
65247
64431
26824
59556
50344
28437
48834
36874
712
51866
29775
44581
29232
4505
40749
42177
13425
43396
39635
43683
43484
12124
56887
8147
33355
6477
55315
8142
29642
52388
49927
13305
14939
15882
37680
14224
21516
62797
13457
39246
57626
26909
3955
47665
63440
16832
25953
25661
59357
62374
21078
62777
63698
50096
40093
52350
19839
65020
55113
37707
13889
36086
1732
37092
17012
36274
9577
30654
9668
1024
28820
58174
33272
29037
19923
26744
50639
59786
36262
27755
11919
36689
4969
44620
23589
12971
19793
48548
49590
62349
7921
62415
60682
25898
123
13502
21646
22730
25406
4934
51343
4812
64217
602
31607
50889
62589
12238
6830
36900
51229
7806
51661
8300
36369
14509
2683
53996
22614
34398
10861
57309
22920
3039
12729
58351
58186
10166
21789
53145
18934
31482
11759
44053
52209
23925
37968
12908
56008
45575
49840
23496
58512
16345
15473
23732
14555
28498
63428
40436
47272
32165
24445
14406
64153
20640
8292
27172
19892
51114
61387
24581
29009
44454
18579
37456
25928
62943
25016
56283
52647
36165
59074
15348
36045
6353
37417
26916
37714
53113
20188
12760
29629
2445
15258
63721
19617
58620
15800
31666
51966
42363
65486
6179
49378
6741
60826
34193
49896
44854
25832
46639
7482
24478
29723
15156
59880
41338
54969
20413
61485
13540
16531
21300
35486
43362
36339
58102
60039
42361
58256
48351
37460
1761
59036
28987
27698
32359
3412
25214
18483
25430
20637
1629
54552
56071
19859
12703
33344
35412
4770
7938
60137
35855
10865
44305
30517
26741
44533
37944
49877
32094
62067
58163
46489
54681
28832
23268
38934
27795
44696
40322
64809
32910
35247
47814
34663
1099
19113
54615
35212
7929
51819
20638
45625
9965
27530
47811
50415
46991
413
27694
58660
63132
60027
16992
432
48728
55921
7754
44498
1865
41044
47657
37904
5451
8647
65155
64758
39196
38889
12923
12677
1162
33762
63408
46509
6828
36135
36111
3938
49362
35183
19127
39119
28017
22893
53531
15373
15613
8057
19282
52676
5660
30424
18379
61610
34322
50009
7276
57424
4371
20463
1135
51061
9796
5830
13113
6795
12517
20151
54144
53824
54421
57134
22463
42382
34746
18946
40755
54249
59476
12201
58026
5932
34871
23835
11432
43486
44641
22491
11030
14685
52934
47551
63004
33162
4267
17443
43470
20358
40126
13415
47254
22228
47990
43858
47780
22744
20699
51041
43487
23776
46594
11197
54149
42802
58478
22672
4190
22333
24350
8719
63851
1986
3143
64461
64345
31777
9857
32167
38510
28347
2657
9787
1245
34958
20376
56230
39442
2032
32529
18431
17663
34500
43773
18807
15870
7804
12533
10030
30199
65263
14300
59096
2183
30504
25355
16270
40105
6781
41024
50455
34178
19493
22693
36577
38879
37229
21201
22375
36064
30246
12866
14170
49040
3312
28808
38123
13156
47135
54374
20066
30997
1014
31203
57339
28219
25845
10981
18940
9288
58333
58434
36976
30103
25927
52259
15240
32143
28544
13680
9364
38451
35569
47015
2955
38110
46270
40237
50978
5429
16048
60457
16486
13353
53151
41136
16109
30746
51431
63415
25710
20586
2580
14957
24752
7363
8595
30843
6494
48942
18670
7902
51681
56685
25614
36731
15967
26595
4620
9739
23742
31293
39007
61388
38322
11545
45602
62080
18022
41738
58879
62599
62259
56679
36589
33929
18852
48610
62984
60271
35194
17807
33143
58091
48322
44219
43145
15892
58677
20530
26889
28653
9719
58261
27027
61227
59813
42417
65451
51319
21250
7601
18224
13645
18969
29719
35040
47352
57946
32475
61154
62305
30346
32267
33208
39514
35117
1458
15651
19226
875
32282
59215
26104
16041
8150
13284
22372
55835
56531
41952
61142
40668
23488
36897
53807
1458
11716
5167
5288
16952
37165
8188
31095
49757
35249
23783
3475
62912
33337
13907
1745
8435
65225
10630
34974
30427
63722
39576
34491
60078
19887
37719
20942
51170
53790
22673
56380
20877
11426
44587
32540
39941
33495
49391
17155
9509
61321
22681
9362
35595
63513
44582
22296
26005
23213
5213
16642
6931
36634
26298
34220
21038
17308
57909
18193
57473
50346
17835
3118
64931
26471
47323
52296
36390
33381
22067
31744
37574
31446
39622
36789
25541
44779
42522
36198
27784
26728
38312
35118
22094
3269
18237
35276
49976
31934
37966
52594
32525
58509
21474
45499
29990
40055
26695
32735
11340
37447
10609
61655
4399
22434
44015
23118
39890
6796
11968
26381
24638
30070
45563
46394
39847
30380
31589
44089
9531
63441
25748
32700
17031
21092
56982
649
35149
59782
53493
1831
1881
26046
37296
27833
42509
11284
10366
19656
56899
16130
20560
19020
35797
8691
18766
20245
19891
15924
4367
48438
40578
29010
34098
29484
50880
28067
24129
46783
19668
16127
63654
43477
1339
57592
34860
10277
15669
40934
19867
30186
33221
12379
35507
19600
15693
48159
36481
57522
36062
26399
60576
33487
1528
6531
39191
32155
57865
36074
50932
37623
9668
6403
30515
42971
42900
29672
24959
5830
37025
4651
60793
57110
63263
43099
51574
64062
6827
49907
39398
21795
54907
45379
15183
43024
64906
51309
7943
4439
43335
36530
50551
31051
34496
50349
62053
61377
58246
18050
59249
3236
27386
52987
10170
42794
28083
3103
6636
5534
32897
33973
64158
6994
31630
27186
10752
52234
12970
1437
34656
25029
40151
37227
61521
4249
56465
13207
17663
19534
52716
23772
24780
52588
1776
62046
24129
31213
18401
21475
11082
14580
58069
20349
25922
63614
19805
41053
19092
43785
4356
44010
29973
59068
14510
49697
62291
14346
42585
33175
14655
60974
40970
24524
59492
49566
42441
49293
10027
20819
38702
19663
63180
45965
46792
48693
64123
8544
51954
31747
47954
52148
59238
12253
48729
34936
49296
5049
16999
62256
16193
55465
29269
13934
44943
2852
23996
49132
3720
11007
52899
17718
38527
44678
6547
8112
47594
15095
34379
17848
2824
25841
781
44081
41689
50493
13922
4331
5042
24959
58070
62301
10202
46192
59174
18282
30549
53659
32514
31351
26538
24759
64730
18613
63242
63946
6329
56121
57379
3300
49935
16137
38414
40112
17991
30756
52325
2458
54879
62072
43435
23768
63729
49438
37777
48243
55098
54782
38626
7849
53056
9860
3633
31550
59670
32765
24701
34029
49395
26492
2441
40597
54358
37671
39789
55038
50269
36522
25390
50626
61599
1877
18200
60600
7382
49467
27436
63824
45578
16216
3385
11026
7960
48915
60576
50456
13345
48638
63683
7112
11149
13501
5674
39614
52950
15092
30611
18227
35107
61223
3427
11742
27468
61806
7676
60958
55088
60509
37044
33932
50545
37581
62011
53280
10920
14155
43039
38507
53402
30945
51988
19929
55984
60588
18517
63853
7885
22068
6262
25154
60092
59838
14308
39297
10432
5104
23516
54787
45371
61024
43230
40015
18663
60082
41420
19930
54575
11752
8282
53917
54811
40618
7319
51476
34612
42169
63380
55476
47693
49248
8330
55826
49200
5912
7702
48710
7893
1806
13510
9135
50171
27615
61664
31709
54307
4986
27941
37153
2766
22736
5550
45595
49076
36234
54418
28187
9382
25933
10714
15777
34203
7639
43360
33922
20139
12237
17215
61149
16502
45851
18039
3565
9694
57556
59512
17371
64508
44289
31270
57952
12310
37727
15066
62293
40032
51839
15120
44777
31625
60189
13067
15377
12507
64399
44922
23335
19155
10731
44812
43635
64046
2148
64515
54038
43822
17790
3353
41725
53530
15297
22305
27605
49920
17633
63055
679
4237
47062
22258
25718
52103
27840
57891
26469
6208
50160
53290
63568
14317
31349
17043
62590
61545
32537
37974
4350
30375
57608
10813
46552
19742
15884
63196
38148
4013
46231
22401
59268
35218
43859
1258
8516
61842
39113
36409
34418
34129
22915
59036
18960
25245
9104
55119
35205
64919
48839
61578
33938
9074
2864
2877
41291
3322
18049
21865
42884
56510
44467
63518
6510
55664
60699
60524
27345
1960
50029
35730
53328
57948
5035
45864
22629
17906
4248
36999
1438
25589
64007
1883
56092
23728
43982
8438
15204
45236
64527
55635
56624
3342
21834
7605
36300
23453
8307
64284
54059
39187
30623
62745
50106
59690
46274
22636
3022
60793
27663
42156
31924
3689
55561
30804
24082
34276
23927
51547
29065
51361
42766
18577
58476
63647
62214
44487
60149
24836
8184
24814
22138
27895
43670
27529
3811
15195
43679
64865
20878
64167
65184
51043
41242
65287
61119
4102
52220
15913
23778
9975
1862
50484
21149
41399
19946
31611
18549
53815
10142
50146
58532
37209
14519
50699
5235
17852
61873
20623
13136
42201
64109
58100
57477
21548
23170
21856
5157
47343
16458
42388
33908
3285
27877
41711
15140
31879
4681
60898
62209
61127
17761
15976
42125
7256
51280
55795
64122
9163
50648
62199
26883
59759
30984
26323
817
44345
38240
29423
36162
8142
40267
26658
30999
17022
54520
57480
19712
34572
47207
36217
64878
12443
265
51021
6535
55809
40234
54447
62817
3915
27792
40623
48622
10582
90
41666
18242
46258
27159
37619
42441
26937
7537
18619
30311
2537
50083
2766
2371
40831
47210
9212
27079
3454
46830
62965
34077
45949
3427
14517
27489
25175
56547
61103
39849
8395
36634
47084
40476
49219
33590
5702
33020
12159
14259
59497
60612
31098
57418
22174
54135
40641
47127
16893
57834
43214
29153
12387
54838
27182
11936
57769
52259
2409
13334
58478
872
35459
22067
17429
62906
33398
15454
62764
35402
7918
55488
34555
54656
8524
8994
30024
31565
13398
6392
14035
49246
62030
20976
25733
51784
56750
28616
7511
55337
56122
59838
2060
37407
19433
63360
6348
63541
25222
20792
51872
8205
9562
21073
4659
44982
43735
30386
22360
53849
26988
39229
28293
20204
26163
57200
46454
52873
30293
15266
37576
49938
39054
24407
11617
873
42272
34683
13986
37560
5382
13084
21171
26953
59591
11757
56705
12773
31501
38298
42581
59035
15055
18836
19281
8133
5037
63020
18198
28326
53543
50712
47401
49887
64688
21938
4586
17322
58266
31358
22209
1577
27455
2447
43682
47819
23031
11707
1967
47797
50990
50466
14614
55103
27979
47818
17793
41501
56355
52424
7802
20360
46766
51947
8909
6256
53790
23339
22423
8897
28421
5114
9584
419
1431
1857
6711
13961
28568
58481
25701
36902
5934
55878
47608
50911
54064
44329
2222
33332
22304
1640
11395
24770
60293
14153
22867
11144
60422
60723
60591
29941
23880
47249
56055
34630
34134
23011
28216
54832
63196
7414
60987
65050
26965
42228
18264
10479
4112
59036
40481
59949
51085
58318
51858
22199
45836
59903
64192
53505
8264
647
37405
36108
57878
13990
51382
38283
56188
8054
3262
53246
23608
4759
40981
3697
7102
15835
41143
47793
12033
61894
22154
58561
16985
40029
61123
15351
31693
52779
65464
7975
51697
47011
14627
17857
40009
23395
37094
49571
44261
11505
65372
722
45493
65224
64392
3288
16620
46244
45076
6067
18750
20588
46337
32020
33061
41407
22963
15672
45865
55447
23927
35798
6125
53692
32067
3061
39159
40372
8630
27987
55761
11404
55551
35491
12422
20352
51103
60793
14097
56543
12431
56576
6748
59817
35098
33442
21611
43271
19925
10522
22855
27940
13005
18993
15650
12223
43339
14150
32936
40330
17242
62483
5582
17629
30321
16875
3253
59126
7742
45389
62801
20776
10659
17614
27457
56546
9575
60857
54433
35112
2895
62205
2282
25668
41757
35376
60515
44405
39855
41015
61397
65159
38448
10207
52294
39180
26380
38112
48664
29524
60452
12697
28675
64301
52219
45677
63702
55151
13788
4156
32353
2502
37574
21278
11819
45789
34502
16013
32407
47382
40090
18519
63280
56361
34230
65399
4674
52016
59958
14255
57785
15943
37778
52307
31876
58400
48904
60327
21039
18202
46628
20388
18873
51787
2466
33484
35899
42479
32136
18901
6660
6653
45875
12103
21154
16289
57913
42372
47149
14770
22024
16221
138
58239
14787
62944
25576
8355
13181
61180
19336
63167
33373
29838
15959
7717
39740
7612
21340
56150
40460
24217
20927
10511
10065
29020
11242
49121
37823
14413
50826
47371
21584
29801
40360
51583
33347
34814
56002
57748
57425
49074
37614
22486
43821
12558
61675
7434
377
40562
7317
23175
24598
57940
32981
44814
17378
41549
16200
28116
45940
30652
18711
38682
22720
50180
50898
38640
31937
29194
41962
3536
64960
12132
45139
29041
40048
37999
11775
58796
49998
25735
1264
41337
18166
15980
9587
1817
28597
44010
62312
21539
47320
7846
38829
37387
18408
61536
40055
19781
51467
16152
45795
53785
49039
12552
36139
58259
11719
18549
13150
42052
19473
51839
44072
557
3615
37148
31245
32947
18398
40965
61992
14350
50456
55416
55700
1010
53463
5515
15773
51542
10209
56668
65199
14490
15575
22982
14492
51083
46687
16747
1735
46130
46179
20778
24364
49905
39090
62167
28115
11198
21097
48046
24906
24525
22611
16076
60574
28934
27716
6332
7166
38959
14294
35577
28915
22772
8750
31865
53582
34827
28215
1708
62587
49881
39471
44883
35020
40267
5642
8922
21008
20709
55405
62046
14483
32292
63276
41592
43127
5170
21037
22665
35132
38919
61338
32334
14792
32535
6214
13158
8665
41240
12077
62666
39474
60909
3567
41269
27908
60085
29709
10163
50964
40940
36203
28822
32892
12867
33213
28398
38280
7459
11164
53394
695
11468
38861
5846
53490
53394
7905
28047
7212
64174
63524
11405
63294
62592
56776
24713
59462
38215
8564
18980
51075
1481
21479
9304
60227
21741
20754
45236
15506
61521
30664
21464
25320
63421
39564
54057
16929
39162
63264
52710
21734
56440
43018
30169
2077
46839
56319
63642
24822
51172
52064
37832
63900
29659
20477
3556
6993
6010
2403
63541
30542
63233
18377
12182
39399
20487
17711
34606
52509
49760
54791
55894
64583
46712
8030
49788
35031
40667
29515
17814
56966
17924
6163
33475
14529
48870
17400
23988
39494
23717
10576
65228
63890
36910
47161
32251
51950
9196
38180
37999
31777
18756
60666
41437
39518
51667
15778
25406
34603
45761
65013
5484
12661
11825
20865
953
48271
7202
3042
11075
26762
63726
14281
3198
15470
16214
54936
30332
19151
39770
22257
37480
27098
15623
58449
6611
21640
44502
20908
52231
3918
40231
39521
19595
51424
3763
48011
14527
11712
38019
41574
10114
41632
53101
34334
29858
745
8682
48462
8306
11676
29797
19468
22497
10931
27378
16359
21976
38472
19401
62136
40334
43075
18301
31176
7819
554
55324
64786
45537
50026
46390
37347
16416
58100
42224
38807
21864
9064
25563
50605
58401
12697
6750
42087
56596
52
59138
23808
24585
31106
26141
17412
28047
24115
50365
38053
1387
27425
2107
16983
1422
15375
57007
39042
5996
12077
21340
49609
40899
39181
29242
43667
28433
4884
50189
5221
47935
46204
43510
52104
35787
42212
44353
38651
42219
50232
45226
54738
53888
3853
15303
2179
24976
29424
20746
4471
4586
32545
101
29605
65381
64328
6222
15172
38323
55196
9977
26369
59633
41087
64899
2832
158
53455
1531
60929
20920
58550
20865
58162
23920
50200
62006
65330
52499
31712
53576
52993
63149
23355
38836
4694
32965
14824
20173
61300
30335
25716
37765
7523
55203
4306
48635
12420
22107
18076
19392
42591
9260
11206
9088
30179
18004
40408
45916
41291
3454
55832
5586
13381
26398
15919
52831
6847
1797
49159
25382
34842
2805
45494
38468
37466
20214
19999
51286
57718
50982
4462
65513
46240
34399
36134
2136
44486
32171
22453
24077
51374
35248
961
38024
38509
37204
30934
39665
30014
15204
57467
55678
52394
21366
27296
19115
57974
9321
20700
54965
14812
50681
57756
6197
45953
5892
17036
12576
25376
31207
47335
5506
50753
42239
34715
23005
21637
29531
65522
21997
7979
40671
63739
9656
14100
46837
9748
36636
56983
22423
39512
16975
58813
16739
52196
47659
58057
61049
56552
46772
65091
995
26055
50346
4505
18993
32875
41301
16546
22563
53476
51507
15482
64208
60579
27740
61967
15984
51726
47549
62864
42419
11483
23443
3653
58084
81
38798
8216
53873
35943
61823
44207
35319
33728
26751
32561
51007
9909
24715
42683
14899
28421
48408
35783
31217
31861
7166
18302
9109
27655
42803
28572
26402
34583
35364
49510
42020
57460
6206
18337
29644
24478
36201
63921
30464
46030
64597
24011
9507
26048
24073
37708
2846
24269
34666
22735
56281
58023
23617
38431
62532
25759
51546
30770
187
35422
20839
56119
23528
3245
55778
22340
31812
49464
9732
51105
13515
13304
24265
63478
27537
21688
59763
10701
4532
743
17359
42559
36598
64486
19102
32090
62259
32230
61757
39696
28683
23894
50571
17093
46736
53684
20855
47706
6037
48250
14811
38016
35086
41594
22340
64695
48601
41273
7521
55291
37532
43228
9675
57756
50347
38875
62582
5258
33247
6526
31582
58979
35199
40739
47323
29126
109
37068
55400
7227
30420
62596
16659
48458
13971
52626
6201
22626
41755
38046
7438
5635
32170
53060
7660
40107
34784
387
41179
14252
1990
51831
51693
61144
9082
35294
29631
43738
419
36657
49893
18498
27515
35030
16911
57456
54075
32859
48576
5676
40485
47647
52722
23552
6573
15518
7371
18564
10542
30033
58137
34359
32803
26248
56214
6998
41609
5386
50113
24260
14987
63252
63269
19834
19606
4118
51931
62196
23792
58843
39638
62716
23955
42517
61305
6225
64651
30761
22724
35788
60416
49963
60275
5049
8954
64099
18900
22407
29344
57958
20160
6163
25831
62332
28054
4364
38709
12237
37665
58563
53793
36901
35449
16917
3860
770
8426
33868
44384
50088
38111
23513
18414
2464
59275
48874
53366
24639
42071
50780
27946
3941
40533
39988
15347
6342
35377
4062
9447
57966
21228
5732
30637
23194
10765
31387
55046
8017
44409
50340
13452
57532
22100
34364
13066
37855
48234
59493
61582
47850
6351
9166
27706
18526
9388
29490
7533
20493
30914
63218
1268
59796
50274
11456
15527
63763
18313
49855
26998
36874
3016
35867
35071
14178
13566
44768
26240
28615
41949
27632
58442
29334
23902
57869
5181
2159
40069
36353
20053
40218
48884
45281
44833
4590
7594
12908
39204
14820
9084
17876
48090
43494
28
28698
17566
29359
37903
61465
59012
8733
34711
15586
62944
1204
13273
7426
24833
53137
45878
18931
29151
11323
827
34092
43408
50872
17818
10394
17330
673
15458
16020
19467
44616
25788
24151
64516
22229
20184
58441
4413
29108
22541
35065
17429
28073
29852
8553
37373
37947
30618
44379
59680
29071
32443
7829
56960
18180
6905
7521
21157
31477
1364
8239
800
58777
32580
31379
4939
21379
8585
52246
46922
48079
43204
56212
42250
62299
37487
35029
5352
34777
6520
47836
29930
34379
53749
36683
13254
15701
21511
1406
56369
8749
45960
64233
44440
39485
61785
49705
29689
39102
29011
25231
45315
4581
9039
9506
18915
17324
35812
55798
42104
29242
18950
39358
41567
44750
15662
59153
42191
27983
12339
30629
60509
63807
58749
30461
9873
28313
52979
47942
62198
58251
33349
39611
6271
20053
1195
47702
54667
38845
18867
29138
40579
65479
8646
49764
47205
22574
52880
17053
36784
5129
62194
50359
9552
6324
51105
39823
26580
15715
6381
44783
51244
23066
30810
2316
18572
25953
12743
63056
31250
57130
35338
27272
37198
64129
13436
24404
37572
22670
30942
11246
15221
19238
33461
2803
63954
19475
5433
37416
27315
53799
3834
25178
19108
345
51107
41274
58011
14071
46931
46144
25303
25315
15979
43754
49862
1148
47941
19561
34759
13861
58405
45251
36649
12142
26008
64172
25643
33257
11498
50543
55487
37014
41012
49921
32996
12519
19457
14099
4367
3584
55602
48284
49912
28261
16445
39957
37110
10450
28202
23325
46701
13572
5632
911
56076
54591
56025
15041
36762
45623
36745
10193
51319
48197
4433
5527
45192
65103
9784
34414
18660
60983
9622
51218
50801
12781
35556
7639
14790
23705
7270
27446
48162
49464
15881
51647
49795
52457
14543
15510
42860
21453
13123
38926
54638
55548
41945
49699
57099
26710
19190
27989
48451
62377
5615
42669
2644
57776
22202
41792
23799
33805
44743
36811
62311
11865
3197
29555
39181
2784
43669
10562
4019
34424
30468
50531
2069
53064
49997
3704
20411
41810
30382
12247
33685
51520
16065
53478
24186
3630
52740
15442
17488
20456
57265
17369
23816
40889
15323
52599
51257
31637
19053
23540
60546
60794
60070
61730
63913
34981
49617
49793
7429
45923
54425
15580
46930
58172
12643
29078
22078
23997
43270
56546
64326
58086
983
59442
65410
21566
5790
39846
483
36235
27524
56942
54337
21983
30844
2143
11031
43742
6857
1489
39518
33375
64812
24550
55836
48674
59585
4689
6752
51483
14776
18661
42753
13038
41193
16385
7539
58218
60597
26200
59441
5482
62958
35660
53860
44628
36719
7455
57200
61363
9476
39373
18216
1306
26293
51776
16172
6036
37711
1237
32896
45929
59256
64253
36137
1496
23724
10894
40696
63792
14569
56643
58973
17953
16273
38889
44395
42525
15732
39419
348
913
58745
43371
7136
16226
29625
63633
43185
22869
9463
33109
27050
30278
62717
35627
11925
57733
17825
18563
17422
28617
29982
58547
35825
21689
4715
53494
30775
18493
14333
40069
19861
35541
14858
34208
21570
63667
11929
48641
51647
21284
30089
18811
22790
60445
45142
24393
60598
17860
57592
37469
63930
5174
51318
46963
8739
7661
22259
47749
41502
59009
32122
1423
29467
45349
45037
54881
42490
44681
14894
35729
27679
1844
10062
55008
33638
50088
16490
16286
47478
60135
34424
9348
17565
17107
40798
58183
24735
41457
62321
172
48247
39852
10190
61819
34863
58784
47249
21986
54394
14042
29639
50899
41572
8302
7172
856
23632
55823
24477
35348
61296
17151
56479
57012
27488
19507
1271
51914
25578
7245
27049
50035
32932
48813
41079
2868
47942
53733
55502
29677
34755
25144
18357
28627
59493
49563
12290
63616
12968
20409
53190
37762
22587
16594
52816
49695
6483
3815
54455
27587
25395
16351
1986
60342
27878
49474
25107
14028
54108
18190
40659
63084
61001
2840
13398
25472
43452
16579
56426
52350
54811
34029
43920
15626
24181
30727
7591
57254
34535
36824
9527
13226
14662
8861
28729
10879
31898
52539
1075
47325
6787
34550
6029
44835
16844
41456
48471
6138
939
18196
50003
11027
43323
20486
33157
41865
35092
26294
27285
45555
20807
20403
42550
57244
26487
20158
58972
1547
52131
35826
14775
43187
25667
16874
48087
64282
13545
9319
46866
56004
49762
47295
13343
29737
16002
10329
18730
29816
57151
14087
37929
8977
16082
2157
60052
40359
9252
15084
35115
62841
63440
30703
21003
32629
36073
64749
30031
23340
46632
59074
39926
29472
23026
61147
31376
18797
31106
48489
50330
48505
50964
25818
18745
4887
49199
3252
23673
28679
59535
49322
19913
40578
6593
53394
9703
43639
13486
2788
43546
17931
14361
3786
5517
64587
1205
54427
15411
6904
17240
22665
64737
6944
3350
32277
4552
53247
4666
33924
8714
43119
50716
27430
32158
37419
7331
8648
35326
32052
38599
22457
31029
52767
1637
56782
20412
64819
51194
32860
46456
55000
60180
27808
7094
51838
4591
50379
25738
50845
15183
47332
15626
29911
1829
29781
23451
979
9605
15429
30495
42649
53750
17883
24559
48671
34691
50800
32108
9772
54182
27840
14086
11906
34335
54339
48785
43970
36492
54207
45283
41397
10501
17745
60581
14483
25386
55252
11491
30660
41274
27269
63367
22653
57122
35648
33514
4886
14096
20845
13858
27395
47243
53128
48089
57714
19627
37645
56117
31363
40824
55971
6234
33001
50256
28772
64882
46140
13915
16666
41383
50249
21091
54510
44177
4883
62572
49423
18681
48854
44672
30768
25977
39873
2350
15510
1372
15902
16113
50345
50677
58193
18807
2113
4125
58431
60850
43501
55502
6983
4004
41508
2693
2028
48941
61771
19647
8798
45069
30373
12873
27246
44024
27918
6291
41225
40588
25419
60237
53246
52388
20844
53055
41414
103
32522
29932
15168
48534
26279
41868
15975
11746
11466
39731
57121
60637
61917
39384
27324
4784
40269
58999
41271
27476
9225
21438
45563
52107
45922
51422
29036
21674
5743
27548
40551
31362
23924
9853
14839
24295
44488
18234
16600
25545
19547
20259
64374
38703
57310
52214
33725
21226
13568
42885
6860
56853
57742
28823
17328
45946
32747
19230
45319
6681
19971
63579
32097
39565
9304
16331
47473
33559
15994
7147
50380
8049
44969
29485
44590
52006
4345
9477
52427
44037
6318
51870
34942
13455
42829
15614
8967
13589
19177
33415
53757
43175
31268
44555
60184
5216
11937
22241
39580
44280
30176
29276
8349
55877
39574
38117
48528
37526
14593
9109
60575
16565
65115
6252
29229
47086
10394
60800
54283
27963
3455
8499
7265
25890
44419
37274
10377
39663
10670
5061
44116
12637
5814
5878
61849
54033
8119
1180
41505
52627
11164
31539
54722
52265
19698
15814
19740
48039
49218
32362
22962
11327
17522
9140
64039
61759
63071
57710
11351
38705
44370
28282
45262
60208
22640
14350
34098
29478
31242
28597
4701
53555
63126
6014
2827
17308
53800
7992
8169
57844
12961
13888
10860
251
35787
22610
59947
25396
41166
34744
25527
65109
30062
49197
31583
51701
55727
43290
16039
17273
45893
36054
40091
28949
42314
56631
29245
15345
56662
53600
50177
170
6589
34546
54804
50525
9268
40680
31330
12750
19113
42463
42242
27902
14539
37642
27487
7590
30835
59352
33220
51585
57231
3044
19106
34572
1603
8601
13215
29971
49319
2212
27277
35845
13265
45161
30914
25205
15470
8752
8212
4388
41511
38652
20290
28543
30476
19711
25737
41360
26493
47092
64731
21033
42501
36225
61960
29429
40605
36452
61798
59212
46034
39342
23809
53783
39221
12245
15006
23971
9487
53681
60922
7678
21558
36850
19837
46431
63765
16489
53275
39461
12064
45532
6077
36004
55066
43366
41535
36580
12026
44235
6385
54254
16347
59827
62613
38329
37023
16464
57720
48451
33869
60205
28658
25645
3777
65497
34542
56013
27924
13570
14200
41180
64740
55023
44712
3485
4743
3021
7028
45031
6216
49518
7622
23630
6178
11301
40338
24141
45543
996
7128
8640
45
58180
7582
4295
65357
62959
9267
14930
39776
61282
23678
2186
2045
5326
28689
55170
61553
34772
38152
22701
16813
22943
41646
57219
52292
13114
30046
12739
9557
46543
62879
52332
38850
48471
20300
42169
8734
19723
44028
48238
55845
60761
42288
16741
59418
47406
20102
13782
37348
31653
27311
42898
62333
58475
3269
47149
7263
4024
64279
21760
31294
1970
19263
9670
43847
63514
21419
62054
30561
41530
21203
1995
22128
4502
50359
42002
20226
53437
41203
58106
55236
11455
32227
60299
14575
19207
35459
3333
14600
51119
37553
20456
18945
17523
30914
44205
16811
1178
125
22313
23677
2940
33838
13235
418
602
43875
37367
32580
56613
7625
26531
35917
22353
9581
16223
26205
18615
4943
62138
2095
7006
41157
20733
42212
21829
32668
49811
12385
760
4025
37773
48912
48216
35321
38147
58760
42331
41575
24760
1053
27704
29107
14626
22151
1816
35128
27161
49919
9454
23181
11272
22398
2240
39651
27054
15414
62688
18917
56208
42570
30220
37905
44772
36916
4714
30731
43300
22978
22005
13430
39878
56427
7836
25186
50712
12775
7957
46600
11828
36107
19739
35652
23157
50316
12934
5600
39333
19583
62542
23095
37129
38599
50427
47733
31078
35727
4482
48039
40706
36977
35608
32296
1187
62126
37621
46501
44398
414
27038
37080
29302
46842
58175
43003
63271
64435
5702
11504
29877
47007
28943
58650
11427
35289
18971
895
33912
62466
53128
4035
1467
28679
7012
31930
17651
29594
17494
35266
40023
20326
34507
41054
4140
23595
1537
26679
53655
17235
61051
4671
34880
3749
64543
26296
64073
29126
60746
20660
33633
13148
26525
47382
46844
42913
516
35276
33747
9073
30360
37282
33953
29414
43417
14862
61380
3930
13121
19720
27701
7035
2139
52001
42715
49980
5722
41407
50910
37148
16440
10551
788
3940
4591
50164
41934
23626
58466
51318
39643
44050
12656
27874
36867
22107
7647
39755
26216
13282
50474
23351
37726
5746
11065
1946
18064
37923
15836
14975
5347
47808
9748
57165
48543
64761
39586
27016
47540
2307
41917
59762
633
23649
25020
1122
33201
54502
22448
18591
44112
10794
11422
27342
31529
7074
58964
33580
34359
35400
24296
48529
45823
28057
18938
12905
37259
57066
53194
2467
53701
16620
27354
50076
51874
51137
33031
26945
47790
62982
50145
9470
4157
46782
60105
44835
12837
23227
64896
44568
25764
48927
39171
58950
18042
45854
22274
45510
31969
20393
27408
53067
27096
37874
9445
28769
26373
8276
55194
853
22509
27460
7040
37307
40922
2718
21496
29289
33674
36630
18683
45200
44530
31513
13051
62424
419
20384
145
2331
17616
13893
11982
63379
42778
48933
3091
62717
26263
49508
24466
38123
54182
30569
447
4337
18787
18257
4535
27092
50813
21921
8602
44286
58959
14814
52484
55123
32740
51559
57522
28905
53
59274
14406
32349
64374
27207
54065
9198
37378
12005
27357
65528
48235
243
64500
4049
18206
31446
53129
29919
6880
17509
16563
31032
33718
48428
21863
39608
5099
39450
3727
62160
25427
31968
38493
39198
38711
55442
50619
37976
53581
49982
12146
12343
57979
20632
56284
27123
20533
14746
14134
18467
46708
63909
20740
64831
5538
50814
46308
2196
15318
28171
7054
19684
58060
41718
59191
48646
46351
32941
28236
19409
15032
30212
19540
7931
8390
11977
36346
19860
51722
25254
34296
14035
25200
24413
61586
27062
2171
55791
61814
41209
3976
12768
27047
53414
9345
14187
60437
57488
36216
30282
20372
5746
6613
38864
44656
18520
21732
15889
29369
23073
1615
17776
52654
21847
63039
14561
62213
62696
33890
19599
53911
59075
41434
63107
38426
60563
57191
29856
35027
36005
4550
43761
23773
33311
15270
58383
56238
16646
40628
15085
48418
32871
22998
18314
49666
32216
37009
23220
60861
12140
61634
33075
1806
53528
1923
32560
4678
27599
44194
6252
25229
14955
35663
3965
21631
2249
6621
25648
7827
22042
61011
5219
52545
33176
43408
18279
64041
6409
17205
1658
27457
64985
5051
53387
49109
16752
14149
28107
17301
15612
19617
15061
58762
49582
24917
27517
37575
16433
11357
43363
35887
28535
41535
12336
16703
22798
37101
60045
50288
27380
23186
37399
4004
55355
35572
49364
48081
53431
48554
54516
20121
18268
41337
43808
2374
55487
30800
60615
7971
14367
36528
26256
35371
31962
52720
48616
558
7296
3113
10336
16281
56148
17538
17515
57799
50705
17962
29752
47212
4036
36261
62095
42747
28796
7037
26506
27566
47789
32879
47340
21590
56139
16010
39932
34701
43686
26235
15484
62056
42843
19707
6454
36468
38802
20039
24938
48643
19847
25418
23497
29409
27118
13721
37618
40820
35416
26033
39243
35627
1824
63970
54398
45675
45435
4574
37562
41104
17317
11823
38824
63476
45176
63115
7900
51894
6194
56743
56217
29447
9731
16891
15252
8762
37508
13621
2808
24992
49114
28749
36067
28052
8422
8873
59427
53870
34382
34814
21411
59644
7427
24253
36539
57151
32932
53662
15262
38397
49942
35011
14836
49248
64775
2518
20479
19481
2861
30668
43821
49233
22039
44062
60336
20395
15010
44410
29929
49821
13450
27949
33465
806
37906
63404
47962
21814
6835
47271
38857
6260
22721
44618
54766
52010
17405
44109
37783
5030
59131
33833
52664
12932
45166
37059
3305
55782
42556
63563
35544
38576
37771
56727
39002
63330
48432
2393
27703
48358
30835
60361
58628
53708
41966
46098
53514
6724
14233
43824
38647
50557
5505
25800
48416
35965
30038
14006
52438
31580
6196
4274
33046
31389
42896
22827
64213
34115
23745
2067
55376
23778
2733
24234
53901
35099
41084
49022
10642
22523
3469
22656
44713
62346
4307
1982
45804
59529
30862
29631
46240
20430
33148
14759
5089
34340
44400
28804
11914
8988
58332
15725
46752
30437
50001
12749
52725
55736
30109
47897
5693
37889
60163
49011
19719
63539
33461
22954
35218
9097
13947
45540
64459
48857
10308
9188
1881
41966
40666
37389
55399
4319
156
59887
6853
28347
29979
12770
52167
8199
13515
21363
20124
27178
17432
10611
34222
40223
31067
47331
30560
54297
21659
48465
48055
51188
30230
11673
44284
32062
27634
60965
4502
2190
64541
18134
46684
64637
60187
62904
42169
40846
31854
47947
20299
51729
19711
3254
4613
28911
14214
8189
16340
16890
7294
65195
9087
44821
45077
31191
31212
34868
36983
22562
16564
38849
38303
20247
13372
34770
15981
59403
53300
2032
25248
62143
2600
30110
38304
47522
20543
43807
5025
62867
35841
34375
59026
33657
40321
36588
52730
60606
20397
61561
53549
22021
47463
50598
62283
52449
57512
1680
55234
8382
39958
29131
30997
36283
4335
27247
57216
36992
18624
47400
12741
21903
3091
51938
34142
25777
43929
59095
14261
51591
18405
56481
5054
16808
50453
23925
39716
6256
41473
15047
40057
17028
10277
8133
24915
16905
14462
28809
61326
48964
42204
56040
18507
19216
2633
6394
47812
57113
10248
55783
15378
28032
18197
57343
34335
27384
50937
19970
58689
3349
33863
2165
25179
26466
50389
28163
43335
12304
52934
35204
3270
65082
58418
20590
7362
55599
56167
50161
39016
1670
12839
4395
30202
37471
3491
40938
18429
11705
19813
22052
14963
64254
60331
30765
61417
4386
28370
45391
7768
9911
18035
36603
65039
65313
18590
18186
46891
53844
21802
54737
58762
38795
65261
20964
54597
11710
52113
20892
27308
42528
60997
52140
59078
47852
50815
46647
59971
7378
61099
53681
60415
28454
4045
60444
65100
13397
21523
53081
34449
12132
34769
50120
18840
52605
61234
60035
53490
59845
58719
53542
31057
47890
42828
7582
1145
23743
55686
44123
47567
65450
41272
9003
33079
24828
47700
42299
38379
4340
46450
25110
36076
44936
20790
63650
9248
56289
55140
29604
22526
61522
3259
43942
47286
3068
13416
53482
42170
50771
30742
55512
17024
47004
61050
37245
44090
44510
7733
56556
49175
21956
23174
58895
59653
42588
58129
19193
21855
28606
58160
28221
8400
46505
62801
4285
46687
45736
31186
60182
14175
63643
4201
29601
49286
44772
10808
88
36125
28552
5991
48976
5611
8933
18816
39804
20109
50728
14846
27011
1621
36973
52328
50005
44063
12451
7189
43868
3615
48827
62235
56698
26691
6066
20141
2735
39397
55033
49194
14684
37799
61553
17245
34501
55381
49858
63192
54844
12612
16429
33711
30305
47320
36440
21166
30013
34967
21081
15658
12586
14223
52721
16322
55171
29387
13680
63239
34316
62067
18862
2212
40237
60879
19421
8550
63019
26768
34035
22154
43727
19421
11966
31826
34195
23995
41206
46831
62780
52589
2650
28868
35529
1624
32052
43851
33829
44670
17568
13879
13842
6071
45628
6892
53086
50343
63163
49502
55014
15435
50775
43021
25189
46385
52534
47005
45312
64147
14530
26779
62155
10956
40747
32085
32435
29879
32045
51730
59655
26967
39960
62589
27103
18611
25679
63039
23822
8803
12769
63110
32289
59142
38143
45999
22487
5689
33744
32907
47084
49371
1382
55502
8106
31398
51546
3484
48724
37166
24569
19507
10162
20732
52081
45377
60264
9502
36033
4055
57986
48790
51551
4334
55145
51451
49695
37393
55056
21171
1509
58366
25935
6948
53311
10019
27857
47360
59032
5029
18632
63272
6083
58499
25689
52375
199
3923
43449
48189
50126
57469
41333
8097
13159
19096
8546
8649
10258
36476
49412
34300
58953
6352
9032
11274
51036
12800
12542
43818
41399
35965
44050
22499
54767
5378
40577
7366
47520
33439
9986
51257
41026
20017
17282
38952
25973
20835
1498
48908
40943
50032
57498
61954
59900
42626
17330
12398
47842
37212
14129
6269
47358
57499
31735
3542
50250
64296
59405
45471
25181
6109
62528
2883
41165
15683
49214
8680
8282
3671
11756
30257
12742
16047
63139
22949
40203
21401
63965
47277
12618
3093
31989
50596
58989
30448
7342
55420
5690
11153
52178
41197
567
5551
56909
564
15733
42267
19609
61282
2199
12190
42264
43208
5927
46455
12496
50241
16855
36236
40741
33808
58704
63849
48740
17102
17785
5296
3333
64404
43485
50007
58031
18486
50021
49694
62791
35046
1031
51729
1462
50245
58256
64044
3492
1610
63309
10335
26602
38831
7300
30195
46331
19972
11934
37322
59139
13058
16388
36737
32796
5515
53197
78
10981
2489
3507
51317
26581
47889
62712
14845
36476
61290
16453
46575
33065
30265
6245
21307
1566
24764
23223
37256
57755
24069
8600
5373
36672
1587
19042
6269
64418
33583
37834
8966
55656
48097
27570
9909
62568
46007
23504
10328
38494
18110
11241
15113
45093
5866
6178
24421
30773
22189
65301
34420
55500
17726
38013
26593
64144
18804
14980
14645
8273
2462
20614
46181
39153
31036
33380
9587
57154
65277
57980
871
26624
57483
13473
57991
392
23453
27149
34366
40274
17316
10754
10017
2529
22209
7845
10959
52877
6489
6568
58791
56985
30893
25228
6860
19617
49857
63079
5529
16151
23017
12631
6230
29115
45845
2200
4796
39752
37767
20604
45816
13889
34035
42392
60695
5046
25105
18681
56948
20682
15063
35905
29437
51870
52593
27837
7752
24282
4297
18551
11108
14527
10719
54289
29069
34869
4801
42619
61045
48550
5089
46947
54193
3011
54452
30507
61594
25757
11711
38762
13865
59124
62783
44882
41490
23195
17384
804
52133
29875
15900
27387
60504
4766
7724
24910
20221
10411
31326
14651
49568
21936
22759
13761
41569
28931
50801
21541
60979
59844
36385
28325
644
3558
64128
60478
13390
41357
63526
31143
19103
16413
27659
42514
49803
54147
65005
61726
2223
25278
41692
34798
40763
29011
31411
37561
19539
995
19285
57512
46997
52735
44705
24330
7228
28595
31099
34159
61699
36457
9574
15862
60791
44306
4385
52406
50476
55785
33232
60778
40983
9920
17231
48259
14492
47991
12688
15713
12759
55185
21536
2793
60795
47488
11496
36553
20638
51916
5752
39878
28403
17410
26393
1812
3716
59635
9404
18879
16654
63325
63301
21406
9889
9794
3600
42767
26765
64785
16976
18136
45920
14131
20854
40837
65481
6702
10909
56505
12757
60295
9884
45573
16501
31291
43173
65088
53502
51576
13765
27783
854
4363
9487
25336
2606
35233
45459
49646
16039
20027
10017
21594
43884
29893
13776
10192
46075
26767
48778
50748
3430
24678
20862
57916
8933
28539
25685
46772
13161
56340
34132
21916
41235
60660
61202
56680
12252
18140
9474
37999
12853
34138
10476
46697
56018
42338
6871
25971
13980
18101
21779
23701
55103
41605
40403
30191
60942
40302
45820
1843
41557
7497
43474
56172
26897
26841
1307
48600
58691
56636
43971
8127
60210
29425
11070
25898
31374
19111
56797
45383
52439
52777
4712
60124
52001
8366
48344
14138
61372
37999
39113
43197
39861
4978
12470
64417
64896
28923
23782
24378
60986
43029
58718
50314
18272
44456
42609
22851
27865
43852
53473
7667
12800
37685
63806
42140
32607
11011
64102
17703
2852
7454
56879
22777
26644
13815
59173
11933
7471
8474
63437
64292
51705
45961
25859
53096
45500
64985
50801
62335
28971
19061
24931
13253
61438
65502
33612
24922
19312
16407
5349
55050
28153
1718
49293
57458
58383
28048
57333
55171
30784
1058
20602
27385
16999
65166
35977
30999
48927
25682
39588
8712
33090
56500
33973
1789
53143
242
53585
8318
50749
60509
17615
43864
28275
6709
44779
24863
38755
1584
39250
2961
14984
59331
12386
29673
34671
50359
29700
14759
30208
1738
61663
47350
43621
62252
46396
6187
57393
23288
9630
15085
55186
6359
38674
53371
46842
15680
48503
64992
54987
9001
57088
33325
31090
59913
17907
54593
4689
63452
62837
53832
24579
22318
317
1162
12575
36126
59458
36565
3490
31217
45774
7363
2447
33584
43230
24744
33430
24366
16293
6048
18677
49964
49458
16864
8743
31576
23790
44853
1822
16753
53692
689
28994
61280
16740
31649
20566
54436
9192
21496
57039
38996
57422
33077
37542
2817
31781
52810
10267
37564
22088
41586
51645
58620
16918
26929
14320
27386
22029
6154
46558
46770
8518
42113
53958
25273
59812
44395
36996
6660
19185
58491
43818
31731
20463
39091
43923
10682
43261
52903
18238
17003
64550
2093
16399
9106
6547
41952
50360
11327
22722
25614
32655
54456
62785
59421
15188
542
5163
49302
46148
38784
42942
36718
3670
48630
57996
32275
63729
34040
29543
57938
9638
58536
34178
3353
50132
53393
2596
41682
43973
43485
4101
19943
62033
7492
14208
23413
36954
42243
8919
22495
6749
35141
41893
8989
40878
27444
29876
32540
55729
11282
47867
41630
6701
25310
9469
48728
12180
49406
42890
42993
13915
23153
1004
4012
42931
47945
21546
37041
7627
16485
55033
11435
57461
56960
4214
42197
35569
61848
36162
27254
31965
42432
2593
3413
59357
37145
20850
52863
39180
13094
59288
46357
12152
50584
61346
39701
19916
8170
14308
42696
61372
36371
49508
20233
15662
3984
25052
11233
23588
57859
38263
28204
24891
60693
11419
12506
17232
15721
52228
30280
1135
1125
64766
51049
7829
45396
17250
55824
23726
8187
44796
45711
24379
51645
41753
17377
16811
38884
2056
325
24246
48027
46300
12563
26240
4091
32197
55837
19508
34492
42509
39673
12233
62207
28369
34186
8523
13090
41911
10696
25109
62927
10088
52968
27800
19722
33550
42271
16700
50786
56871
2911
9513
61252
4128
53689
104
40367
30762
59243
34906
27041
30713
35909
13270
62322
63968
17266
36104
2937
49665
41784
1352
33684
32516
43254
10164
335
58276
16701
4400
59081
24774
62117
57114
49480
62232
19837
21064
24467
24760
24477
50215
54305
51613
56421
39087
38622
57207
2966
8930
57964
35500
4451
14615
20569
19801
19493
17224
37740
64021
27019
48804
25475
7388
45384
5605
38476
41719
30609
1172
5829
38121
55132
27080
2520
22682
21529
27284
3779
57222
19234
834
43403
59264
50309
7865
23131
25653
27881
211
34836
21244
65351
59843
48036
22907
1463
45915
24405
47748
6683
4558
4143
33641
46543
40256
3153
19627
3829
19925
9878
21259
48726
20278
3886
7464
47767
28326
1705
48072
45380
57252
13830
29211
11969
13904
40059
25787
6442
48935
63172
44976
13969
22184
4371
8696
36503
52180
49073
62749
23222
12326
48313
28422
22851
4131
37357
33334
56071
39865
15341
30680
46049
40534
57875
19254
39167
58797
979
60686
33009
49003
29907
31633
16085
44214
15109
24336
55097
49124
27783
62981
63045
13367
48001
48377
36836
53371
4827
63525
7635
51799
55616
10249
3396
16691
59074
62418
59033
60191
1191
32574
2297
3086
28114
25759
19637
48781
55182
15698
29364
16081
46072
38862
29451
35402
29554
41170
16798
27337
30873
20718
45162
47834
47108
7788
5377
28283
31936
22755
44536
29446
55123
19723
50714
30234
5706
39550
40504
39426
1718
4177
30882
132
28375
4646
32046
48070
55691
11843
45029
14409
33047
28756
53745
17070
17489
51475
1669
44417
54662
39316
51297
29444
29233
11808
37095
23458
52578
43712
10739
56164
46660
11598
53144
64315
45624
62676
23792
52484
25877
42838
2655
1580
11449
43178
53913
54225
27458
16919
2682
31858
63140
4385
52287
15484
15953
60027
11791
12802
31451
10476
44470
11603
49162
25065
42453
31451
12055
46055
26811
43288
52397
57463
60796
34154
41278
37678
7164
37871
28744
65510
37604
63102
16705
4127
9534
5080
29679
50356
56067
37155
33379
3752
26580
50399
65076
17941
49429
1797
4374
15175
13361
4423
46424
29973
22552
28313
5916
60711
65133
64567
63988
3020
6766
58848
24716
47187
5163
61160
40480
43966
21889
24448
10649
51463
65293
15790
50781
9158
41032
4340
60739
29377
36967
31782
42904
52464
52192
35270
57503
22416
38961
65317
30372
21871
46600
29121
62746
23064
13191
34279
2328
17966
47450
17477
18214
63330
49888
16461
35733
25952
57328
57621
18467
45092
14280
38786
60425
31334
36509
15967
46412
46322
42868
21342
13625
30114
48478
47149
31241
50609
53437
46672
43911
54160
55871
33136
30999
37413
34121
59333
60383
54763
26106
34190
39799
1262
38089
34268
52835
62025
36442
36841
26336
21614
27820
56363
31630
31112
24592
13815
62004
8684
34221
37507
50919
53510
19610
33777
5472
64129
41202
12570
11910
33872
3956
17248
53462
54051
57235
53257
7589
55555
58459
7000
21533
16010
19945
23879
53844
12416
32373
57511
23318
57413
23024
29108
38499
39250
20579
23194
29480
31535
56459
26726
60545
5627
58759
27527
10679
28863
21756
48524
26042
26936
60441
30961
27491
55553
48811
714
48889
20462
22641
21720
65333
16672
47342
38
45063
4191
31120
46198
22230
36298
50453
36828
54766
32085
17516
19518
18184
24588
34776
63266
5959
28042
13360
48684
4951
5533
40028
47355
47915
57806
5499
46691
35341
47648
16415
25925
5793
4465
7017
58577
45065
38552
12635
53301
11891
16667
52438
59212
43109
22727
18313
36050
40971
43053
44696
22620
20658
63152
42326
2488
25249
25606
20282
58944
40235
61547
60964
30430
4675
46861
19781
24314
41422
52922
24234
24139
11541
48482
25641
15541
64987
12809
57117
58732
3618
57900
36779
61733
36382
64827
18907
15136
29237
8756
9561
63912
52006
23579
60706
13500
13046
33452
9005
3038
54504
23206
43407
62461
18272
61216
35005
13140
28720
49711
50071
2271
45422
24531
42168
61023
1990
65433
35495
23355
6293
45834
23516
62626
61864
57729
6423
7532
5557
18133
47099
47140
49440
25552
60898
16606
33553
55905
35904
11538
24175
11647
44512
43711
17372
27770
37060
30745
57560
4767
12938
41962
64645
1510
5183
57490
3407
13592
46026
43771
62790
2907
45170
5679
16042
7333
58105
55596
20956
61381
13396
4333
51125
23396
21291
56031
34305
49248
34697
51633
34001
5269
20588
19998
10272
46866
35907
17731
23197
11589
23217
1763
26167
30230
57897
17615
11793
26217
37538
38767
4806
65058
14998
34280
14197
55001
55435
30484
43773
41952
58734
5963
22637
36974
24754
15856
57876
62510
15782
39954
50938
41814
5096
59352
23822
13770
8711
55470
25466
21880
32865
61476
7431
40077
28892
50120
47191
29855
12664
19257
29606
40471
29836
7184
38916
54425
8529
7557
40951
61810
29865
13427
22983
38733
13392
43096
512
28843
40344
2137
50293
61303
40056
61925
13528
49658
63210
22943
55278
33352
21128
60110
55649
56244
56457
36173
14116
57278
64150
3914
48464
21881
21754
1223
21779
14681
22748
64801
60789
50431
62411
22628
48694
49529
45939
17934
37578
6028
43317
29488
63713
44088
18716
11633
25497
16768
18000
27351
25946
2629
2643
8748
19320
11118
51536
59939
35788
55036
15806
21929
11029
37764
7094
11045
18039
48890
2187
59454
39029
56810
33556
51552
51528
38789
44843
12835
25373
17935
20941
23660
13563
5892
2452
4575
16556
9709
59590
63114
62405
37818
26597
58729
38920
33705
45702
53478
747
30885
48287
17843
42174
53320
38576
26392
22049
35121
5375
40353
35788
55994
24398
51218
44314
63031
53281
40467
45775
54094
42028
3775
47827
28777
38606
15898
50963
38268
60833
51967
58462
34353
10622
3069
52091
33019
11056
51510
16738
5409
4590
34564
61700
18329
36700
5733
609
28509
57239
32645
7910
52011
49151
55260
47241
23286
55133
51686
23049
63515
21862
30528
24475
58840
45951
24082
58476
36452
11749
7336
34835
35030
38745
55698
4182
63613
31641
36355
55700
49999
34668
15303
64616
61066
64539
33963
25610
8470
23024
63204
52979
10273
20614
13495
31787
45681
48441
6528
5432
18249
64164
49735
27434
39110
50909
16771
19430
4751
19965
63071
47284
64134
29040
64666
29969
33178
49121
24739
38109
7136
17991
3598
52317
64188
35356
17471
4909
64479
47108
42968
25865
26981
54017
12329
6057
7491
49263
2789
35955
57686
12409
45560
53498
44104
3768
64708
2961
39428
20257
31139
25654
41609
5540
29708
52906
1360
35770
743
25972
4156
47373
13636
10157
49541
57419
37082
55816
27309
60740
20654
11898
54649
62586
29617
31239
144
24392
14423
11190
41872
10932
30856
42726
2702
1652
48101
56610
50300
45648
6468
49899
7908
20752
61732
24121
63898
57940
55168
48043
46407
56941
6710
54814
40723
3082
5789
3912
28359
915
20783
1228
13598
39063
20524
16937
70
16503
51582
13475
28736
46913
31725
50166
61343
23784
58884
956
26646
19709
63529
56395
14301
55340
21658
30834
40454
11321
59978
65070
32603
12180
49352
25930
52932
1217
48698
14651
19804
36966
16458
57100
31202
860
45252
27140
25251
1744
54635
12332
59710
25865
49912
10774
21737
19576
48821
36936
37671
60865
14950
18651
34097
16858
24396
5099
16417
1421
19902
3389
10922
58849
44281
55594
20587
35111
51823
2090
10912
53176
6675
46104
6833
12308
56728
10674
58419
22684
41079
40839
24207
60214
49170
54715
9944
57109
14023
4356
50883
60474
190
19140
45328
59727
52091
22615
52476
43417
17572
32597
22479
32578
10211
65380
12503
40395
21233
51708
8269
5851
16742
11758
8129
8169
16142
44823
55613
29845
62837
63582
21033
58894
22946
44426
54807
37677
32806
20228
34541
36396
39985
46870
5948
25421
34944
790
52069
40132
30708
43686
8049
15519
42913
10298
3017
4156
16989
14820
15546
1190
20136
1833
46443
40107
47424
25095
56065
23943
449
63175
15335
43034
18163
19232
13810
7040
9427
26070
53098
59649
9453
4741
57162
65343
1181
36934
17414
24796
17076
25316
25620
58525
9944
3913
55816
21715
2395
15340
1140
9301
8410
50117
34008
47926
14382
51151
44467
37266
29018
56501
1702
1047
23298
10073
8651
6438
18056
44418
18828
13289
60929
39086
39782
28316
36343
7714
5217
18380
11343
41072
55033
29283
38785
28622
65128
12994
29889
16909
59438
59015
56952
4706
31794
59330
5059
50000
15438
15603
59236
59438
58953
4829
45996
54297
2799
54070
36702
51809
59079
28347
5474
6206
38302
20980
37498
31162
30672
24826
12993
48898
47004
36660
53378
16771
46371
43574
5413
22425
9894
19284
47757
60902
8744
23224
62538
20662
10000
34437
16923
15369
14632
288
56125
16014
37385
62830
10461
18827
55726
23174
28691
33257
53716
53915
58878
29994
1334
53733
17500
10819
31297
22823
11168
18127
20921
28406
25894
11466
33832
32529
6394
51544
26952
19867
60760
40772
10235
57795
51776
34365
53820
21122
29889
21819
27481
28378
63758
12375
53139
30412
18684
16504
33901
15260
54831
31304
65449
19902
58597
60980
33688
65179
17178
23192
58393
16531
60966
17211
1173
19870
65508
54302
21765
15663
38356
18175
34458
24133
51173
38332
15387
45507
10941
5014
31385
13419
7927
24639
29545
2685
63092
10317
19654
2490
19030
17356
16900
14044
15336
51208
9551
44079
19491
22480
54349
27323
30419
46159
50763
44550
45484
11711
8399
12637
11142
22288
13165
31006
27812
19372
41156
28277
47781
35141
63908
20543
7464
11274
39409
25424
58950
61648
59556
37386
2700
198
50399
32404
5350
64529
2379
39655
25191
41301
42424
49619
20260
36363
59580
42579
65446
6532
10121
48272
33032
57997
6810
33001
8223
49524
56726
51479
44659
28051
28461
10608
32559
15640
7362
64685
27193
57756
4514
17483
64765
44268
55923
59593
1023
30329
56535
35966
38231
18649
58313
46715
38115
19560
25105
56439
59444
49297
23547
52205
27553
41996
13925
27368
7317
12315
89
32583
48735
48260
1670
29611
4210
3258
57276
21914
42929
7465
28109
8049
31303
36542
17373
2555
59606
19611
12470
56196
38084
59609
42338
54924
58485
46440
41072
12652
2052
61421
57021
26226
8845
64828
13167
53572
63998
61923
35793
47790
63169
3311
27375
48848
56079
4540
16740
2516
60374
38822
16476
34190
9660
24950
60452
54377
2530
4369
13480
65169
2922
16101
59476
52882
11602
41216
39753
44984
51933
52441
25440
9935
51706
16511
43775
30943
44565
31569
51505
23155
40191
59971
57978
21912
9740
35802
44512
24256
14038
46590
38613
48220
47398
15970
23443
20078
19022
63731
35644
3089
22666
34321
1988
61218
41159
27318
25026
28638
42349
50458
6693
56316
21661
28300
27965
37133
49557
47915
25423
13837
48825
24515
52289
1170
19456
44160
63341
49471
44223
36301
28637
33970
27875
33991
31398
30088
977
61310
46366
57993
51376
62409
31322
56542
41007
54269
9791
35179
52214
16360
24595
5755
46064
55781
21461
57299
40582
55110
29518
63363
7638
33393
32622
62167
49429
45345
45659
19242
46005
1990
22092
10133
25900
45918
13697
27024
38144
15816
16381
256
21364
57634
19009
7624
61399
15972
13658
49343
8653
5257
30455
17159
44906
41851
44632
30683
19351
10192
55867
14709
49596
33097
38408
60015
47348
42692
5707
19091
2555
25532
25988
48747
25336
46862
28775
40976
284
32956
43090
65121
53202
64693
56174
27318
50830
2087
48603
11369
19642
42465
8586
18066
10097
20811
38242
40074
31632
18208
54457
31056
29566
40424
54738
40826
48016
7080
27246
8079
58071
61132
41129
47907
32942
16639
2461
31681
32329
15807
32088
20553
42016
14486
25994
11350
25713
13673
49692
63129
1459
2381
62180
46622
60823
9807
36777
10491
36089
12683
45108
16094
21771
26629
42860
21485
4171
27826
64663
58930
56309
41688
10148
62678
2861
1037
47078
20722
36544
116
16074
52812
13019
27894
53551
14247
54314
3325
19879
9760
41478
47813
37295
23456
38195
9153
17700
30272
18376
55828
776
56734
14175
1928
37854
43319
64628
2470
11339
12610
61527
18682
8389
45372
58839
35123
60379
44907
20557
17626
25281
21589
58218
15464
49616
14119
12279
22646
23256
5408
3893
26298
576
11108
59397
20026
46602
11774
57223
25666
48509
3594
35808
51988
33524
7688
21815
57632
19715
21125
36895
40282
22825
59084
50704
21867
58068
42228
13208
33023
2785
46217
62738
7054
55035
44190
51843
29859
41634
46116
13438
32028
36181
47724
18324
31516
18373
17160
52997
51223
12939
33804
19947
34902
60419
34189
15294
56559
45258
39774
51700
60305
42747
62544
57669
2453
47822
44583
30662
36253
11908
26024
55563
34947
63992
4702
57838
56521
4947
51362
57537
32694
6502
29052
17438
64582
42376
58805
30791
60693
60051
47982
14021
63497
7099
17313
39130
60288
28431
23177
5964
31843
64474
55140
21734
25121
60545
15694
2517
64981
38961
4619
6956
58461
35643
58759
15080
17089
21226
62266
33635
53347
37769
17543
4738
35489
1669
24798
24992
44081
21557
47194
18961
39896
15141
20362
5101
27806
21236
45456
48193
8388
10527
52769
56700
11140
6419
59481
45496
36974
22185
53157
33085
16007
30582
41677
57573
24846
9550
30851
2287
21986
45326
47438
34246
64160
4057
50395
8269
8095
9527
42577
48365
23896
42204
19236
47972
32429
52414
65308
253
52556
50405
64493
19616
41954
41292
59039
7470
53783
40990
27292
55946
25663
42372
3547
52543
58679
38701
47132
23511
43637
31517
17786
56354
9492
305
27423
21429
44213
37261
52366
61307
36402
8007
29602
58016
17792
34614
8588
28042
25507
2966
65151
47549
2704
13595
23181
62105
54401
56227
21655
32153
43572
2019
56606
18593
43514
29854
21522
16887
56008
35448
7687
588
23575
41453
17621
62495
47162
16707
46357
30519
32867
52989
46501
39211
10323
53340
19171
12519
25570
54172
55928
40753
43430
27420
35256
24797
28883
48946
28407
4965
38785
14585
57621
19281
50092
15838
32302
20421
58162
55026
16749
5421
47182
39200
4686
38795
16135
7334
3585
60214
51684
64572
12149
8257
58640
61650
31254
5174
14773
11330
25815
4579
24406
64458
8917
29430
870
16669
40044
180
10700
20350
48218
37541
13938
37552
42598
36839
19763
28477
31909
44986
47869
58249
3887
42939
57780
59275
21460
27216
63850
8287
53460
11006
48064
28701
28354
53858
868
58307
34037
48621
5198
64365
19184
60545
58742
31355
37190
43992
36619
56518
28975
699
1535
45146
37905
32055
40815
32326
49657
3273
1077
18735
31796
28481
33119
13216
28952
34565
5771
14754
19527
11461
62192
21069
45664
58227
48078
18004
23032
13528
40237
16320
6569
25435
18399
28957
16942
28831
36282
7338
56319
15511
20925
51772
24347
2302
15632
16141
3485
1837
27961
36394
56800
16050
2358
1752
48712
47283
52714
63724
62863
54243
60532
44665
62252
61845
63493
6532
36427
5139
30814
61548
33823
52453
46857
17485
18045
23001
50942
4808
64998
25228
62477
60809
32712
7367
12966
20141
7117
33773
26589
25833
59560
40963
25817
7390
24817
6469
24758
55858
43208
62259
54456
37046
13932
17777
8045
61624
15253
30796
58588
15924
44177
26488
1863
54791
46609
14877
38958
6977
25048
63106
8360
38631
22638
10429
22430
13576
37135
40384
6979
40225
12419
14486
28876
10646
40269
23571
47621
2946
791
13180
18431
32580
52163
14757
39520
19320
56098
2570
56585
42345
57493
32210
374
61236
20377
607
23940
28871
27351
38144
26258
39419
9910
54085
52336
41546
56180
58887
2770
24410
28941
9484
34391
25976
28129
57024
46912
17266
28881
10564
4474
64660
14309
57645
65431
21634
43559
44820
24680
41037
59507
40861
47211
39654
6985
47380
29266
28796
4799
4848
9
16873
2345
54870
17374
15528
59747
25763
43591
35681
29589
12061
11201
5199
49644
58465
64775
31274
7674
5909
32136
9830
31536
28592
46881
21025
40693
12470
30747
23576
32133
63750
62127
51273
24409
45305
32685
43430
59040
7574
16542
40155
16763
7025
47756
31477
24470
46605
40433
24501
42918
3042
53780
43831
43213
58719
53525
33010
54403
50558
36732
3172
46306
31469
20911
27843
3589
41505
7181
63619
11217
19245
39923
37398
51850
19747
15621
43356
38442
51262
22752
31293
17932
32530
10499
18309
50635
16120
29137
37403
32459
40
5911
62505
1244
42801
57546
42266
35671
27892
17260
14036
53251
47806
3573
18100
14785
12849
65242
3507
6110
15416
3097
57500
32522
40870
58992
24201
46508
13429
9450
14680
54087
4662
33061
62755
31944
31564
57976
18098
59894
64548
48645
26604
59752
7478
52288
46862
57887
65024
49032
10829
44228
33959
17785
62013
52786
27755
48474
59562
62830
49979
31809
37192
4920
28820
13337
9748
53715
65131
55535
52135
46868
56040
4751
54096
55008
16107
2287
43750
48210
54372
33163
53811
39606
20393
17936
5033
14571
50697
7581
56916
36196
34439
56490
50323
52164
46503
28750
52165
37339
46875
17863
24666
28842
36851
19638
56308
58634
52135
56996
14715
10618
25320
826
44111
18998
16344
21126
34489
55442
16643
64813
22685
22003
11052
35307
9098
12410
27320
5302
2359
49051
59503
41179
23531
3773
62862
45205
3515
9048
35352
32934
42301
47619
32903
31770
244
27379
61185
25129
4046
52508
1190
53395
6303
22074
31788
53137
60850
37256
34276
33033
6931
16063
47883
35567
60595
38138
24363
36871
18160
16331
49092
49087
64017
14142
30747
15932
68
12824
36070
43102
4467
31813
9645
926
36005
48011
8432
45104
34770
46614
57170
14669
24884
27215
37649
7691
56797
1434
32451
7584
57050
30514
16689
46007
23947
64398
127
42520
23335
41310
38670
60105
30796
63388
4172
63387
10665
63855
1928
61252
53619
36624
60537
20334
37144
44760
6034
35773
10358
546
12981
25104
30200
41822
1318
21046
55217
20889
5381
16115
46844
2721
8925
48834
10386
18717
14227
44764
38671
50465
44961
59092
59419
10804
45150
1114
25552
65289
26572
44847
52589
61211
1667
38643
22239
786
26631
23285
26547
58894
40029
42720
54547
34919
23636
49124
42767
33718
2875
41865
56938
699
58564
4910
57553
5485
33594
48777
46810
53861
56468
48033
35520
42675
60611
55531
41142
21522
65097
28595
3263
60420
27487
3338
20440
2635
52959
61598
26447
59205
20774
739
2464
55699
31353
62264
29547
47428
6007
49210
20662
65045
27224
388
32998
49328
38549
4380
63384
64383
20908
28257
45020
27391
49911
45438
52946
2655
20018
47038
15872
49438
47001
63968
934
52082
1215
5023
46548
42692
61294
3589
22224
25873
58021
38110
22956
8532
11147
30156
31836
32727
56087
24897
65060
52948
47881
64149
13683
45653
21455
34201
16867
18798
53545
19315
38770
24547
45290
3583
45690
49920
38221
24260
34006
33816
5822
45815
41162
61320
15708
35434
57805
28931
9354
8399
14324
62927
39609
50529
41644
63780
18640
54590
40607
28393
64157
28517
10158
2089
18638
659
35461
47373
26547
34977
9495
11953
56617
17516
18848
27714
50170
43762
54193
43662
18805
47264
62952
25136
23542
62354
64271
56291
11918
52283
38816
18306
47903
57750
31524
32798
42531
51432
65124
34564
35995
7979
59097
35550
52491
41218
8127
49311
59413
30419
38354
37349
45040
32305
56019
21772
54678
46970
56657
29053
52654
58131
54172
58309
40052
22562
60218
60088
8841
40770
16109
35384
45800
42954
52040
27615
9032
57542
48876
13128
30908
6853
9618
1289
44738
64837
28337
22248
632
33956
37182
30340
8155
20612
56488
60618
43121
16044
22590
38538
55156
50178
57568
48484
33817
8020
8009
8138
34546
24721
54213
14775
20603
7060
51873
34903
20673
28322
57699
10977
9016
40997
44452
9161
30385
34889
14562
41497
38383
33390
42025
12614
29992
36142
49092
46700
44614
61422
4003
30192
21532
64472
18356
52753
19900
15462
10712
43329
47667
1499
56044
7748
11805
58737
49281
45647
64219
44672
41237
53213
23693
24680
39675
28183
61842
3742
29034
31435
65300
14325
45740
65440
31645
21799
63531
31860
35235
7260
12548
3003
47084
45997
51309
1422
41275
36215
22955
56250
38354
1039
16258
64268
31471
5011
6886
1646
47990
63457
43784
54808
36814
17937
29268
22360
13872
28261
17994
22654
39614
44287
35312
16739
40522
2876
20295
40363
39097
56985
28658
19871
36229
39675
18527
46549
58802
47288
49305
12826
65451
41205
63248
11877
41930
13994
51527
6514
38823
46579
13166
11399
21199
20537
39781
46976
54322
53634
21600
3468
44800
2220
42183
27246
16780
30967
4098
60467
55204
53808
4196
16149
36778
13197
12654
26091
31827
15482
6124
34626
8000
27
56634
27637
44549
61255
34057
25721
42833
36626
12571
3180
24006
36889
38668
60189
15188
62679
7779
23582
44460
56402
43682
26450
35107
43021
38372
7558
17566
2596
61152
7941
62803
57219
64549
46844
18779
7748
24750
1599
54437
12286
51484
57510
28311
24809
25013
6757
17630
47813
9310
20108
7855
29137
36240
17193
14382
62169
983
2879
62327
9090
46265
58130
23486
53032
9798
47015
43519
23819
4508
64972
64547
6684
54265
57382
49082
12473
13401
52533
128
42315
18991
13737
21453
8291
38116
64950
14665
22461
14433
28736
11711
31999
32355
16011
25401
47476
11529
4695
13311
45491
25291
34126
60852
60204
5515
18814
26154
21693
48837
6151
51165
41476
34302
54569
58204
26405
45811
28519
65345
50524
19127
33751
23762
41843
53429
27319
24146
28297
64860
36937
37278
10561
61461
56649
35132
56426
23779
1609
13915
59635
9635
41852
43110
19513
55151
30648
7770
11478
63898
619
57120
54753
46448
8764
38046
62396
23702
45467
53018
52213
45216
54717
20188
57665
53360
17006
430
63340
30571
52349
60686
33732
25680
56806
54992
64903
14540
23714
40884
7412
12411
57968
63611
10759
33527
28778
45912
43491
50893
51770
23625
20870
58759
50160
11986
42504
65444
56955
27305
11133
59087
15680
54197
16875
14306
33219
65286
36060
38888
52620
10578
10744
8909
50804
16644
58494
58259
51939
41788
63512
14843
10291
52259
24550
62168
53321
54225
2356
6041
57980
4659
40527
14969
48887
44100
45648
10661
58877
33512
21120
9873
21282
37425
64158
64291
25873
31907
39956
62310
24405
50270
63075
46005
29948
30050
38026
34089
61180
11478
46202
42691
27308
28698
42342
50735
28028
37110
45434
31971
52159
24614
10714
60228
11249
55851
16393
51642
4912
17054
41379
30288
12858
18016
54695
62277
63115
8670
19482
4428
38310
2467
31070
30191
47761
8694
32131
53223
64047
29129
3559
8197
64868
46929
5369
14165
57429
406
8690
42619
14940
14863
53108
6522
23935
63398
38228
18819
23317
60005
55985
5735
9710
51536
27877
45209
57325
5168
57109
62723
61869
65377
46623
51019
55362
62720
26348
19050
16958
4262
3879
57377
27544
10973
9071
31981
55762
50640
29028
13109
33572
5656
55409
3126
65181
28511
56481
43958
11021
23452
51394
44453
18543
17597
33481
46151
25069
35628
22926
59498
53151
33579
28427
40879
69
61947
54002
317
12922
38526
41640
28099
29633
65
9309
1160
758
46941
18208
63020
46503
52835
37622
54997
46013
19877
15932
48496
37219
36773
43719
49138
39525
17867
64620
13332
33321
18196
29297
43896
49674
9454
57985
26536
20443
62605
28372
27365
10906
39246
11541
27595
8119
32161
57563
28218
34201
59166
5065
39875
33620
32574
27413
22643
56975
20077
1209
6953
45259
56306
23336
37317
38922
28090
33414
22519
25388
8841
53538
23713
21411
58999
53933
22079
29619
31799
49482
37354
8798
60754
29189
2528
8776
15177
59254
37978
3855
2719
21630
17376
31915
32018
19563
48226
29486
14739
29500
59834
47531
61175
21384
7846
25320
29437
21259
57392
36586
20126
27249
56201
60822
62631
2421
57650
2051
40467
13846
60467
8134
61651
43674
54067
40558
449
37490
52022
31293
18307
17378
55352
23034
6289
44924
11744
34889
39879
30894
8658
21240
6997
57117
37073
11781
18618
62795
15194
35188
42591
22617
42926
57060
43220
39880
15439
4302
9268
64426
28607
3253
31271
20675
20229
4955
56482
33970
19565
21723
14812
34629
62116
28858
9572
25979
310
5523
42649
50312
60946
12394
45432
48433
13230
43232
4366
35068
12119
28359
53454
24765
18479
40909
31016
30849
8929
17569
29319
35665
16825
4589
489
14027
38043
21284
54481
40899
6198
11364
60553
35616
12124
56571
56591
60089
6785
61582
51277
39266
30873
5933
36458
7754
26175
32247
3113
2299
2916
36239
23535
5120
54235
58209
17551
20876
34919
10879
7572
22815
13448
39762
22939
27441
4463
58874
64360
59045
5552
4099
24032
48066
37469
17951
3741
29794
44592
37925
20638
34590
38164
22431
4348
10390
8578
26515
30499
30650
39000
21354
47543
50141
55641
16168
22073
38054
10801
2600
3108
55326
6576
1649
61114
22133
30596
55632
47754
23967
20138
40632
16637
49923
32733
65313
64125
29102
14354
28468
44372
5672
24099
40077
49052
35669
13845
20758
10632
61153
61894
59051
40083
23896
7082
30752
36896
6316
16386
38515
57078
60957
28654
43171
23688
2133
2988
44834
23867
45248
25106
8051
15691
52960
65230
64610
58202
5568
14662
33239
26474
4135
37698
59282
27394
11710
48379
19074
54167
10267
15712
13537
18413
33894
1518
64977
180
59065
1787
58843
26903
14276
57609
18607
59556
36990
17832
65426
11386
34315
34267
28462
44797
52538
50092
49912
58182
59985
53967
5072
20604
38282
4927
30883
47006
51741
12382
1656
31731
31819
37831
18617
21323
21774
46795
61746
15051
47649
40807
38042
48455
30977
25422
42625
34033
56706
40789
57838
48256
39661
31003
41198
61096
7764
10208
60685
40701
41707
33512
34993
61965
38212
26114
54557
42073
41334
30856
11329
4771
45714
57154
55175
9411
47802
28121
43729
1421
55199
38800
32225
27168
23575
27455
30091
15371
37994
5475
54245
2881
1373
988
19999
5800
14074
5934
65491
27971
15782
37358
37779
35879
3948
51297
32880
17776
25931
56987
20946
33539
42038
54279
10926
48384
52957
32848
20518
6982
12657
52662
43888
8677
4120
35090
4013
13279
3590
9965
65050
50905
4189
29576
24276
59693
58488
59921
57845
50103
5710
28801
32661
11600
58046
40236
36527
42897
29305
35641
8151
18165
12556
62697
31799
40654
55205
31608
46175
21738
9981
17464
8377
19138
35606
32713
46728
20053
21987
32543
39280
9887
10849
7216
42839
40852
50160
14268
54692
13788
33659
21858
41853
6946
57197
64134
22996
21732
36713
36886
53457
37877
53276
60674
30487
58082
26482
64653
28794
22759
33206
35272
50577
25743
5445
36286
61769
41956
61181
5371
29687
11398
9054
64241
18549
6567
15625
29904
235
46812
43307
45252
51469
11371
49548
27718
62175
7119
46201
33399
3127
10100
11037
38757
44553
22857
57665
44887
15963
44828
53268
57392
3846
57565
18178
30423
49858
50870
27322
15580
33872
59809
7552
43165
60126
1121
44433
28880
52502
32621
40687
50623
36988
39950
30065
32894
1767
15379
45032
45774
45268
41879
25519
40414
15013
35511
61316
46197
25422
24729
35911
7942
13819
24718
39390
47563
36372
26886
27643
11863
53454
47464
17487
57707
63200
1749
63088
33828
60045
41371
49766
1963
39133
25649
495
45314
64425
8962
51985
19000
28157
6089
55899
13667
25621
43280
53284
51523
31707
41361
52336
35915
59838
22750
42835
24454
60163
52742
52414
1151
56433
65528
3813
63860
18119
61520
49548
59100
48840
2168
58291
28913
34072
5074
34061
29559
28216
2955
48445
12454
24993
46487
55902
58145
47531
53119
52201
45300
57021
31502
48747
43300
1199
4649
51650
18276
43564
39840
22375
8510
19465
59094
33934
5315
25260
23577
17648
11075
24004
19404
8673
6993
19331
34251
21550
36038
60146
62836
55922
27038
51532
23583
64784
18054
62105
53510
43745
64627
7391
64682
44379
18942
42501
4309
10714
33364
9518
25508
568
21855
3438
61545
661
11379
29431
22814
55826
30931
25644
20472
25642
25683
20675
26160
38760
50664
8042
14307
11133
45814
34691
3264
36744
17257
4451
33765
30878
46058
59802
30427
17070
20869
25851
18537
51018
37572
42246
16381
12855
55406
11515
39210
17300
45893
48822
11017
9299
52022
54918
12333
44801
21483
44218
9223
1555
37205
42427
58261
33894
65480
29600
65061
8274
34164
63389
41251
35722
57528
42993
52266
17998
57973
53490
40515
56522
36243
47247
60404
47543
39597
3416
61737
40859
34060
13542
42112
61684
64215
24563
10864
56361
19208
38829
5734
62916
8674
64374
35943
37657
54219
27637
14844
5032
39361
32129
34170
10184
16610
45935
59324
16996
23081
15484
36866
34901
27174
10625
23334
2053
22312
62576
52360
56451
7386
47890
51931
63390
52097
6956
20824
9922
17240
7023
62556
15856
42332
56521
49391
4865
28377
55949
8145
54878
65015
55331
63347
54354
54348
2821
60607
29787
17923
20112
40968
59124
39269
46344
2189
40605
47098
37592
45200
21187
23212
39836
18785
6716
13553
50401
62291
27435
50117
3650
8625
32828
2561
41533
11600
64006
49183
39222
43616
41017
2122
18305
18525
2524
39748
29373
36364
6416
17200
1053
49353
9812
5652
4953
21485
1941
20544
16644
8553
19690
3468
24139
34975
34147
21720
46502
60834
31236
46098
60100
21813
29952
35154
35350
35533
10555
11447
49384
10327
32726
33803
21757
53782
36894
13086
41051
48153
34459
18797
12363
65125
45210
50887
23847
39087
55147
14588
15825
39733
41963
24113
35723
30996
3262
9745
33492
33234
29379
45663
41449
7718
32045
8555
26272
60742
39314
16213
17772
51286
50328
18209
13477
61209
47176
18182
38917
62801
34528
37493
56036
63606
44419
50935
6047
18385
35437
43187
21803
58687
33549
53999
39191
34902
27520
37073
11793
10848
59031
5778
52223
40018
21208
34492
53311
43666
22690
2915
52872
34321
61065
23040
15006
8486
7304
14660
27401
42623
52298
45335
63310
28931
3933
10659
3005
16196
35622
38262
17642
46050
5694
56211
61868
48445
38187
18522
11454
32907
52157
54390
22800
45585
40691
14474
25263
26230
54705
17040
2797
35318
8098
29091
9423
16602
63166
63565
54316
18394
52932
65445
1359
57253
6532
10430
56652
14537
56417
31863
48368
56622
37800
64957
47332
4376
8339
8275
52439
35386
39054
29015
6713
21781
40814
34851
30650
62103
34926
19711
53543
24987
47240
27099
63119
33775
24360
23206
43273
59037
32510
59777
6759
50381
32796
41007
28609
28808
51054
34863
30102
60319
782
58739
30862
32089
4666
64850
34839
60430
4697
21034
18147
9423
49503
6318
38182
45778
2090
15220
65110
57088
13411
55138
60528
43641
44301
58952
62238
47118
64563
366
57086
25273
26991
20720
36248
26803
17387
55897
15080
20648
2806
38986
25868
8767
39669
27311
51037
4165
46186
62793
19264
59186
58033
30816
50424
59042
16984
20247
34562
61217
4285
58234
21684
45318
46650
51155
50362
45704
62621
19359
45025
19776
7525
43273
23962
705
33554
1064
56086
10040
58793
38502
42554
33375
42035
36682
45495
15546
18929
25979
35539
8724
59516
49324
13315
65211
41536
14854
40162
5352
27895
18270
45205
5373
61539
34095
54711
14278
58864
26871
42327
27491
63273
29164
15008
31986
27431
403
32073
45743
49998
32184
51776
11555
56288
28335
5027
32072
24144
16312
6786
62250
64280
57753
52910
64633
37142
4261
42813
7984
48631
30397
29840
12455
14973
42880
4538
40648
48970
33617
25349
59815
53747
12597
23175
23125
27161
61122
50913
18293
25707
62767
42178
56995
2493
12300
30903
55821
13871
29980
30715
34832
39680
24896
31518
43154
50621
55288
37770
62962
42341
27932
9149
13515
12240
16714
8980
32855
24643
7236
58579
55624
59610
25173
64249
44909
44159
65004
50527
25653
53031
65269
64048
50361
26697
63232
1363
51873
1744
8488
44099
41757
9323
17643
3533
20557
43751
64268
38063
58649
37233
45390
12771
33889
47930
10177
692
13325
10646
61734
40344
15469
51033
31338
46758
4098
5462
60294
48065
28719
20010
21576
44244
30031
15442
36109
9616
10329
28261
53170
2807
2493
39448
50717
7194
8484
27837
17115
63838
20820
32357
21885
12547
56835
57654
41889
38577
19177
31503
36515
53252
44513
62436
46000
15049
32159
59534
30900
54592
23293
6053
7069
44581
65000
54478
64007
25758
9490
10683
63233
44880
18460
33045
61703
61296
18411
63388
48025
51564
18332
27410
4416
33668
39980
28406
30455
16556
65440
22436
32769
30653
36407
62998
24530
6037
36638
7123
43260
44460
22278
28277
28720
17840
46713
6388
2341
38330
5780
24371
2037
18235
14221
3993
17051
38501
60600
28872
45638
62809
49383
59159
41096
57154
40562
40141
36199
39892
25020
44257
55868
176
18961
11390
58250
164
28797
9013
28334
13809
37594
2966
25261
56355
17903
33876
64386
38268
14025
14730
11389
10614
57242
47603
10781
63502
47842
10883
5739
23136
21554
60845
41653
20764
58149
54619
21190
26557
61075
12896
3385
54013
22066
11790
50056
16225
33725
42302
60784
31644
6921
53658
57437
57721
14225
47497
8661
55926
51531
57750
19704
50878
29829
15981
9284
51976
34771
47512
45230
42237
51859
15599
57531
44652
42848
56527
24541
51888
10411
31796
7434
11596
46727
50358
61108
12538
14986
55418
25317
17691
11114
41681
50801
16090
43123
5857
1043
23317
49613
52688
23628
61611
33897
44731
46051
32660
45137
48073
52226
57787
57959
37193
4633
34649
48892
52208
62619
16798
44965
5997
36722
62555
37741
30970
28933
49651
64492
49030
39924
33309
40284
8814
18813
49822
62882
17309
27462
46721
32778
25143
32890
34749
14644
25495
10878
22029
12598
58478
54548
12491
18515
13662
27000
6751
14991
23862
16182
6801
3743
34617
48211
44810
63862
58208
3138
58993
446
60342
15782
18388
32267
1865
48912
46529
51622
1969
46904
5494
22222
2800
41357
56605
58225
18251
26461
48987
25781
44756
10710
4252
6687
1225
21491
35700
36128
23657
19080
31440
25315
61904
17369
14619
49371
10960
54231
10200
26522
48922
7757
64919
5597
45115
37450
65350
48555
63372
61974
46035
31652
27761
41342
20495
41168
28726
6556
23425
47873
6190
51115
51304
50437
16405
45760
51237
43726
47392
41884
48720
13296
14139
42550
22171
33992
49113
38312
22118
20391
31792
14663
40854
23427
52328
23112
4685
29745
39359
1257
49321
43011
62732
24171
64177
8731
17210
46239
5420
19267
36946
58614
24167
1569
13702
59549
40937
33666
13351
60106
52907
64889
48059
104
18234
21707
63825
41393
49926
51298
34780
52477
43405
52971
28502
65063
33175
49231
58760
58718
4572
25172
12262
49367
48985
57671
15365
46306
12074
11263
34754
57407
5804
2107
49975
3444
36185
42231
45104
11475
36532
34299
27210
22114
35164
63963
17585
40591
56899
58689
11693
49140
50910
59148
17497
60914
47249
20637
8680
41981
1361
14992
34613
41267
33608
35393
47494
37053
34879
59228
17615
32202
6261
52795
9636
7243
10114
41854
22375
11806
34332
36242
47281
16884
64931
44099
41988
31202
6023
39299
43007
41371
51839
63212
4171
25082
18997
7079
31385
19058
33492
64164
2834
58648
45758
3269
26561
3947
61484
10028
60570
4453
21167
49713
9410
45835
40845
46385
56270
56150
64104
11394
14544
64766
41117
54714
55435
63085
54863
60770
16361
60725
35624
5181
10728
13528
60559
17511
50445
36509
59037
59677
62217
37690
27121
15587
54551
25080
10140
36956
64333
41536
50136
60644
25637
44197
56517
56580
32938
51785
25326
64929
61164
49496
41514
26044
31757
28846
4896
26157
27849
37480
18918
29508
28511
37783
24049
31885
11004
55921
38624
12553
64286
16641
1245
38587
21491
37476
61990
5722
54962
37731
34129
23395
16937
32166
34918
41193
50177
1800
40447
48164
26104
16259
48748
6285
53516
61601
11162
57593
56828
11976
46194
50521
51194
34627
20016
58723
11202
50030
52043
42992
32285
64861
15355
42758
56015
50635
44605
15828
29439
9077
34243
32563
55251
54611
18304
729
58669
57564
64942
64587
351
47923
64015
13033
14209
32071
22558
56688
6863
5959
23710
38483
8111
19729
44657
29207
62014
28967
57172
1776
55327
64500
19377
2701
49415
14135
32372
45908
23779
28842
33552
3017
30140
49947
44499
4484
42821
28446
7596
55591
4933
15894
22504
34317
26210
2425
28625
39578
5347
55236
34577
36883
2861
64894
24683
14410
22145
33070
34984
27408
3306
54994
21301
42219
58715
64950
22603
57322
4955
4134
325
49329
60273
19956
33674
62765
63932
5918
36493
7097
35590
18336
29640
53252
20122
29891
63714
62955
19273
51136
17947
21416
50103
59614
50235
6924
17839
8018
43301
17156
21760
27074
29767
46224
53581
58861
7757
19515
18301
30980
9484
1666
40136
59411
31848
32271
48830
754
57336
20417
6742
46427
58696
25363
4202
33826
65147
55507
18939
60822
5886
63757
1192
36064
55797
48506
48083
42255
12822
36632
3594
41035
24509
27961
2095
12152
38735
10425
59848
20769
14865
6373
13365
47855
11988
16166
53961
10121
36645
46787
30084
15053
17465
5438
11157
48045
28036
23718
43198
26439
26605
50735
14892
64460
14350
54527
60918
15415
63246
25939
20205
48818
15692
13554
22902
62552
30725
10729
11021
40467
52535
47854
9266
45281
35058
61675
1914
61735
62521
21382
11607
58120
23533
36724
53656
59930
33190
44018
60365
53739
42498
22044
61380
1198
29622
3123
45795
51888
17489
26470
54536
9874
42343
5690
46741
49762
10278
62849
2737
31905
31049
22623
58647
49338
50268
44826
38696
36750
20006
6803
34428
55284
62077
42493
10798
6340
61616
42939
12086
50075
36466
29214
22825
34549
37150
6216
37917
23356
20103
37519
36913
20360
60817
3192
4229
7204
63042
15308
54234
60237
54811
12163
33622
32238
23171
6178
19642
58933
25168
8681
45847
21535
31890
15457
12902
4426
5160
15199
60127
62928
33309
17766
49325
57337
48871
56765
36659
62966
39974
20035
45198
64188
60793
23225
37637
6159
35286
6229
35164
15140
2676
2394
49204
59017
31305
19692
36021
14116
25155
10283
12326
8857
13768
32220
46765
25420
41327
25071
27899
49221
2700
57076
46847
2957
41978
17656
29562
28543
15932
62325
40368
16546
60546
4685
7944
25113
65071
16192
43098
34093
35961
15583
39290
44929
20667
3008
31223
47399
29175
36978
10414
8156
47893
29117
53792
8904
65455
42583
458
11291
21226
57679
63780
24138
4528
59517
49561
16572
32803
65307
10072
8976
28750
12467
51963
10359
27526
37190
22381
9576
64364
46310
35335
44111
52750
49739
25751
46103
28971
10687
64537
5888
41729
50239
63142
33280
37010
8893
17908
50736
55445
50739
60260
63646
51663
15398
64753
58336
5368
38197
19506
15846
64299
64943
30226
63603
29730
1840
48304
46975
59845
31052
49396
7127
32810
17303
18961
46650
22235
46065
49452
3522
54402
37201
50581
8445
63482
31495
10789
33141
23224
14031
58010
29912
63568
42999
9103
27180
58031
14263
10072
49082
51015
2128
56187
30452
49234
62047
6414
52088
17535
28228
6166
15939
33501
13591
6927
48477
8971
46092
45282
15505
28463
18658
62253
60335
33652
50361
62981
2688
65243
30830
35862
21865
24113
18823
4596
35593
19933
5912
43531
8545
52444
62358
44141
18018
17669
45098
3560
13363
32713
41219
568
21856
48123
5498
40490
36763
50470
64652
20072
30548
55181
29309
54960
4430
49967
43883
35850
19779
34482
18609
22006
38213
12633
60427
35273
14931
8089
9034
15591
61677
988
1199
22762
7556
7970
16886
33104
41425
40572
46051
22299
48628
10889
37010
4064
57285
50590
9915
40594
41864
24291
16580
54533
47917
1229
25783
21572
22
2706
59442
54918
13355
65413
60785
53321
52442
23074
52007
38124
14677
7187
10645
9534
24115
25324
37777
60034
5728
47541
58130
63690
38341
53171
61316
18769
20826
11125
54314
4552
420
1160
19743
58043
25066
48727
30900
7952
38803
54302
39919
48962
7934
41308
3641
4606
31995
28464
9605
41073
522
51254
61167
9375
30447
52573
4129
49221
35475
56453
62215
48808
536
14717
43351
36105
61191
41013
64360
14972
9620
63604
61705
40793
59374
50385
31327
8575
4308
14892
13288
59635
27600
52090
36079
48389
60233
39271
51151
13378
36179
58099
28962
8904
38937
38728
23641
62507
56666
14249
51137
50846
47725
19197
21943
52609
36112
19565
10931
33546
5426
37264
64777
41746
7983
5701
48791
58745
31572
1636
18927
35127
43555
58380
37386
62814
56090
3302
60694
52083
11754
19131
44966
37768
29827
63046
23007
48175
24794
40200
609
62080
53309
22994
51842
34072
17401
37355
64078
1791
20275
54988
12284
25949
25479
13083
53961
27740
33059
58485
27901
48406
60213
47204
37175
50730
63055
54245
18021
27199
38693
26133
52150
15031
7679
31661
45851
56121
25557
10633
44948
27064
19844
61787
12736
53246
6565
34820
2233
32430
51202
52552
11476
51977
21690
48017
9717
36543
11121
16194
14026
32471
43483
2391
31374
29120
55582
15996
41042
1358
55745
397
39047
15776
32422
50205
6947
55396
33021
53867
62765
10279
47177
7701
38385
38397
1781
23277
23219
48695
53666
61
41534
34520
9102
6791
54138
27582
24401
47416
51732
2760
3015
14197
11498
188
11281
53067
36711
25856
63404
42484
23669
42509
15547
10259
11357
6574
34148
60855
37372
934
30229
33588
17527
55112
29708
23943
41668
20638
57322
52413
30815
18696
56241
3470
18986
35497
604
27218
47801
30224
57599
51405
33862
58708
55683
40159
26002
45318
19708
22208
43676
2954
42317
63454
55269
27326
28146
8726
56504
53959
64979
46697
56736
15718
54430
39957
26186
13746
53240
15167
55656
681
16550
1304
32286
3888
15128
64885
27701
60972
63440
14236
40750
38898
21807
22391
4657
56332
10323
34560
5683
64993
7642
62534
50453
5368
14464
18730
54425
34468
50769
59265
24976
54979
61814
17260
42686
6100
3609
63063
41344
55083
53289
27322
8829
36591
24910
17600
41736
11641
25976
26509
26984
49523
45813
30145
18084
27844
36964
55994
18963
12854
20487
15079
39051
47776
9378
10099
12234
15786
24702
54189
51689
53884
40071
22919
23897
50955
51078
35840
36066
32206
478
58142
64341
40416
56380
63202
48497
37590
56532
40577
14745
41983
58375
17051
64879
11988
2669
53919
40044
14435
10438
50332
62736
17089
13165
37768
53069
34427
49808
30634
1814
40289
11629
16064
30023
27269
60800
64654
51928
14851
53302
10091
52605
58486
45582
43123
59591
35239
25827
23788
47401
37283
1226
34219
58309
49252
10223
15753
3266
8807
44607
11333
9937
2573
53903
40497
41209
64953
5012
18803
11188
26533
36653
15829
36087
48735
28259
10793
31848
56806
30995
60521
30933
8291
33752
42971
31417
52476
36685
37126
48774
7029
16949
44435
60191
29890
36160
45039
63459
3443
62981
42487
56308
54480
21600
50725
44950
17224
34623
34584
47172
8278
6173
16103
51919
41161
45477
16111
35555
15357
58411
29783
10875
6814
47346
54005
6264
16519
49946
12057
772
53394
1940
46408
59501
56259
30488
4750
35848
62251
4444
36893
24747
19467
63885
4412
15333
22176
59526
64536
17434
31758
61308
16303
6174
19450
45860
62723
47272
64979
627
31875
14404
5642
29785
65290
14092
23256
24311
33107
19681
45636
64326
63143
3457
23868
16708
29385
18316
56959
36677
38924
54234
19701
16007
3392
29614
7005
13209
24764
32818
32079
2407
59801
8814
45459
37181
63493
26330
28160
56370
19312
27535
50260
10173
22691
29227
40695
39166
18892
42313
31913
56353
18130
59213
25034
45092
21817
52574
29238
19587
47522
22426
28987
2229
33141
46090
44488
52663
46096
64172
48305
41240
53604
58379
42427
23563
9821
53175
38333
11683
55736
40747
37235
15568
25400
61955
11637
30484
1316
1594
37988
52487
16828
17001
53636
6946
64890
46378
2596
41594
61743
53154
42841
36891
22243
55156
32761
32567
20654
22856
28003
15178
7129
18624
50484
1353
19449
61855
44621
12864
26837
57908
60188
10708
31831
9466
48986
58276
39184
26945
48821
3209
41129
43560
6185
32267
5255
50569
747
8675
9627
12914
22703
6993
15544
16885
48894
25144
55937
46373
30065
24397
18160
15860
49856
20051
5902
21554
56845
1327
37966
45148
23583
61858
47687
37693
11740
27425
38149
40438
63517
43575
26457
41865
41761
24890
31154
63531
63136
60632
48949
32865
48025
40521
41799
54781
40120
42742
38649
9372
26949
1499
5760
63817
3561
28712
2993
35968
16809
5151
27058
39054
50702
64546
10118
7893
61299
17340
23792
19988
36523
2983
56608
52843
58052
3096
47383
37427
62038
46970
50030
54183
60456
58776
29484
53314
7149
1166
2676
22472
33804
7343
14629
34626
51375
13192
4387
27003
9232
57691
47881
33147
58725
62715
1522
30084
28596
33116
53311
63644
51102
15477
24719
15148
49504
13386
64347
33252
55920
11027
27374
34310
26063
7093
13511
7828
58020
1313
21949
38682
60925
583
4752
2151
20772
12253
61563
50368
57563
35069
8504
27050
26627
27839
54739
31092
45853
61035
42008
48592
5617
57558
37540
17953
46467
23477
7046
1353
13658
32691
20722
3659
1446
53964
27106
13031
40614
19574
39502
30230
37027
8304
61059
14752
27155
1235
40547
62639
4645
56804
50784
4651
16453
26773
26906
28941
34096
35208
1852
59933
40436
18999
60947
29081
39816
26695
22824
46676
6117
28754
47424
44404
8956
61149
27185
41134
63241
24341
56703
1355
21843
23085
49916
9594
38513
19456
55668
40386
62919
7223
19659
48939
24876
45929
47316
37449
9570
36997
48341
40694
59152
10964
33877
44166
39456
29593
36789
20866
28145
25086
55645
5858
44517
20310
39965
27814
5294
38544
52827
26510
44992
62434
22571
55211
32319
27866
4972
27254
26194
39432
25678
64952
27980
25521
42759
40300
60547
54716
491
36859
60565
23370
33280
17775
62433
22894
65367
28840
2964
58548
26883
62126
20597
45390
12077
47755
25927
28655
24658
31289
3229
21338
41047
27694
24409
41473
55710
23320
54517
13425
21780
9714
28288
32716
8699
27558
59156
6967
48082
58223
22250
38154
8905
27954
24166
59564
51868
12672
34248
49769
17193
40661
347
31354
62715
7761
16540
13583
34480
56510
9192
23819
20460
1012
36831
25939
64832
56301
18977
23944
21079
62545
12740
49263
23356
34270
62335
57974
56749
42806
13570
34329
23270
26588
45261
22892
6090
658
8657
45195
39344
19667
52538
11293
33886
16015
38023
19708
43592
18661
55329
49337
45804
25904
53621
34110
22094
30051
43833
27703
7258
51867
8712
19277
4840
60127
56144
13442
31923
36673
17052
41059
52548
48467
38604
29065
9232
9800
9447
24559
9433
876
1905
54680
9876
36909
49108
11024
30088
26191
48331
33432
23578
55614
29512
15168
37000
13301
45395
27564
55474
27696
60004
29764
52539
39426
20332
50563
64360
4200
28979
13448
49956
794
53938
18594
46737
53487
60131
38943
12335
18355
64546
30934
60144
60575
15372
55353
56102
16008
27330
50656
29099
47922
7726
46836
11785
57192
21843
39731
22827
43991
61985
3013
24340
25027
62628
35115
1784
23732
44325
1114
21145
64345
21801
33788
8185
37978
5850
16892
6329
5894
48938
9808
62801
50260
33
13131
42783
8001
58426
23999
41166
39225
627
56046
14071
17328
46601
15316
64970
57456
11777
47834
33163
8106
11408
16506
16414
32121
17705
37217
52214
43027
12068
38831
23232
51726
3584
50403
52717
4895
29358
43694
28922
56908
20977
3735
37758
42189
7130
53740
42607
55726
45159
2636
47429
48789
28453
6516
37214
13498
44893
44406
9654
21245
39831
60555
19193
16773
43886
6422
55969
13777
61898
34257
39854
695
33443
37065
13922
50722
14745
36870
37731
8665
18139
60421
51579
53596
13531
33944
45338
1581
51625
55455
29060
10485
20338
62535
60681
21785
22449
59878
57639
885
3685
60099
39009
46189
17061
33025
2218
17471
17148
61016
7650
61851
32338
22189
25340
48769
47991
79
56209
11538
29405
5480
62177
52716
43875
4595
467
26395
18318
41814
32268
63450
8561
4035
53421
57708
26308
43391
26556
20866
26003
59504
48219
60183
46932
39152
51656
15467
11044
59229
44024
3525
49388
11114
30270
24734
36012
29519
42404
41430
1343
45727
33358
52514
31358
1006
26935
24653
33047
7002
45426
27781
7724
24621
28447
53671
27949
51654
15355
12978
62918
48481
17356
16291
36600
22496
37069
58350
39500
41634
59933
12963
5103
20111
24569
32596
13028
20828
44737
26558
44516
22075
62681
54372
56005
43454
29873
5256
57134
12411
56619
34832
58246
64948
62061
29809
64912
56589
16968
242
20609
36856
20456
3803
43731
38574
60985
36705
33685
65053
44892
42501
24962
6401
64477
1468
6844
29660
21453
12088
14891
39463
15209
31399
44995
29568
50318
29157
2984
38514
65395
23996
31505
32798
51549
23633
63569
12852
54953
19151
46190
15275
19570
25216
27451
23165
24606
47879
61094
21855
15006
12543
2550
50499
9726
50274
8011
19100
48839
50057
12953
5799
22654
5364
63744
30297
9766
41794
1698
26203
59666
47974
38798
10694
65126
50771
52967
48026
26095
36118
22854
23047
24224
35517
24353
49158
23652
59578
34224
52224
47308
39697
40749
127
48174
16627
25738
25609
8057
55012
31837
56702
31582
12191
52647
11663
31295
54291
32567
33212
65291
7634
33605
45970
36563
64621
27919
37803
31795
35996
62336
21295
52303
19899
49382
23612
6351
147
39485
28957
8168
28440
36012
11047
22875
4860
7948
20862
49797
65422
18575
49153
5153
57780
6259
5930
51507
10375
44529
36044
35023
63227
9592
45521
11410
10281
59509
36863
12163
23987
20222
15206
25491
55381
48971
21887
23335
56963
60103
30609
21152
27818
3872
35685
45142
382
36514
49120
539
34431
37118
48044
51918
50436
53738
46987
22096
59402
6661
27618
57824
55109
11934
7307
63961
37929
4149
50084
14264
10454
60336
62630
56783
7328
15641
53951
47763
30348
53475
47164
22838
15955
45676
32301
43797
13609
10514
35060
23316
51483
32954
28881
50591
50146
45855
25154
2754
47737
33624
22459
54405
40667
39962
38347
18969
34339
2848
56313
42072
21415
44978
57966
4453
17825
64474
42351
25708
43800
26080
13839
44085
38131
50157
46830
47426
1818
28895
3667
33131
59109
55595
60583
54469
20750
55159
26636
44134
48066
1051
19675
22849
47265
43899
41995
43335
64291
31665
60950
556
37880
42750
39338
41080
23215
80
29274
52271
43777
41854
58302
15545
45623
55866
56892
35569
8505
7774
20758
6759
5801
38521
6749
35948
748
13813
27671
63279
32673
10871
41420
52050
3897
7221
56616
35635
32776
39039
63967
31042
11931
1228
49389
47088
14293
28548
17981
60943
47376
59968
51498
54406
6285
65258
59295
15990
54710
63368
53445
13590
48452
21515
24404
34898
41526
53343
46563
18892
42024
4464
45092
25665
60802
64198
13067
53133
47676
41659
3126
63872
12631
43939
54494
25027
62668
22248
28485
8667
36593
11466
1887
48879
528
24620
27655
11487
44977
28179
7224
6818
39798
48840
11907
31856
38120
55557
1905
28420
3215
56328
37512
52878
54779
24232
51228
28891
2470
38042
13341
56054
52563
42383
40429
43356
45965
30735
12877
47916
33613
8248
36516
2355
34680
33783
24548
27832
26210
64719
56533
37767
33085
16709
18671
6000
3053
64795
9554
48771
20149
40989
3989
58911
13846
57901
44474
58911
31007
28937
43232
2699
34541
37758
47310
32621
33550
41512
62857
44288
44617
8156
26543
56280
40661
45705
22010
22397
46396
62899
16823
26420
53563
42279
16895
25954
13166
4606
51661
53013
17511
55586
14213
44235
43037
16000
42502
24061
30062
4490
1362
49997
63986
52415
49484
18199
22014
49150
20342
16215
28810
61241
46270
30913
37998
45745
55769
26110
23583
3046
16749
54049
3719
13475
6163
33501
7976
11108
14503
8869
51381
25473
36489
23106
18863
43986
44745
55485
8798
58408
44465
38200
39469
2111
23708
9113
31823
13632
29549
12729
34346
9256
55262
46222
15809
59025
54566
23059
51739
29170
37133
37365
51516
16505
42535
48635
23568
57183
35760
65101
10880
43063
38933
46336
41841
20593
54511
24067
54019
19644
36349
45455
33328
41989
15203
21856
30694
34984
34287
64593
41265
15620
29672
33094
18984
1853
48610
16001
13026
8791
41671
50236
36050
23268
6708
49695
57765
18028
3973
25144
7356
63223
5753
53187
62410
7492
62474
27359
64002
24712
18273
30588
740
31862
20047
12152
50293
33864
39299
5119
46787
41783
2484
54598
53039
2878
54243
995
30598
13515
6541
11710
36518
14225
5746
3254
11085
39214
30462
45353
55154
12717
48875
28884
2709
28141
47413
37930
20136
61765
28688
8258
1929
26570
17698
17947
12965
31012
49174
857
62162
23980
63362
12757
18144
21857
26059
26131
7456
45021
62418
36616
15351
42533
39735
17336
54768
37805
60182
50427
45882
25972
792
15064
37704
39763
38311
13026
47009
2185
57908
38914
4135
9889
24352
47829
51648
58751
2449
11679
4957
50825
28785
56237
56447
21492
28404
6571
31919
7230
38981
24848
53555
50549
44878
61874
53527
11724
13576
41575
44233
42518
59426
12299
40907
35860
49416
60835
35505
54008
23727
47070
8361
44994
9797
9183
33614
46978
51228
37055
5995
26762
4764
16162
6853
30455
24574
51829
46189
44908
3134
53844
14240
18706
19214
19504
47691
61397
55882
22907
53422
39200
40705
65009
42524
43787
9993
40123
51305
13017
25897
2186
12370
9002
5503
52526
8933
27402
15370
51106
59333
12786
20170
58223
44708
64739
56012
30323
54741
54929
30990
43363
28945
2957
31088
29155
7693
45395
43469
63032
39568
35197
34846
42689
19260
64475
47033
56816
14376
14557
11035
12421
55732
65109
8952
47741
57083
47989
61498
49077
64669
55272
9815
63210
7223
60570
63954
6391
20885
57844
54035
30260
21807
1887
15012
21862
22050
49642
56899
5582
15834
32282
8753
37636
34552
7896
56383
38946
17073
24296
19462
10454
383
54632
47322
960
8868
43276
19163
58745
36680
2719
30135
36043
38934
111
63491
61470
41846
35206
50967
35821
65157
42042
41458
48089
38482
43578
46315
39602
558
6094
22434
7580
17026
54935
36560
11916
14634
38191
33607
50100
41178
38274
58608
24015
32520
19708
46358
40953
52440
52647
43387
32711
65187
6172
45485
1578
33544
31216
49546
27230
50429
40394
21140
15648
28344
28646
58154
11021
8169
37537
42054
21925
38860
24939
41831
63671
38407
18377
47574
17163
19857
29333
568
61089
22843
29171
1426
57694
16520
57814
61680
22159
20591
27834
10806
26596
5802
38697
57532
33627
16209
49838
9870
6671
28057
43616
6370
28876
1163
38509
49432
23044
23074
47326
5674
59539
20190
51947
8571
56600
57726
50759
62501
16341
979
12934
20938
29805
55417
10593
57581
54233
28462
13514
28548
24975
4120
45290
55510
32779
31587
39285
62019
58491
35420
10083
18554
41598
40201
28347
16159
37653
43178
14241
1499
33116
36891
11332
16056
43691
39802
25615
26980
7351
54067
61909
2401
23107
35913
50512
43924
29018
64341
64976
49298
25424
21656
46522
64790
17964
48862
51828
29076
46787
30845
53305
54527
46363
18911
10976
49706
4229
51155
33075
28278
6321
60393
47081
54712
41664
35693
9759
62835
32430
136
36922
8979
2949
27231
9184
52456
62819
7863
17306
8601
35992
10166
36884
28336
57538
62767
46489
11380
61414
32008
9337
62919
49468
43315
46559
55226
44420
37224
28565
32465
33094
40109
4127
16616
14016
17219
51768
34457
61257
11992
20884
40486
45892
165
38384
34592
58923
18186
7382
3518
50024
41228
8272
6387
53246
32185
31422
22459
49073
3610
15710
63240
16008
28516
20131
29875
42610
64506
14834
40515
41190
36060
28862
57249
57053
40379
43209
58749
64760
36078
37368
22127
64138
6389
38928
25183
46977
6334
55387
32708
6119
10245
6269
54979
8556
62269
57728
50927
16129
1099
55267
43909
12304
18211
63529
16044
31533
59979
46507
4492
4224
44080
53702
49604
48107
68
18503
19479
12528
7249
37640
24133
39501
41310
59970
52282
48402
9614
32636
11686
33129
19273
25079
15605
13011
30289
16853
15135
37690
4980
18883
4868
57059
23636
49510
35373
20926
1483
2294
23789
31772
18959
43482
27263
29724
33126
48171
26121
12434
12932
42129
18127
11119
19999
33708
1439
65463
3721
5365
22615
32105
56053
24279
7561
54626
8944
29121
39395
26521
10705
63447
56988
30208
6550
22416
40187
64193
39454
631
41644
33876
45191
27151
9002
24319
20153
53728
51093
62352
45842
30800
46530
3694
12359
7035
53444
46271
4679
31668
31033
39041
56494
63119
40022
32456
13515
24221
59567
5845
54823
61230
29829
37682
8684
32306
27879
2641
36429
34395
28235
47954
21796
2028
52489
36240
21975
13317
42039
20049
3283
29857
61090
12833
50262
28416
49784
39032
20326
64441
46283
2116
42047
29089
26616
28200
40293
60638
17027
2338
61576
55097
34580
23432
25691
61551
50784
7765
585
24196
31455
15591
8524
17689
33305
14185
1904
39370
62633
8586
13732
24403
46139
15059
3116
45
3200
9030
32148
33242
39577
29080
48540
36835
62260
30400
20275
51187
21835
13371
52203
48763
6434
51480
20719
12485
50140
52880
45470
13918
30510
16578
61526
18811
16468
7595
51970
53915
35218
15343
16524
12831
21190
17889
31360
56625
35114
29850
63756
62735
11063
34636
3795
23649
16962
64835
39475
26708
13949
5002
53645
31345
59331
59982
45203
4483
19515
10812
37232
33051
7963
53636
46111
46281
27732
20546
56646
33707
12858
34693
44625
30139
57079
44745
12640
38175
42316
37089
10553
59685
12263
15025
12542
6019
64154
33377
22782
42127
41326
55335
6239
38741
17
28895
34874
49980
10663
25714
36623
46470
60693
25986
24020
26414
33045
14256
28914
8310
41232
50683
64470
57430
59986
60456
63459
40678
56679
6937
51290
14294
63761
38944
1915
3904
36832
59143
4179
7229
44615
35714
7180
37939
34646
28256
51825
5360
35357
30387
44365
2655
84
57047
20743
6633
35771
34769
63066
51086
42218
56299
19401
9940
226
16765
57498
5761
17658
62214
16398
3839
16997
29313
21250
12625
55963
60562
11565
21446
62341
16271
35386
38494
49590
56806
57790
53420
30956
22590
42235
7238
44147
55608
65493
54162
38181
40086
47701
4110
50315
46811
10628
8074
49861
40560
20926
10364
7778
48539
26927
46238
24278
20783
213
27114
4721
55467
55765
52219
43382
27952
8944
40923
46656
22391
64792
48599
44162
31138
51306
29459
65400
7596
47090
44716
41760
56714
7166
4474
57117
40660
54132
62008
22210
15775
36404
21902
55935
46336
47144
21456
1506
45682
14276
50799
52464
23089
4462
48068
34225
3446
33920
13568
39144
37861
46138
24444
6298
2171
4876
33030
7738
31931
30005
25339
26202
62107
21423
44837
18709
64211
49028
58897
25373
62087
48751
7098
56531
23513
21286
36741
3231
14861
61440
36274
17676
58828
42764
14850
12139
26344
51894
48241
31241
58648
29416
44518
3101
39846
61471
27810
51668
27415
19471
17409
61626
30973
45657
51038
52527
1240
62235
16701
13912
19847
62225
60640
44450
1233
63791
17447
22168
45890
489
41553
47939
24361
63030
54523
36182
53860
37588
10445
10243
9786
112
13915
34878
50964
5646
41505
37845
41756
23303
7688
11639
39135
50606
52335
35135
29894
12504
48772
47520
21465
15520
41545
14981
2543
58288
11851
16622
51545
15972
40170
16558
45660
44993
2944
16132
20137
20839
28255
14506
49576
14293
4578
61658
61497
46866
54061
44583
52661
22911
2427
14808
50660
2864
39902
5569
39218
39986
57883
30336
64120
21007
12995
49650
26979
43860
30637
32514
115
46384
45687
10292
48122
39230
2169
11059
45115
55787
19073
1112
59471
15688
7056
401
18675
13997
5125
53064
62343
55876
12239
48349
63269
55174
34771
48885
12857
20083
4164
16772
45402
54895
27610
7292
10055
763
1104
42760
55930
57118
54890
3806
36738
49357
44581
47961
36366
44799
10018
37551
19468
50875
2996
45234
61172
12034
57749
27641
61172
15501
27691
28032
38701
21323
20739
39853
30405
33742
64171
11998
14715
59165
44066
13046
45621
11325
36102
48970
58489
52257
30653
32983
20719
61413
49114
8489
29039
61328
29780
48091
12352
6099
49792
12481
31930
51224
45817
22328
28677
16536
18443
61262
36379
27398
63602
14272
7462
8215
34458
29744
11563
59175
61399
37315
21023
28178
27030
52387
46653
29395
59100
4499
9489
37817
32614
41960
64009
21857
31892
15422
32311
26316
51940
64507
56905
51989
53350
52108
19999
45071
13886
59540
29616
10276
8094
6791
20766
22045
12857
30722
29547
52079
52861
34445
7327
9313
5830
41931
44665
56963
10839
8265
4950
49502
22273
52970
5801
61059
25673
39065
38885
28222
48474
6481
29124
29837
25352
3268
31123
63523
61284
4712
61302
22254
15806
5051
2986
50578
55817
42026
37753
64926
28600
36795
12594
65230
15030
17383
34272
56185
21379
2069
35657
8961
61010
11077
16605
8308
32219
25200
43481
44917
43153
52793
63758
12210
30270
12363
41944
1383
33688
50403
2141
9470
28701
32174
32977
2125
25944
13216
6588
55005
55113
11606
14024
27098
114
23589
4343
56320
56891
43309
60365
33665
45833
430
62238
39306
23648
11383
34265
26722
56275
26931
51837
58294
47220
3162
17058
6403
28845
21759
12406
10182
57535
14853
62028
46582
11211
24036
32510
23004
55266
26362
25641
12513
39021
5274
58017
51454
51519
62544
22671
63039
5781
47371
60757
63692
11942
13132
53407
7531
48384
12746
2856
7411
13909
30057
56035
11318
58427
60032
16423
1354
22534
48999
36496
21719
12662
30565
30829
28980
13808
52226
63633
28434
21798
41193
61527
7989
9416
2887
42820
47530
57164
6270
252
33163
15530
17385
21828
9689
42754
41734
15273
22227
46054
34041
44590
39722
31287
17051
12640
50790
62639
46093
33264
14096
44189
19254
3866
40927
16186
41129
13281
56450
32952
20326
2317
33117
13520
61318
61634
19423
19445
49744
14568
50765
52683
18612
43839
12659
32518
3271
28573
42819
25003
44086
22316
26486
34735
31075
40560
46417
65097
18793
38207
54196
3239
2439
2944
29255
39810
7732
4246
33338
27432
22274
57515
13358
15045
51277
54904
16309
27146
22095
4162
28542
62781
33913
24671
24328
46390
45214
58237
53527
39195
59685
47731
24715
35744
27566
55776
42208
23255
7203
29271
8939
27120
11939
59561
65025
28964
44027
8892
8324
48562
40371
5487
8690
32656
28827
57973
37064
17429
21404
26007
12056
21432
63522
13909
46019
39922
4491
51038
55542
8090
48731
41033
3470
50876
47802
51239
56549
17475
27871
229
60202
4943
19007
30666
30311
48301
5125
42610
47254
35484
41374
23563
52573
59387
26375
58647
12933
26040
53282
42793
12134
54716
12545
2326
55116
13379
53992
59294
11790
50171
36078
60015
47839
51243
37434
29426
60357
21228
32198
22077
23865
31491
3490
4328
16520
37043
48485
22922
5924
33130
23941
39103
2977
51048
56931
44569
55886
53981
23401
3961
17568
20214
58130
15561
53427
57150
48698
41779
15387
33187
61846
41082
39798
23483
24699
32188
63157
21774
31403
24453
31704
24993
42928
44798
56826
12976
38624
22161
53164
33331
64038
38938
54678
62616
17290
15276
47228
41546
34947
38539
28496
64073
19932
31212
19070
12073
52298
14752
17078
14615
5486
18360
14318
21809
54803
9833
21128
33011
52191
611
14769
7782
50482
58788
22751
30044
50207
38345
47867
21989
33196
4220
54310
36228
34863
55790
54122
567
43381
365
23746
31648
40929
2305
4414
30746
30659
2177
9895
61700
23381
56983
15728
3645
47167
19892
54999
35385
39350
47498
4924
28545
37964
2565
5647
44304
57553
35760
13436
20423
65506
39
56869
33194
61386
59769
31953
10130
57096
63919
47033
2299
44959
19807
11267
4498
31104
15390
40823
45194
14502
4036
1230
14983
9477
3905
42188
55587
13736
10477
49987
59055
13115
32115
60703
7671
12109
15934
51156
51521
25293
44266
43614
61999
49242
64503
42852
48226
60917
60777
39924
58339
31048
14670
26589
57898
43669
1315
50572
20872
14421
34441
51214
2989
36021
15263
40046
18851
12938
25136
40041
7132
12056
41529
7917
61192
8340
54970
64209
45278
65237
36953
20927
56291
39018
45917
34672
1743
65052
56919
18546
38390
46380
7827
33778
43008
27973
40995
37573
56694
10952
12499
50172
35756
61391
38991
2562
61231
14422
22025
5020
62501
43403
37220
32586
41237
10540
30457
20089
61596
17544
29356
10934
49806
6050
63230
38789
4669
50643
54155
3268
50118
15662
52470
15683
65021
41119
55515
59865
23562
30439
28824
6793
9461
38192
42653
59127
2243
43756
12549
63187
61226
8556
38874
12010
36861
23551
14221
51157
2317
41951
37846
18068
5841
51114
60982
34393
40981
21799
6935
5928
19100
8407
27039
55351
11426
2734
13693
53420
50943
54947
22536
53349
37660
2940
12914
57843
53753
13999
14752
55895
19367
12425
63322
46162
36469
27776
51013
24392
50406
60581
42720
38397
8161
14683
11074
29544
25387
47100
28008
18014
37487
48246
59144
32684
24259
29278
55003
46129
62235
46670
15457
43650
14171
24792
7101
5258
34735
27108
44621
24515
20592
3694
25258
6523
30349
13495
63925
48561
54082
15637
38212
38117
25838
45233
36103
14940
61277
12985
32276
48380
35691
57310
54125
47673
59238
32665
45540
12898
37926
37508
57189
52249
2041
40200
20780
33162
61708
46929
22740
34381
32448
64906
56214
11485
23871
57021
20435
63658
58180
8616
39844
22734
27642
33433
49089
63388
43550
32844
43240
61604
53858
25106
18401
33883
28637
49426
26038
24350
35847
57077
9427
44784
42759
35770
47427
65353
9536
44689
13154
13248
58455
12780
32751
2817
64481
13266
26819
10993
14097
25177
476
6500
48608
17030
56271
49917
48365
10716
30448
34456
60696
65279
19682
4792
33681
31379
53916
16551
21744
42102
25097
51014
46749
8638
52994
10041
34614
30185
48468
49186
42740
56069
50223
57295
58237
60842
44655
23240
49416
39170
8876
22287
51922
327
12062
53543
12557
37423
47401
20128
49468
28109
55605
23234
22085
49087
38600
59491
6506
9646
64135
35568
24145
2574
63608
15660
27187
23612
53737
44923
29809
58728
32946
6829
14416
8175
53004
39642
33485
63223
35972
11278
38615
40714
20849
39439
3940
35746
19736
54299
62721
56767
43082
16979
38706
10605
15061
49334
18677
57842
23426
24318
13871
2070
2286
47256
59684
30800
24593
49507
55193
15884
24074
46788
68
33955
11959
51668
6884
48610
28372
65498
11621
28339
59593
6401
45653
18233
27094
27862
26431
34452
57312
7418
11970
14161
33552
57749
42543
20354
61769
1294
8201
32337
53776
38526
15801
22553
34490
45501
52251
31797
34638
733
7871
17217
6036
40656
25391
7763
20088
31234
57812
64582
3125
39752
13980
32280
2868
29553
23078
20200
21364
32531
47937
43832
34541
32454
13459
60945
52234
7965
34802
46936
35636
28812
1180
2108
56221
62853
39689
58915
31825
53422
634
46301
4542
23036
31951
35793
36818
15761
34892
57949
20540
54364
26576
43162
61085
10378
51078
52296
41845
57346
7290
39862
9787
43317
45387
22187
51104
38870
13316
46881
29611
25231
23963
36257
31553
1172
18912
59347
19224
40940
48102
23718
20584
20170
57286
5643
7816
8225
25690
50652
5070
6824
49961
21877
65442
47448
5345
23706
43055
50905
19423
56016
30160
52220
51779
16764
6683
43001
40078
61505
28618
46667
11377
53522
532
37828
54756
55759
40244
41320
60031
50201
9232
8510
7154
32630
54106
33918
51749
39376
24418
52650
50314
13751
39191
40666
11776
39258
6656
19111
3737
3413
49495
31509
6955
60403
63381
52008
11943
5629
48521
51076
12724
4101
24523
30098
18700
36852
61358
52231
1238
8677
13607
38967
51629
36914
32034
51972
45816
5230
54403
33994
48436
46353
34559
64865
17692
2565
61622
5624
28069
48123
61424
11764
24975
53596
50057
34857
13897
12486
19733
10729
11494
10259
6978
45127
11419
20841
34587
6217
28832
55515
41324
63166
59282
59170
19641
29315
10001
31469
38052
34107
50178
59938
64841
55518
49782
13210
5089
9015
2512
62276
42908
41129
47200
46742
53356
36602
56923
25468
53158
5982
57648
25816
52462
43025
61961
56051
57983
7870
837
22422
34380
26138
52075
46608
7858
51738
29849
60132
43029
30458
52324
36226
43420
3349
56434
44578
47615
25911
16616
21592
5241
62923
54454
33046
64574
63124
24821
48924
22887
57087
28005
57514
1729
13709
38664
8196
11475
8165
21043
12471
16504
16154
34636
28332
39321
9148
58205
58468
58828
35501
43329
8779
471
36926
32934
18598
62652
47933
36559
13299
55589
47693
48447
49358
7774
58379
9453
22591
44692
10071
10142
61407
50235
55260
32686
39786
46736
12765
61735
10373
13459
16191
41108
5518
21148
40293
48719
31094
13416
45518
55815
33108
19017
10736
47243
13532
17549
16304
42533
23873
47310
17919
18192
43834
11888
32318
36142
15015
2581
35555
36485
14176
32095
24292
8042
64804
1120
32001
38865
39633
30367
13458
62524
11158
60155
219
15315
42131
21950
59103
11829
36005
5542
8021
20934
50404
41479
28522
23662
41721
29956
51306
60289
32740
62190
34113
41615
54455
49851
20735
2427
39670
8891
35237
1468
2282
12583
53493
37500
31271
48812
43624
10359
26598
26262
32901
48150
63512
6308
34755
21233
11367
49043
1497
914
25162
25316
721
40725
31271
45881
11335
6580
27819
59957
64051
9054
8769
41469
13389
35962
27947
27764
10452
49586
13447
44662
24679
28357
23842
20553
2
4720
58520
7920
15984
52449
26514
30008
48608
47551
33826
3957
4033
57116
59441
7397
1985
21450
12746
52603
63373
11489
19495
23223
20102
24629
17427
33942
59296
52634
3360
4841
13429
35927
45278
48142
22384
12705
45025
6786
16342
8540
35050
32850
32324
42256
60497
45703
65425
58341
53593
44583
12656
41174
43011
51809
19725
46932
39762
34544
42649
31936
4477
62239
57591
57904
46097
26877
55932
60959
58277
42158
40281
1229
28214
51937
21813
362
60610
12349
21578
20544
46359
65020
3078
17493
45919
14743
23475
1873
41766
17381
36492
62919
9709
20185
44071
62040
32655
38238
30363
7757
22109
32296
42986
45764
54894
27506
47456
1999
41982
7787
15434
43239
3910
39554
22487
3946
11614
39470
50674
30274
33032
32721
36138
42429
61165
7462
56849
62185
63765
62482
23301
29855
22106
64640
6463
14056
32740
15310
6727
36381
37581
13860
30050
16997
2548
18914
50100
42814
47203
64462
2656
53044
49540
13831
12609
10110
51989
35103
58305
65279
19810
2981
47993
8017
46645
48609
4841
42619
13214
54537
51213
29510
18422
48352
35806
63177
28251
13650
3209
13202
24507
46878
18211
17409
58671
65352
38686
31488
32013
63899
11634
40126
22588
58824
58331
42034
29851
24796
33551
27042
37594
19287
38963
31076
62047
7502
6868
1549
46751
7263
23644
38486
2372
12336
43476
19245
44851
32820
36224
13053
56469
32418
23484
13182
55476
4275
55213
11364
3501
26360
19139
18805
30593
44080
6468
14300
11132
31430
26181
57985
64652
19641
55644
48953
41375
26848
56635
30454
40786
10499
44867
51414
64847
43388
57241
31476
56400
33309
37809
34717
50843
4380
11625
33990
29479
48838
3383
60967
48011
6135
5182
53419
52061
20893
35544
8354
7078
28248
744
14137
61487
57712
62342
28118
7470
61346
37498
50358
8285
62882
39436
58967
54319
38075
17110
31222
7766
59604
39897
22445
14858
14453
5725
45088
37331
56372
56492
40337
51834
9493
50710
59299
4694
50271
60368
19536
62978
18703
46658
35439
59536
54667
41861
44730
64366
4251
36143
58745
17663
4585
34587
25405
8871
9332
23185
5250
61417
53956
45428
19989
61916
28390
61206
34811
50011
51699
33464
17991
11122
52897
55082
22094
6055
34929
4326
44519
9015
58914
24319
54627
42935
43055
52668
4877
38932
13396
1093
39951
52231
47194
33932
40352
52966
23639
22984
47544
5895
57486
11766
38852
58428
16683
42178
17414
27584
23455
65002
2410
4490
3083
34214
52137
60885
6042
39245
22110
3719
19017
49060
63451
41809
44348
1774
16287
5459
43356
60949
43980
35156
64981
49418
21001
17183
1126
36335
19377
40836
12530
50178
25613
32694
54243
43037
28090
56555
14353
46801
14194
24738
12740
33561
9844
7465
60298
38325
49913
38254
64083
42941
13532
29292
17871
147
5666
8915
6772
5212
37738
40207
40328
36248
41907
4700
16070
43205
9690
19674
52129
43366
61536
55945
32876
59313
51126
3686
22204
65499
12595
19163
57464
20566
19941
62911
653
35767
41182
42630
38158
31611
26761
6102
27439
55627
23723
43253
20951
14644
63274
43482
30259
30063
49848
27046
9282
57758
22950
39331
12633
1722
58838
12620
49799
3759
23362
15957
37424
7954
62462
20663
63524
47062
58283
47562
36556
23845
4092
2938
26746
62614
14678
60576
28643
5458
33524
50376
10121
16748
2903
7292
57230
52465
4985
2388
54146
62762
40447
42667
42836
58367
60339
56489
45153
6415
17889
19755
49949
10143
50373
29771
60382
2117
49902
61948
3901
29941
61567
22944
46329
23893
980
34970
37408
19362
51134
9954
32532
56324
38062
23538
47489
28637
25812
5269
1583
10744
60777
48277
14784
33904
40082
36113
47190
16893
24164
55460
7401
32482
34026
20065
29826
16899
11213
4004
10297
34766
22552
62988
11587
11740
41806
1649
2492
65525
13005
50412
60817
26169
55546
11710
25319
26758
52558
55589
53659
8674
26872
62656
10836
9525
55472
29059
52852
23554
49080
42560
7804
38151
30636
52498
23393
39679
42821
62156
35863
10756
17319
42342
63721
17651
44241
34414
27470
27822
2549
46364
11216
4317
20235
12303
17384
22630
17004
13978
26290
60479
61657
39246
27225
28934
16204
53048
42268
1192
46177
35568
17235
43813
60051
9210
27526
53811
23573
48286
56782
16790
32151
58973
40156
28136
39448
14966
42956
50730
239
11803
20405
26944
38446
25649
49706
7088
13082
4319
9729
59861
32980
49605
19522
17405
19079
31538
14761
42760
247
64430
10993
5894
62678
25920
43835
27243
37087
47630
52098
209
22215
59409
21653
5227
44928
62414
49788
2645
20775
14351
46929
52115
20825
5987
61549
2087
21159
57603
26972
24407
48175
7813
61725
22191
13905
31753
4543
8382
28896
4288
48963
46784
56555
39348
46270
44781
44097
4589
11264
49734
29964
712
20611
63692
14558
23912
65490
53015
18088
43445
26695
63313
53942
10673
1457
55712
46406
28685
9281
45653
43946
21970
44905
28553
64555
58269
52563
6085
64140
48942
52903
4112
9181
37742
45324
59380
3851
23384
14366
43701
12888
41477
31986
43613
2161
30104
25022
33660
32770
49408
3658
3344
53186
5915
60827
51777
15992
41587
21089
6740
52345
52230
43136
28465
665
63884
52347
37087
26000
60455
21776
17557
51359
1708
9479
8749
9480
62950
18829
36433
25505
49669
64995
44064
52417
38166
34200
59785
31860
44408
59972
42909
52946
63463
15252
9790
65045
52750
55473
30308
3762
48701
55987
18760
49888
33128
12792
60241
13030
64779
52044
11369
7573
10048
43903
5244
35188
37667
1491
46810
15686
28899
46046
25898
55679
5234
29845
9108
61966
53638
23549
59972
44783
64998
57860
38652
59474
2774
14609
4687
4362
10799
22877
1639
24485
11280
39036
27392
48716
43061
19107
42223
10893
1019
46334
49680
15096
49061
17983
64810
9670
60805
42584
26832
38708
35671
22401
60329
4660
44196
7216
41674
34444
17170
9728
55170
18545
39977
3811
15136
40311
30676
51974
58023
65461
27023
25858
14209
17326
54284
60395
63460
20055
31572
65074
8739
53236
16627
18719
9004
8062
46681
23890
28537
35378
53016
43239
7335
24591
5074
18570
50228
130
26692
26703
18532
49976
36504
62921
15054
56010
43140
60976
17937
10005
47524
5908
24527
20134
21127
20027
42809
20627
52455
52742
27723
24746
53664
43298
32964
18058
20775
2641
41050
33561
64879
54018
23050
35735
56325
58127
29686
14477
49804
31898
34852
7208
284
34010
48036
45822
1907
53223
25835
13978
34525
44914
27355
17722
21708
48890
7307
21380
36453
51441
51308
17737
35007
40456
34590
57477
21475
40620
57593
63255
4209
40354
16138
52626
60001
8541
27667
9719
28504
25498
39401
48120
25081
8768
54
10065
4128
5632
38413
26044
51403
38847
7444
281
61690
17351
15070
7852
30792
15029
16446
13354
35794
33114
31537
34059
63613
40543
20827
29647
37631
9479
27785
24469
40921
27845
65151
41471
11460
55532
12192
28468
19007
59673
60187
18035
13689
22395
50915
33808
59484
5551
23719
9614
43872
19402
50028
13074
15533
53057
47203
22856
49692
12718
6544
57841
34344
37095
7590
16863
37513
48151
44434
55463
5720
43997
34384
4038
27105
38780
62174
20343
24691
49619
24337
17728
57695
43090
4800
20219
35691
22276
38677
30324
28646
12188
35185
43449
27495
1808
35552
3636
22858
40264
40214
61570
57859
8290
43944
4406
45085
18870
23237
24365
2282
40093
16997
32075
16575
29317
64182
6696
61549
49785
64597
17186
56892
16042
45279
28413
65070
9405
19535
20720
26566
57869
1613
6798
6747
6883
21216
15659
169
41835
52159
42923
21984
42317
40533
45258
47347
56080
65126
39077
56469
17478
31160
57822
41134
924
57808
51241
14854
25962
22981
25972
11746
35903
31378
1813
5233
55278
35138
1525
6201
28474
63304
44201
47449
65251
37278
6417
56544
14370
8361
57106
48935
1873
56176
19922
51691
24806
57564
52296
10574
18097
53246
35572
61274
63079
42322
29064
60777
2960
56975
63236
10159
36168
27710
40875
27667
59582
61146
33649
34448
37460
9970
51486
205
53212
49073
59827
14648
5708
10589
58619
6931
4975
3774
40238
42944
21324
30543
31247
35011
24787
54038
62507
62278
56938
19507
13795
56779
14183
32985
40661
26814
51725
30388
13477
36961
48488
40903
1590
19994
60644
59082
58087
38936
47970
44947
42685
64705
605
59101
21355
30341
14613
25234
45926
38239
23570
61968
60429
35207
18462
51979
37798
40297
6654
32746
20921
39669
35879
32808
38033
59247
18074
35885
31276
32699
57373
48531
28228
36301
54013
11596
9894
42150
39326
13431
57076
28748
56726
39941
49069
49901
11344
29041
56474
44472
28758
51295
32748
24194
63556
7580
32239
34620
14826
47815
4394
1459
19332
17359
43942
9338
4411
63686
51653
22522
50517
593
50297
55350
46773
34351
15050
26805
51438
12656
55279
13963
62650
58089
13302
61557
36684
38671
17710
40263
15230
40427
63968
34840
62795
2639
26978
9471
55114
25702
17991
31425
59541
12920
54016
63869
26009
11628
3697
33550
55472
2328
55311
41962
18006
29293
11099
35488
20932
10010
42488
7554
18231
39777
45257
16222
20437
4930
5020
27363
3198
54000
63859
28339
35046
23137
50145
10975
64290
53559
10547
64803
14691
52637
60772
49935
18040
44282
23658
34594
6266
33237
22030
62459
51988
38359
44053
62191
2653
27926
2468
52302
9943
52249
30146
3407
474
43414
15612
38841
36896
20156
36974
30938
46256
44318
61811
5065
56829
4837
61985
21860
44549
15196
37764
63917
14359
54867
4078
56505
56495
16898
23
26621
40747
59960
30370
48036
16517
31975
15559
19907
64327
31778
37528
15327
1714
1751
4369
22677
32370
33095
9316
49663
29123
43411
12814
57671
36190
50887
9600
5389
35168
35809
28698
11738
8205
43979
37392
40224
61229
31300
39469
4919
26451
53254
41427
41967
31612
16798
10970
12956
1090
59195
27678
58291
61444
20220
57920
56589
38306
15977
23017
54082
51932
13826
29258
35320
61343
18787
13476
40822
37393
54676
34180
23408
14189
17726
5511
796
21859
49948
28036
53820
58003
57104
29985
21515
56994
59157
21337
35961
22114
10161
32091
21794
35000
47849
18135
551
35842
50153
65307
53492
37564
32741
26004
42359
21204
26854
39869
11915
18248
40207
2557
45708
41957
11554
16164
45831
19514
31848
54356
23358
35506
19664
64693
36036
51380
44463
17833
41899
6303
37317
7823
40769
34214
58784
32167
52568
14363
5285
56241
3610
10970
24390
48997
55536
22376
10374
56619
33424
27597
20229
14721
32019
32875
37386
59785
26417
64922
52589
6203
50734
64394
9048
62218
52951
64189
8638
30686
34114
54868
62310
51030
14258
29648
57683
32117
25904
16946
48527
34916
14257
19098
17193
20077
40295
13278
51366
63062
14486
37326
36701
32409
52555
8016
58783
43717
62668
58654
7484
61046
21767
58837
18502
65309
47592
54096
49456
8199
6427
14460
63725
11927
36679
534
46225
18588
35476
64957
19148
57523
50513
32941
700
4095
16937
35573
50146
22038
13522
8176
57180
38485
57109
18312
1260
50555
63031
530
44095
28506
29829
47883
50660
10796
30531
42556
64218
22423
1589
19
10055
38647
32706
37265
30202
50652
62616
5835
13983
36777
2114
20528
17027
47988
52406
58672
10345
40512
45324
63776
55380
43431
62388
47749
33016
2973
51434
26840
34805
18285
27360
64945
10820
22439
43493
50842
17024
64759
37490
34166
23192
21762
19354
36239
29273
54339
45291
17976
54896
10950
52126
39832
2124
47423
16887
41137
48094
18898
21517
57346
56251
6359
33772
32708
44202
49102
10927
54545
60225
31617
18889
7814
22849
17001
65191
48267
61515
36464
12943
19817
55336
764
26756
49944
31357
27848
29457
41575
26038
64274
33352
2107
18804
56578
48611
23318
58731
29203
61128
55802
15142
1411
14611
18599
41889
36998
38589
6711
5923
53606
14256
2373
34796
50537
59594
1846
1113
23104
44856
26258
60583
58806
15629
45879
21736
10945
42336
19650
25765
40272
14653
64175
27597
59180
26488
32697
18056
3004
21712
35796
64361
59479
64955
27903
64604
5379
46959
9598
48784
59333
53618
34185
33147
5079
28995
41571
51536
22260
8984
54572
56360
36239
56359
22166
40002
7294
59912
10542
50246
8654
23195
54224
8214
42534
63149
43148
62472
44676
22883
33572
58015
62319
64687
155
59730
719
45385
22345
29968
49013
50173
47462
37003
14937
12082
25667
29312
4292
43226
2577
50207
23120
4064
3857
24283
42713
44529
20843
13714
5903
49553
29868
13423
56283
35087
6848
6270
51944
19574
23987
49608
23444
57638
26737
44083
10424
34675
4957
61941
6033
24828
11988
14181
42279
59862
1212
32484
60481
15838
32388
10656
43448
8082
57977
6697
24899
3823
47287
48661
21250
58653
20082
35558
48651
44616
25636
34910
8696
59866
41979
27247
42536
9261
37123
17663
28218
17778
49238
61890
53621
59561
3715
59625
29250
60467
31419
56575
1040
2474
54121
24885
60633
1254
50414
55256
293
27705
58110
11492
51057
24304
25247
12018
44784
58575
4819
27102
607
48142
28354
56460
14419
4386
63861
17344
11814
51295
48532
48366
55034
21354
25946
29202
20170
44209
13372
53725
24666
7379
14765
20061
57947
51356
22674
38844
1907
32550
4612
4296
19266
59845
57328
2295
34822
32491
62969
2995
63291
25456
5114
13442
23419
45414
54673
34237
41501
47554
21989
52531
27130
19006
18930
48632
29377
44302
15383
34891
62999
40610
21073
10162
45137
11967
30092
45248
36901
32970
46781
3618
54657
28687
58212
51394
14741
57871
60274
32002
29147
51765
49241
18300
53589
30476
23800
38107
1969
49071
17735
34645
34793
6815
42583
38973
32722
16922
10845
34257
59765
59988
17682
59194
10403
26232
50975
38153
11209
10229
57863
62696
30253
45327
42768
29399
50186
26304
28021
21006
17854
59843
62655
20273
45704
52017
12521
64275
1012
58353
57980
58525
31217
36078
13372
17910
61431
19555
18354
9838
54468
41753
39870
65390
33267
36021
13773
11937
61322
43039
29824
38797
24107
35515
55088
36496
57539
62056
9757
63164
297
60234
18425
41573
1046
8191
62739
12850
20575
50278
58884
51325
46526
20502
10824
11411
7535
7370
33939
50271
34078
60240
10419
44244
977
25444
16772
64545
29929
64583
12003
50141
13573
55206
50491
2910
57757
54513
10041
19099
24131
18048
58787
1332
58878
46017
49114
4778
29126
12110
52109
32864
20126
33146
32358
35484
3116
19914
27116
51501
45237
10090
22647
6820
41024
21693
27977
11503
50089
15467
31771
5184
42999
13749
19339
35537
3269
6108
45563
15894
40391
61730
26925
24949
17732
25449
59843
50640
59565
47628
15422
41563
44883
58204
26729
19298
4271
2851
61831
3334
51139
34288
28393
11609
7095
52365
15982
38356
53973
28603
20822
1142
34318
29414
4768
25199
45411
16161
37369
61389
51771
17899
40380
51140
33529
49783
25150
19034
14028
22236
48990
47630
9999
49567
64939
36881
25458
15289
48988
49081
36059
14230
3968
49185
30244
61570
12535
12656
52642
463
4775
28886
62576
40309
6572
22577
18083
64660
64385
28301
10601
30449
3552
50901
14210
50425
37249
62220
25599
28212
32731
12304
58440
1635
6715
3326
46088
8265
30340
44036
42726
23453
6160
19986
52393
32165
6820
3795
59422
23646
62854
24797
13451
21286
53928
12803
32951
31169
3342
17118
44834
21884
26948
30804
19598
9625
22520
54941
8239
11970
9520
34836
16303
35536
24884
18516
51526
39155
55136
1571
33572
16932
36277
63180
26307
49525
64811
32313
17089
13229
25568
44559
28565
55609
5190
28850
43626
27594
3454
52756
47559
65116
25009
12916
44376
55994
35424
6873
20781
10266
11918
13343
34951
1772
31036
17020
62693
64748
39903
22300
52474
27517
39391
64476
61973
2945
31985
58083
54617
57852
50627
54596
26277
18510
57686
25820
65206
21518
61924
54625
39141
13376
49547
5025
37165
58117
49114
53228
47270
58552
6919
22947
39579
30217
48886
41913
24361
57072
45472
9284
20746
28973
6332
43879
26973
44249
16111
33740
423
15563
21846
56312
49218
29216
18932
21851
44820
15241
27509
40785
45497
41157
54351
28581
146
34238
40939
41533
8044
28177
61716
31510
45839
60628
13855
21092
23534
64676
20805
17286
56180
11254
14497
51190
48325
26406
4204
58315
45685
25697
46308
51791
16854
10586
9552
37558
60257
59361
35629
23306
9354
59626
43152
56188
33638
13989
16713
34799
5845
32738
5995
51462
52458
47758
23506
28148
48086
48774
13449
15853
54788
13536
4533
56554
59027
18142
39289
32918
29785
28077
8095
32961
39198
36014
17508
13120
19731
61894
30765
5700
14500
9746
64149
30978
44792
62107
27445
299
52119
34528
45554
46687
59167
57737
64289
17018
4017
64392
8528
14378
34821
4976
47573
15399
21836
1003
26320
37905
15523
5390
14489
61750
3555
7968
25090
5789
28825
2960
21793
34683
40865
56319
41152
65160
28971
39074
59145
33943
18635
60718
7317
11336
29146
51870
27116
12948
35943
39628
46203
27849
5802
36007
9588
38419
58415
39254
27510
19956
7500
10896
37591
12542
22355
7885
9159
23443
7195
26099
11673
27585
21166
32039
61452
64766
21561
65106
23879
34435
48075
62611
22897
21388
49345
33804
46101
28738
2954
5529
23296
36014
60933
57801
48386
51404
11844
45895
62110
15936
16690
21292
12814
16448
20534
35967
29386
51170
28976
16714
2560
7699
35914
24943
64365
33867
33290
59708
63663
27864
37598
47531
35515
26199
7421
15522
19905
49205
4141
39668
64463
61248
57870
37679
22980
52875
62148
54251
14472
30031
40860
1132
13314
55359
17204
324
43183
12847
64935
38676
11748
32793
33165
21083
62655
9452
64583
40328
20605
28306
8401
52422
14960
28856
48215
50308
33265
51257
8361
17983
15475
44739
17124
52466
12419
19886
47076
41710
293
42415
46391
14450
12202
56881
34077
54356
39274
14178
34416
29782
1753
62485
23679
53900
26039
41794
23980
26837
52336
38366
40596
31657
58845
7760
62112
12152
6566
19726
17314
26734
42408
17525
42078
52261
10433
63368
54409
51682
53734
39523
2660
33059
15472
64299
51408
4414
24631
51242
7643
12366
49028
13890
1306
38761
31905
17870
28877
30321
62024
41321
54662
45678
26944
64438
42872
6978
3197
38747
9498
25925
11472
1740
17559
50357
63418
53925
44355
24234
46791
15305
35127
3139
48935
54103
44845
52296
2990
2118
34033
48630
20304
8929
1299
53692
55335
8009
50640
6561
42929
54196
40251
64551
28562
44857
20168
3357
21116
57522
14980
53162
10700
40181
56605
25220
31936
45254
23571
59927
45016
45006
30365
4198
3521
32627
22385
24966
38828
50398
36038
56086
48662
623
56279
46908
8995
14012
10052
6755
55968
48598
17282
11002
48199
63686
52604
21848
11294
40186
43743
45785
50572
51717
22272
12341
17890
42021
13073
48150
42814
18823
63692
36404
44925
6549
19719
3669
29120
24658
55592
53263
63662
18961
22483
28455
3168
38171
53461
30964
25355
63908
10765
19728
40439
34000
4053
63524
40202
54210
28380
27341
6293
46632
37967
65225
58226
62852
7275
39928
59017
6727
27850
26089
20307
28982
31363
43997
53941
6940
51342
20995
59193
58217
42255
53720
25836
50282
57664
26157
59393
19775
48784
31796
29293
61155
50418
13666
12454
784
19129
61710
25561
39898
11706
7415
28613
57048
45158
7309
35694
39491
43587
63569
43396
12806
8521
4420
42191
7217
54075
9176
23135
18655
10910
56758
36748
38384
44233
37584
56315
30760
33844
57609
21609
32756
56832
5004
28881
57261
47919
47017
41814
41004
38325
45962
41092
59272
56987
25311
54660
36789
1502
49940
25248
41305
33628
42828
15074
24668
17328
62034
52801
55244
55862
4587
31365
37574
21045
53687
10209
64174
58980
54535
54733
10623
2463
1211
42492
64832
38686
6217
30529
65343
1743
41602
5017
53625
45130
7342
47638
53081
13632
6754
29045
49524
62923
60141
20151
47285
21141
52542
36491
15903
22141
19472
10636
50761
52691
38284
43626
10408
31580
47357
43444
28367
51658
4291
33486
64204
15477
45976
23426
51502
3424
23644
11928
11411
52018
63415
53536
3537
41250
46923
46694
5981
2148
4581
59800
29646
35781
30997
44009
19354
64978
12759
11874
3302
63068
53337
57708
11175
59372
15801
42077
3667
27570
5036
24454
45380
48140
24378
42086
64246
22630
28042
45523
1974
35565
1962
16241
25182
47778
43499
7648
63904
46528
24341
64886
7074
57528
11994
11232
46511
23366
40366
24075
658
18745
36143
42930
54987
55097
63724
14283
58584
65461
42879
17587
13060
40552
44405
9833
14492
25661
14156
38194
54363
61938
55830
64943
53048
36204
7673
60106
63552
43016
63108
26200
54471
36823
5326
24014
30330
12038
3986
54823
23993
4254
13359
21568
40830
25624
8609
40550
10857
55899
14638
24970
36641
37207
8120
59653
63878
13176
35646
31538
36382
49394
44992
8472
45060
3980
62602
24217
36814
52757
4551
9173
36593
58922
63308
1657
7954
12412
61261
28420
20674
54616
64005
21032
53630
42326
42015
63993
11815
62658
34404
22074
25290
2721
43232
7984
48299
42874
61134
23804
21521
9461
11323
5027
64434
22057
5039
42029
19661
11994
35907
6020
21393
31929
40221
43458
4009
13381
51437
20618
50718
39470
12741
8138
55159
45922
26354
24021
35684
7434
29668
10506
31802
163
9941
23774
51390
57034
44735
7974
19875
64534
27543
52178
23169
44855
52250
29720
58091
61442
21092
768
21453
42398
14159
44195
31391
5947
27120
11007
55088
64717
3199
21583
18573
20428
10026
13714
34756
61159
9649
24918
4352
16060
56892
60483
23576
53910
55026
15914
39257
19989
3486
12797
24750
12122
25522
8044
47231
6498
54442
32707
39342
26212
25883
11340
58348
9796
17707
58913
7903
60965
37630
8846
39988
11609
56332
25936
41036
48591
35393
10515
28249
6060
3116
36038
4000
5932
64768
44120
30281
35692
34546
63948
42478
12246
17894
58287
36179
17987
5417
37714
26770
31611
5677
4121
11210
47715
57000
42028
29814
57872
31913
59956
12750
19053
46769
47010
5325
1522
61160
2657
64778
37831
54615
51851
24096
28222
28013
31571
29865
15792
17777
944
52853
30727
27182
38564
16914
42141
16435
20091
61143
51888
37729
8778
28256
12622
62046
26885
906
47531
18733
61158
32688
11750
46845
52414
17173
4698
4140
23194
24848
3990
55496
8635
52107
30989
54192
63959
7431
13852
35300
63858
15727
11745
45397
15761
58799
1445
4217
31211
8262
41732
49352
53724
64761
33342
53008
865
11010
25945
61967
42461
16054
60160
19801
28443
59630
54503
44892
49185
27564
43186
48570
19730
39179
39809
44170
23116
20898
2931
51793
7436
33209
43687
59953
53937
31942
7391
5619
39350
50764
22315
10945
48817
47190
49999
3351
51101
2604
35766
11010
55722
42908
475
8528
20321
26757
44823
55779
19119
20945
45352
33399
11997
20869
27696
48029
58365
56711
42493
33752
35094
46309
36260
64889
7069
51096
2409
29554
15877
4506
63415
18527
1657
60251
4179
39529
46219
2167
37135
14513
4716
46600
24746
41064
45791
3460
30999
51768
30293
49226
45143
63171
9479
22246
46103
17832
27553
27903
21569
37475
54326
7492
54044
13443
37978
37371
59859
38169
53612
27003
55631
26936
6186
5734
38848
15181
14842
1510
9642
43196
48021
52834
52063
38071
2862
30294
4958
41589
62936
10221
28963
8595
25827
11770
8712
32491
15362
58412
42717
63485
7001
45631
6096
62096
5993
30902
19078
31657
52756
50900
52160
30734
44900
50967
61782
21031
34246
35589
42950
30166
29324
55161
16058
6394
7642
12442
59420
12632
24019
14360
24849
38548
28430
27051
28612
46364
6519
30690
44001
59001
10680
38934
39081
55410
42374
15385
2369
43858
61080
20819
14665
61760
16684
51957
8546
63642
47535
53655
38344
37358
64518
28489
29906
45861
58623
58982
61708
13639
35459
30939
24522
32286
41612
62995
7741
9885
8540
8225
15545
12615
62561
47337
53351
54436
32422
13077
40566
11936
12691
58050
2223
5462
262
63507
50490
35540
40408
7272
45804
51736
63959
47027
8435
30273
42195
14991
2359
62741
8739
61267
18809
21248
57927
24713
17571
8639
56921
36548
52023
18512
59006
7931
62712
53408
34340
31806
20957
18750
16594
56515
53996
10222
22890
10082
57032
42871
43273
4177
25776
4688
19162
54123
21757
63048
748
33337
27315
47769
44451
10942
35923
22703
12842
43410
32138
19282
3389
23727
60402
34665
44062
62439
39210
7709
22859
22295
20713
38588
44029
29318
1611
42311
60277
41499
42147
4189
18787
10803
2137
7218
20678
45167
24764
27889
46457
60309
34861
17566
33018
45121
6106
34260
16455
62482
44799
2606
24848
20008
28795
36763
25337
15284
31827
16816
46353
14087
8288
22084
1274
5579
31542
50082
22093
26428
34607
13014
54849
25389
55098
39473
64311
4771
43218
32509
49235
19346
28217
10644
27491
30127
41568
42855
35403
5920
35697
14559
16040
46258
17155
12425
33514
51612
13677
28459
64418
12686
60040
61085
36977
51022
5380
48170
30012
60990
38917
5206
21749
56934
7388
3092
61083
43241
13608
48185
5196
3199
46995
4152
10875
45470
52500
9186
35199
48520
4573
6702
47806
8614
46534
49041
942
27507
35831
40504
204
40810
6258
13216
23543
56267
49281
55761
11597
24351
18518
22640
49009
50161
1785
51355
33624
59993
7218
54118
11341
22542
61771
46886
38640
37987
49582
28014
23274
41996
52441
14186
32447
38182
28963
33740
11494
25865
48628
34905
45659
26313
51542
3484
9859
3298
31406
54627
32081
56584
47770
45309
6541
60546
40024
49908
3342
12483
52384
54468
49450
26219
60262
31224
16243
16904
10974
5880
62249
61538
19602
2687
33717
20093
7190
48168
9333
50923
9850
47566
37796
16312
45437
1933
53797
22611
32522
51568
24037
36277
50025
6969
26096
10099
50714
50123
57722
904
7140
54820
50931
9278
36923
38967
30397
62054
18162
19418
35181
21340
37080
15843
37898
21956
44030
42674
17252
14612
51865
6148
23189
22746
22424
8447
910
56059
21267
42763
14267
2914
33577
51962
37285
40854
57018
60982
29597
43400
14443
48997
36155
35446
22629
20048
9083
46364
57122
29269
45805
59292
64702
12700
41231
32255
42967
36832
11525
35641
18168
46496
35807
28405
30683
60733
35823
6072
29591
58511
51334
23848
1641
47153
31592
1158
14637
14977
5593
16461
341
38980
41027
5138
12981
39446
56493
32442
31993
22859
55880
18731
25529
40201
21231
15200
1150
34141
30909
23118
10733
10878
20324
60530
9903
64115
14452
58569
29151
6610
24471
52167
14813
9605
59999
1357
60183
22614
25247
31843
59241
3849
46247
14159
63632
8649
6188
63490
53992
7741
34447
65364
8033
37923
27417
1640
24242
45436
15099
50383
20349
61843
7879
23563
18551
61220
5042
61006
35682
53406
8722
5007
21472
28280
58648
51061
9228
52882
21264
56213
55014
59860
32549
64020
18619
27
21911
13310
7910
6617
4903
6970
51798
50512
51707
16664
45352
3864
4832
428
11745
39499
18817
44629
13749
12428
10509
43550
30016
37511
56481
44949
60357
46992
7744
12184
12970
64242
7438
44701
12775
31983
58510
54344
14714
53340
42920
48772
23113
14981
42975
46041
12834
21638
15876
21030
15746
45902
22320
43731
12753
51532
42054
34269
8996
8309
22358
19633
46826
54005
53675
27775
5232
25451
11240
16551
56041
12140
1667
10354
46435
59558
63264
62343
32785
26878
31206
61072
52447
56709
13852
59856
18482
9360
19440
34646
22302
43435
43388
31842
60487
949
30534
59385
54655
63914
50539
6276
37789
59792
4247
54697
36918
63198
41130
16763
13208
3000
53244
60639
35072
62407
45500
20992
53650
62761
25795
7038
9121
17601
33351
30871
16124
45808
64088
57422
62859
54469
42115
54301
36950
50490
32857
51667
53606
43284
63981
44563
21393
46493
17285
39510
39639
5661
13266
17892
23236
16969
19871
46545
34495
36428
21566
18947
47088
44751
28717
5363
57840
14340
2111
63621
32801
3835
14952
61495
55267
8868
362
36663
4920
34916
24871
39216
32626
3111
60974
36335
15369
19592
31503
36014
14577
48324
29240
64172
48096
24540
14009
16347
41298
2375
32547
60757
18541
21122
14331
41140
13652
54528
63799
38312
11275
13508
31228
49458
56724
62898
13838
2850
65276
12883
3141
27905
61612
48797
9362
58438
8535
11754
11476
23698
914
12820
35830
37151
932
25717
7288
55829
12502
42511
3507
4
63915
2788
58600
23003
29304
47662
63201
61643
16603
37642
14602
32153
45718
5435
33214
33951
31817
63215
5203
22127
7946
21724
53576
62887
26941
33492
40254
197
3251
42882
52043
33589
6364
64008
47304
11223
60869
58138
45993
38968
37178
32155
27416
55623
8854
44590
2747
47763
43504
16912
4666
13472
24748
39316
6398
5594
62661
17918
56534
11971
12680
3172
32278
9251
41570
64782
12308
14898
62609
17819
36872
19872
55171
14375
46493
23584
60768
937
49500
43094
42124
14136
896
10994
61740
15487
244
60548
52
10805
5544
38161
50040
49705
38931
456
45735
22826
37934
61388
19976
46911
62076
54248
33441
55268
25340
21114
31547
25663
30416
16527
14508
63314
42616
34289
17350
58862
18713
61702
64982
16977
35345
54453
23719
24748
47827
36428
24789
50619
30938
47274
16614
31151
36976
63759
10406
31034
1712
23344
33488
25929
42551
19338
2182
49520
19441
52380
53853
22714
64897
31682
744
19674
35233
61371
27806
12897
51039
20424
51377
29772
29123
52074
55849
143
56398
32366
51724
45313
48251
19969
54895
38450
25293
20897
6295
54422
44900
9367
20421
51340
58725
63127
44769
19357
3076
2382
406
25718
20641
24229
15182
20568
50781
15126
58409
31119
3265
55267
52154
35124
18054
18227
7085
59785
49297
3248
61500
31993
61437
7074
16043
3404
46349
15618
48170
14876
34091
58060
30584
4429
11385
15742
61032
46860
64727
43514
3691
43912
61939
47114
6111
5006
7457
8306
58178
19341
5214
60666
12015
23103
58566
643
35077
28818
1410
10709
63415
13257
4948
10504
30108
44989
43318
21738
21705
54997
32646
39911
29125
48380
1587
39532
33042
39018
32081
37695
27873
4826
40634
21287
28465
47460
15406
44085
61414
50308
9764
34558
17836
63615
1825
2623
64001
40917
29471
50120
56076
36445
7999
63638
45102
11335
923
25580
10323
60424
12012
25717
10923
19548
40052
65072
36726
17654
29365
19958
19895
34159
53057
15943
27443
39553
41137
40437
24606
23481
13046
21674
11633
6485
10756
38529
30487
13472
44556
10019
9681
38136
30363
43656
24600
64900
33830
17685
5347
56837
53503
21947
28254
61346
17462
64396
53336
23579
49719
6635
56210
59755
46449
21530
11600
50503
47938
34637
13201
34271
29452
8091
29474
36325
25641
49298
16823
20142
62253
22584
48937
59
21881
20408
47829
51646
15025
48170
54074
59667
2611
4180
5154
35593
49407
20653
65454
54494
61709
37379
20010
45908
12952
23275
6055
8432
54601
9138
50199
53941
4401
14941
51301
16902
3780
30080
4438
49576
61872
6580
4459
42600
4100
54496
56512
791
22176
8635
46358
6931
1807
42726
22425
36462
17097
51680
32324
48956
59152
55897
44220
16114
61447
7546
54492
44595
49006
45776
31856
13001
27550
52931
50202
13821
25898
32619
40611
25235
12468
32209
39854
65058
16859
372
35272
6354
9525
56712
63889
58766
39713
22156
60625
9999
20005
17106
20978
3847
31544
64747
58100
57659
31698
40118
23947
37332
5445
51361
59017
1438
37056
30367
24046
52124
9537
45545
12015
22356
28005
48471
5868
14562
24308
43674
59127
14633
63279
130
20957
25067
1715
51759
32028
49201
56713
16367
9760
36717
28984
61629
41829
55623
48428
24842
17298
17214
41259
55085
63168
13616
24029
38482
36089
3747
31089
13249
31288
13869
26293
11742
15679
11895
55130
64065
62807
43505
60523
21592
44704
3839
3158
29053
50816
10233
9763
59775
21085
28577
64170
45406
60666
7489
15907
25859
60131
62166
42444
56107
41204
19832
4939
25782
16736
46594
23323
61909
31135
52556
30462
35511
49364
12054
51953
52925
22522
11765
25165
7959
42740
53531
13754
20805
45827
28523
25372
42478
2972
11161
7320
57953
39198
23822
5940
31251
36345
32057
19472
57057
1692
63729
38777
2670
30215
33782
60503
11588
64188
58863
22101
4877
55049
1001
50834
56721
47320
15520
16560
26718
43424
1271
14274
17925
40939
63764
19417
20330
28699
62563
568
43294
61043
14719
44899
46762
31514
54639
9826
8405
45777
10333
34078
33530
59417
14450
34406
21277
10299
65106
21658
19270
65164
26951
32050
6247
2963
21563
2127
19086
36492
33249
29068
37165
43488
13032
2448
37997
7797
50916
836
45950
45825
37975
53354
26053
8724
63435
43052
46280
48800
2113
12123
17732
25166
24341
45703
51538
29718
12625
19621
1396
2866
44731
31556
3728
44067
11815
42476
32236
32893
6501
22041
36136
39719
28396
24445
32897
36280
55735
24442
65171
2730
18523
42833
39610
55737
64853
56481
31145
5885
29806
14453
61414
37214
48473
9983
42373
40697
64991
60045
60897
53566
48367
22111
44227
44818
10727
2540
40222
62153
41079
43236
55212
16881
61194
12611
42581
3570
1459
3445
19779
44596
24654
36911
53900
3530
10347
36252
53343
61040
15197
27563
39913
22989
47887
9428
5455
39195
59959
45417
52148
53177
11000
23744
60523
58437
47405
60666
59043
30581
3793
1241
1891
63611
38268
40617
8655
41524
38389
19691
13749
2463
31148
59685
60420
36361
60385
24235
54032
26104
11606
40132
24677
28066
24802
62568
31047
1545
55370
49012
56624
52641
64485
28163
13104
48567
37401
26921
20770
3615
9429
53573
57537
52600
52049
44620
3068
50705
60372
63897
20260
57704
4462
64128
51871
18286
64367
35030
47776
1697
36845
52684
21294
60255
63077
55446
57833
39375
26744
60877
10726
6397
26219
20378
39880
39470
41130
19995
61145
9624
61085
8208
37707
56790
49215
44811
50772
21640
46681
1218
6909
21547
27621
40658
27593
14627
15585
25957
39250
56415
42756
36581
61302
6424
27508
32308
49422
44224
47269
34663
40460
53278
43170
31299
30822
61215
31385
25207
46488
34905
26733
14210
7467
42531
28128
34034
21955
11039
4911
46642
39514
43861
9242
26430
56232
43250
41408
1096
34641
1509
15441
17717
53138
56302
63732
21325
59098
17463
46904
31479
36419
34414
34002
20688
9999
3155
23131
33295
73
13400
24230
19580
5957
15486
1191
13227
31167
11412
23721
48969
33655
55022
50676
60181
29458
7903
39629
62092
41385
6219
6954
64402
59278
22046
57133
20093
18691
42636
16669
25514
36609
61062
25244
16166
53909
23926
39480
41160
17202
54303
45806
28256
20882
40831
52096
1178
11854
29871
50498
17668
42653
61639
43730
5936
4566
15414
2276
17938
64588
17604
15438
42959
59853
50344
2925
32842
50643
51213
21496
13160
31871
27119
53122
12122
56490
53140
38412
50873
51264
17526
54269
24181
11642
62517
42569
24293
12735
31216
6033
692
26964
29094
52172
36108
51688
8194
29733
30143
44238
32631
48541
47526
26251
7087
20958
39310
60593
34455
8340
27668
23840
41058
57968
53526
21057
8522
34522
39225
16914
12072
8940
37097
48518
25905
50410
55518
47259
37578
28304
47367
25735
58526
28794
26466
23109
29704
19177
47737
41428
47356
19031
61317
25695
46633
52540
26848
26732
53856
8863
61573
45324
56350
13579
28001
21807
54483
17377
54944
15014
313
33437
29354
11921
10615
6527
42803
28814
30991
38949
3259
35850
10541
15420
50481
7108
36436
42914
61509
50609
65284
52032
46604
19939
54591
9318
34412
64543
27481
18268
38154
48367
27549
22073
49198
37577
36344
4121
36780
41240
42072
60290
62174
10905
7518
58202
41485
52413
16796
45073
20045
60381
37918
54028
29495
13794
29603
17936
42867
54278
9048
58637
25670
60946
55419
10653
61641
57990
61634
7241
52085
22818
38985
40888
40897
24121
2475
21671
18613
37401
65068
15447
39575
39608
57690
7256
50022
44310
22325
3667
57065
53801
51967
30245
36868
17792
36683
23201
1819
31314
22903
45317
60644
11298
762
25691
59804
24446
7550
33150
33559
26810
57368
23798
26600
6937
38357
20585
54459
53435
30169
52954
19640
50757
51173
22815
7670
64741
51343
2645
41682
39305
63653
52964
652
37789
53383
44090
32710
44404
34183
61492
25147
61889
26860
9868
19839
54416
37346
987
7911
23287
42457
21994
3594
6986
34421
48817
25134
3037
15648
42975
38082
25493
60399
59653
22325
15736
41252
59225
15042
25055
56200
18314
33067
1585
54731
9843
20453
32541
35409
28515
5982
38828
27760
23376
17427
21852
18925
52030
22108
5540
13058
9413
6990
35500
49526
51602
24593
46203
9920
48971
46490
8850
39290
39777
64743
33311
6048
46755
9709
42922
13752
9239
28902
16223
39364
35329
59298
35147
9124
43531
17712
13883
35856
40643
13015
40329
34907
54107
52831
32553
11093
52103
39380
5111
50364
17555
52597
34674
56808
26643
41306
61567
58126
49793
62178
53001
16726
28010
37760
29104
23140
30269
38008
27610
38526
46672
56089
20176
42262
20365
4428
21392
35323
16211
30319
2881
61794
51229
30146
44019
5655
19778
4639
48335
55883
33917
5428
5812
48959
26311
23847
15306
14366
23383
10340
9431
41005
32317
42231
38622
40419
25510
25435
49584
18732
29894
28083
33382
47872
20672
14010
54469
57536
6666
40875
37376
35162
32362
43579
34836
58583
7163
48284
12957
39866
17606
62584
2544
45947
62710
51923
62464
3649
28543
27659
25807
31771
17502
22789
10393
34353
1841
45951
51660
26153
13505
20889
48735
6953
49274
46736
49532
23652
35835
28313
41470
45009
33144
35159
33903
9510
21608
60927
40599
37729
49816
35265
27165
6518
61726
65483
56542
47136
32149
19194
63567
8683
54044
37817
1356
44170
47125
59946
55883
59395
24707
64133
56869
50472
45516
21011
32818
23821
64748
25476
33740
23522
25181
57063
54048
33206
52320
60133
18194
40235
5316
44950
42332
40069
10344
27284
7164
4712
10750
45833
11080
52937
426
818
56908
32118
56384
59771
23989
4418
64560
25446
52183
39835
18751
56265
57125
58823
20130
63551
38091
43122
49548
40908
32476
46715
33000
5363
17698
54161
43040
37096
16236
11234
57982
45782
43020
39401
30968
54483
28280
23658
53581
35000
278
34161
51756
13574
22828
23530
63191
11895
57916
60536
4618
49966
23960
55834
39476
8848
23190
32307
52336
21687
29339
513
59397
61640
43149
16945
4483
4859
40950
3003
23373
48047
32581
48475
56013
32833
39064
3116
21858
1050
57110
63957
52980
25290
53965
26653
13272
11685
61417
48264
34382
51733
33993
63136
62653
25657
34054
28005
24427
33549
53248
52785
32294
47866
57130
53540
38807
23919
37116
36897
47906
7765
22034
54713
38676
56696
46127
26905
13615
59185
40353
59581
36603
49403
50578
44761
344
63283
4229
52162
32962
19029
52672
30
45271
49061
35508
5466
15787
11205
32255
768
65173
63136
59713
64489
43389
60246
55727
4062
48936
40602
52182
28839
1591
13424
21065
57199
21988
39544
17822
20544
58118
4036
10547
59782
20471
47870
12811
55268
8441
53575
51364
55602
49020
23539
48638
12185
29690
57217
49842
40589
44702
20662
57304
8715
2893
33358
16172
1718
28973
23861
18048
60559
5211
56787
9718
43654
26104
32977
39447
6494
3891
25197
21266
34546
21742
46125
56050
6601
33571
59790
63182
20639
17493
35868
64004
10180
50242
26907
18728
53315
42289
24999
31432
28581
6280
18930
19127
38654
5935
9551
23743
5505
12439
28045
31147
18414
35184
11676
30391
60131
6699
9975
15746
22796
17497
51348
60355
29034
11153
57840
62462
65423
50592
44128
43863
33491
19038
37725
40193
18536
46466
61799
33706
4236
39195
50338
1166
18473
63212
36930
17074
28001
63729
56992
11269
21517
41361
9683
53894
38940
60529
1108
45949
63652
56672
49492
50811
15767
46961
51349
9257
36117
55179
4963
21597
61570
60507
444
18683
26568
44454
29360
22054
42421
20813
23106
46344
62872
928
7222
35864
51769
62799
33434
22491
17763
37235
24447
38076
9981
58017
1715
48639
1458
57552
6064
15490
30531
5659
16410
46655
42255
50440
39599
22169
10750
50529
39781
5882
32934
14275
32474
63825
8265
14862
58555
35751
41094
1147
7280
8035
6930
34618
32759
34867
35688
13305
59854
22038
8302
21481
8786
52639
8785
64641
30819
58809
55874
32931
40315
45978
41011
58123
53503
40282
61525
27771
43436
41716
18948
23283
38319
2189
7908
9074
33553
53943
23018
31548
2112
61004
60597
25709
6540
42209
14773
35523
20097
27913
25970
2900
7870
49526
48678
4423
62223
28617
40510
605
65330
58591
28298
37458
8015
9679
33951
24053
13127
20533
60024
8282
10259
46374
13275
23521
62335
63375
49819
8795
20725
47356
30123
44691
55402
23824
28144
1541
35897
60502
32413
459
17345
60958
53847
17584
14394
38838
14001
62014
48920
27557
35781
25924
2185
44254
62199
9212
22568
62868
58916
18348
21694
14913
7423
59980
12385
21633
32658
4464
41756
8045
10359
3057
23876
4940
23163
54534
10053
18269
19006
11
1937
31744
56958
39980
23583
3406
58868
10640
17482
53226
63666
44433
1199
13824
55744
60993
38875
43778
51775
7973
29681
35056
23778
54370
54731
9122
29051
8371
50258
24423
47662
62753
45653
52408
64420
7788
28852
41008
34701
21437
18868
52047
26725
19978
25168
54716
19177
33474
19479
42768
17063
60711
63427
63174
53168
30518
358
41657
17123
6144
39197
38819
3692
55685
49905
679
17428
33699
61017
57989
28391
50227
3977
46468
41123
55015
7822
22445
31190
58006
11308
2403
44092
33352
23049
62859
35395
40705
38117
1089
55400
55179
45496
39405
34439
7671
25128
64858
7726
54148
63004
14670
62764
51872
43376
13755
45698
50156
3454
8218
35053
48828
19583
21392
7172
55099
26217
16493
46059
13439
16927
17966
14828
46240
14147
62937
8452
23781
63849
34914
3562
25613
42363
40813
1416
4345
31569
32032
931
10236
57402
64378
6565
33160
39604
41917
30274
63317
48244
64501
41922
32569
19190
26485
31968
5080
23016
26080
18351
29705
7058
6536
57407
51594
12268
13780
22626
25422
24320
64431
30250
57439
48404
38210
26525
53656
48108
1348
5688
32792
47434
26189
50283
8294
57929
42941
14470
22609
14347
33085
7834
51582
59981
5391
50716
58841
2820
44661
58089
58776
6588
7986
24985
49622
19437
53408
48283
17840
17707
36444
18100
22928
64042
17349
2650
43382
38272
57089
24353
29312
25319
1094
8658
53808
12789
46375
11213
47717
61616
13639
58492
46121
15360
39679
31800
24549
12326
9033
21475
24652
64895
17907
18810
36832
11144
38410
47722
24941
16613
8529
18266
53880
19985
22983
2003
41863
46768
49655
64237
32580
16023
57461
56254
48359
41586
5640
16771
10171
16858
48429
63548
23796
47164
6904
35412
23668
60864
34826
1118
37428
57693
39325
62880
13973
41697
63284
29232
55479
46456
34316
59653
2053
7936
23685
41061
6129
17408
42646
54582
36135
11505
25359
21424
17555
47237
45779
25134
60032
31110
46056
61177
41079
56426
22314
19582
41755
35221
56497
15722
45511
41163
61147
24526
50741
24274
18265
59074
31255
33606
48740
22281
9509
22055
5880
39792
2122
63530
1158
17406
63075
9237
16812
11688
19666
51129
21598
22521
9978
4729
55945
42912
21131
49812
45302
9050
55981
20392
3837
57708
45563
46717
58606
13531
43654
62164
16710
19487
32521
27675
62655
13587
41316
54006
17594
59484
61646
14151
6271
50135
61205
49201
39
48549
49115
2941
23063
58615
61772
10767
57486
25492
56329
36765
37881
46113
29309
60580
13145
55155
27788
58546
33215
55878
16181
34755
48787
12494
740
55157
33409
7942
4819
54729
18989
33968
6568
48388
36636
178
18840
7680
38
34016
35210
46130
59795
45189
6417
47871
36970
41914
23000
43952
35162
51761
47967
25034
24333
60515
54078
33779
12987
1558
39556
31969
6380
19306
54979
50462
50270
49928
8682
12039
10390
43314
58183
58176
55399
45021
52806
369
58015
62981
52616
40538
31383
24909
13528
58756
13894
21595
31334
33784
44409
35436
30002
5968
29736
49821
65218
47803
52665
45580
44332
3365
59289
50496
11161
8070
39910
22109
290
5307
9728
27143
23174
49126
53259
15885
60553
47235
42233
24841
2258
19414
43120
42872
15358
8612
19967
10926
5112
8577
46595
40480
32019
21799
23916
32295
25254
45093
12150
4033
3853
32651
46498
27340
40437
18304
48075
18385
37402
3659
49601
59637
34236
31542
57171
38305
31071
51042
23103
10940
38883
16332
10183
41182
36602
12288
55735
24134
972
24273
36308
7321
47156
43293
9860
24404
18144
3802
43409
17680
39596
21124
42457
44134
36306
63687
61092
43590
54521
48407
14252
42001
14593
5750
10473
23497
3319
17845
15939
52475
14696
44130
58015
60961
35305
26291
19788
3442
46154
24469
7859
35105
33071
45323
8066
28435
3226
9624
55155
17031
5848
55401
30170
43836
35488
40481
9120
25077
29868
43515
53943
19065
10013
17196
53210
34473
60266
48731
61660
44530
32091
57047
50021
58249
61295
8388
55402
15836
35025
6791
35981
20877
41254
38820
4328
38860
19842
18879
32999
53845
10265
44320
38360
3547
65495
63352
24378
50655
37126
45505
57920
65211
19989
60087
11241
15518
51002
12026
61649
30982
27364
40227
17656
11669
37821
59973
22682
56942
10728
48264
27216
59293
5979
54314
23385
61468
47453
18657
3596
41988
33412
14518
24533
17358
18381
34854
28508
41914
61450
17393
43149
31598
10297
36796
59692
42932
5161
56110
25110
63503
32966
58986
25133
37310
62563
2227
41283
51622
19058
57757
47329
26673
54872
38605
2636
39812
62155
259
29735
63971
20585
20560
40930
64901
43131
47250
52213
10993
14621
58845
60984
46639
59118
18191
31103
49994
17020
64371
48750
4509
30420
41311
5897
4899
54216
37124
14571
59035
8345
45001
28992
62372
20426
49007
15166
9041
5639
47385
57478
4971
41300
48431
41730
25802
32587
14461
35886
42753
38685
50946
17722
11016
41920
29530
32336
8422
14899
35758
9339
32398
45372
62788
39970
45644
35251
21371
51365
34380
63091
59257
3409
24181
43746
18442
6552
52402
42323
41730
3364
64462
39425
54589
24417
57870
310
26712
62503
10691
61526
24037
27577
51566
43453
46347
62947
9730
57868
46898
20193
29238
25438
31231
8004
53324
17562
47118
11141
33459
15816
21114
45650
54813
20654
36943
1194
21959
38830
17230
34904
22717
19117
65115
955
54792
50532
61188
4022
18860
38866
16599
52483
41518
5817
25422
52006
57819
27865
27309
24688
11432
37211
33519
17032
10696
32625
22532
17453
31932
39343
35871
27155
36119
26814
6864
63942
41322
33171
2992
50806
49375
11729
35883
6065
3090
21799
12699
6449
9310
20319
61135
47886
3364
31863
54190
41752
50336
37203
61593
1460
41003
35425
9327
16909
35333
22369
54479
19969
19301
37852
16202
32996
26396
15621
11247
33443
44472
18083
64226
53587
41466
34808
30710
10147
2468
4340
36748
11038
22103
38818
40557
52022
44918
8238
38911
65248
57706
28068
27740
51465
59848
2127
43429
47304
49182
17502
25538
60808
57208
15241
52530
55481
38416
28161
50279
57310
44761
63392
24665
23557
11451
46087
5521
24029
33524
2138
889
43577
10258
25761
4806
17358
29177
32154
11435
27529
55373
36563
19969
48241
36270
8913
59844
53844
51834
33504
7540
10678
26671
55131
2169
11957
30722
4465
43854
2311
19300
18468
9369
65383
24019
63945
51413
1915
440
29207
23448
56316
43850
49205
28154
44052
57987
47953
36959
61172
56803
29667
5267
21524
59413
2383
17549
11989
60014
41435
8258
52009
30433
29943
45447
52586
56999
55689
39684
35051
16077
55522
42886
4671
30954
37275
38360
54567
31777
62555
15307
63368
54956
21163
238
7330
52741
18810
20344
59363
14960
45050
58231
10214
62877
57759
37184
6996
9989
64852
36773
23936
20458
13907
6363
24706
35401
2823
19035
31826
35568
48836
9713
7330
9731
14796
2312
47140
59024
11
53179
56655
1131
17492
34393
51871
38548
8158
48243
39518
18191
45997
47628
31007
49029
31161
40135
18378
25175
3370
5009
7195
32018
15887
9874
39024
48183
59344
22402
34574
53380
52070
44396
37312
6180
52981
63011
43967
41358
6795
32033
52974
24784
15261
51166
18501
30860
2346
14
6216
36439
35061
619
8815
32575
18708
18414
1604
62123
46440
23006
3611
35127
59608
57866
14758
33250
24708
42552
50952
31570
31043
44774
53834
62083
21168
10506
20978
55404
57755
34158
35221
23476
59089
20249
41412
24869
8299
1647
5071
17457
6076
34474
61064
27624
49477
24209
55594
9627
54920
5549
61333
37087
55689
47083
25472
9636
1082
11855
19606
49691
4270
16063
29179
55715
61807
1423
54815
45139
18369
12566
33502
39359
24764
22543
59336
57241
38085
41694
30521
37990
40589
24477
60313
10120
8035
40229
35222
33909
60724
4710
28350
7234
10079
65353
65522
4262
22620
47960
50794
30824
64094
3251
9688
28017
16674
16943
51485
19269
64976
28527
26360
64892
16973
45328
5868
10219
7536
37579
29566
59547
54991
38665
64107
53892
5858
38226
11954
62845
32393
485
16424
6130
11687
58837
61500
30082
27611
13786
41008
24495
40465
57785
41250
55061
45
10926
49516
6495
27999
35682
31643
30742
8288
58808
23114
63279
44298
10825
48766
3888
32185
16676
60776
26287
7246
7800
18272
60733
50730
21102
16316
54560
23193
36201
42859
27703
33782
61759
17903
38683
21930
13571
18407
60645
1602
21542
14606
60565
34386
61487
57196
17693
38386
46381
23871
40176
39931
16748
24764
25096
35379
349
25429
55599
33347
40353
37180
22118
26299
6936
43747
39963
51608
50689
42413
64422
37168
11684
38090
18882
58394
42167
11330
40119
44720
41814
29793
18153
53037
21822
55066
35008
39978
38963
8796
4801
25357
56450
30055
24970
2450
32412
50225
19722
21600
4279
20052
22275
25134
60352
7111
30381
49843
44365
20153
3205
2698
8473
15843
36853
15016
35277
15257
14043
18669
8026
53933
15740
55004
56406
15969
62842
6597
59646
63762
58668
11193
40733
52573
45405
2706
4309
48318
16803
64665
20457
25794
27690
27002
41631
21015
25273
50542
51330
62853
11826
49099
58357
30289
24502
46433
48103
11201
63606
4383
62658
22452
7486
51340
27621
27704
49871
63732
3800
23114
51329
41584
65221
9955
24990
61863
64945
21251
7336
47670
45175
36448
41289
37094
17449
10088
17256
61891
27847
17557
29051
45956
20180
48961
25862
2713
12868
58491
4107
58850
46535
23571
48202
36401
6147
12923
6058
3906
64229
42947
14058
36837
33209
52992
59312
59012
7693
356
34309
12496
1236
20186
13140
28372
49179
34586
55444
1576
33468
16098
55096
39743
47782
51040
21668
41732
44297
31140
11072
32336
3546
6940
31010
3145
38601
7339
18853
33197
23655
17855
17370
62874
17136
19853
38114
50469
45121
63070
41474
14019
46185
20328
11246
8792
23044
57571
60692
21715
41566
20396
62987
22533
50250
12382
4330
14638
9287
16114
34589
47796
58569
6975
24690
62149
47510
52415
16844
54323
65144
8187
62227
63173
8599
37216
50655
27157
36388
44958
26518
26991
55617
50533
63661
30256
6503
15212
41173
15003
56293
2215
43563
3454
20190
34509
11059
47809
48711
36360
44067
21087
63083
56961
14118
15508
49120
39600
41579
19697
48357
10851
22867
14725
49547
599
53624
42565
7235
38954
56468
23680
58297
169
37978
59849
63566
44144
28571
5037
64988
28250
43690
44852
41922
46858
54045
46910
6053
1021
57318
60751
18165
32991
1451
17918
11061
60242
62344
17376
41281
53396
51861
33997
27490
60639
58264
9543
47971
62931
204
24096
25389
56349
31852
41207
1743
39897
17510
14028
29561
28226
20536
16823
13428
2407
1819
58972
33255
19804
49681
60883
2708
33996
38962
54274
29468
45592
38322
54051
62962
36185
52109
33437
14798
16950
29354
46583
11008
61792
12063
37187
7307
52736
3126
17786
41812
8504
54485
37300
56498
21620
779
38372
23641
38608
14956
44343
65073
32950
17954
25202
56318
23435
63362
64172
20914
48699
63351
2707
35580
9044
8779
38628
21523
1892
61563
46205
42264
51140
7610
15460
17303
45389
34237
32739
35811
49576
8445
56182
14989
51569
16701
48399
14962
10877
20899
23075
23120
63498
44121
27018
37003
51497
35256
19239
7927
40947
14136
17882
11007
36361
57616
6911
58477
33399
51513
21378
10456
37429
3515
23983
26846
47514
51294
4475
63237
1888
4693
65028
42165
61968
6251
26453
33331
2738
28525
62120
14570
60364
6291
25453
23787
47411
49072
1862
37111
62157
47763
2039
47809
35753
40819
45218
25809
470
19504
25059
46234
14884
7779
4402
8292
3232
51588
38932
644
19149
7939
29402
39783
36861
45256
39318
33706
7098
23270
40147
10033
45280
35796
19654
24075
14245
28952
34222
3343
49653
57844
769
29074
62631
26455
6727
32940
44724
16137
45636
27213
33537
33228
53471
32915
21779
64679
28252
17758
6310
64319
36358
58910
25752
29399
52063
27231
58529
21104
31015
55811
53962
2446
60611
44462
14207
6394
13899
24980
56125
40259
50133
59280
22538
58815
18019
24724
52690
30406
34908
64348
58871
60001
17404
10738
50716
3720
45116
4485
82
56229
21474
5272
64613
1064
45835
34737
44903
52432
59655
22640
21023
9410
45830
7439
59878
38855
55404
58863
28736
4598
49301
29417
32777
47430
30538
39793
50993
59524
14669
45455
22324
16743
62539
22148
41746
61106
53876
7347
13683
20148
37182
58693
39378
55129
22799
40527
8857
45537
7367
24640
15874
25915
63578
7005
15414
21729
20621
47297
9756
1010
30888
63039
19771
25911
37855
43328
27719
41363
1680
62028
29481
12783
65436
62640
51860
1707
45649
54486
53279
40289
14537
59928
59682
34792
41546
17367
15720
11482
45799
40715
22271
28971
41826
60464
17432
43481
47820
31428
2154
294
61340
38432
34732
35821
56475
46751
18487
56647
58448
5757
11868
19084
18663
13445
16592
49677
35456
29598
3184
57890
52517
12374
31182
30998
10453
46784
19772
29819
12993
38793
35373
54086
32735
62463
8017
36081
15267
8874
12444
58588
38041
18260
36874
2550
39407
23332
16190
5577
49190
9648
59833
17502
15310
17343
31885
56693
61337
51777
40479
56128
16948
32232
51002
37038
56475
48258
61656
17816
17318
7153
27734
48544
17564
50448
26879
22331
2438
42780
58236
40153
63026
22429
35413
20784
61494
38582
51946
17726
17337
54701
24602
1331
2576
57263
58300
24041
63862
20853
58959
5931
14766
23854
35537
37591
34118
61128
60274
10438
16959
29274
10707
19684
61474
29019
37643
678
30050
60621
7881
10179
20781
31557
22363
55899
2466
9514
63899
17236
15919
18632
9223
44229
3871
21351
32957
11080
10796
39191
61711
4595
56463
3274
9155
52256
8202
44975
18799
38398
33646
19701
57880
31902
23203
18028
39356
29812
22614
47992
26365
32850
64434
16123
53658
1959
25455
487
36101
41030
59643
61655
3082
56820
37505
39166
9590
61834
23118
61108
11163
27457
7444
5557
47584
28622
24840
8407
9882
35215
10473
24806
51898
9694
31323
41073
48407
22389
32819
22718
38113
59920
26155
65520
4219
4941
64071
12482
4040
63055
30857
49741
3248
46318
32362
15842
28310
4487
53476
16335
22995
34747
8163
1995
41580
4672
5908
24703
25580
63936
51688
28001
36964
35805
10990
57551
28536
32414
17276
39926
995
20873
56058
60017
44114
11567
32260
36039
31583
8945
15159
58210
35370
51773
24556
1170
63273
23899
46369
44761
50319
3718
17639
28235
58476
56570
31151
38432
31730
47413
41146
63712
40665
4760
2896
59824
10638
1389
50745
9795
52957
8512
43126
22275
48303
55335
26063
972
13282
56646
28975
23001
32854
57906
13805
50511
54880
45339
44047
47414
49974
59676
13070
20875
39675
4653
35161
1024
42364
57315
5252
55636
30578
27854
56429
59025
20471
19984
28789
52181
50028
16280
29791
17895
5305
11509
49863
643
23826
41474
63011
51645
25765
12391
48171
44771
55633
30433
56947
48367
51397
61124
52667
2476
55263
22654
28020
63251
63934
16712
36875
46715
49614
10519
34282
27510
31193
19002
25126
1754
33649
19797
31982
20681
12474
36109
25263
27586
45079
35345
52368
28103
29901
41575
8193
45962
2724
13625
3158
3768
14517
48175
12463
61259
22703
6741
31684
61645
23272
64664
12974
35209
58355
3148
33742
63434
53653
63509
56097
48122
38351
60192
24395
43591
37494
21888
26487
36320
43081
2821
52479
47467
28136
44836
31391
61315
10598
50813
25256
86
12466
24071
10108
18054
53705
41832
55736
13589
45879
42901
38833
61849
26956
36303
24210
31530
33680
32080
31609
54127
10690
59901
42747
39046
26586
37391
42385
38882
21267
55478
26845
12553
24503
43580
21060
4760
22921
10766
27273
29354
15886
12241
14853
59232
23020
54723
59797
13104
47966
48636
21976
8690
13817
43053
35269
48026
476
37199
30592
63829
13873
4126
51594
38477
5349
9837
5978
62624
33441
47088
37139
58814
18131
58086
56987
59127
56241
20052
44922
55127
56871
46468
11507
61651
28137
29494
62520
22632
37670
41049
54388
14026
229
7719
6028
30555
35603
54407
17088
23228
60378
3050
19497
6632
21379
17270
52436
62314
44509
2740
22780
32847
38065
21601
48430
57502
20569
31002
34202
25835
48022
45987
31548
40930
6848
64698
9123
30825
34868
21262
1478
36069
34813
42252
61542
498
64428
7110
62381
21072
27528
41064
31920
34010
36839
28700
36962
45845
28501
2500
33055
30942
62528
41731
47370
37434
36765
15476
13947
9224
32461
31541
24951
35236
56655
56824
36558
18886
61641
10842
46089
63947
20163
54617
7482
6272
21847
61295
57051
8739
22395
41109
48905
35954
59695
58870
34605
41974
11697
130
47360
2069
44161
10225
61250
14145
36073
51254
34424
3434
39636
20712
20978
42495
14133
39829
27427
29981
4462
5359
39668
10067
12688
57592
46274
57044
16782
41500
10542
35503
53411
56083
30923
3868
62454
31408
49459
7579
32930
45622
56261
29378
48728
8314
49062
18583
40535
55778
29921
42358
17668
15412
45944
44244
3828
31037
45644
30121
19636
58763
4357
9580
22675
38917
22543
43015
15851
10092
12517
39490
55563
16992
24878
2424
31805
43193
5761
9428
15991
41779
51710
61962
139
39020
24777
63845
14887
38278
57230
17213
46483
56397
41206
41523
64186
65460
2374
22592
57400
42229
53994
2570
53170
2809
23675
12987
13438
13658
49062
38165
266
31487
47770
22171
6406
2805
22163
19462
16821
8947
10167
8490
5654
11514
4737
31664
57337
56136
42795
10976
30581
3642
58171
63183
7439
46841
28915
16026
57053
7085
22884
7462
4725
11830
58026
51064
52115
9531
6169
5343
51467
9822
56465
12786
31876
10272
36796
55222
13491
37945
40830
29807
57889
24398
23234
44052
27349
38297
27089
60583
27915
23199
7846
64572
34416
55196
27895
57512
11511
45588
60456
9056
18787
42161
60558
63641
24196
50156
42401
46702
64812
24119
54248
14088
63000
56329
30249
38659
23802
39284
20855
34876
52430
7892
31283
31462
24227
8013
2901
63137
16612
9408
2259
17348
40935
56583
50967
9411
12068
62452
18756
10969
20915
26928
58892
23623
56086
47279
44148
29316
10833
8990
4656
36663
33420
43317
18082
4450
33754
10472
38804
65292
33246
8514
8344
7790
5922
30906
3622
61521
3437
62059
47143
59899
39991
49521
24799
966
40152
60689
17593
19830
53925
52002
19095
25683
38043
38257
53942
12739
14951
40239
60880
1937
19511
42856
24134
29594
38765
63496
53085
38423
54086
8033
49996
61648
9991
63639
20778
27665
19792
17477
60042
44555
12440
55013
56759
52027
21818
50831
43429
49409
47035
39799
4458
43639
29880
12976
42364
23916
941
23809
63184
13130
58668
13238
60919
62336
32705
58084
59792
62985
337
23169
3880
32093
38671
10519
25383
40148
17361
52953
35056
28473
31759
15345
1402
8533
64570
17478
49610
33099
35004
30517
45009
56589
5559
8741
35861
14418
3865
46653
43164
5670
3930
29244
32937
44044
64560
1410
6161
30586
33118
51996
6649
2733
29504
13797
18462
11812
235
48446
41757
43701
5601
14332
47229
51194
51520
17498
23654
21420
42566
18819
61865
35611
55405
11087
50310
43976
62731
15734
48286
48467
10114
36240
51300
20347
57130
40406
16277
37557
28822
7527
23597
65022
28116
55233
60775
17934
8031
22236
64546
62179
21860
55757
24601
15703
18428
48941
10202
34715
29792
15314
8424
48956
60023
57414
53172
10705
11050
32762
31355
40886
57050
40886
60858
9391
12842
52261
32961
14725
33260
42237
54124
16858
17888
37166
27332
52322
40923
62108
15464
43946
35149
51528
52050
3838
37592
54332
22857
12905
50950
27092
19281
65191
6150
22425
23040
35268
49045
33814
56174
14544
8709
56130
50877
50657
37628
13526
5816
40036
63869
28789
23252
4927
54036
33196
13294
25782
49813
2560
56224
63916
56625
42515
18934
47634
37761
18808
4111
17790
448
43323
22755
34632
12838
55117
9451
25033
10474
12897
54762
59433
43900
27306
63357
61301
46694
15229
56120
58952
28657
53877
6884
20813
40708
47538
8808
57088
7932
32406
46021
28292
24909
44993
1833
44355
10967
22234
20522
7007
44150
40736
19235
43595
25863
23020
29559
26395
62255
39956
25150
50019
6404
52572
37544
30998
8046
35741
47152
7231
29078
47840
46466
58540
4240
64169
46568
27456
55342
20700
31205
25264
48846
42828
13816
37054
63712
64510
9259
53910
63285
46613
24239
16729
15221
22004
34245
23216
4132
51508
16358
23315
37998
6378
17302
63750
3794
42785
94
23801
22348
45246
27500
49005
48205
12161
14025
26530
4526
28475
45823
37450
43942
28853
55922
37355
42601
51398
58641
8886
18616
29400
10137
57406
45343
49308
51780
59506
47718
45348
13200
47697
45935
7921
38580
11125
19521
19202
59944
51072
44762
12194
38258
55994
15599
2719
33933
51917
16891
52279
44596
16489
24702
7731
64061
34113
14220
31763
30695
49616
13200
62974
64282
6548
23242
54919
41016
51
46046
52349
20031
62964
21037
6321
37573
5172
46058
36243
41927
3846
44876
52808
2602
21114
19395
40213
30871
48114
47316
21249
60920
16945
31654
27177
58708
54321
46453
30740
64466
2543
278
11534
48113
22116
37432
65472
23799
22035
64481
64150
37849
26475
10111
43916
54603
20127
64889
45309
38100
39618
37346
21597
51651
55306
37928
53958
43036
24784
3524
32069
40506
54385
48649
11759
24350
60405
41453
30128
32505
50334
8573
18802
42513
26591
61822
13050
351
527
22766
64520
22240
47027
13149
34217
13780
49394
53714
63005
22121
38039
33958
5316
54745
52710
60592
45958
29780
22794
49213
16623
6388
62930
26720
26545
39663
54047
40331
19900
5731
30930
51242
28118
912
18075
33609
28825
3491
50749
529
6840
46837
60211
30005
57417
34882
22633
17561
63443
24367
13055
33549
14218
25422
41618
63630
25774
30948
34814
51012
15175
18938
52565
59025
3301
46014
1569
14095
43436
46444
41228
26752
65424
55748
31903
55868
41006
60700
19998
37763
11888
30552
36263
36561
61209
16213
43370
57368
59090
37077
25130
14806
44454
34975
34752
65036
38559
30063
41604
13184
7417
63186
40010
64353
11692
52951
36867
45840
22894
35281
8281
31256
26628
5975
62302
37287
48835
7346
11944
42892
47834
23559
64860
34832
34060
22614
16539
28058
58164
54719
39652
12528
25350
5327
16735
30424
10991
6972
26871
23942
49605
34463
43668
9833
43707
57898
42962
57749
49211
58546
22816
65222
10040
32045
40350
8752
12797
892
23638
15478
49725
8753
30424
44407
11804
6043
1185
57560
35504
29085
10638
39848
65044
40112
37807
16143
38161
53462
62033
47117
11593
53698
35303
9162
41031
57561
3089
5350
33006
3303
29747
49508
24147
26748
57612
57652
1654
19962
29924
45170
27276
8954
20646
13765
30412
17027
20743
45376
59939
7852
13768
26982
10908
19372
56301
47351
59941
14180
54484
4245
53068
35658
17950
7036
61204
65145
40049
34253
63108
11569
36235
59062
17100
64836
29957
41578
47289
11491
57451
18334
47966
6399
14621
21459
47588
37381
22344
36875
39856
19977
56940
46125
34777
40817
45604
1236
8291
36931
32010
61232
33297
13283
50576
47662
37153
37011
23930
56962
42364
34082
3169
51309
21952
12142
41016
43250
18516
63591
18291
3562
412
49590
24085
12793
50778
59887
56865
461
18303
49054
26520
66
3903
9185
53852
6944
46899
50437
43599
21705
30189
33314
19548
42273
42720
60928
37840
52763
12299
52098
57688
63328
48677
26764
16588
19305
53170
25294
29950
50789
15463
22109
5741
37999
61138
38111
64664
31140
61632
50117
31627
43456
27714
55271
17396
38797
51260
48596
60475
62668
16737
6609
8361
31756
64756
33349
64048
30682
18370
10818
56748
2554
62302
8538
63936
31107
10543
28955
23513
45875
17900
36092
14942
4026
26871
16995
26067
33451
45603
37703
29356
46135
32094
42708
40688
43207
12930
19719
23235
6750
46379
63811
14617
49977
17120
57320
6369
43018
63324
47029
19316
37542
58792
1404
57181
9949
20261
50315
43395
64439
61146
29823
58150
55438
2564
41316
37292
921
6356
37632
4388
2379
1950
8914
41596
16226
43017
5058
57972
28222
36390
43955
37941
4778
274
50931
50336
34001
47924
31009
14681
37734
42627
49553
20546
21890
41637
24133
32138
44679
7804
10213
19933
22280
57431
5108
53732
20922
35773
1510
62064
20371
46632
50571
35889
46663
37412
45209
45266
52641
22351
56412
58196
9305
10515
18045
45398
32129
10295
26055
34563
21669
31892
18319
16515
50553
53316
27978
29481
22291
7968
42620
5081
17417
30716
19597
33841
22739
41803
12385
29465
51499
30942
29928
42628
307
43367
16492
39358
13452
27066
20426
20466
5546
7546
219
209
32308
24252
22129
36005
30167
53641
3644
48654
25324
228
9351
9219
51022
11798
2786
48891
64604
27577
31124
62520
57727
59439
34389
30385
13978
17610
37457
5665
63230
64833
58729
56732
21023
21462
23284
53271
48875
6404
55408
5067
38420
38408
34429
8150
7761
52758
29325
44001
39491
8509
43759
33139
6276
1678
65162
1905
33535
63991
8355
7120
24295
58570
50409
18473
18201
29059
44007
46572
50715
706
51856
20255
25801
13397
22215
3504
31347
48456
54873
30542
54605
27494
2695
5225
21965
46679
29195
39099
29631
59870
39253
44403
51272
64433
59346
37861
46152
36704
19403
15166
18212
35159
59190
17728
35807
32634
38871
26519
38467
34624
11987
63926
44348
22894
12716
49467
16881
12253
35603
62227
49352
43433
64557
44804
60618
64288
16476
17006
2080
11914
41418
7533
55240
43852
8488
50932
11600
57898
63463
65237
23932
44754
63014
51902
61018
38114
56502
59272
36988
8322
18973
44256
18234
19756
61931
30045
59475
48804
33703
64822
4337
44837
13185
37159
26145
1567
57611
49057
25421
45437
19359
14463
12918
35923
27577
32698
41471
54783
1157
31229
25534
37854
64840
30308
37596
25923
31662
40034
11640
2380
22301
19133
30791
31462
25287
19869
58789
599
44754
13398
11611
17363
12128
58926
62425
32821
24555
37597
28702
19320
55329
7986
38594
3056
56352
33048
49769
19924
23759
43650
53952
16042
33589
23025
11152
20592
23189
8683
35045
58722
37719
19564
64404
37379
28718
37416
11597
32342
15489
34266
20022
6335
14044
6966
42519
17793
39614
8016
35291
39725
48613
17713
13086
40995
45798
64942
15253
3674
41739
57227
43199
57286
46847
24103
52485
3331
58809
59991
4979
23684
45919
53675
57860
32059
57987
53391
21977
15548
55713
7519
49165
63810
31332
19939
60282
50945
50125
35398
59287
52551
60786
1187
58126
49591
63990
6541
52014
21280
29699
45059
28327
1407
34803
9704
4916
26907
22328
29146
55989
50772
24508
44016
5838
13800
57597
7070
670
52023
45812
57122
38442
28772
30583
51194
26580
40301
56977
64722
47733
30307
28906
53294
31798
26657
39554
37907
58337
34434
42000
27014
64397
44386
41445
9000
62830
43296
42031
13973
45495
39480
26998
43221
25083
26642
26499
45415
60889
23855
31629
58496
21516
64890
25046
56484
56638
7359
31797
3010
23209
54240
63113
33167
45975
28994
14720
44400
49324
44943
19880
38192
38650
56789
48349
52150
36202
58089
1245
1848
64950
8124
35862
48799
8411
63490
57068
18533
33437
64936
59526
53745
15669
52428
29738
20319
56323
55340
35559
41273
28992
53309
33539
51280
34754
22030
55387
64425
44475
1820
18086
58536
30540
52596
47682
32012
3718
36800
44413
5601
60183
42587
40371
22624
64585
56585
31835
40449
55844
19212
16281
41826
22818
39296
27936
55550
58977
8443
34793
6301
21938
28055
59680
49268
45882
16117
56003
30321
18557
39347
37827
13682
23597
15182
9421
45631
32998
35573
8218
58119
26731
18141
32055
42682
12251
28374
13840
50097
61602
63555
1858
3106
50305
37046
14162
17714
47697
1146
61583
6989
7183
34524
36212
9557
50368
34163
48077
65384
94
15096
41637
25671
25778
6615
33079
22991
41261
21088
46133
27326
41841
7399
30961
61757
17166
24372
42575
20008
1954
3627
34224
33137
16766
43417
40867
57450
57795
35018
17466
60777
41548
62795
13652
38917
46618
52459
19485
44704
61579
9098
48335
38801
15505
55153
34193
28821
23953
57583
61518
56042
40512
10013
15802
38515
50851
51945
65110
10878
20211
9231
2393
4677
33774
20188
48451
17412
23572
14388
47357
48013
10164
12364
49477
9671
20364
19556
47469
2806
48211
9094
18691
29010
55001
24394
27647
5594
59358
26887
6914
34246
2639
55728
10627
56188
40918
57955
55924
44655
63008
19175
64737
35937
11518
11528
30197
33573
48052
52141
60216
35501
58368
21956
27566
10095
41297
47370
65134
10571
7575
6182
9487
41095
6704
506
60013
51426
53424
22905
42572
53569
28949
65020
51350
10479
22927
61354
45149
25506
6512
57601
10847
30731
36144
8137
43548
13202
57601
34255
19445
54487
57441
52241
9399
4035
13430
6828
44942
39965
53679
19465
48617
18617
32927
8055
7204
33211
54232
56830
39561
6582
16271
42801
15484
27456
23945
19069
24534
1384
6906
15626
64569
58594
65099
30060
55126
45646
6044
64773
11249
4662
23985
32277
21827
31003
58106
16094
22187
54497
59051
53485
51746
61604
8250
21965
32369
62301
30107
64885
25656
34446
50857
43857
50564
26600
37209
45510
16775
18908
60693
23524
62055
11871
31167
28681
35662
15387
40391
56276
27742
36524
21898
60974
18624
22667
8495
52468
1115
62453
18292
6054
5660
62244
34182
12888
65309
14840
52592
1650
15292
7747
49324
4730
56385
1900
41879
58556
25493
20298
11404
24926
23025
38709
17490
19931
32630
25664
41234
19283
6813
46926
62328
63458
56624
21980
24516
57716
58285
36040
63188
8920
48052
47446
30494
35032
21357
9703
22648
17003
10389
16630
7342
42229
15731
27958
31332
5160
28831
53625
5056
23015
25943
39333
5389
14982
30673
16438
44346
29603
37278
13129
39582
55112
41075
54745
24995
3304
15292
64877
23212
27215
26146
42007
56989
14409
5084
15543
37119
51179
44092
444
21761
2634
3892
3733
27271
52370
19617
13207
51102
52007
46736
41823
11411
50402
41288
13175
24760
21799
58529
3800
61816
3772
34237
23468
9027
20920
22328
34278
42285
7464
57733
48557
54830
48028
62787
37266
22438
21830
14219
3404
4976
64395
8190
5028
54027
23722
20005
55372
39835
6017
59565
3451
61877
24535
56440
19890
11710
20916
17713
47797
46583
26396
33169
35245
62813
63781
11608
16818
22527
12283
43274
4886
10450
55290
61020
46908
62663
52920
36238
12236
9128
11011
36045
44577
6686
23866
33880
30916
31001
26104
38128
42892
5534
58781
33270
43135
9455
56783
33357
52368
12042
30959
8394
46241
16518
14148
15748
23153
42885
60617
43353
48827
6538
5497
42204
21635
19237
20152
51792
13990
57633
21977
2899
13253
17555
26766
7350
19640
29856
38188
3711
59576
30784
35421
14814
53000
25119
27824
29196
14072
9686
44124
63177
53796
21211
19319
29223
50294
1696
37664
24426
43331
2611
58378
23854
42259
4390
13201
36073
54937
60721
36213
39089
62858
14149
6171
48652
22011
10335
42075
21325
8268
43592
36202
2014
37124
53802
59923
53278
53846
1318
20781
1944
4849
46108
9538
16853
41949
60000
29604
65060
32383
63451
20385
19632
21688
21069
21349
5186
11903
20386
46049
62987
30043
28083
56088
11234
40764
43294
12516
50546
57730
12165
2734
34661
24190
44594
25572
61018
44649
35005
23443
32271
46384
38665
47090
56048
25607
42982
33735
2439
54239
46531
33706
23941
40250
61370
43521
39210
12220
62686
25957
7372
980
56348
26871
31643
56408
61632
33970
43767
21761
30232
41306
25882
39872
24141
8944
1712
21647
42058
47537
65525
30069
44686
38691
59137
31121
61762
57175
43530
16782
32796
59078
25512
65242
53706
58483
19177
16314
25412
64747
29169
57792
28292
31296
28741
28705
23033
3685
35393
52168
24575
26865
60100
48683
57652
3469
61602
59392
49203
31196
54524
52710
52115
58504
44436
31197
3061
27374
14666
65304
57573
36050
54826
58962
16195
50295
58949
31957
759
10169
50793
61726
40579
11891
23452
25547
46240
37867
43496
30134
63628
43943
51104
58709
57218
65148
1124
64503
39038
42289
27652
44734
41353
8198
26735
32576
10898
12122
4976
24872
36198
56685
22515
17038
939
8795
65088
39468
44268
21438
28391
60094
22491
48297
34236
40220
12995
13355
61485
47585
27393
36370
42587
42403
347
47050
32975
38797
25580
16963
43274
49251
24248
2808
28409
50592
268
302
55792
38256
63830
4731
32590
3362
15161
2359
63897
18199
42760
1685
20319
11658
62277
43623
3725
19741
54671
53515
34925
41561
13874
14927
23576
24346
64062
12152
3140
43150
8666
60809
7413
27065
60438
6801
35114
4576
17513
18967
49378
52359
50718
38133
10568
57996
40873
4098
2252
50982
33917
4861
60079
38279
34824
20425
17534
59511
62092
16991
33690
20959
31275
51789
64767
62410
54434
47798
25536
17346
38865
24574
3668
51906
38140
56629
14453
2938
40263
10271
36493
1754
55679
15941
19374
43539
16090
31384
22167
23465
9190
10083
50724
59211
38
55169
1513
12950
24315
54634
8926
45741
64639
12109
61982
56290
6094
31650
22512
38244
48149
64404
53866
49673
39268
22623
49078
41605
5829
41456
26456
57349
30016
9836
3436
52140
44902
39736
49042
16657
43109
32742
8095
23579
1231
30553
17932
11575
19477
33290
53440
40916
35412
24716
64384
45018
41181
50221
7593
24311
1000
43476
21136
63682
45086
30231
50774
45286
63626
13796
891
15535
61333
36385
24713
43719
29098
36391
61420
18347
64996
31053
41440
33737
3000
63491
25028
47058
20205
48188
47985
64365
24245
60002
30061
16870
64931
59912
49641
52662
7156
1749
28112
17150
28960
64408
9365
43925
3540
6566
11615
41391
34170
20057
51349
60892
40923
39019
60336
29542
20395
37266
21052
53172
50593
27567
63393
16993
2174
34062
50151
35738
51820
15217
45002
45431
50707
14513
19626
11241
39712
16068
2596
28828
18820
6933
25097
59719
10327
50829
25683
51279
29373
45679
4989
44795
62270
16729
34998
19708
50381
46836
63893
769
6076
65221
62439
55929
24958
54999
31227
19427
15296
17593
21113
19849
20040
35794
25281
38238
36122
58580
29831
45092
43937
19733
51489
23393
29469
3772
43247
8841
41555
50507
59900
2176
49205
15723
59493
9352
29462
42893
16242
26769
54468
65072
26047
23876
52940
46104
31958
35007
5073
58216
35695
7170
48249
56773
40442
59585
19887
6804
46903
10895
31676
32096
39304
26638
52596
4251
64558
53668
35225
10551
5585
47870
43064
118
3688
64949
2164
13778
37345
25219
43232
22200
9189
34162
15929
22398
35043
62424
39595
17282
84
6941
48889
2041
33308
8913
11948
61587
20169
5842
41887
47511
46528
12717
24467
40
21467
6822
47310
63709
57595
57624
38618
8220
59031
36268
59714
29598
7322
58954
5045
46214
35009
36785
523
63037
28170
40763
25195
4430
17943
49623
33741
51626
38872
35455
32634
34389
6346
63997
51842
61924
19376
22298
43713
1931
30113
38083
24912
29248
46168
42874
52334
55645
37513
55469
20258
15947
61710
31555
53011
2095
35751
12616
35844
33002
56895
29424
25260
11151
49839
62561
17983
42793
47830
3509
59290
52397
21304
34884
2238
4857
32260
1490
18855
26865
25761
32607
41488
44626
20266
48029
7269
53377
52261
43626
30578
22526
56704
46706
40986
48705
44237
25099
54796
65482
34811
33386
13046
23979
5464
30504
38406
22747
16278
37466
2766
49295
36431
1351
30152
58190
32743
3465
23191
11398
48366
20006
33777
47422
13576
54435
7911
18099
43760
3100
22668
40321
34372
48003
46889
4805
55884
14159
64158
37380
561
3810
25561
16974
12298
54237
44955
51904
60833
32312
53473
55675
38333
10398
59013
44494
62960
48964
26864
17088
1100
31643
21310
10793
30654
37293
24492
49294
4108
13935
8740
26676
40773
35390
45222
21683
774
63521
17119
3091
19230
10623
30395
59083
19523
65351
45876
8516
3376
41843
61513
45907
54413
64410
40030
45964
1589
37778
27669
62086
10493
55651
22474
43014
36749
2891
14303
22002
28340
15743
14472
58192
50214
21488
63482
43256
19399
37551
12670
14832
1182
20371
15040
42992
60328
19412
6045
16893
26526
40298
24739
43581
30096
33861
24683
3659
379
6644
60453
42120
23386
26905
26910
34663
42649
13998
62352
29489
16868
16789
4990
64777
38461
30016
5982
31687
26706
42381
39022
65277
60094
5256
52529
8296
3574
31387
21957
6538
48951
6449
62706
7051
59390
6263
35536
22153
9438
29543
40102
24192
41003
23099
48873
26430
56766
51080
23820
58960
56651
48667
8427
31780
38170
28784
65491
5278
44199
21345
61222
53999
45068
52043
57687
42086
12765
45162
15446
46257
6280
17404
18822
44021
13868
2330
42086
24313
3029
51172
21389
35564
20423
41656
19661
56200
1783
25387
29818
20946
16506
14067
39564
42932
56223
50423
27592
17080
49560
7173
4091
8309
52706
13015
45759
15706
47562
47179
27696
49492
32749
29165
23586
59527
11274
21182
45147
38575
60486
3590
9289
27081
58236
57548
25669
37556
32544
60609
1059
46990
57218
1192
11851
38368
14971
42032
16604
51409
39091
28948
62653
7705
25518
28139
50906
60896
41783
54899
38198
25373
56862
23548
56225
21073
48463
46279
46197
10985
58966
46420
20850
119
45326
16434
48901
42116
11681
36994
28895
37474
39965
6466
58992
28579
42309
51073
14395
49341
3178
51980
34392
8263
42837
52092
64765
38446
6068
35084
1409
28981
54567
35350
5255
58557
47900
14749
42759
13383
39188
52324
12510
28097
577
9591
23052
8544
45752
10686
55774
24274
55869
34579
61410
50726
22778
26685
8570
3266
35435
43103
36518
45457
59993
30147
27425
28984
65017
38917
9637
10462
27870
59286
50456
30417
27943
19189
52998
64900
50441
42246
23934
50848
4276
39219
62649
619
25102
55092
51951
51426
5101
41966
31582
26864
29948
32350
9349
43391
47318
45909
2087
13595
15968
16965
50189
791
11180
39319
3351
39858
45560
35188
24053
11223
3181
8856
22296
38676
42125
42466
22574
26125
52166
63506
54801
15105
31452
2513
15364
25262
61637
38827
3309
59632
9810
13039
21015
33345
31961
2565
28624
18516
23237
62751
64534
50504
51816
23713
45168
56886
65369
10390
15345
58221
64997
11760
57817
64056
34454
42688
24517
12445
9790
886
54010
23435
64508
7359
52377
23742
39469
31320
2374
53498
48275
19373
19737
55570
886
195
1038
2301
12799
5256
60822
28114
2040
58754
32580
20686
10718
49401
22126
59750
13012
11779
45241
36760
11266
26582
56849
55601
52449
35072
6991
6688
60108
14902
24909
56588
50802
6680
61440
25058
34955
9279
27684
51257
23708
5314
8090
35865
28995
23929
55820
62284
2210
59158
43632
24025
60610
44348
59248
11034
35118
28099
47073
48654
13525
43560
63151
8813
2662
10100
64211
61331
35444
58743
27223
34089
1394
46520
63929
65221
14910
10273
4971
28552
55369
41977
38348
35192
51303
6813
63103
12863
350
41061
52614
55431
48962
7356
24334
25692
45899
29487
23028
62013
18300
45120
31267
51346
51995
41472
49154
6701
56356
24983
57449
15382
25282
45019
27764
62478
33324
55410
8910
6873
59800
30238
47414
63361
46160
52442
43486
42238
53643
20722
46912
30979
12142
54958
57853
13489
24220
4721
36060
1318
24861
57335
62803
39968
19526
41894
30289
2116
3135
23296
23903
50979
46834
2676
64907
6933
20892
53152
16457
43171
22228
42461
50204
5157
45281
36649
60823
50939
55011
35690
31921
44970
25207
50965
5066
13974
27867
44553
7362
16524
19374
41260
49312
34914
35204
44964
64265
60616
29171
35868
32198
57711
40535
25090
21086
21729
54790
42081
53088
4987
53202
45540
61654
9452
37992
57240
42686
58470
21158
44172
28119
52441
31732
15774
18019
774
35109
4811
16753
5307
12135
13843
52057
49088
51818
32781
11974
62392
42037
26170
39422
48218
37370
42234
3158
51286
18855
36853
48811
29341
32039
8584
62705
6299
33770
12202
28346
33715
18848
50754
20858
54444
17048
26219
13500
63521
52227
49699
59222
32127
13513
9340
59963
45743
15815
35891
41490
16943
55650
37027
43458
52529
29200
61666
36000
7834
20950
51274
49114
42466
19998
39785
18497
32597
61692
12093
46555
16934
9336
8096
41330
61059
40907
19765
64939
7429
12511
748
32173
9818
21576
50538
61939
36749
5498
59409
51622
43700
44020
11991
62956
60148
13183
41911
5927
30855
32277
62209
22508
65337
57786
65338
17922
50491
5600
29142
38570
59102
17291
57126
39879
38623
2249
23251
44870
49540
65253
41378
41231
7320
61127
35598
55816
37410
34791
15722
2234
7491
38127
53872
4600
43388
37356
26985
35724
36854
29709
33339
28548
27855
64949
4600
10309
10607
8228
21694
53975
51562
2912
30579
16215
38006
3645
14610
35617
569
49529
51675
57040
49757
26777
44807
23240
63690
54919
38202
62764
28122
47410
12688
63947
47185
17667
64826
63539
52598
53543
44630
28976
50567
61806
3530
43471
2000
16199
34687
44528
31187
34589
56748
30852
44132
12980
20422
64422
2478
42730
38395
16723
34399
2302
4601
21199
10588
41274
55912
18847
7488
29133
45229
36922
44252
20219
9129
9049
32252
36793
20908
34824
46767
1601
49817
61247
47822
44880
41796
52584
35607
46772
7833
15956
2312
54770
49595
30409
4939
45226
1736
7704
44855
59569
11266
32489
46963
30220
8819
10710
54685
62722
52790
43594
50482
50733
62421
10330
52083
32741
1342
28643
3946
56120
3083
61783
61992
13714
43101
41292
47275
35953
4287
10146
45939
33766
7907
36191
32751
43055
50934
13884
46179
17046
35698
28184
49615
48430
23491
34008
7765
14865
11945
2468
44338
40866
15147
12947
55454
17173
26413
30693
53358
49231
35913
18805
43561
22246
61370
22416
52931
3636
36367
61549
19626
52830
42605
28768
45525
64217
10048
43627
13896
50600
22180
12163
19107
4323
17151
54264
12463
28537
472
9081
16306
31762
55092
47417
53433
14923
13309
28977
8190
36954
40454
62948
45755
27028
48756
1013
22315
60728
63640
61247
52930
61360
19654
52252
55364
44693
24049
9071
2194
38261
27728
10978
46984
4157
48289
6589
49695
27941
34164
35876
29784
16242
20914
44719
63916
20190
47476
32186
38960
35737
59482
54264
12272
46275
25709
45232
55145
61001
32934
47922
4490
9870
49370
4457
56725
6489
37409
22015
61249
11539
52421
10758
10673
64005
13777
6699
7316
42442
9408
36242
40548
31576
24720
9730
9414
33790
10267
12031
27737
61810
4614
55536
53911
15820
1905
20906
33182
36977
16154
22134
59146
23240
33900
27573
5761
2833
65301
42387
11315
10596
44843
60974
60962
40137
23647
52046
24703
57501
11524
3524
40190
29023
12054
56631
38124
15377
29436
37930
21428
55747
54507
21571
1568
11170
17926
57749
33316
63653
16894
15446
20302
63493
33115
47449
16198
62865
53012
7271
35801
22486
7120
45606
30743
26763
12420
2363
26601
39632
52380
15702
35474
62711
43543
55475
47812
29958
37992
46562
1899
10165
46327
4916
40436
39051
19375
38271
44464
59921
58884
16849
54938
43202
48989
55337
51966
59319
32990
64491
3066
32184
29092
40452
11623
42660
54050
26851
19821
53368
19190
27865
40751
8445
24361
55626
23588
45701
16184
29831
33646
4535
38599
12215
18432
46316
22943
46109
3937
17502
37859
8407
15283
20773
28325
2368
1465
7952
30220
53311
22374
53175
26594
60631
34062
23491
30572
16669
30144
56389
38566
2641
54212
42240
26520
17996
15068
53332
57262
28152
31470
42619
28225
53932
17949
1620
1958
50053
62957
59137
30192
20959
32875
4555
16510
18681
283
56421
15110
938
65499
30405
13017
44550
35393
53135
16613
44045
6911
4100
3112
61906
27669
820
49499
34355
37596
20928
1654
4574
60760
48712
24773
15560
6604
32654
13288
10725
10052
34340
42838
23130
2219
33551
58036
8900
14940
57715
23006
53391
31322
13450
55660
14165
2294
31170
53476
41233
62456
29675
5584
38372
6097
30753
23223
26402
39756
50007
9757
39064
10786
31766
5468
36059
45323
19027
46358
49103
3512
462
59329
59196
10076
10923
44498
25930
14074
31676
1639
15854
63260
7958
50984
25668
64559
64481
37823
53257
54766
3136
20536
3564
59096
58141
28483
51395
27839
29149
51413
37904
35664
42052
53131
10833
54461
50858
58644
43267
34743
4087
18660
60414
42821
57963
56108
39072
40011
29608
5321
28310
23377
20648
15639
59358
1800
45077
61405
42262
17477
4541
37224
50511
15341
22576
28996
25725
36159
15496
14206
33747
50626
30510
58489
49193
11910
56567
20424
21899
31187
55645
63986
44218
20790
3229
55179
43543
35788
19881
5978
9445
17173
19567
55145
37555
28215
40993
20114
2718
40792
27331
17800
31234
31816
41149
20504
38191
10688
39117
32152
7851
54589
6972
8247
28525
44434
57143
27436
52985
31548
32929
19971
62806
58778
31213
33111
18819
30180
29954
19522
26261
64615
10966
15689
18214
17272
58070
42987
36821
36567
62862
13454
19904
56356
21596
25155
39746
47238
3832
59078
32734
40599
16768
22235
25001
31832
45035
9510
10439
9919
31675
31566
28445
59074
18818
65312
19120
28085
37672
46248
26236
49119
16867
18678
64908
13413
58156
29579
23050
61687
9198
11024
14064
5310
17711
52403
44724
34269
38145
52533
61908
39532
21486
33122
57544
27830
5112
22823
3840
53465
8209
17507
17430
19150
3208
64017
22080
18793
3336
34707
33619
3780
40514
58416
39467
45066
52289
61575
47100
23456
25845
26834
39414
55616
9903
62454
42148
57976
14397
62346
57181
8195
45492
51296
22205
27055
19762
41055
22456
47718
34303
14133
32472
15326
54036
16452
43146
57000
20023
63061
9061
3984
57459
5461
694
39983
57707
20412
24528
11105
29391
57285
8425
62197
32317
54946
23671
5471
45172
8819
40892
15707
55931
3461
39229
60015
35508
58963
5788
205
34795
12580
27545
17187
32227
6753
54694
17807
12173
12613
60202
46574
33043
42671
38773
56667
25297
38771
29757
49802
53289
52115
49439
13527
36669
28557
47597
5940
60963
37020
38062
22767
7126
26339
33526
50585
20916
18444
54688
52127
23083
56426
6962
14579
19158
37060
33887
42848
10388
32013
25891
29702
58755
51694
28191
27188
61693
13360
25043
48634
50159
62646
17990
11723
38066
53002
31495
25038
43992
10293
20882
4075
6752
25472
23286
57765
47591
13045
48862
52237
58152
49300
2247
40405
16376
6393
568
49482
213
35495
46432
13836
34849
11595
49417
44442
59360
1639
30583
32069
8613
3138
25320
56000
33477
31661
45734
15882
6152
4968
34881
63733
65004
36209
37952
16611
6111
23455
64165
7597
30989
10477
21713
1760
35122
53703
361
44482
39952
65248
20487
11113
11989
35541
3798
64585
50823
15580
52189
49559
35502
59949
17478
47577
3138
48363
33875
15143
62476
44695
63835
36794
24026
46322
9628
37715
46966
27340
2169
6748
50456
63192
29602
26436
18249
51430
39418
57448
20775
3404
15241
3820
10825
41144
11196
8509
45121
25970
45044
55734
25813
27915
725
4044
58241
25579
60524
14964
29613
27114
31060
50853
43778
23249
52201
30872
8500
12862
44290
14581
17616
20997
12418
54533
43492
63656
33054
8645
52496
51118
64793
13924
7027
53515
9562
5135
2474
51899
14038
22139
49946
42274
530
61986
13901
44759
10592
65460
48331
54601
63405
53096
43903
41904
55085
53291
17994
27194
47166
54327
59648
32177
16914
19411
52
35668
11567
23637
9117
64674
7992
38652
61893
1297
61136
22448
33481
541
58814
56936
57575
55202
31639
54269
57001
27254
56000
41889
19338
63280
4438
4084
41417
35992
8610
18297
40030
59954
49174
28133
34897
39904
8561
60191
58879
24197
49901
3547
34978
57661
41742
40984
19525
49956
33547
56746
40202
23383
22970
3344
1996
6460
8493
7757
31885
49580
49012
61776
54913
10215
28849
24309
24233
35861
38273
38365
36862
6559
15475
45024
6761
64065
5695
3039
51100
28477
20472
49763
58285
63255
11040
21059
9067
29737
31524
59506
46928
11378
38965
10221
51034
31399
42472
36084
11568
53980
43674
65
36156
9314
55864
46916
42973
5796
15800
30103
35126
18957
60243
11602
29940
8225
7044
4274
37448
11044
12099
49707
12361
36025
54349
37436
1787
9449
41409
11190
26427
6437
56677
56105
19790
50937
45314
41449
59105
6851
52955
15793
5380
39245
61418
17932
52011
52426
37867
20848
45723
49950
47739
18139
17528
43849
21411
15352
32093
52800
52245
54950
61803
4981
40251
36841
26522
44354
58282
40695
54058
22892
58608
36034
55730
12592
30076
45955
55404
34863
27266
58705
10780
61561
56274
40220
64548
25911
6484
22573
39546
43447
12501
55153
34153
28951
24243
62280
37852
60106
16774
56971
59347
55765
11924
36395
24370
38593
45102
65186
19725
17745
2285
4067
51714
62647
61463
58672
38292
29462
55752
17443
59782
52885
58335
60588
57142
57722
5827
45854
53661
2648
55847
20302
45046
27501
23200
51993
12164
2464
2133
5099
48756
20266
48542
12425
4341
25509
26527
18612
40190
36006
43194
32356
64506
13871
24510
5022
27107
34930
50518
57952
46216
47626
1834
14049
27312
16051
61916
49154
45487
27285
4492
3352
58033
46450
30176
40782
38356
55216
5828
60869
45767
45257
39985
31763
33711
30479
30314
52542
46489
50230
54969
4192
45145
32165
53778
56972
1860
25921
33912
7348
40954
62893
25530
20918
64497
10464
50240
14823
7566
45661
38968
29123
58782
59051
8959
8788
23597
53186
56509
41669
15275
25258
8428
29907
57625
37752
22836
29270
53135
38679
23478
16836
8988
59487
17727
6577
51286
20590
15400
38722
52070
19298
10052
2939
25985
45744
49348
45866
4228
23221
39726
3418
9257
32175
44005
51576
4315
31483
1077
24750
51372
50626
27941
26069
13121
63902
56376
51858
19195
30431
52949
17982
44478
54128
38605
41713
19164
8342
29726
53122
43819
11179
16202
36818
56044
31336
1974
9501
10259
41398
7823
10863
1383
2975
11603
30479
34343
30855
6329
4442
10255
33346
51901
21287
60009
30722
17878
15192
7680
27186
25688
37675
28956
19802
19259
4785
46830
24263
51064
5461
6834
49353
34315
42527
24130
34071
40347
8221
11469
51004
57446
44656
5002
6778
30373
44074
63718
19065
24719
23365
63670
9396
12818
61113
17905
36708
28293
25543
12663
53344
53584
13256
37241
18636
14550
26126
33706
40758
26807
46053
17893
52086
38403
63998
40607
4370
3544
10480
61725
65018
47235
49321
28433
12431
16533
35352
4050
25099
40720
45986
45680
45882
35882
52140
17414
14681
47531
53097
33939
39041
32185
52768
63337
55765
14739
46133
53154
13385
22186
18318
35209
31335
19627
1397
58760
17631
384
12069
55671
2155
24029
33659
44115
806
41464
11453
25049
8984
61970
41902
49257
25120
57181
39787
34412
16207
38056
10841
61447
49430
62715
63498
9071
1661
34673
45104
57664
29851
49217
29122
50778
38818
64160
33829
37062
55871
1837
3977
41994
26194
64246
47352
56224
25864
4608
50338
14019
46048
42354
14403
25961
3900
55940
7515
33331
11261
13017
1591
34661
48138
4926
51436
61324
32987
12846
13059
2922
38262
16620
41066
63778
31274
58306
53943
58435
30367
22955
27730
48171
55828
30013
50619
57933
57782
64574
45973
38028
11140
21022
58764
36064
19279
32958
32490
64826
13129
34026
18078
30603
40937
6922
29445
53002
14015
36697
12479
58439
14131
1756
32768
62495
26735
19779
42574
7387
33714
11104
20155
58917
45256
285
27572
15149
34300
45922
62220
29717
37554
47745
63982
1779
13245
37421
59947
54639
35575
12565
63279
60310
51748
24967
17796
23179
27096
38853
5225
51198
54910
31530
64236
17043
59021
7423
7556
1972
10168
53234
46983
52758
39426
14658
56011
33301
35690
11562
32013
25357
17258
33753
12188
54584
64343
41504
4761
6120
12867
37530
7037
45203
47754
44132
64707
5203
51145
15014
62677
32730
60271
14508
55471
56141
37019
28145
33297
27400
20793
10071
59098
13118
7611
14097
6863
25169
9972
827
57219
58246
160
7498
39377
30830
36798
45936
48273
5498
61284
40801
62249
48765
37650
56223
32897
51364
44845
9163
48672
23163
19943
42835
34766
12892
19490
30461
52587
36196
44100
55920
55388
4052
50550
4311
14275
40796
59160
23667
62371
58644
43649
7932
62338
19043
62289
41996
16596
4758
793
45895
20382
11100
3783
38556
48081
3966
25341
60102
37894
22141
57045
6725
55553
16430
56534
25259
13288
20354
29176
27656
13163
41844
18720
63670
54994
7225
45901
38618
8141
5743
51533
36075
59144
14331
23399
12372
14348
44179
38611
272
30585
20812
52342
33810
22973
29019
27283
10564
14464
47554
35204
23830
7608
45499
31853
63742
50524
10128
18426
2986
62150
34904
63174
9918
57003
20917
12889
16540
26891
46030
64043
42353
46714
47478
28917
40099
41557
36889
23703
17274
39249
56915
30310
62580
37812
20230
26204
17047
40634
22022
26841
37644
22998
61362
60821
50145
17454
19795
55592
40723
53723
26396
3562
49736
1401
49473
14734
44469
12563
45519
37895
53516
1702
57419
57400
43661
34541
41821
33556
4079
41346
57821
51195
19105
13982
42500
8734
42932
15604
60628
30338
43402
18704
30415
64156
38478
54480
64564
11205
33556
4639
34461
18064
14675
195
58910
48147
3143
17146
50947
18770
767
21585
64705
29074
56238
62959
344
58062
7890
28025
64363
20343
42688
25888
1421
34380
38675
27038
41246
20192
2418
25611
54598
62407
37518
36252
17194
44602
60783
58078
55470
13498
61364
13766
62034
60463
59145
12440
55580
42556
10477
58005
32992
8017
41891
64351
53187
50952
22267
5227
3252
23930
30142
16397
13099
4080
5620
3764
19319
17657
21925
37339
61888
57456
27356
30810
43794
4935
62133
55450
35638
3832
44795
29759
5503
58024
14510
24812
54837
3400
65092
682
63682
40774
2609
65512
51177
33673
2321
3806
9659
5648
27269
3646
42841
26411
13415
46661
40670
51350
61645
36634
56381
41441
28469
17986
58455
10431
43319
4612
28747
12927
47779
18377
32683
24558
3944
20043
6666
63471
5611
63697
20411
17695
41828
29696
57246
64397
26086
61577
15806
36981
56793
14727
14542
58663
23630
45219
56737
12904
56171
22811
27068
64252
8965
65027
15637
6056
64645
11882
16864
12271
3494
26226
46800
29905
4912
54686
8222
65259
59821
27422
18099
10895
10054
41785
50948
55397
53820
54035
21902
43311
40300
62378
48346
35902
42195
20879
57844
18358
38301
61993
65080
14982
62626
13110
39660
14250
454
37718
64271
61490
35079
11611
7836
26374
47047
51730
31968
18086
34495
43011
64342
52187
49477
44539
29942
20825
47765
24617
37464
59678
32214
6495
6816
14810
42856
36715
25371
37163
14286
22299
5116
11342
6159
51897
40514
22245
45086
23168
30912
23188
56973
33182
44593
27906
60544
46318
35801
21930
8572
28392
2303
17712
16632
60478
3317
6677
27742
4317
10891
17144
51876
28141
23346
4488
64336
48865
29312
55253
21321
8789
47720
26880
12686
37893
15345
39220
32850
27883
25342
24231
11132
44818
41262
56411
3028
62131
5618
39651
29008
32173
276
31993
5133
3956
53890
8494
20858
35776
61448
13384
36629
40481
60019
13780
21693
62174
19077
7232
25182
31150
14231
339
45104
52451
3759
65333
15687
50107
23374
42272
65231
26350
14314
62092
33050
27618
51070
10737
46584
49899
21081
35698
47164
52176
11481
39792
49492
36975
59761
49647
22992
56275
37320
58288
6696
44389
24204
34516
40616
55438
39807
728
57073
31858
47184
26338
14527
40383
2895
4910
1863
42943
50329
63523
59359
1714
29928
55600
23568
16780
242
11046
56891
55944
23785
50907
54050
35058
3255
58604
45322
21509
10540
54352
6122
15935
39313
34175
53892
62646
40346
39354
44264
15401
6345
32751
49311
39832
27151
10393
55346
38687
17461
29092
2360
58207
18246
23434
958
46749
47225
38959
51750
34298
140
27721
61863
49992
17175
51508
60429
61033
17859
58137
1696
53582
26881
50473
4048
53289
55936
21952
17099
29288
56108
10154
52125
2498
22849
23883
6701
8560
45039
9692
50498
57346
11237
4619
58617
28412
58198
7627
24278
26109
45813
33465
48248
15759
47152
48166
6178
19154
30083
45103
55220
51234
24851
50909
38939
47299
39251
12269
49531
52447
24247
27146
27026
59532
21298
38697
25703
50966
26619
29427
48634
45145
37559
39742
50417
18181
65222
60396
50591
14217
49537
42967
60054
15091
56099
64737
17634
34650
20452
55157
59626
53121
24574
35406
57063
17841
56883
11745
9164
60873
56271
10927
40651
39341
52950
49506
44973
49293
60161
48807
17416
18240
881
39831
31304
24552
4982
60420
59145
38479
20166
7675
6014
11581
42027
19482
20529
31928
58997
18970
25932
41911
40493
1996
13356
38425
49797
6045
583
14287
5685
4369
41795
1102
59895
57011
36683
24331
63200
8170
1232
30532
13024
43200
27008
41444
2733
35528
53219
5976
596
49782
60208
48411
20258
61830
9656
23903
54611
37801
16885
45403
17587
45676
64873
12374
25485
58334
28736
7989
29847
52263
29082
42214
62505
34561
41638
21852
65472
55830
57301
52097
16115
10778
33635
50438
25893
15449
15827
55053
37575
41631
32083
52400
27244
57417
10448
36751
15685
39688
39156
7267
19116
56154
52335
56332
36283
17066
12365
65107
49727
44257
50749
46233
35200
16912
9892
37687
31004
48903
30998
24185
61838
51056
23581
47431
34954
31046
3535
55021
16982
28203
27901
42232
49823
38621
61722
11577
62708
26034
51700
42321
49930
4103
64926
49371
16854
5226
41571
61863
48663
31546
46656
58368
5109
13260
19326
40560
46853
62242
47742
45005
27527
57135
55938
63208
43574
12581
60850
14703
59803
3585
9206
41840
40887
63303
28568
37505
63193
29577
38874
21777
10021
31161
54077
6423
43871
8873
32070
16659
50187
51086
27420
17048
22939
35005
44288
4341
46594
60673
64487
5534
47828
15593
45531
52506
40151
49970
29606
5806
63886
42403
42988
4508
21283
2576
4358
16177
25119
29382
19216
52394
2140
37930
26441
19015
30495
33304
24114
19113
63129
56542
49950
14081
31486
3726
57544
19100
64866
55746
61328
1635
53642
16343
18046
63272
55339
62543
12998
34016
48690
20062
19256
63146
34419
57192
31543
64158
31446
21932
14555
26000
31612
55973
6711
8286
42225
20966
64401
15157
20933
28709
25551
59494
36141
41625
30253
7441
40265
54285
5148
4670
19216
55321
2134
37340
60160
15711
39217
41499
55417
13652
33140
1277
56229
8283
8780
38026
14268
49568
62397
31458
39708
53957
38553
14855
21036
53633
19864
41066
54321
4441
40191
18590
5602
4008
8543
52371
42444
15902
61217
55604
28225
1442
53192
65391
13313
53562
13922
32240
4149
5172
61738
30516
6829
54739
5071
34078
11451
3111
21663
19356
17457
1026
38678
32897
16346
8413
56829
64355
51595
56540
58293
59519
6532
25211
65274
42342
62091
20521
15187
56993
58513
19194
24290
3992
11161
40026
24641
4065
5491
16731
19966
48190
59719
19189
39033
6767
35065
38611
18323
3288
5608
32009
4556
17239
25279
54410
32403
56538
59834
53561
39675
9460
29346
16471
32725
11704
53694
47170
13339
28653
41595
44633
53390
14909
50440
23715
61149
58089
53615
570
45798
64089
943
28051
27220
29729
43906
46982
38179
32370
11137
22448
57738
54583
54146
5311
17597
26539
25276
7266
55328
60652
6655
37480
35384
33690
44682
59292
14
33101
53949
4486
32278
23650
25575
50904
52772
25812
38795
53218
27462
62062
41742
32307
2951
16441
1454
48930
45368
41354
40698
48226
59656
51139
29683
32148
21911
13274
1090
50841
59057
23189
2189
61928
16434
30158
17664
11063
39816
15910
8027
19736
26540
7791
17938
40532
24747
52716
17447
28059
18529
39593
20291
24038
22802
29787
58183
3561
1503
13168
39693
56162
19748
14304
2396
57433
54661
9814
55988
19240
50969
34368
7211
48725
60961
13893
54384
27695
25806
53049
39169
54412
17949
39879
48784
61320
27641
42554
57504
13916
43601
43522
64030
52120
48858
16920
24635
13353
21220
6856
6611
29855
61712
48413
17685
59100
30903
53379
5127
13060
13211
4190
12223
44021
17896
28399
64646
18250
38623
9606
62147
56045
20684
64859
2759
40637
39039
23356
22831
41321
46125
28322
43128
6805
23798
54678
9599
64153
52414
10463
2175
13883
36437
62105
855
40607
55545
20849
63951
15235
4392
18733
6271
13903
47113
15432
22591
21696
64322
52654
45620
53577
44092
11592
23023
57949
48218
32381
2579
20258
36407
46478
27799
59264
55425
39572
54465
28301
35685
18136
28317
25378
28950
44688
25290
65283
9084
41712
56922
16751
60081
7575
44317
52835
42132
6024
34569
7303
17821
4962
57611
22999
44815
3176
33424
2969
24575
27567
15516
47561
36596
31243
58272
40407
4181
51084
52593
48649
49105
15607
24671
42905
9407
20814
10168
31728
27124
41380
5486
4743
62221
49996
23679
27567
31916
14421
10240
3784
3536
35725
58598
50636
33808
10532
29018
17152
58407
7400
14796
4851
11074
26471
32076
18316
35643
5979
47005
14264
25464
57087
25401
25370
52302
44206
17955
17178
56947
45692
22102
47880
36664
49878
26133
7069
2769
8088
37382
6295
18888
30007
54471
35081
37094
34779
17685
2956
1311
48216
45935
51768
8416
21909
16506
21289
42605
28681
50284
54075
16311
9362
33022
18868
54865
36474
7499
14810
65146
32281
8011
12400
12463
36973
7223
22072
7370
19969
51523
34773
9945
15278
43484
53532
39172
24997
20972
51542
2270
4556
58571
15677
17717
25943
29879
32975
38390
20374
52430
1860
14592
49740
34110
16745
21411
25583
40110
11151
13431
23603
58974
46593
13061
57015
27354
13915
17731
30443
23976
6906
36935
45491
24903
14191
2122
19717
54183
27933
2144
46702
29752
20676
29212
50075
14993
59236
2888
36290
9981
42611
41417
25000
52589
24005
51627
14556
671
63847
11562
3801
36615
59452
1010
48954
48759
8949
10304
46838
21586
8159
8010
22398
749
50895
9430
63075
53308
8982
11732
3572
61659
23811
49542
52565
7594
765
2252
20785
39368
5952
31766
62129
33724
50331
63884
53255
53915
29177
27774
24814
20046
41078
25154
12378
20957
56881
30027
26549
24019
57354
31972
15235
4709
907
58934
8985
55025
58618
4049
50612
57155
23369
28204
41781
12018
17870
27824
18911
64996
18542
7678
55039
60278
15653
28497
39455
44442
29342
53133
29508
25589
61472
8143
32579
51202
60333
37981
48317
4792
21674
17989
59609
11389
24241
43526
55307
62390
63573
55426
35185
29675
44859
3543
8586
26425
49648
54886
34465
22551
44642
57277
6228
46092
46103
44415
55131
23220
48856
13910
3823
17092
37979
7294
44293
28331
50057
37438
37357
50386
26897
62462
21687
58073
55610
32310
37104
613
33203
37651
50830
7132
55612
18117
16605
44319
4276
42529
58616
40415
61966
51220
37283
38372
12520
32587
45270
26308
57198
10630
57694
35603
35567
20562
53577
38351
24384
11941
39909
63714
9735
44305
49524
23833
46289
57766
49822
44296
54814
62752
156
57914
31891
63393
34535
8670
34411
52234
37406
64059
64539
48033
23340
20521
21441
50860
46061
13747
23690
18651
25236
39551
61211
64420
29561
53034
51632
26595
34244
16990
53905
43709
65407
44525
33756
14681
29605
53770
25278
3175
3684
18446
30392
18089
56101
37067
35659
52424
34839
40402
28255
2654
9967
61056
1603
38291
59553
24405
9081
20087
63249
25715
61399
52522
26306
2909
4306
26730
5614
33502
649
10673
36388
43874
38891
28812
64179
55479
44571
56308
10309
63876
20722
9927
21486
51890
649
37693
56675
43067
6383
58145
48280
28208
9451
10359
62146
11393
60649
20363
30484
35531
58014
28164
57601
11547
30714
58412
57179
17022
59236
14741
28873
1366
58397
19576
29670
56211
23380
56782
3431
29236
54676
44387
24741
28361
11313
42042
28246
46233
36588
52131
54261
46502
11271
11172
31278
48779
24479
42265
9873
36444
39712
26585
62892
19236
34801
35681
34580
31321
13206
48742
29586
9143
8924
21199
46832
36165
5954
41056
16994
48588
31666
9105
44888
56465
62583
61647
3173
54681
50245
59871
25673
1688
13042
64432
33194
63246
40506
58216
8401
21058
22089
24815
8761
37222
42210
41592
64092
25964
44807
35196
39658
60299
36794
43165
50908
53991
42851
47190
26937
39057
59341
19064
8677
35885
51769
36295
8868
53381
63531
26918
20959
56735
6939
63343
55581
13027
22644
57813
10005
57528
6620
38218
42121
49347
2059
46769
12355
6376
38434
41540
38755
56411
31454
48941
6607
34050
47566
15306
34426
7100
56328
58701
15068
41504
7199
23443
17139
62694
43492
24949
19753
46151
2623
53924
16393
59735
35811
54627
15932
63662
39546
45447
23256
41900
29541
3671
23104
59415
47648
58646
14268
58570
12062
16600
61441
40420
50907
1990
38905
54822
6061
16170
9269
14713
638
27126
49721
58218
9122
24166
64708
39803
29574
38817
33093
43852
9920
52737
31243
38159
61278
31955
31451
58876
27743
20549
20380
47026
55827
47719
43029
26503
16655
13360
62476
30776
23529
10541
15803
27289
40046
49349
56619
31007
28752
50789
56269
42622
64993
2062
61842
3060
11705
40225
16489
12424
12914
36027
33240
40250
25982
3426
11064
60502
391
4963
5369
19142
31422
55530
33568
18053
45883
54143
6865
14944
30146
3545
42656
24320
60776
55913
49146
6195
53223
38256
53660
30587
55475
48300
48093
36372
51128
33947
37025
55630
46253
5943
5860
21541
26122
10588
21018
21552
30496
9593
41312
41607
1694
43219
10157
57508
20167
41965
11179
28756
45352
37600
50722
522
60513
10611
28913
32887
10918
49783
8264
21354
28439
48604
27273
19862
11698
9411
18652
62794
7150
32572
16921
20815
57835
55106
47512
29562
53131
8347
33816
48487
24405
35145
26598
5744
51979
40633
8599
23113
28139
27798
49751
53047
59618
35604
54360
24274
56170
8282
57266
63664
24747
53745
9841
45924
2600
2155
29730
3731
47514
38826
64414
12817
16150
38234
1383
31510
9473
27326
64078
15787
6443
45984
26608
35423
11007
37167
873
54834
45320
53139
61530
4949
6632
3717
19903
44405
7119
2794
48896
54378
5275
43776
53824
49608
3775
32800
49721
32573
6839
55370
6833
18789
57099
32214
53564
46003
22072
8935
53901
10649
35418
44022
2013
33297
49820
13500
15639
2543
17992
55931
58119
50636
54448
23507
62294
56664
42771
35365
8555
19473
43428
49660
34142
43721
5226
52414
11369
8967
59962
37053
32024
9547
35550
32030
44656
4764
14086
4557
64167
47652
57359
27413
63651
24641
4823
42988
12593
36480
41019
58274
1988
22536
31938
60941
31782
32910
52799
15504
3091
64555
15647
29629
58367
59790
3735
43240
8105
1872
56237
19123
52999
44202
26637
44386
15808
62410
53756
5003
14651
26582
32498
25544
31408
33756
21335
1958
30073
31503
15622
25500
22713
43745
12932
18261
6286
18540
57587
62181
38722
49833
7987
28200
34233
40000
56939
2686
57134
58167
52039
50015
58396
28839
21877
40818
58174
59403
43698
34244
37794
58486
59358
34982
19078
61847
62309
5239
19027
33084
33084
47364
39718
63888
34230
6973
28138
39222
28083
49534
64136
29236
36207
52148
7386
23770
14518
16862
28803
27503
63083
57482
6649
21819
6869
55946
27607
36895
11746
61975
52279
10359
55426
23824
40491
30006
63669
40948
63683
12859
46020
57671
65420
8407
11889
25066
60514
35112
57677
54870
46039
44712
64415
24692
55437
60332
61230
35416
43693
58772
48789
62129
23216
27879
63708
50073
1852
15246
10076
23111
15180
45939
17827
35729
16173
24939
29614
15467
23828
57984
14019
49646
47672
11674
64584
52619
16746
51262
22498
13153
17887
9432
65390
29069
3414
55650
56747
20695
10761
450
63671
22332
56791
222
42488
32380
18724
30587
40314
40248
35876
44903
22839
32547
21917
5015
13567
49880
25082
52204
61565
24058
36778
47701
50813
61603
39196
8371
53178
58180
64838
55265
31237
57320
13878
25839
52991
26629
22383
5960
24561
1675
62911
22066
51301
13415
33973
55692
34953
35836
14846
5650
54813
54787
39572
19049
13120
26551
37013
568
37552
24598
45667
37721
64328
8417
22223
48136
17762
45552
58140
46210
34302
16540
51671
3427
34604
52632
9826
36104
29155
38418
34698
64652
27431
54345
34056
3282
12999
38138
36244
28686
6741
21406
38243
6192
33913
54514
58841
38187
25505
63662
50836
24876
17509
21027
27991
29852
41846
51209
14542
53849
14569
47387
44451
60550
382
9330
44979
17503
63190
42108
38187
1599
56844
4665
17254
38150
19367
24251
34078
37699
10118
4695
48027
44150
47601
53722
50000
17243
24243
13558
35118
4474
28789
58880
50942
36388
30447
12938
55912
18754
36099
34798
26305
53310
9128
45635
22333
4119
13485
31549
46209
63372
45192
1289
16182
21915
63972
45030
56345
45989
42662
46197
33337
54235
16677
50715
1946
15837
37141
19790
34323
8028
16352
29456
28008
40722
3304
31314
20320
49864
34527
30780
63577
49413
41643
10850
40154
45894
10297
15256
35427
56273
4606
2620
48994
33734
36286
29549
22640
26906
43192
30582
35142
25445
450
24536
61563
54877
39495
7632
25786
2839
13644
64475
3578
57899
14560
50269
36394
582
31206
42851
585
55042
28202
29024
65313
4702
41745
61440
55753
50473
55610
402
48756
35522
14839
41906
59108
21209
49145
39567
41902
55816
25204
59668
36297
19557
24395
15628
28355
29814
15333
22830
39168
65354
44119
52131
13519
45575
2199
15419
60016
28516
56783
16681
41003
39290
24034
381
33746
56551
56531
23981
24216
4444
11378
12856
33689
2780
34446
14448
28224
64547
15774
49160
57677
54828
32533
40423
43983
53705
28277
2579
45941
16847
57217
62685
15976
54218
35218
59112
35125
35933
21376
17259
56455
4668
50408
17812
50037
45185
61607
17839
61449
63478
28609
45307
12839
56541
1016
2429
23579
24299
17381
26762
53025
13633
59251
24157
8677
6641
27495
23103
729
33111
17342
11190
3607
32887
56497
60714
53545
27129
25939
29810
37605
43570
49119
63426
61104
36799
8130
18970
33327
64037
26291
27581
42961
62690
14647
16135
19334
27624
23945
31827
3237
53340
16589
35584
44538
19564
18040
31314
10333
47380
55279
57851
24301
26953
43859
20631
1334
8249
41016
2444
55572
41328
3149
56077
58022
41510
38782
1796
10374
6124
24442
34076
11578
1902
27864
21466
16148
9256
4306
704
40775
62465
459
34436
27495
18876
50406
48492
18832
43851
44646
44257
40986
28742
14408
48018
46168
57747
30448
40877
5000
11529
50917
45767
39704
8382
38256
56393
59017
27156
8651
30169
20894
42840
35792
58509
56366
8377
45901
6891
33425
51996
12238
63228
3052
18740
33922
21817
30571
53431
44407
47159
28800
62157
51644
50891
43602
8922
31077
51496
52506
56352
56829
12907
49856
41488
12013
55336
19449
26582
65046
50085
15111
45529
16694
32001
7154
22756
24519
40336
25225
1819
28373
33025
62706
60133
41697
56621
5979
64969
16785
14963
17311
52460
29212
16611
59881
12159
37299
50703
28089
30081
22058
16492
7562
33033
7599
44269
60887
5060
19765
35103
44443
55381
64307
25988
7377
58338
28222
33965
51532
39405
64195
63661
26779
65462
7506
34821
8186
34205
9523
55576
23766
36718
57325
26286
17743
10486
32496
7071
13783
45191
6012
41654
4431
44454
17947
8798
59437
983
52690
14266
52127
50934
32164
53562
7625
42950
54946
55377
26565
38099
28629
5285
17408
59217
23418
18716
56036
2707
30239
11131
39145
14234
62017
37247
64897
4111
55360
1166
31364
35595
65334
63669
9581
38393
287
4540
58421
35559
63259
63188
49382
5848
41505
44503
16127
30794
42880
56054
47308
64332
45568
35339
21887
35298
12889
61624
15432
23449
13556
4782
4861
42865
16978
2180
31163
42184
6987
20064
58759
36048
61547
14981
52513
60123
15345
36253
53969
52443
23948
16299
36535
55422
36516
13958
16205
61930
8423
65139
15492
16288
48610
5443
6748
32931
18357
24397
836
54184
41765
24705
14454
33150
31959
8503
1211
11747
17691
61200
29043
17250
64284
61419
29794
19045
56944
36788
8727
60840
22490
47693
60137
15998
61594
61959
22654
53427
35019
43154
46593
56413
29610
3023
46362
27367
17905
8808
33811
49434
30577
49650
17766
46124
37556
40997
41390
49512
19083
3748
4882
38055
2594
6388
55151
51525
54099
56089
49944
60195
5727
11722
59344
9083
61437
343
43665
22786
48112
58181
31548
29521
39219
56888
20735
5108
41068
1766
23675
25538
14555
62737
55535
45957
15505
45541
16062
15903
8743
59687
36006
30501
26156
978
42913
34132
52284
31494
11888
19346
33720
8696
52576
16104
61885
13221
53913
50442
55975
56882
577
14350
3445
58997
47801
16381
39681
48237
2009
33249
4496
1443
27793
16653
33715
62748
49627
8426
25913
56104
62124
25204
40426
41387
37307
15826
31814
8439
50604
9098
54913
29050
47786
13149
57474
1416
42791
23137
11256
63436
10288
46502
44743
53492
1228
20286
53484
38391
10759
1729
60193
9158
25602
39256
24526
35486
40257
4260
22917
18571
27050
20970
13179
6503
886
14076
59990
41968
18406
18920
4289
37082
64885
37863
45353
3007
2862
86
28648
21726
35431
36366
35403
54224
54770
51185
17134
57261
64271
52360
62031
53293
25818
20827
50983
61313
56536
51366
22189
44048
24648
28862
50881
5327
23474
31574
32253
60924
20237
43879
37560
44860
49360
25420
2928
15550
50458
6045
7514
17394
14764
33500
63651
29246
54106
36493
35160
43739
55998
61063
24066
17494
3660
43169
2621
30078
45699
13912
15434
19301
20414
10736
27513
9576
44816
11541
3487
12721
47933
16133
8067
55684
45829
21412
37798
5851
54070
32942
10245
41241
58124
500
14590
42379
7790
39311
56336
61536
37783
52166
64295
4066
49863
10365
41294
504
34498
947
4430
8390
24093
38218
33487
12276
45951
44260
26109
31170
40118
40817
59553
62947
39686
60462
37615
54753
50644
52039
56565
51291
44420
11381
2453
11238
35372
50333
58038
32087
47400
31084
11503
12904
17082
59802
17352
36298
39131
25584
11811
31607
57453
14829
38360
43034
17556
13219
45126
38833
15680
15273
58627
56491
42939
17199
60298
33849
11182
3627
17395
59614
16305
28404
33493
42645
47585
51907
39501
2196
37481
48095
36449
9625
13584
54604
11404
35866
56812
10422
22579
45354
62464
44896
59675
32699
17082
55775
27888
8918
4881
19317
17243
34573
47654
49518
6280
24458
65437
26606
14889
49265
38241
52942
23141
54723
22401
11573
7318
18571
15114
53060
10568
21401
29769
23944
15056
10342
36386
4081
13766
39471
4657
20
17725
50324
17596
23053
62554
43046
40062
12543
16996
45003
38474
4914
1040
26567
33596
16250
30934
34769
29547
21032
64981
34296
52020
14532
25787
29079
28869
45985
41194
2433
614
50455
54404
60210
24278
5894
41134
19138
29949
5403
8536
6018
25815
39802
1607
52148
6972
63391
11587
32347
50544
61036
46773
61295
51429
32481
20111
42745
24431
26071
17722
40996
22263
54115
59365
38482
11020
46756
44361
59695
24258
61984
55436
34759
21111
1225
33632
27641
62434
11404
2093
56804
24748
58832
54495
36802
12307
29540
62022
50063
5488
2482
14049
33788
1645
56155
50552
14736
50929
35163
4729
43492
62911
52717
29563
55651
44214
32828
40439
6757
58554
9399
39165
59865
41801
42045
38767
60650
23589
54781
30673
42623
52654
65016
55416
52656
513
8468
34741
32603
21224
49785
43518
47342
31520
25887
32765
55569
28978
53648
8662
24377
55006
42940
53872
16379
46052
49612
2168
11769
3426
33306
58040
45500
65124
46397
17492
366
17498
56195
43299
17753
13029
1811
34357
15234
45056
42186
44544
53374
24102
18006
44971
40091
17287
7867
21064
36574
56269
21720
49086
18036
34039
62296
14788
54905
16124
6071
32745
23460
15117
17539
33784
15915
25913
45620
44433
9526
26059
41149
47854
28868
43296
48705
40394
13020
58091
13524
62158
7002
1249
61171
54864
59932
38885
57214
359
42868
6103
7079
1688
16082
47171
51394
29457
32897
29342
31299
3489
37277
6464
44063
21240
56322
45791
11524
49785
47404
20240
39843
45424
61910
1448
38076
38743
61296
25864
52377
56261
719
55260
60677
52326
61471
5736
48613
3979
40094
14176
10455
33067
4620
49817
2444
22312
38693
36941
63742
42978
36386
28682
8142
63340
31426
63229
16952
64844
28255
45923
58813
39294
25776
37609
63786
58170
3978
11240
59133
42119
58445
279
26100
15952
15825
37567
64540
42009
25126
52510
34921
42062
33241
24540
28928
23239
14203
12797
14096
58278
25421
34055
63575
54715
33360
46959
33522
26163
40454
49569
18137
52955
40073
19699
57429
7537
15727
2767
45573
37701
13825
53475
46894
51858
5930
43898
61748
32486
22918
28208
45297
55575
62614
11973
18113
65447
22501
15943
14186
3888
48966
47865
52900
52566
57524
34890
61713
38786
19569
8566
24530
14291
45308
27234
55525
4674
16683
20198
44620
15615
55841
22172
59572
30398
38446
7665
53866
26523
14791
54010
11219
3432
64753
47237
56725
5045
39803
27244
8890
62328
58976
34518
45768
47511
38485
53520
29986
27428
31470
1662
56622
57581
32562
40021
62007
53650
4673
36235
46548
53612
15520
37309
13314
55735
26426
51305
59387
59725
33793
30776
15660
31445
33692
34317
9707
57702
48369
58586
29098
13633
1120
30342
45876
59137
25001
37117
7227
1672
28998
58724
40713
22632
24163
63223
23134
58316
50032
57953
56291
6873
59497
4848
4452
53521
55440
4747
11570
22033
30686
28852
23470
33087
29285
1706
25389
55425
20790
5539
34152
16838
26425
5699
63388
12155
54645
40761
47159
18683
1787
19026
40741
37374
29416
39892
12565
19327
6104
64045
33205
29399
31213
5098
19400
1588
59716
8577
4640
19993
17710
13704
35695
62012
55958
53921
14465
35943
49457
48777
31477
45130
23106
57925
54054
36062
48072
22607
18473
10348
53186
37297
3062
52377
17373
12005
38161
24368
6860
8691
49485
24799
9916
63226
38171
59556
43295
40644
60152
40604
32234
61255
14645
62884
1134
60879
55346
45264
12623
44438
30231
7423
37008
15627
152
14216
27407
53211
54382
3010
51658
43655
19213
61010
25985
3749
6319
58633
55233
44178
37235
31476
51197
51432
59206
30659
5495
57432
30788
34266
13865
21153
26037
37834
44658
4110
17690
57920
58888
54453
8016
3644
17273
6940
63718
51246
14978
60256
57001
57331
4941
9539
53784
53201
12602
33322
20765
9689
59180
32996
20349
29833
32859
36992
543
18077
25780
52825
6736
4785
42799
21398
19013
29114
45653
59092
25615
34474
55622
64439
39240
24984
10928
2707
43269
39309
7242
11276
28138
61221
13019
25098
25051
34360
31254
39628
40778
20506
11080
47508
35646
5366
28056
16837
49361
59076
17359
1242
15172
6460
16708
23015
25180
16671
19169
56010
31160
56463
38007
49048
2431
52140
58464
54892
31947
62120
31513
5972
5385
57929
34800
44780
14338
33707
48060
7466
41507
51070
41919
46305
3584
36639
23504
47653
56655
2981
16024
15199
60426
19013
63725
58912
36992
32196
46560
55777
8282
6797
45731
37305
4254
62582
43324
22438
40184
57653
8799
36979
57167
25396
2609
8451
40100
56682
13781
46423
24053
57144
61425
11971
48972
14531
30858
62303
58017
47587
41959
47351
60490
13180
29975
41576
14333
52679
148
14590
29584
37415
13788
18673
11519
11408
46590
8751
59214
54257
52360
575
28867
5250
42120
40196
62006
18829
2991
22735
1314
2860
38251
12945
18303
22424
54507
45368
33906
10078
45382
43038
2919
24428
55926
58140
57823
20977
17221
33566
32132
57811
54146
29327
40668
25626
59290
46895
44836
17801
35721
49648
39078
58344
21964
10183
19077
62449
44795
34316
48467
58503
62205
54411
37748
51706
59630
35103
9960
37232
33148
60389
32639
32044
7632
20540
19964
27607
3822
21939
44991
65348
27241
46543
4917
53879
59631
46482
2795
28101
23582
47608
20274
32483
7605
19828
52249
37918
60229
45584
36863
4522
49531
36668
24205
37170
43414
56938
28074
13784
42232
32715
3395
60601
64459
43925
52414
44939
37734
28041
38683
33500
33104
63560
17199
40893
35110
52619
30942
334
43648
4560
39227
10752
12491
52966
58994
41253
46533
4156
55729
20864
25532
29709
23485
17454
4833
47102
3145
10457
17931
55223
11681
21164
2962
29319
19325
28891
64582
29907
41578
59598
61717
20825
52292
20308
20878
36749
50547
52866
36100
38914
38623
28678
33168
32087
36731
22936
14425
16064
34474
18535
43866
5549
63903
31508
24999
1922
19555
55829
41288
21565
25458
47467
55648
52074
46016
56070
36848
21188
32126
55015
39180
52338
27167
18959
23811
44916
43039
49995
27917
40641
17926
26798
23363
47979
59058
3463
55162
7633
34304
2503
10423
13530
42434
11855
22239
27917
1893
48028
14938
23786
53601
1176
39396
3601
12754
47471
44617
15493
53337
1950
56667
55241
36876
58734
20972
55669
46331
27203
44526
46436
41563
30797
50464
37163
5937
42716
2035
48127
59023
22667
45623
56484
27697
27382
826
9526
48495
57085
54
7563
653
37162
43931
14918
807
4394
36041
50561
57715
56554
1709
36821
54086
52664
42813
16782
19668
54099
32791
55045
63795
51774
6176
47738
10347
44601
35568
2749
38396
43017
38233
60823
6387
28388
727
19138
46176
19995
16000
49933
17336
30558
42271
19927
12300
10369
58094
21925
49707
46460
27463
16032
17210
52857
30123
26543
2133
34356
34767
43567
36921
46865
65308
48004
61545
46030
64448
36742
63656
11320
45815
9164
65132
46477
33342
7212
26133
12582
7298
1050
17406
39415
10811
40835
5212
48165
33677
49179
17618
10683
6803
26613
17532
8025
16005
27302
58396
64993
60914
9993
11356
13981
61186
45417
27366
29801
19859
29155
53473
36776
23660
7483
48296
29743
39732
40783
48764
3519
58499
36719
57968
46192
46662
58851
56151
26876
17719
40005
7688
19419
61732
23515
61933
14784
19300
62011
20513
22636
55479
31442
49631
33844
4732
46576
196
59030
3460
41295
10849
40581
53971
4723
53388
3115
22497
61887
62810
60717
65502
1500
65487
31724
59846
53671
4687
52647
63362
40206
10702
7394
21231
57182
45156
28994
57752
51755
26764
11943
33860
4916
10127
6069
52797
12376
20152
44867
33709
24948
27353
9931
21863
1913
42243
9019
962
49218
24240
34343
38483
2338
6361
31375
53080
45662
1826
9562
31719
256
3706
38697
63861
50382
44802
22743
59518
43548
50250
44336
62798
34910
12049
19752
29727
25597
9612
26670
935
51141
50166
39914
33729
34958
34921
22773
31056
24878
29866
45571
31400
5718
10415
42903
33801
61011
5821
5436
24334
17751
24696
51704
52623
50578
59234
25274
2123
46559
2454
32130
34693
28863
35897
6203
53977
7793
19505
43486
7131
45021
16889
39360
22584
64366
57745
22296
3446
36255
19104
16036
15701
17835
64057
22065
38280
12452
59619
40835
57957
27992
62009
48152
55513
8748
43819
51837
8568
46704
50451
17199
10699
34025
24230
8188
61092
20513
39445
59028
20944
53656
28825
56779
22496
18096
53191
12247
8924
56537
31513
64304
30118
34933
15721
28993
36442
40676
10535
14589
19094
10045
46391
5373
13554
41156
43713
24564
51070
55915
49579
51166
18698
50762
37881
29699
62382
49472
39689
43903
1464
24797
11652
22653
35748
39585
39403
12667
55573
45691
42480
33057
23435
15614
7347
53708
45232
15038
39156
28865
118
31423
41685
27127
16268
62613
7394
17203
58789
6478
60973
24503
40649
9166
57090
60136
17780
40694
54165
14303
32124
62838
27164
22338
18119
47959
53021
46137
26765
57939
42066
4463
46917
61714
24235
36247
44230
11073
60124
47707
50992
58040
64054
14898
22551
14075
41153
18440
62530
40203
12837
36378
25799
14024
31036
6745
26031
36102
3428
8882
62567
13044
12924
14846
18808
5322
1780
60309
40839
4830
18013
27133
5634
9682
24477
21308
36879
58337
39428
991
29129
55029
62977
34644
8068
14087
35871
45949
26701
12313
63010
35500
50302
50497
38152
12579
53407
64638
32169
41404
54852
10633
20916
42088
13839
29723
26868
50838
12692
23185
3952
19865
42735
7788
62497
63197
36143
10130
64203
25679
45888
45828
10117
9067
43847
27606
62749
58602
23709
19105
8134
33217
9515
2402
37014
2478
5396
55221
57694
295
7135
50084
16562
16052
24580
20650
15914
59723
4638
15969
54366
21253
28033
16847
35514
53856
46192
38811
57335
27432
3720
55800
14965
60933
6420
22418
15692
47986
29459
3644
9581
11920
3316
16922
24972
28493
35764
29314
48070
9505
34238
10972
5239
64477
26349
51658
47968
44515
819
19652
44578
17549
59068
11337
2641
4356
14599
57807
55923
10344
26858
33674
46716
15915
42428
24726
49578
55611
26179
18674
49625
14824
27278
12916
28711
28675
31978
50464
47556
26390
27515
45725
23372
2754
58728
9916
16184
50453
24081
19133
37658
22476
17541
596
42204
47116
50249
12811
10706
56266
37735
21886
23678
32174
46826
47194
3449
5961
5540
668
42718
16406
37883
35549
9368
52225
36412
49661
14480
34457
12536
8674
29179
15796
19009
33350
50360
61884
23743
9308
36369
30544
17962
56489
35884
1111
48338
43633
4004
51322
28355
36717
20986
63034
45122
1785
61088
30498
28478
21968
11295
33956
20056
7624
52887
3853
37420
47965
921
977
8303
56632
46828
5056
29835
40916
8216
43678
62623
35621
52596
63022
6166
5669
445
12308
11933
12597
34098
22316
925
16754
29838
59889
47781
50175
48570
41329
18084
48523
5667
15258
65204
21881
44727
25983
36165
8565
62742
23993
27464
3050
15398
36941
40197
21898
13582
62058
29582
22011
15706
58912
23726
49350
46932
20190
45772
34881
25094
23458
13475
29642
9215
34255
54735
29272
45579
58816
40975
4539
48119
8310
30476
37111
47098
52603
2554
26128
18558
4807
58772
60626
48368
28200
55690
56043
55384
49462
32182
54684
54630
42137
19982
53984
23980
44203
10333
54072
8279
46935
30535
55299
31026
44490
1597
32228
49250
6699
43847
39873
15431
3443
24197
58340
2270
35858
41793
28237
18768
51439
62762
646
25105
36048
38446
60374
14401
41417
2259
4687
383
34466
6651
35751
61963
56004
64119
2978
13449
2965
45575
59809
19425
39241
948
51903
16101
59546
20594
46777
30479
33053
33649
14305
15240
53065
18602
46502
22303
61236
55687
22671
60388
24124
47424
4793
47238
40818
64869
45577
6315
16620
13503
9707
12153
31444
28973
7415
42327
10670
40974
54321
16563
20894
43082
26982
27846
3431
34893
25224
40092
37593
11462
7404
4614
54854
40218
11771
4411
37224
7769
38362
15753
12011
39529
60341
58800
31508
18449
85
10984
41862
57092
12683
42280
19968
5439
25735
49947
57215
61758
57898
45173
15786
42842
21118
55487
9944
32429
48208
38304
17416
60490
14412
51647
50866
64229
5091
58271
34821
1523
28600
32761
36588
18110
2022
55005
7191
64129
2459
59905
63586
59022
14007
6791
13444
24246
52267
5906
61442
24597
185
35429
49041
51725
18777
43675
10264
48490
49022
28754
52914
48153
11187
35186
24011
8570
35615
12519
42294
22752
60089
9078
30719
26756
28005
44256
14952
53010
35702
22819
26766
54577
44895
16672
48035
43245
16360
12478
34205
57596
9227
16584
8254
35490
13602
65262
31666
42235
60721
30113
20239
21075
57154
6799
7821
10793
31483
44236
60294
38552
39526
57026
4411
25325
25693
65112
13685
11024
10179
61517
1300
24433
57489
17749
4635
55895
8677
40216
3607
42907
64060
42127
3057
8375
41082
54018
14057
5641
33114
12510
62316
42184
53431
19381
16195
12042
3496
18438
7399
55723
16175
50628
10876
9825
12224
33128
9499
59459
57428
22059
10454
12248
9011
44756
55300
32670
34998
53000
62080
60953
37443
18713
37238
40919
52483
3661
27703
20445
17777
36204
15296
10972
28371
26175
49045
11759
6045
47541
21359
22370
21753
54838
27359
50150
54581
17703
7908
21757
57699
33934
25198
40098
12535
2370
58644
39928
15242
60199
6796
60589
54164
25605
32665
26247
31140
29420
38128
31386
34297
26073
27596
55
16495
36920
43228
45921
61305
45827
4388
3349
20624
63417
39057
12830
10765
45717
48944
48917
3517
58037
11444
32137
3485
34500
3875
45592
13565
8550
38183
13470
11576
57429
61529
51292
55378
27285
24575
33377
3591
40088
20344
4801
37905
36367
15467
51037
38223
17283
43273
46934
19937
54230
28073
49865
65146
31501
24019
2768
44123
8363
54259
57352
6576
52534
63206
27964
53477
61884
640
383
27144
62846
8445
24471
38488
38625
65341
59165
33029
42851
18104
20449
63354
10962
58223
58160
29155
54666
20676
12582
36763
35629
39110
21170
39155
30301
64393
13215
45872
32946
63509
31936
38186
42286
47963
64304
46205
61858
63759
30681
55250
41203
46018
14385
51446
31030
52936
62456
11294
28513
44959
51954
62842
64204
14520
54819
22883
58178
43164
39713
7226
14657
42709
38042
21442
57400
53130
21459
35759
54733
22167
24678
60828
8288
62873
37727
44452
20229
62858
40806
58314
39927
22310
41922
35732
58180
4977
24953
18145
29590
43859
12585
60960
65074
36742
27958
18738
42398
28608
56227
62517
52002
57095
60528
43379
1514
45577
59845
9127
49701
45143
27611
57635
6515
44533
47295
45262
33996
21368
63018
10083
43429
39054
63894
41857
37337
52678
61375
1334
43735
61464
9982
29434
18050
55151
19273
2794
47190
32534
56551
51307
15659
17022
1360
33424
16547
29111
39470
26848
29258
8188
63723
26917
29279
27086
24442
14104
29432
52660
2183
48442
9456
58840
41126
62191
55846
2250
28669
34642
17197
28894
57619
37415
37095
1629
23940
59066
43465
31505
21822
48079
9082
8204
6185
23807
12537
33428
50437
44466
35996
5577
52811
28056
8408
38059
45249
63049
24756
24391
33559
32568
13675
24448
33124
58122
33065
14933
43617
29915
31992
62406
54864
25966
9362
13654
46706
13156
44571
57669
19726
7284
50330
40032
20624
9183
7284
35296
42501
23182
47302
26283
46889
23838
14190
53915
356
48269
10440
23479
40898
57103
55689
32337
63142
54120
50111
56701
53302
46471
31791
31951
8281
488
7764
12015
42445
34465
25588
55707
40515
20310
40504
64522
13362
8977
45884
19063
35501
43907
25698
31414
24269
14151
30962
4524
58785
17444
12774
64563
153
11566
60835
26391
14139
50528
15291
50985
2314
45221
49353
10622
61054
36424
59336
10234
28924
40175
8984
9343
15310
35276
31923
33095
61899
25659
21023
13366
52577
35233
674
30371
50166
37775
16920
17492
47972
47068
18984
26641
23450
42446
58184
28153
47304
9728
62567
48704
57316
10578
19334
16956
41007
19082
26874
63075
60742
28796
62083
60284
9181
40299
16616
6741
11717
11354
55324
42913
29931
9017
2001
23977
15416
65209
22938
3411
22703
46159
46166
23878
62316
55268
6255
53830
55459
50544
26267
53871
5518
62226
27082
25769
12330
60070
22138
3133
35051
10487
26116
44936
52669
53074
63666
1198
17750
31574
16303
1487
37600
8629
45140
56186
62057
50993
35642
45866
15154
34851
29466
20500
2803
46433
9629
14773
16482
16521
49279
34864
29751
20473
7625
11039
31197
41995
15234
13569
16571
58331
13113
16100
64566
5346
7878
6155
37240
9265
24170
47202
41696
36918
49047
51206
20371
26625
37954
23201
57836
57941
39424
64565
42644
22137
34682
26977
28815
9970
52473
64971
58584
35184
44036
27499
25278
39958
15548
61887
38312
53141
32464
46403
33901
21896
2466
50381
63958
39336
48806
36864
53164
14491
19226
49887
57016
60508
55716
29790
19467
46831
29214
36886
45421
48890
31915
59898
51067
57502
36049
9583
47746
12065
51820
55962
19210
25546
37156
45866
48326
8097
59651
30652
62164
29653
32599
50517
25932
17094
29497
56659
57128
43751
24609
22019
34316
59499
40530
36750
7687
59926
18424
26480
42314
36051
29161
6258
25063
35603
35003
47234
48395
11453
6851
15824
18424
12663
15205
2086
62403
60726
61230
33616
5293
22700
16683
58934
58123
46652
23883
14712
41712
63728
3957
7669
19976
59944
29032
19091
23499
58171
43945
34277
42032
23991
12112
3384
43256
2405
18109
13277
57066
11766
24439
14715
54381
18503
53919
15971
38712
28661
31082
44173
39507
61429
20838
1262
4257
26657
22624
35011
14208
23899
61897
12485
9669
22134
40456
55982
62064
36561
3072
7130
46112
9857
60064
42053
20400
34522
14037
65082
41903
55019
20869
27693
12973
41581
24656
19760
21984
38654
5430
2397
35932
51732
17757
35647
13119
41695
26566
32725
39401
6909
626
10158
5524
16609
54363
51288
47276
61135
63751
8020
43571
47076
15499
59864
10496
29574
34345
11602
59718
34567
44861
5687
9944
49620
48970
25468
9328
7544
36688
10858
36479
52641
59804
63744
3230
61510
445
4019
11256
22658
51899
26932
50790
7672
11875
59266
47980
50717
40068
28335
60962
43013
9364
35006
5793
12764
40935
21079
16858
23057
55775
54461
62374
33244
30029
34708
36536
6708
6401
28085
14356
3536
26866
18719
43708
64464
26494
54586
26548
36811
35980
26645
39318
59440
1095
42732
42147
28922
30168
28588
8823
40689
31714
37835
37870
28539
36428
33310
63700
51547
17859
31874
60467
10175
3195
32336
4008
14599
33600
37562
37382
15098
36656
15837
32132
15215
32828
51580
58075
60011
2204
1836
18114
23255
23318
43557
10047
49444
15443
41774
61367
49010
27529
37777
49081
33906
8655
62768
52399
53551
24452
50635
39901
33523
23241
55383
46747
13024
25618
7169
35220
40009
63823
20419
2375
23965
55841
29023
41942
9469
45904
27821
27362
45262
47076
47286
28560
62032
46005
8956
52474
40388
12142
62555
55960
46545
885
17942
29586
41866
53700
28667
21770
10597
49884
50391
37485
23499
8771
46975
30003
20828
31639
49953
13108
41907
26883
24477
11510
3322
9271
41655
45584
24495
17222
55425
39769
31099
1405
6101
41274
28259
61912
10266
60028
35340
53485
60410
13434
14709
28414
51464
26132
59955
35122
54809
3662
20286
47690
63897
24880
30243
33883
32565
32401
65112
38380
17327
41767
58670
8946
14959
32833
14019
23818
22997
38291
21055
578
13187
65096
34858
5069
32705
25317
20742
37697
52815
30585
47849
37970
61494
57229
50084
18899
7093
12813
48433
15064
36351
40002
21505
57924
48600
39228
60077
39236
3069
43672
42135
53793
17539
63700
64432
56349
16698
31229
3706
42832
50095
25451
13926
51507
14038
1809
45525
51429
23810
24214
24938
8784
47169
14149
13364
46147
58971
4149
56059
31551
37158
56519
24820
1171
27272
46303
29702
57679
42874
15559
40448
14750
32117
18545
58973
18672
46333
53000
37590
19897
64575
62508
28575
62470
24856
10023
27786
49197
59223
42753
33137
34495
37941
24815
36578
8451
29321
37347
52653
52149
8730
7763
64259
41085
31681
32445
15515
18553
37155
12046
38698
51360
5854
37694
15320
44473
57130
113
1382
33408
13230
47600
1987
21836
54257
11382
11056
2969
3570
24116
33192
49000
53324
22579
34223
57394
33731
1951
50424
38765
51650
64051
25395
2610
40896
62801
5326
27704
25873
31406
8939
20875
50138
25681
55010
14309
4013
55831
4228
47110
53320
20109
29052
18788
35182
13114
31153
3094
57068
40486
4753
19101
32409
16269
30446
10609
40408
23752
59984
34625
20229
52603
65394
40270
55944
7063
5503
27033
8503
64062
23615
41918
12034
13420
4734
36209
52420
47800
54618
8078
42331
7987
24887
503
30568
40465
42929
26966
34290
45383
30361
37499
65401
11734
7783
36228
41360
15922
9866
49475
36807
19008
42296
56078
44394
56897
15153
39659
48811
52802
50620
48387
17662
18810
27840
47075
3133
11647
1820
9253
59294
60726
56497
16363
14286
29344
61798
28637
8278
42846
43784
15455
26803
8753
21580
15165
22126
7338
3589
25160
39260
50296
15325
12843
34069
56362
43104
9668
7072
58278
64257
188
14726
9112
36258
44236
22946
37674
27008
24577
56597
4853
31001
24792
16873
46879
12774
37898
56435
32926
7216
775
54414
25788
13765
8892
37
9973
2272
10550
43944
39434
17985
37614
60304
52170
8831
52543
13231
34592
53185
25389
13698
51449
10809
9925
37247
41622
37499
48612
9986
42366
47852
44140
62791
54703
56436
43448
47467
14519
25741
52375
19659
4676
24771
50284
3409
7163
19950
54599
24199
20734
57624
37751
22435
47008
35878
35794
48132
4608
15229
40539
38254
57189
15548
5715
39994
22026
56079
47377
15236
52002
25433
16973
2456
1451
60787
35437
8993
49418
35912
47071
19789
57572
8538
697
34376
57954
16143
24997
4176
2770
14649
11941
39241
2552
65283
46293
63819
55716
303
40739
23044
26266
37334
18786
45626
40825
55475
43737
25050
38385
2547
30452
59973
55805
12972
33632
61531
57367
56832
48659
40002
48951
8747
1751
17754
44101
28943
19894
3167
131
15317
42588
25270
1138
21053
63469
16414
47705
28834
49854
39187
57489
20346
31118
62251
1427
40196
40955
43112
18803
28498
929
32528
62057
10135
4019
8439
51294
3515
17928
62533
16989
885
48135
2949
16652
18029
31381
40342
62051
21071
14815
63608
60104
44525
59712
60302
27360
13293
11002
6376
15950
11117
9597
39473
4608
58570
45573
14982
53712
27866
13552
772
18357
41037
17979
19330
5597
8657
42716
15079
63733
26620
13018
39803
5700
30011
17095
60157
19748
38090
39301
9210
27443
65286
31398
48646
30045
25157
38628
43072
49203
37734
52909
57659
47923
33967
16138
56322
53568
35254
49965
37019
7353
10187
30541
13364
41622
20072
35990
28326
48638
46772
58630
39421
62691
41285
37302
16449
16301
40745
14392
60684
61667
4965
29255
8162
25196
53307
64785
48055
64774
32609
16549
5824
19935
52004
25961
31539
42881
19743
51216
47011
48203
16195
55851
4264
52864
47784
11694
62012
54465
39642
45183
38465
32566
20316
34449
52327
30473
21129
20487
51693
30115
3441
34473
32117
6180
9331
440
59727
38053
31128
44386
15900
56469
51294
52789
36621
58789
2428
52406
57096
40556
63811
5007
531
40582
59556
25821
1218
1467
34061
6308
53671
30711
18839
29011
17640
40579
38012
21515
57630
19435
12134
22503
39266
11648
17892
38734
61383
39709
20597
608
35447
14617
24751
45672
42291
41390
13350
38975
43251
6610
12866
34406
46248
41530
46682
55726
52263
55390
35925
30350
63740
52315
19984
21722
50536
63365
19388
61324
38974
18120
22344
19077
4040
64779
43300
27282
41128
15649
2509
64086
52142
7599
52631
50702
32955
2237
382
50045
9682
9389
34800
47346
19346
55409
58650
39665
61653
39827
27030
45468
57959
40609
55638
11360
34061
11131
51805
54246
9186
63025
13063
10707
41415
4270
24584
8342
22103
37896
29509
65113
59799
58589
7549
5363
25804
48233
1253
62717
50411
58172
29278
6023
39594
30859
7539
34034
52967
60093
39427
16252
3941
31825
63314
35719
61944
9762
12706
19258
26233
27339
63587
56637
24064
60810
40014
22941
25624
60051
52600
52207
37858
29224
56772
13116
48567
2549
18356
4555
4334
12746
15966
28979
59229
19215
57564
29668
63592
29030
7096
25976
1802
43122
20781
20007
52782
19179
7836
23224
34328
57691
49079
33844
59333
21592
48201
2988
38623
53470
24585
56234
15646
11978
123
2279
64502
8873
6281
63628
42027
56550
13545
40646
18873
9508
61440
35603
65338
61070
45298
55428
12495
13539
26514
48752
2059
57578
19901
47265
24710
61990
15532
40161
26731
7324
34829
28785
35768
26898
17176
1967
11881
38422
26933
55525
53536
18427
47365
3052
1911
48291
15021
64750
3196
12621
58387
1136
32501
58656
35752
9150
51988
11801
20720
21373
51161
34013
43842
52293
64276
21579
41381
21521
27958
62022
12120
26876
32682
32760
21678
27886
31600
60769
2336
65439
6267
7457
49881
1213
10387
40303
38683
65373
53948
32321
47230
56107
6430
31206
27916
32019
2370
60369
21045
27088
9669
14937
220
26900
30690
10106
3103
36513
62190
42410
40258
56304
1936
44114
18315
60948
25106
49210
47692
29471
43319
53224
5286
32757
47908
18774
23274
32176
42606
16849
22425
57515
6101
36710
51970
55358
4005
14504
189
57013
2128
53567
14225
848
28224
16990
54992
6502
56323
57398
3563
32562
21791
43520
53405
5705
30268
13403
55686
59548
17679
3922
15268
48229
55934
42616
44974
57270
22483
57240
13192
58251
55109
52774
40742
41862
32180
30094
58365
6757
27293
63373
56819
59731
36423
1413
25579
45680
23576
39463
6029
64141
31567
50452
63262
36463
39867
5564
18656
30536
39961
61273
63649
5842
57296
50971
45755
50254
25408
25827
53696
36463
29267
60125
11173
9943
19178
10173
18767
51032
50963
37161
45728
47577
36396
28768
17474
20329
46275
8938
34073
36647
38406
29693
7333
48898
54863
37145
27527
29083
63979
63089
51390
22308
63935
2107
63397
37963
56085
7988
59864
32994
61397
35336
44463
8151
25965
15935
57501
48636
65227
4152
59010
63029
29875
24855
30243
36089
62878
32252
3290
64125
19602
51332
23292
45318
4627
23815
19457
45623
11818
30004
52337
41714
32384
14491
8449
52054
34452
14108
38526
57719
56104
2687
64730
36885
55948
24957
15766
49903
56522
44301
43718
9610
33399
37866
32382
57752
43332
34093
9297
47478
20682
6796
31630
1699
53768
58751
17004
21881
59035
45617
30832
36072
20909
43275
42497
38829
20687
49781
189
16784
63476
22532
35082
34335
56379
17476
59177
28563
12614
21729
11627
15482
2421
50202
28009
27775
35521
10602
29369
33727
28510
45805
11987
48452
29836
55378
30138
29772
43615
25487
2963
28557
41772
47093
14777
44925
22279
34667
30539
23695
59961
6041
36704
49167
39052
9641
9620
37099
26498
42293
59828
37066
13875
31073
23821
60970
60141
44974
10125
12005
2192
58465
29250
58127
15151
65443
26215
62203
35043
42342
43888
36054
48363
36030
55043
45506
48111
53448
65462
62412
35501
21069
50786
39619
48560
14528
13984
50230
51371
8668
27561
38751
46945
44999
16494
57285
37834
18284
32418
32050
52994
6854
54778
40467
56090
43196
13398
11636
53379
3490
52348
35847
44175
23964
5788
965
30655
61562
22826
6878
42164
51775
10487
5638
16229
245
33414
33669
61541
31473
23511
54530
50498
50754
23950
58479
45932
49503
43099
18396
34045
25228
27498
49742
17951
49120
13663
58745
36631
11630
51534
25256
46977
13900
26751
10381
65388
31500
20482
49809
15107
38962
60667
32720
39760
58524
61123
13804
45553
53777
35952
23648
34549
62415
57077
348
27938
22894
6431
35326
11
57456
24040
23379
34032
37868
25969
28064
20705
18462
58920
23533
10014
63514
28960
44203
30144
60707
53516
32533
14518
62728
2866
38118
57573
45363
24324
50628
50716
61947
30519
65000
5723
16581
12746
25989
65526
51307
40999
33726
44454
41564
47300
42554
3831
52592
58659
28448
4322
48144
33359
42343
16421
27619
23190
44484
34769
53379
35058
12035
3221
22120
21740
7590
24799
3371
27483
26639
61698
46336
57978
35465
64454
36639
395
41800
20255
37735
2122
639
2836
37203
43468
5809
773
660
24511
56378
47023
5482
49621
27905
62792
38189
28859
14402
64098
51187
21868
18002
14516
49270
5988
58393
12241
28075
33937
22286
10162
48121
48167
55764
13465
36878
46365
61242
42313
55556
32209
53357
48549
39950
54040
24236
62432
39119
64569
2199
23456
43765
56457
40003
3631
35337
36924
43262
24606
44516
33538
41953
58610
17443
44829
53655
35116
54267
56337
851
31679
55439
42256
48447
39074
14176
20854
37554
30444
24307
53033
43290
3957
50388
10896
14892
14251
43924
2136
4921
23228
48348
10510
48851
37437
15765
17285
30315
28861
11865
45296
16006
52698
47906
6230
29203
1411
31390
43004
21700
50771
37558
14233
28148
44945
40697
10622
37406
53948
62215
41710
52762
63902
64727
29639
17362
54998
28828
33130
4794
50072
36609
32558
44100
31066
15092
35715
48434
5246
47140
60179
58925
56296
27306
15617
26814
60855
64134
50729
15750
29092
51529
47808
10850
3210
3474
52339
10488
24372
30466
17597
1294
14043
7770
2827
59184
46807
39379
61713
14414
52698
60199
37469
53451
64936
31131
14027
2795
55515
62072
3057
16771
13041
4655
44914
34505
60512
2187
8000
44715
48658
42640
38203
14919
46435
27313
9502
3893
9460
24282
18323
24250
4515
21133
49580
59833
64125
53116
63485
51615
31560
8310
151
45481
12077
46602
41549
3426
41375
18072
53931
4811
16794
61474
44607
17114
29066
45319
19072
20629
61322
39040
8799
21751
15383
31989
30779
8929
39331
44109
59293
33386
53273
42857
39705
40157
65140
24735
37298
4723
45561
30971
41728
56361
22565
35325
10430
13674
25497
49374
27519
41842
7158
36128
23167
61050
46318
30979
56360
26803
5158
37217
23396
38409
53553
46561
2128
44179
24625
55333
1744
23993
35341
34139
8601
60378
53030
59775
18445
31931
2374
63759
52793
44439
15849
28893
23662
22478
25881
46092
45389
57819
10084
51858
3815
50575
37441
24141
858
47730
36170
28848
61069
36196
23293
28429
4526
60532
59765
40327
18825
26720
48259
44191
36948
25413
61209
25553
3714
58549
12530
49689
30588
33029
19502
4894
35972
65300
25696
44019
4739
24584
34110
19145
42318
61122
26421
45923
64108
47290
1747
2054
7169
12396
50967
57059
64453
23068
26843
62115
16966
53940
31033
3089
6239
14021
23621
24906
54577
50551
40726
39448
24511
35931
65182
4527
53704
53701
37600
18843
56278
22124
13326
59634
266
4708
59839
51112
60507
13331
5012
53641
11827
15447
52694
7932
3647
65338
56293
11108
10132
33483
12895
50252
33430
16185
26017
29154
10637
2775
2740
53783
55092
19612
21313
54249
6559
50892
44054
6377
15744
13480
45457
6123
34786
40037
52858
35952
42267
15769
65000
21925
34961
32445
41537
45748
53564
39807
16986
3912
34428
19331
63360
52631
28975
13278
53798
23033
49468
25200
45900
36207
4251
45971
59586
60220
55269
9610
29002
13946
13281
17699
62389
11260
4082
12568
23354
41061
49336
32544
53067
57281
46979
10750
60421
64010
29171
29011
56863
33092
27508
18852
50274
46365
22145
22757
35689
65117
2422
44810
60595
43160
41371
26310
8173
47701
65228
6884
28438
31777
14288
50713
64373
33374
21155
14465
7950
53690
43315
38414
36375
54438
53454
13642
27660
36827
45114
56065
55299
13604
43428
16741
56092
24478
9691
53552
55466
32901
39028
41593
61254
49739
16902
30286
57574
56283
23307
56240
60582
30309
36352
27089
25675
11961
14093
41335
59375
44213
58610
12840
20785
22450
15121
64707
9667
55591
21066
1391
43756
56430
34111
63152
22674
62707
49582
30149
56452
11436
35224
16070
51276
21495
23695
31323
8889
64773
11741
15464
26849
63258
20333
64394
9731
25037
53593
27913
64486
11051
53999
55904
26616
40646
24667
49127
19543
64196
35240
37731
59350
54300
256
27462
44689
26638
18892
8034
17301
16656
60628
57038
37824
1198
10277
18674
8244
58419
32772
49974
37174
20555
55350
30425
3793
26489
64243
26627
52931
58501
16223
11930
37927
24391
14688
57993
8721
62370
22003
29835
54917
20857
23067
61244
25511
26699
1145
3320
2441
22368
52060
40767
32155
53245
20116
17509
39919
32805
46857
29501
3705
23472
60008
53403
4277
13271
63379
28097
45898
13687
39600
29921
164
59109
4776
21880
38178
49360
47831
5853
44642
49009
57285
39454
32858
56968
3041
52628
41802
36411
5009
55343
60912
22418
57584
37892
57409
46821
8950
2428
3577
9194
46945
12822
37473
17006
496
44918
38394
16124
20126
55763
11957
19117
29415
17079
57212
30513
23341
9446
13851
48488
50308
53728
63376
53549
32976
39192
5494
50446
42312
14659
11969
19141
60639
54859
38358
19676
12314
13435
34311
26783
17925
43219
14943
48596
19633
40432
40552
49809
51200
44209
38407
60835
61361
55581
51746
32686
49351
40468
55123
50494
40771
13855
57246
61978
30275
20794
23695
35193
57628
29558
19978
42600
60453
18970
20279
20983
64594
55713
8256
43034
347
30755
53651
56681
36126
1796
51055
14850
52078
26379
62942
21403
31785
16896
32072
40690
58945
32321
7916
13203
19303
31748
46448
20624
57405
1927
46380
3712
60824
52808
65066
4394
2436
56628
49502
64887
37908
64353
26542
8836
61080
53363
27663
32007
34442
20672
17579
13702
2100
15325
2908
62896
13970
49272
61849
41389
13259
65147
62663
2488
32977
64454
28814
33453
38816
19758
20475
32518
21698
23218
51928
55042
26026
16678
11972
48004
46934
39594
50522
52445
24869
55238
20343
49231
43165
59689
2723
62969
1552
30723
21083
50836
53009
31479
5927
33767
12451
4180
10474
7571
62487
41794
10850
2496
12077
43040
22388
34059
27507
60742
33244
55561
4986
50068
7098
18968
20833
15180
45121
28054
26213
41229
10501
48527
2713
42655
62330
38427
13517
10580
17395
2855
47626
193
13597
8522
25019
13971
24855
3472
44821
41273
37196
43008
28926
62545
31575
30892
3704
952
24590
5984
4741
39302
15891
27557
23545
1329
46085
7785
30725
34404
63045
20916
13597
57989
23416
6197
50043
64690
11594
10128
18671
62061
62390
5506
51131
38930
61384
40498
25644
46910
62437
14628
63158
9815
19772
39771
63053
29805
24259
5209
17056
22521
52864
37699
28022
44957
56960
13394
31351
46459
33654
27057
50667
61131
4232
5932
3244
45865
16224
48838
7136
61860
26659
3417
24971
35216
24461
44449
1048
28054
4528
1955
21691
39726
57263
61322
52788
11407
37451
23675
44564
14571
34264
4169
6517
3189
8077
10760
22580
49693
35578
15593
51766
63864
1287
7667
63146
3795
31311
47117
25261
57497
57006
50241
45811
11266
46830
31812
9957
52553
61983
36524
25111
46868
20091
22869
14858
60294
17345
4593
39318
50142
34351
15862
64819
27426
49874
64344
21727
20521
58401
14834
33854
22354
13088
51207
12552
51531
1300
36799
40661
28280
3434
51553
60414
61314
42480
3620
62981
17314
51726
13372
18363
2765
2242
50238
64708
34758
7470
16365
47046
3268
48805
39908
42272
55115
47094
7324
40176
60954
17243
1755
32123
21468
22210
51539
52595
26747
9330
9051
43169
3675
61355
12155
4428
47582
21119
5766
35507
21572
54253
8141
972
33994
13161
12978
5450
55910
38451
51409
6081
779
9911
1034
7071
52058
44082
33551
48679
18534
13301
16074
39099
37835
20026
37975
5563
45520
1524
28001
32469
36764
48666
2346
5459
55228
53272
56596
17492
32643
10051
49602
16649
41079
62845
51712
32920
45578
47522
63535
54183
56097
64290
15315
12471
47363
24148
57350
44979
21921
61721
645
58723
48307
39606
46763
19531
15375
58563
47883
7075
733
12797
9040
65255
62046
64047
16142
40948
20028
56071
46432
59485
25800
6969
26253
36655
28463
59372
56387
2512
53160
55087
60906
47944
45565
48147
30299
29107
1697
28199
52310
44132
16169
46208
57932
12803
29893
26538
46725
52180
4948
58437
7768
17822
51554
9267
42908
54113
65063
55086
41742
6376
8893
18911
65334
28713
50673
41563
42237
53146
8212
51969
28096
43802
25755
15922
10983
30210
51842
53692
56845
56524
59081
52484
10773
43812
55758
34776
42489
43368
8879
16874
51445
26741
30647
16762
36708
43608
50639
8148
26992
1213
14446
36284
22811
35950
11133
54508
914
24995
18404
54251
48177
23078
20037
12879
9897
24939
45104
29012
62244
34649
58913
53501
44003
391
7776
6884
6904
44664
28004
38469
52568
56311
8681
36679
6596
13114
6976
11936
5323
41188
49881
30414
62538
21900
57394
4770
15927
45573
14171
53406
53585
44177
55897
3546
43997
41825
48171
27973
13708
45828
8807
41454
18342
50498
32053
47520
50741
25457
12889
21078
44485
47594
1967
43507
33038
50687
60033
269
33090
51387
41089
39329
31228
193
64035
16494
33492
60684
14317
55143
10745
49822
33248
34940
7105
56636
20626
10215
43454
41411
8748
25830
58002
20737
15823
11493
56243
51547
44325
47331
60799
25084
15136
55805
25785
39267
13810
5800
31042
46279
8275
64049
63723
21432
13743
51697
11490
11033
47275
39032
33660
33196
55656
51268
4239
19515
36708
36378
7990
28330
61194
56852
14048
2507
30442
7815
44235
9209
11561
27720
808
39857
2583
59770
44730
42404
40623
26424
40680
35219
61975
10590
24947
890
48097
19142
46529
7862
65216
7141
36879
29356
61403
16160
63095
13400
14695
40000
44098
12296
44725
60180
60678
61186
13946
22427
2320
12855
197
23038
58477
32620
8144
12392
47675
8965
16870
57677
46627
57104
23484
53214
43522
28362
44516
64171
17210
11413
62276
43910
35805
18754
11928
17194
47558
62115
37894
63429
48768
39363
29336
17033
31055
29899
13927
2491
29048
36652
11736
3936
39308
48433
45902
39249
49438
61378
35748
17827
46577
12314
12878
26926
6065
32005
37614
34834
58735
58013
1946
63617
14136
48132
24543
37832
63911
40060
40251
20645
4230
17553
35509
8788
47125
62748
4177
50827
15987
55997
24588
4390
42950
47557
19811
25761
1696
50772
54727
11084
12585
16164
35614
4911
51324
24228
15540
35919
1027
44473
12528
24673
38129
53588
10639
40183
37927
11684
22590
28276
60938
60358
32815
51550
62268
24768
3715
14415
46072
60583
11806
28229
22225
1076
22422
7210
40851
50327
52839
62459
6819
20208
30831
48558
36452
24345
10891
23173
35865
14470
8710
34384
31601
56527
48603
47758
48842
11570
6386
48797
24778
6324
40113
10127
202
53885
32177
51326
36873
42570
28861
54912
37652
4127
32622
28283
29115
29022
18927
40972
55786
10550
20904
29158
62792
8158
40080
4251
28938
10773
17878
55713
64978
45921
60032
48525
55305
2794
28624
43061
41719
3044
43750
24683
15440
1444
5539
41133
55883
61127
54778
18656
60284
49563
8537
41096
20446
65161
26551
52788
36498
56953
2331
27918
30782
38727
48408
32073
24152
64578
21789
35737
14756
43252
28519
10774
35003
16833
46017
36244
64349
64642
63092
57351
7642
47856
15458
20229
22685
1620
27346
60613
49262
64902
25929
20631
59096
9681
28484
30205
19824
12111
61473
40506
35905
29167
3711
53679
61059
48354
8409
11081
61256
51350
56477
40342
29195
60949
44835
14539
28024
17089
10073
49161
45983
26698
41664
42731
57534
52035
54345
19552
54974
7718
63842
3684
52047
24505
39693
11772
1304
27445
43178
41903
15184
2539
35854
10963
865
55994
3443
56645
34689
15325
26168
32459
65446
37113
63242
62499
10717
14682
52258
51369
47482
48432
42417
32626
44875
30353
5050
45053
56501
14321
15867
10903
36680
49881
43006
44236
14576
5308
63775
62649
65481
1943
21711
17188
57589
52784
55736
58809
28293
48217
55169
7551
25537
21601
43601
16889
32556
51444
10461
64195
31949
29219
19485
33730
48700
1534
59778
2176
19858
40214
20770
56821
3535
44670
39754
14079
64983
63680
25366
60771
6136
56576
3245
11157
18751
50190
49457
25679
14964
40906
47839
57424
17340
42101
31155
30633
3281
26905
4669
12030
48762
11730
16495
47926
15008
39524
40536
13606
1148
17382
32691
40510
41312
31559
14480
52369
57861
24893
46682
9091
1508
9313
1922
11000
50977
62055
5630
869
22131
20614
56909
46550
5647
16492
23175
12952
9277
32520
23513
30775
6728
16660
55138
14527
18790
20323
373
23493
16165
30141
29456
14493
34717
38362
45156
51139
35023
40237
1458
12132
9367
57360
59445
30333
40292
35740
61455
37530
7111
61053
38420
43759
41631
2928
12352
24164
50881
32889
25515
37154
25326
64368
14251
20991
42318
63521
51981
1687
44018
16914
32338
42162
30476
22502
56877
1177
13596
55409
59194
49207
54575
15799
30907
52815
56711
25182
23207
28251
30865
5673
57535
20212
24125
43975
55155
62890
6783
29426
36613
59065
13910
50326
17485
36303
773
65008
63358
38865
3063
15605
49547
37914
12252
27813
18537
59218
13623
64835
7878
49256
39410
9803
42542
30793
26127
17713
1886
11901
4940
28014
10955
3511
61982
61313
3356
34613
26728
28818
30737
36179
34899
62027
42444
43997
16354
62514
50504
42574
26919
6174
11936
58857
37242
35004
4572
20978
45575
14179
18244
26601
40568
36022
14482
52289
28259
34891
41831
23911
44127
47542
30410
31500
12383
8921
4936
37826
4128
42192
23668
7379
28322
47650
26556
24374
55990
21230
45936
15843
53290
60714
5679
33259
46556
28250
32745
17646
62369
63034
26624
56630
4187
6030
53443
58101
9665
33489
43722
40832
16163
50422
18318
5144
20166
47710
57991
8171
10418
35165
46374
41998
12728
58710
20401
24706
11111
58484
49027
53272
44919
30290
4419
47435
29783
51543
63715
55715
43599
21852
63714
3807
7547
53936
17381
22679
5878
5252
2148
28834
2517
30888
26567
7263
23956
40558
29632
61514
30426
10355
63022
45479
39362
44664
44645
3593
63610
63539
3938
52099
23684
27404
47221
29357
7278
54956
14901
37001
54486
8866
60439
65029
37387
3891
36845
60749
58609
17921
52133
22455
17192
7092
33277
1319
29395
63396
29191
62959
12408
13640
7287
29358
36912
16973
1081
27486
30066
1623
37459
58538
11025
991
16190
45431
12942
15529
49249
34049
2359
25535
3769
43073
4900
3263
41371
60595
25269
3170
3392
27231
65342
10879
48701
50225
49072
60621
61638
48470
9235
56718
59600
1674
983
7380
1816
39955
51997
41708
11550
8090
58049
6432
48514
24748
59028
53601
55333
43777
47624
21229
50930
63523
5609
49464
13878
20352
42029
3627
41174
8072
45216
45273
19787
54753
38135
25048
8781
63310
56210
50347
2424
22699
15900
61519
11821
28915
28130
46893
17271
41374
64418
60705
17697
60565
30097
41946
47276
6814
24905
6227
64169
64155
63804
13686
16035
23968
17895
13989
13231
8232
44477
58859
1118
51042
56445
55541
63375
62646
63058
46210
62096
35902
46907
38639
5375
16450
27259
62522
62171
53265
15231
42281
19793
30006
387
16389
56197
17814
45683
55468
46696
61957
56171
29355
28035
47440
34500
43675
6187
11466
5768
45175
27778
6649
24692
29202
43464
53319
55948
10477
58966
47228
6034
28854
28386
18793
19930
7966
55962
38577
55245
40415
61391
32044
38937
41788
36128
57473
29749
2778
34930
52642
8541
51202
54287
46305
13585
11288
11027
26030
16479
6783
21593
16610
47124
35423
14616
61457
59480
56218
62571
57312
32865
144
41572
37511
15170
33004
28849
64267
29065
24736
32823
12269
49224
12283
25607
5543
21510
45019
40454
60813
2314
35982
26688
30569
1009
34838
30419
19027
26501
5769
45392
4966
30321
10260
39536
12066
58365
3636
49327
54413
59940
18686
29534
37387
46374
8674
33026
21218
40119
45067
2870
27275
64328
31711
29323
9701
59315
35000
52514
51687
2096
49337
14988
29111
7754
42992
28299
56109
35397
19599
64657
41676
12053
42899
11394
2306
56492
31103
32710
34887
63543
24274
9594
17307
29820
25888
62207
16552
18471
30419
20495
44337
20772
26184
19765
16448
37910
44649
60518
30622
37614
21672
44064
42021
2095
37508
35077
37980
5052
11723
50135
14649
61263
54884
57383
29469
55925
27622
27201
21092
16933
1578
60941
37304
39130
46175
38897
19867
49274
20626
54757
4298
44753
52565
25782
56928
47912
48955
33672
51463
26754
51990
8804
27327
40958
19014
10965
54557
64156
61899
46609
40623
20343
40927
62117
49573
42138
54676
24506
27668
24513
39912
27001
8552
33514
22777
63067
64596
24533
64227
16910
16186
28557
4783
48640
23873
26118
36667
60545
38982
62296
64205
36620
45915
31573
53687
54769
47971
8737
5736
13913
36190
5762
11896
26061
43237
42602
48078
26994
54645
7027
23899
11166
63492
23055
56292
30711
14128
42498
59249
12790
20853
63552
56040
34675
3330
22228
50253
58187
46840
1795
7697
55999
32971
27265
36402
17313
33931
48484
13963
28934
28126
15244
49198
2809
8636
37794
47093
60329
25057
21189
11397
25171
14421
47153
15997
49307
35787
8112
43898
46237
61429
56163
10299
44362
3849
47601
30010
55921
25804
1864
56284
60467
53728
27798
18892
1197
23373
1531
56113
57296
8374
54219
17388
10982
2733
63798
28620
17458
64589
46398
54912
35714
39944
9563
8726
41602
39330
29351
2240
2497
53904
54853
16684
22981
50875
59067
32299
2479
65414
7141
11129
55042
5462
32494
3855
21814
18733
45543
50959
61842
61009
16711
39478
62557
25909
29165
60179
31448
64660
1138
26455
25806
56313
44330
2101
8370
60599
17217
16828
42788
38985
31218
14625
1491
59598
36973
37297
26862
13133
50017
8867
56864
62323
38429
2468
37017
25765
33947
13401
61164
16200
7360
40747
41803
52614
53139
62923
63251
29320
12121
42435
6003
14598
36647
60321
41325
18609
47306
22107
36315
23638
55400
62925
30586
62164
43792
26592
65107
27762
48421
61427
9206
20330
47397
62603
42556
24749
12640
31120
50507
7088
50292
2804
47373
42846
57683
6170
42663
5910
51023
33051
58906
36263
56490
2463
41408
56016
46443
24558
4136
47850
9165
64373
16720
65489
32458
23586
6864
55788
49269
38035
2632
47456
30213
48687
47969
29761
25931
21022
26330
36339
31433
62442
29897
34671
40466
29086
3438
58400
52317
10494
5841
27935
55145
27328
52648
13071
55525
44533
4965
4393
50495
31887
26851
26200
6067
37321
44359
56173
3627
7049
23960
26053
4825
4440
47174
52599
36818
55161
55824
5801
46456
25730
26113
3224
16439
62664
33063
12270
19771
16692
14472
31746
48072
8810
189
3053
45496
22299
15767
36352
30495
62583
54802
48350
39070
34185
57800
45163
38682
20634
1703
56271
18894
4589
51384
2291
32904
52308
49512
39838
8973
43860
31145
1494
48212
12343
65125
34968
58674
58630
36158
40922
17978
41077
28293
15859
50567
24893
61739
15563
24217
16505
23063
57933
47995
17808
42976
7770
55233
38305
12972
59295
56913
26540
61488
20114
19342
49750
8230
40028
36054
6819
35671
24495
61040
15550
8823
39052
14954
46801
37570
8742
63817
37806
3671
25064
54957
37336
46719
48559
32861
46346
31385
51122
44448
18858
24297
29518
36637
17861
13025
56611
9956
33141
2116
62830
25741
51591
33306
38270
41510
42349
28791
8132
719
7987
41172
34272
7517
18721
27621
8202
56545
15025
19436
38117
52772
63772
19806
57764
62913
7085
13348
6345
4236
27130
54128
56421
11808
33263
3330
62600
17806
63148
9946
23846
59757
34455
44061
61255
49058
30344
3242
19323
56253
49513
43334
29890
8465
2
9978
27475
15573
23331
59182
51153
11353
21753
17609
14647
56391
61700
7932
11325
11407
33530
47511
29528
31460
36315
29203
42893
33930
22295
32022
8137
46381
25238
19596
54261
20712
31473
62443
32166
62002
26588
33594
32721
45566
59723
16896
2837
8649
30100
21461
8367
56131
18429
43780
24111
58837
10834
33895
46748
247
20404
37565
60826
45765
22316
58786
14594
953
20786
14743
36711
35533
48352
58836
16768
23518
31361
25233
49277
35193
59082
47599
33300
4792
51205
56067
17599
11417
35114
61601
49570
428
24742
9417
65504
45247
15469
10046
49057
47489
31692
16580
22370
33475
58446
38862
42946
56227
10397
51494
19583
59192
20920
43329
49540
64569
60247
23642
49654
64133
62283
32317
34949
32187
15718
31588
56299
52722
13959
62767
33933
37397
36367
1593
58616
8553
64021
4406
23880
60769
48228
8148
64164
378
11744
29029
57369
3786
18795
51982
58307
1372
45710
45030
39274
32462
16010
56995
37041
41518
34450
37590
4202
41514
62407
28104
58588
58035
12794
24246
16847
16510
13068
38708
42205
42161
26174
55336
9824
48650
46727
40540
41924
47399
50801
37180
52515
65025
385
16241
18309
42650
41079
439
7173
25903
26515
58774
31249
44935
64284
61650
8290
15948
20772
50169
64138
9783
30422
59412
3083
1501
64212
13951
27289
24029
51702
46196
45183
22848
51999
47753
44291
9406
61624
20510
32162
51654
62521
19675
64931
20059
32729
8158
46477
35549
32862
49838
10043
21212
6093
4259
13306
54894
9758
57826
43160
28530
43951
23320
15671
40520
65281
8014
47500
62454
25933
36870
2780
15781
18169
7850
43778
30322
56970
1278
4785
23039
13858
24982
21876
63749
55064
37126
14213
15215
16137
56554
42074
38264
46525
33679
27208
40186
19946
33169
36529
25847
18341
53362
1529
58022
32706
59358
40924
399
20792
46247
54203
10230
25731
6209
25070
63470
42747
2362
47964
23317
40738
19712
9849
3021
683
20115
2410
45588
57068
47205
25582
39312
36188
52827
48350
17629
26600
22617
35937
65080
64757
34820
50448
58315
4490
43924
41086
39162
1736
26309
20282
23283
2216
52923
1607
57126
18217
64489
23745
46449
52689
46574
18510
28254
26179
52450
24131
44266
7816
26332
6785
35359
9475
40841
35785
33028
29359
37463
29164
22288
27772
36971
13555
18445
52674
34772
24640
36653
44805
4236
6479
29459
29315
50756
40516
2110
11121
17880
21584
3223
35580
11408
5374
22511
50083
2782
8402
29468
3805
21304
59686
28627
15323
51046
15077
6539
63984
11502
8625
35799
11075
33566
63348
33640
46659
12739
33710
32924
27415
62631
45719
41458
18281
57656
39239
14723
1201
11528
58030
55311
14544
30220
30724
37735
27290
58067
20104
34132
54254
49206
46231
18067
57800
59650
18381
21527
28758
7486
20413
43389
34816
45478
54369
51639
63665
43679
628
7901
9767
19014
62852
51494
38520
28490
46625
22822
53851
59294
28425
39361
4445
30055
34765
50797
45425
6880
14192
53166
46141
35337
53433
18985
27990
21525
56478
42482
8112
34410
17631
41743
35386
19096
24258
32250
54422
58867
65435
38806
14872
19362
53349
65161
20649
64937
25061
61669
33743
8559
23280
17506
18553
10458
18367
40649
33018
50712
59250
29315
38276
21028
53460
44010
39472
60751
24828
24112
55882
29191
39318
62880
45158
23423
53921
27200
64046
56087
26561
31743
28194
50837
15335
16372
9691
4616
50501
32291
65026
41060
52636
65403
52613
20011
60199
368
1312
37266
60516
59367
47151
32139
30866
41717
21278
39077
64169
40610
45088
45983
10463
45832
20914
9371
62513
63955
7516
34581
57109
37085
41807
59877
34635
19017
55499
56296
45589
34503
46704
59287
54148
19933
14145
49017
33977
5187
14740
47419
2759
22569
55552
3374
27758
38608
43079
43158
39570
23955
6742
10931
39611
39582
22995
4679
50397
39483
27107
27224
2071
28536
14395
57748
14913
29315
22468
27777
5105
37062
3555
45378
5528
41237
32652
2535
55873
41583
14578
46860
54855
9311
43942
39586
17918
10702
43396
45737
43315
8175
17734
7104
45433
14592
12531
5799
6081
65131
32300
7231
52110
11515
34014
33164
15047
48585
15806
43979
51947
9602
38890
21470
20350
8695
52322
11215
9241
28700
45987
2909
15405
20962
44521
50421
23314
62820
8342
11693
13333
42527
56654
7949
35616
63626
25124
10184
23923
50029
51845
38203
9579
63199
21340
51008
59521
24312
50261
29624
42394
54711
13627
26307
35577
7845
11390
13320
60840
10697
6207
57815
10848
31993
14948
27991
14420
61819
19136
55956
49170
22170
19850
27783
17632
59694
49905
52892
19209
64495
40491
29246
37938
27384
3604
2811
36129
47003
18858
17885
13509
62506
23254
16361
4347
28333
65090
61618
29555
2465
44806
37650
21329
18713
16059
48370
35805
40009
55892
38244
37380
31478
10296
51572
32635
57415
57589
59465
56656
25993
26329
9217
33684
8748
15141
44139
29812
14610
30586
18317
19520
42396
29937
13436
59983
56725
27000
47444
34766
41239
5746
29935
12225
12699
17024
30243
22955
41477
7520
18870
57699
19293
44309
23631
38460
56414
49562
54708
52298
4456
10072
13049
31960
20374
58657
33525
36260
28150
52588
41690
14535
8353
37663
48498
62485
2444
41496
40550
56150
16983
56911
45354
1260
30271
34194
28947
46666
7771
35285
37852
3446
4582
55696
12892
61149
20154
15217
2959
45653
55786
46054
63603
47870
46560
63708
46767
16719
55353
21822
48509
42082
20115
35340
26845
29572
41478
30894
12598
51054
56108
59665
1264
30525
5615
20788
35886
35794
47699
34903
42844
52858
34405
15350
57186
15658
22029
9868
7372
17473
54631
786
44551
24187
20913
44616
47010
3752
52964
22292
21266
7618
16143
22634
24615
58958
34494
57877
27099
21236
29461
28198
51532
52442
8458
23899
35251
58699
60965
64221
51638
58140
5314
20093
55483
6966
23726
31875
3964
62504
3283
26676
11814
47538
49031
64904
38288
4259
42728
6629
9592
19847
32897
25829
30128
22642
27960
55449
4035
7788
43138
18729
54969
57574
56230
6121
45789
35821
50088
4433
2947
52214
63342
23195
7270
50255
9811
58797
21542
59249
32978
48662
62735
24855
10939
62239
36127
50726
50814
11632
51055
40811
55853
35485
65334
36494
51801
32093
51501
2823
24910
23175
13303
60753
12951
31951
61375
13937
17573
30892
51773
48014
4329
14585
27618
2990
14382
5900
8005
40662
64950
42135
47241
49946
34385
38272
27862
55270
60029
2391
35321
50220
13364
61092
28267
12867
22054
20899
43964
60189
36101
14915
1556
65427
58707
31082
50273
2624
64182
49173
20671
44977
51177
12153
23276
38405
18033
6712
45066
51928
49630
58480
54391
39292
31750
38301
53531
48116
44144
22728
61032
49755
50422
27178
32100
39201
17735
8348
43037
39550
45880
51746
4586
31145
16064
35095
17430
46557
42638
38606
34969
19570
8725
26706
57267
28255
9049
21811
44052
51121
20841
4313
5212
8656
10922
31823
60202
29322
61084
49442
53238
46089
6373
64414
42836
8464
4498
6151
53386
25165
29460
23543
56876
57235
47703
25082
5797
38201
36454
39562
26745
7261
23111
51685
1401
63594
60316
38978
38019
23591
8139
9697
5745
33024
39978
7025
8833
43507
54220
22340
42870
1871
65423
43385
17421
49574
8206
58321
61202
45510
6259
11756
7593
4566
7995
17231
62780
4664
38931
57959
14698
14238
327
59290
59049
35247
59866
43664
43452
22318
10628
50757
45516
43879
33038
21510
13863
833
30446
12594
6464
53756
58660
15088
61288
38641
60002
59878
53800
36898
18765
23729
59836
65190
19360
20257
58314
23667
22974
1108
13310
5596
3601
17430
47237
49157
26932
30325
6910
62833
31826
4200
36403
22014
11560
6826
10816
11457
25747
14357
29335
21813
47318
28921
39709
9783
43495
25338
11265
30227
41437
24842
31842
35833
18770
13750
63306
10200
49387
42261
54355
59723
20273
56574
6332
26823
8964
28056
3695
60589
36926
31328
18488
48158
11440
61242
50305
33766
28607
9943
49713
46147
22222
52284
1629
5732
42721
16777
9570
28690
61381
48504
31434
35424
38090
55077
64134
29693
36298
7002
625
12047
58707
57450
4123
49874
63572
55450
18163
32583
4759
7808
27475
49838
37926
5155
62867
33795
41771
62057
27766
25376
23186
20480
3211
40121
25477
52830
11471
24597
60700
33724
35362
1857
25669
26183
15517
63419
18319
6382
12052
30079
34751
46923
30263
19463
3157
1265
45265
40963
833
13813
39170
2330
22646
24722
57874
14023
12817
22356
8220
7010
31071
24625
44050
7411
49904
27372
9493
26576
48907
36241
29353
53908
62536
47732
3697
14157
11266
41285
37892
48239
18768
58997
52705
33583
39454
43197
49857
34199
63064
10234
48908
64651
20412
25746
44455
55086
52811
54168
29535
46956
48951
44246
34004
23861
58644
17457
60361
46174
24271
37070
46143
52813
6502
39210
28678
21004
9632
38667
12572
26776
30080
32982
23658
43040
64934
31587
62938
10852
47221
19585
3805
23459
59190
24367
17066
49110
31823
62722
42150
376
37848
29439
35493
14158
33567
1220
53972
38823
53411
50155
59548
26163
8873
15235
17752
64138
9714
22255
59351
53844
5196
42515
43933
1627
1753
5853
54338
56297
19074
12662
44627
39769
60212
43330
24483
25260
43117
50497
2131
19689
5738
11845
20526
10304
47460
38451
21929
54846
57613
37120
53539
12771
50095
22564
33474
1553
2350
28386
37929
36629
18908
20421
6687
10462
48636
13452
63113
1985
38409
17030
10472
56826
35523
51695
22188
36066
48094
20504
46730
46034
13471
52211
62909
30873
41079
9811
25616
14687
59501
26341
64997
23552
58154
35551
50117
43208
244
53442
27510
64392
42952
21236
14624
12855
34784
21042
10734
25940
47398
39217
17819
52922
53995
8116
39222
21148
42754
40839
39144
62267
44656
1909
43699
4463
49140
29892
58075
22602
17628
967
11575
33472
61294
11021
23040
18000
8632
47644
14730
4328
44974
14270
9284
1217
22405
44545
62895
25865
18436
34013
35763
60827
59427
12161
54592
15686
35655
35915
39091
22846
36787
27958
55667
3933
53047
26900
3399
19340
12251
5548
1783
44325
17019
12999
6464
2425
63126
64450
31516
35346
28153
52010
59404
22065
8284
41996
19763
7722
32437
58888
932
6202
39731
49343
53993
49082
61149
55799
42483
31572
57069
8040
27306
12660
52309
704
32965
52627
2213
44088
56326
17171
10494
9661
10919
57450
13650
11528
23547
63480
50076
13975
32013
61091
41914
40354
17292
58889
42173
18153
34157
25106
15905
42432
45398
12424
40113
43716
61041
8894
28976
19763
11214
63831
15848
19023
33777
28237
36457
14990
20606
2457
11240
50914
17918
39267
977
37767
34583
45509
42068
9501
12549
35990
24816
13712
39631
41655
46172
40847
19617
29161
60908
63939
29160
44710
22549
30925
15887
19219
1285
22667
51970
45212
47941
63967
64540
41426
3224
33593
10493
38438
6192
11876
31948
6909
5614
44971
45310
39624
63475
39614
28832
55212
33894
46944
61301
41923
254
7165
44863
59310
11182
36606
64817
51491
52617
3992
15503
32828
44011
34380
23221
12167
48767
45283
15223
18362
16006
13832
13556
13699
15638
25422
39524
3759
55663
15541
7769
35271
38791
41052
10285
21099
60534
37230
9201
64710
7469
50121
11350
13637
22989
48550
63460
60209
32962
10160
13016
51571
27654
61481
18744
65106
33099
50681
53283
1084
19993
31749
45187
51799
56797
40090
28353
44510
57633
44489
46437
5626
17119
15638
7407
44523
13402
9831
31770
6365
24407
3180
674
41803
49440
52759
38338
63684
59134
29325
59207
22430
37543
49646
32400
5272
9037
23541
57700
5265
40018
3525
61720
42795
5769
10259
22526
54941
36873
25101
48380
54256
44238
23297
37464
44255
28793
9265
38000
30283
58669
1402
7419
50206
54037
14310
2411
34679
19292
9236
14683
39206
32476
47121
25586
25309
48059
65293
49406
21599
38717
26031
64775
51354
61019
45052
49322
16763
62149
27858
22267
2875
46213
4625
25373
60572
53157
52851
56548
11390
46321
27418
59813
39454
62526
13889
41331
27563
35077
37389
22167
50339
52255
16894
64394
36832
35759
8013
25743
55578
44612
46259
3611
33105
8787
59960
33916
47964
39186
41580
33898
13658
53851
41676
28072
43544
18656
25600
36304
14712
20873
41506
53087
49787
34571
62234
38129
44421
38431
63127
59777
48617
38020
43403
57844
31304
64528
49173
26647
33514
47463
20684
1969
5970
59372
43254
24808
23376
4408
20649
930
65473
37974
3413
26454
62178
7070
23975
43784
853
43042
22025
12296
48644
20828
18942
58086
23755
11682
14408
37796
18931
59807
31628
43577
52272
25034
47606
21247
58368
42275
43785
35846
32984
38752
18580
55346
6493
48457
6269
26936
51384
16867
7428
54877
37757
59191
2277
55547
12194
58924
26937
56675
47556
48050
52903
45241
26831
10807
35445
16641
39234
31160
30561
38908
40257
4360
23494
54106
30669
53577
26515
26561
64902
16762
25573
53751
26354
15028
4706
60455
15605
18799
60401
36338
22769
56706
18372
53048
41530
12096
19591
21168
17301
49655
7896
36323
5090
60355
30758
51016
7803
14770
62459
16440
22914
36804
34014
8588
21769
6347
48743
8261
56363
9352
57259
14691
33049
50257
24186
1940
63585
32554
41225
50020
16446
64498
29011
49302
8321
38721
39225
33488
64518
6436
54984
65387
47930
23600
36396
10170
34011
3389
53909
4065
54792
39359
24026
16796
32918
3340
695
64337
13751
49844
39088
7060
3869
19700
19177
23752
40796
24319
37587
64269
1429
13338
64014
49447
18680
47814
16376
55904
31545
28713
58599
3794
45984
20247
59487
38253
7805
18523
63762
12633
21887
45691
51064
59272
46706
11164
53759
50292
32010
26545
24356
21650
63356
52533
58794
48699
41416
61797
20696
53084
23285
12980
52027
2859
30044
55126
59093
65492
32699
6327
50554
38209
29918
32906
9896
51036
20587
61432
50154
56276
48187
7770
26963
1445
49125
12337
10719
10899
36774
21571
63256
39941
6588
11379
10971
37221
36463
43408
44769
26017
55126
22354
22526
47160
25033
63875
34675
14804
12320
35944
49259
48427
54100
61381
44786
16375
31590
42909
5348
48557
25226
5453
4851
39316
32728
42162
31996
23122
6707
54224
49335
23679
46857
11953
49695
62324
24789
48145
51952
44300
25772
15892
26115
44306
3426
270
20683
53964
50443
52075
61702
15207
15479
48405
7874
4776
11327
1018
3997
64599
61844
35643
14690
1487
3121
36745
18648
50310
39592
34669
47984
11651
17462
47539
57844
11813
55564
27169
41435
54781
25557
65364
11189
46577
41848
27684
8111
31076
28000
42699
14037
44254
48989
64814
53069
49218
59959
53491
41963
37277
55189
43838
34614
896
58073
33842
18870
17325
28301
19101
3814
61784
46966
16584
31100
28383
30739
6534
34056
1807
44192
64780
49644
39171
8402
1818
47450
9525
20264
18563
41628
55794
30782
8860
19549
60673
47858
40218
50897
41645
26129
57212
14679
56620
25768
62584
26717
65093
6229
18884
21626
14574
51360
33839
4718
13354
49618
28856
47752
37054
1912
1053
49880
61790
65352
21570
7339
37246
35819
34089
41305
37592
17596
28816
31800
389
58827
63340
63645
10391
20072
38954
29465
42009
24591
59916
8875
28587
36532
13757
10523
22553
5072
16011
56023
36063
15273
13841
25895
2343
7448
21416
23726
65404
1100
40112
26867
41106
46055
43052
18105
15175
31183
20951
52123
34800
6510
41965
9123
60703
32818
44822
17633
63407
32019
33940
4148
48926
35274
54018
6926
41185
9191
47747
33495
24166
10347
41192
42291
6227
13442
10039
34857
25032
39851
48737
12505
28428
27407
57909
61406
39027
18635
57174
1017
46596
39820
28969
4528
11415
36530
31443
15775
60648
29391
18436
32665
49817
64449
57492
17605
14947
52974
60103
18454
62879
53318
7701
32525
60942
18201
42644
11001
44493
15595
36211
8947
35433
48464
51951
10193
65390
49345
13395
38149
42036
55667
6443
14523
39626
55543
1348
18999
12037
17728
47901
4356
39653
16620
49968
28035
64170
50772
31855
40508
14506
38894
58565
35754
30277
2373
5756
6771
29704
20092
28667
26262
20553
9170
43964
33031
42927
3613
57704
16694
15947
60849
49817
40312
12149
39160
22989
26563
19062
40239
53700
44802
517
51259
42630
49727
4459
30353
17218
35424
50991
22295
208
40251
18806
31036
19194
4989
12051
63655
63277
22648
41157
9643
26950
27463
20518
44176
54985
55753
59431
8266
11756
55056
61603
33453
13017
32363
44385
15381
10377
12660
33690
64921
32379
14612
36529
50733
4242
57059
59891
56538
19420
31951
14884
19659
29519
30848
18783
33541
64503
40233
1510
13937
4516
24817
20096
1433
53382
5353
63364
55985
15990
56163
50907
49461
38071
46545
62036
42332
50675
24677
5477
20953
17491
16022
59513
35876
42517
46871
59539
17136
428
25636
24970
21541
33932
51296
55360
7555
59762
34093
49294
42561
30054
63248
14212
50955
65071
47424
8340
31524
63406
33136
33418
45534
12925
62118
41924
38191
49367
27303
42922
45667
53905
35284
30169
41859
3965
12265
40169
2376
33855
18223
7003
35675
8969
648
59024
12262
4198
63317
34205
31427
49628
13865
12460
63919
24650
37490
23168
11980
55064
40471
23732
996
14189
60515
60650
28248
45132
15415
41294
10190
62809
27786
5859
35614
7813
5332
46248
40560
39940
3555
4170
21289
64894
33214
21957
37852
56615
28390
32624
32818
37390
15946
38127
12926
8046
63670
52234
16676
42690
35784
49929
6612
34365
11448
41351
8933
7977
37668
4172
51191
50406
37554
31086
10067
37122
36043
46718
8721
64255
51737
7906
3086
56344
39851
20078
41257
7387
43765
44501
42911
14403
43528
23616
62928
6676
60925
28929
60291
45328
4551
48570
57250
54988
48067
30041
1439
11884
60707
16840
58665
39434
41190
14894
985
60767
28849
22501
31459
6724
22511
33982
19585
16144
47330
43465
18776
29965
48232
26960
43961
46540
30113
57939
59773
46968
922
14887
42758
51431
52430
63933
25910
46108
15109
47647
62671
40776
13044
51244
60964
8378
43906
6599
38208
17591
13287
52500
8058
35996
5887
17126
24759
52335
61416
3405
46757
38310
50402
41898
58729
9902
27327
1377
11215
51
49913
42462
5161
39870
36390
43094
28366
3017
62998
55809
47949
37248
21568
16443
25650
59472
21262
44099
31730
50075
15966
423
6330
52831
33771
25397
8579
42263
62928
7388
28889
31639
46270
16337
32148
53615
48272
34516
49195
52040
28387
12776
35646
14751
51780
31725
44689
26053
47753
2748
56212
54650
17333
55799
6454
43130
45499
60949
30378
14505
51078
6361
52740
44440
56891
62492
4963
62141
9809
54419
51031
35328
10557
35482
46723
57148
35449
57844
55194
28357
21564
10890
581
35240
65026
22224
19282
62761
57606
25743
12163
57972
23251
56608
48331
33583
15007
62830
64236
36855
52714
32537
48901
11541
30419
40793
18735
16346
49320
15926
13378
56030
55489
55636
20940
49678
17432
21271
40273
54850
32163
20168
59815
7759
18247
573
60341
60789
18460
47188
44399
63541
49623
15513
42956
20031
43751
31291
60212
54222
30757
50642
38497
60281
64997
26547
38838
59390
34749
12954
31830
33959
35091
46859
10375
56521
60942
1298
2251
58259
8301
4533
48921
52534
18465
44200
45148
27205
44700
8760
10880
5829
36703
54062
32522
46044
53454
49539
42320
3034
26415
24757
28688
53189
44897
48898
41885
23222
50902
8906
52527
26991
11317
60420
19554
29464
14234
17994
25436
12408
33807
37488
22034
37592
39336
40200
44676
16235
52405
46482
16886
50939
6618
26147
50190
42876
4764
57988
31516
2814
58444
45801
13582
16285
62062
33456
11754
34565
38751
57176
19588
4100
59282
14584
6381
33464
16368
12093
60820
56075
26738
59758
29297
22955
10162
3152
46472
22703
20020
58170
41553
41446
30954
60478
42036
12589
54596
27842
7849
22095
4914
16387
15666
47939
48299
57490
5706
23224
58100
61339
20065
65109
31473
34272
43168
14624
3490
50555
13171
1110
46539
1514
27544
3800
59825
15554
46406
41366
21404
49966
1239
59311
64633
53590
54595
7228
16385
38281
17023
46768
32586
14084
65029
39926
11209
13896
55903
37700
53858
8828
20051
17404
47396
45343
498
15755
27730
61646
10317
10275
25240
46899
20050
56072
7360
9505
42998
4080
41387
16007
53487
8664
50272
47816
15332
61588
3160
48132
45596
43144
5075
51565
49989
21267
28495
50288
10913
27603
56085
61223
27877
56706
45611
32183
50791
12892
6537
15553
2385
51842
48594
11454
9725
52694
41369
48617
55506
40576
43642
49205
48933
2361
6332
35195
41473
56754
6316
6229
3722
15276
44591
62342
53836
15040
7220
58756
16930
58497
25250
7575
50285
7068
48802
25623
11607
25090
18550
50987
18428
7508
36981
25115
57080
64639
38408
3439
52363
51292
63361
16470
34599
17020
5973
20879
56681
21681
8816
14478
24955
37101
49738
22461
38946
19307
6810
25066
29998
17962
11287
37829
54855
16559
29418
41694
29414
51369
46259
25816
53132
35690
46764
57376
9365
52395
9641
14125
39441
25134
21597
23053
13593
43805
57623
11567
28792
52583
45618
31593
62460
12264
1449
64262
45122
62530
25332
5305
56921
57655
44199
48932
60522
5056
13013
53030
9776
49865
10671
3024
28998
8485
14059
61876
59920
37560
49723
25209
40517
55107
27048
59375
4669
1696
6733
13451
42006
13131
64372
18748
27297
52763
18827
59123
45999
56872
6747
22684
20722
32677
56954
15094
44403
23521
28118
64919
49424
60355
30088
20740
65177
35009
20804
55638
30700
3282
32124
54438
32808
46550
19101
56190
21861
60507
22378
41357
5617
28989
5958
37299
8748
32909
4888
14559
58463
19679
40818
32645
39416
50180
64134
21790
13894
8331
50559
61219
22535
2481
49031
51309
35270
54245
31622
4411
39658
22912
22495
39433
48730
22485
60567
60320
63681
11387
58173
619
15737
58458
60410
30730
5567
59924
52719
56042
38921
40298
1505
19902
41953
19938
16916
49315
1967
22379
55704
40708
6565
22434
33408
39377
48450
40850
29035
48796
28966
39667
10817
49144
44482
42221
19917
12431
24809
34791
19286
29033
59198
55756
24587
60970
31057
2258
28472
44047
22400
65010
27385
3260
39815
24740
40556
28629
275
14277
17864
10879
51717
40559
52807
8082
5162
13791
65321
53746
19009
58877
19321
53278
24044
24363
39717
13350
39468
30786
10378
54511
13761
62490
3826
12490
24354
44413
11989
54712
32666
56891
22260
37836
49987
44019
16694
22918
46940
38472
19068
33806
43166
62690
59508
14535
54655
11371
41806
29380
27461
9108
4807
29456
53639
43136
8669
20001
52071
1037
11193
7928
45476
45636
53263
53419
64221
56670
53612
53932
58491
62191
2411
24496
62779
9134
682
27335
34002
55473
40037
2559
52008
44622
28665
51076
22841
20886
47696
60057
3835
25501
55910
54910
19899
62324
45207
9520
25567
35176
26106
62631
65372
2274
14508
49092
30710
51016
41061
8970
15569
4172
50191
54136
52629
61680
47975
50299
24065
27349
10682
1880
35075
29705
57842
17382
57733
23459
46553
22556
15176
4991
18210
36667
62391
1744
47408
8052
18170
4734
25722
63176
59190
20734
32687
18013
7195
34572
26428
62215
60068
31448
20806
35981
32722
60643
16266
37684
8504
10506
29063
46270
3720
19714
11683
24773
6157
29371
12381
36876
16708
48018
45255
33957
19015
21593
55573
35618
8393
34026
14079
22921
40995
36035
4434
5464
54845
61202
5935
37120
10051
65207
27044
28088
29408
38155
55735
46734
7903
12892
56105
4125
39440
49040
14328
62578
53789
44149
41277
13497
26661
27860
22317
37576
28717
60170
50595
60996
33344
6465
42804
58517
51066
5725
47104
63982
18020
29359
58654
11464
3847
56004
28883
43269
39728
51806
15406
48734
41566
21238
48519
41214
13836
10950
39275
64508
10105
22439
28185
13102
14985
5828
16569
42376
11796
39207
40149
8948
30690
60520
55603
24527
58188
18677
16914
4304
59697
50853
63706
3504
5666
41212
61880
12375
9522
21932
23342
14366
65364
60361
52282
21306
24318
21401
9617
40782
24533
9129
33414
22592
45827
10731
27668
51703
6212
33884
30311
59254
20647
46049
53968
20883
51652
21435
65223
32561
57105
40009
10488
52099
62129
54359
64202
20729
428
15241
34447
43193
21021
5538
60456
25141
15712
9869
11956
20063
6337
56136
30276
17642
10695
4135
12681
35519
39218
50832
24895
23790
45861
30371
53954
58103
7259
11578
50100
17926
57274
31209
53099
43797
5621
250
38307
35117
28967
23413
12031
53194
5790
43101
5732
22136
46382
63255
62066
28993
47975
24695
40300
62354
39748
39238
30438
37697
17364
15922
32141
20354
3573
49958
28476
41414
29652
13689
42475
308
32287
34480
53409
41877
58831
54242
58274
30389
26342
14868
41999
20115
56612
24636
43282
13509
40906
12572
7857
59074
51979
12191
48848
15835
19629
3589
8328
57500
36248
40743
29757
12051
22016
21795
38964
39344
21247
52704
18521
44726
7789
27299
50262
2206
62167
15574
53572
50883
35249
24619
62817
64616
12178
52357
29054
33569
4976
55785
52109
60866
24005
33089
63496
716
37814
50844
61813
34281
62006
7531
26425
45733
42196
289
51296
15538
15691
46720
50860
14462
64759
55077
42051
61590
23748
15346
56323
55503
25689
60518
43166
58231
35786
55861
45323
17162
3287
60394
44298
35939
36064
52288
48208
45304
17054
11246
56164
56406
14882
41125
29333
11269
48634
46603
22621
13817
13827
54249
21093
56786
27163
54396
50836
52042
58232
13614
32077
41921
41269
43448
55543
65523
40288
57747
46912
20720
42034
61572
46560
62994
12809
58339
27092
29454
14759
64230
1974
8000
57535
57500
43513
28728
16867
6448
49771
54570
36640
4414
33728
23604
58844
61539
44596
44835
13905
583
17158
58021
41981
60268
39852
22108
13066
34674
12108
11728
33552
49714
6302
62881
61769
40824
63383
2351
40387
34975
402
53417
40540
51833
19446
14293
62866
61233
34129
40517
46718
39435
42824
62834
40834
60246
54339
11599
8167
20982
465
56729
62919
987
45464
46811
51939
31529
56562
48850
23436
3179
22281
36487
32040
41550
21187
16634
33415
4252
15694
47066
37417
24938
56409
22747
17843
64934
7980
23481
24850
27486
3799
31851
28763
33932
64720
21863
20437
35200
16700
17969
13953
47091
56491
65476
11945
55066
26518
53747
27120
22510
39638
2314
37041
51533
56532
34442
12342
60444
39400
56309
35594
6240
14472
21446
52037
45501
42542
28442
21152
7614
16507
41376
11719
59448
46088
47747
4050
6364
63075
38217
27768
28590
5057
28653
55870
37962
39364
45891
1852
24540
16988
45332
56239
10700
11093
44884
47032
8836
10022
8031
2138
50220
46852
18959
31946
32333
2752
43760
13870
64219
19055
24508
44576
43634
63650
24083
15000
24894
7278
16048
33568
60782
41609
62340
25426
35230
51422
4131
23384
10398
62895
48912
31563
14742
64559
34703
29339
43188
5829
63589
29233
46493
44935
14646
43236
31567
54552
50722
31916
18148
37182
38494
43976
13446
6884
2507
22665
33604
41346
44748
28902
58213
62090
25432
39183
14241
14298
45861
18647
40750
30444
342
3024
22512
15610
48285
486
23764
15796
18308
31632
26967
9705
35027
41434
64836
28625
13292
27205
62279
57436
61
64052
60452
53485
25483
59717
27364
20951
59138
16688
2597
29775
62041
31514
30300
30789
28327
45619
34411
33634
53956
15443
20259
23711
1577
17247
26484
52970
56630
63467
10027
40769
18560
61587
4764
15956
62794
26227
23554
57504
20121
2063
62316
57067
38491
39055
16970
28288
7069
14147
13651
10644
8113
60816
48785
43410
11124
38715
60989
2181
47128
64843
4767
22944
27525
38703
22985
20712
33434
36288
63389
13636
6310
18324
4635
27594
14556
57135
4596
18251
31534
47540
47623
34989
27493
43022
53548
37982
59152
11328
32389
57817
1779
61236
65330
58879
20487
33723
21895
52946
35653
40539
24987
63469
4922
31971
35295
65070
44958
24171
36829
54139
50797
1901
20677
30398
40334
16822
27296
56283
47838
4064
46704
48773
54751
6525
54300
35415
58355
41403
8386
20902
28814
11577
22455
50131
1225
45790
37885
19473
27814
57866
9353
64969
40863
862
23439
55084
64921
19154
3123
55212
31683
5103
34198
41252
11327
64907
33595
11386
42657
21097
54338
9651
36455
61021
3511
47327
52100
28344
12602
21429
5538
45290
36205
50187
58687
39929
39911
10002
18843
24117
30786
16711
53779
32782
46401
6769
23214
43517
33650
8383
31027
62480
12998
37127
54426
34635
47415
52805
35088
26106
24901
51405
54041
13987
25176
30222
13531
43730
29865
18880
30111
390
28117
3557
63124
54683
59469
50180
10325
14154
58131
35439
8658
62899
26594
53727
47909
60963
23796
14590
30745
61856
64930
47817
37434
48659
46887
8244
27190
35321
208
65245
41555
9026
63374
44906
29748
38306
21871
49584
52877
17298
44779
17790
32632
62077
15069
50097
12039
55963
31043
38531
17931
62877
35630
1357
25150
49866
30841
4375
42445
49134
28806
11684
61772
21949
37074
48166
61396
8307
36538
32935
41161
12021
63776
3535
60642
48075
55479
3189
64301
64854
53141
17037
21414
520
18802
17322
23316
5253
52268
20805
4603
4286
57384
48636
25894
53676
30396
45561
27550
20617
27378
41328
3465
47290
47771
23787
52515
15231
690
22546
33562
19862
51698
52873
12608
47503
39481
63237
63963
58002
54680
62366
54508
21886
60200
58706
35223
8719
31650
2406
18533
27256
55762
41551
29026
33121
43814
64467
11474
26198
63957
497
56231
11768
25582
20344
38942
4165
54571
55088
7510
15817
3798
19099
41277
45086
55489
47748
24513
22526
53174
27440
55474
11637
57916
1523
43427
49448
50161
44819
50276
1839
50066
64054
2581
53379
36617
46877
41578
64833
5676
5070
33807
62963
17116
8271
50984
23372
24019
20723
54593
62540
34670
15979
12441
51331
7094
9071
22152
20538
1128
29213
23873
33697
63257
12229
38152
31241
58030
37740
61065
58375
26448
57697
16691
9609
37008
913
36151
35679
56438
12573
13044
17453
57142
49091
31149
37481
27262
33404
491
18032
56060
45948
11704
1193
11286
20849
35843
62198
2329
40949
33776
49178
48342
31800
8187
18292
1966
30749
969
21552
20957
31311
49502
45421
61527
16744
61289
2458
65036
39124
36195
24160
10160
26972
59702
6173
55207
25457
47536
4839
8860
32142
55357
52179
45873
31521
61390
19348
18616
41145
15401
28800
22218
136
43572
60633
32165
35222
15281
11990
59663
56765
877
16190
34443
19576
64364
14197
38840
23602
50737
23091
8799
37285
26291
19635
31736
39189
8556
47402
57314
39352
5493
59302
31217
32615
54494
25057
17385
11480
16416
48518
41675
14720
63796
23134
5821
17698
17297
46552
28692
23153
730
29378
14612
43804
29305
56515
59997
13126
45686
57830
44795
39702
375
40867
41727
33467
40992
2492
53584
44669
40129
2856
4285
18669
61667
53857
5124
58845
34460
48050
11899
63763
678
18992
20608
39644
44101
8957
44416
53701
5330
3745
40212
50795
28859
36234
20566
5940
57348
42307
10909
23958
51034
35731
63865
58715
34970
20146
42052
44097
52888
39273
3180
63274
36649
1563
8874
17632
17217
34511
32316
49137
59439
52241
51293
56355
53892
3492
8229
41001
62371
38500
50495
59690
11213
21580
47093
40761
50528
46940
20316
5545
7799
2647
47656
60102
26538
48407
39769
23246
17622
19496
21488
46979
63493
1302
45539
28227
23804
29799
19590
3349
18469
25954
19429
45403
65252
55365
16529
18690
42412
17803
23315
42973
21399
17183
50884
40216
20591
11966
46451
49505
8594
26406
25546
23029
6938
21516
50938
41664
52466
29936
57827
9985
10559
19854
47547
15275
10327
55841
7084
49953
59892
22328
40704
11962
21978
58949
32900
40630
48266
48717
37
58409
24364
402
12858
301
15574
32869
50071
58357
8457
21113
51047
58588
56061
62931
56970
48722
6410
7037
11269
39336
54911
37264
62388
61786
14126
17625
120
61901
43948
15758
17545
48414
46694
34710
15003
61942
48171
55095
15641
41378
43830
12044
7064
24378
15803
49433
40765
16082
55939
46827
62042
47596
52515
50118
3671
25480
17478
20221
46698
255
53372
27392
56878
39647
4251
27089
28589
14346
34234
30368
65297
4616
22750
6240
41078
18823
12354
34708
25121
55034
13680
12722
20491
65272
61364
31874
18553
52820
40177
44405
59664
31788
26417
44995
43394
53488
12013
11189
29875
42578
17619
9944
29853
40170
34017
44019
33437
53658
34470
62396
10203
17057
57114
63936
41414
746
15540
27418
63857
57562
2771
22924
30275
6045
3536
36766
54160
34414
8443
37275
9136
5142
1171
29942
12892
9165
37999
48330
37614
12247
10032
5029
14924
23309
49761
33604
31323
19413
396
18790
55667
1618
57608
14732
41562
36363
57522
19771
20523
58
3394
37522
31546
63281
36413
60570
52805
19415
60798
43862
44189
38622
35460
22890
56989
41814
13543
16129
12718
59027
5690
52610
30106
27819
17378
30479
25278
15792
12224
37871
52258
18461
21661
45284
64718
14719
62229
31636
51600
23062
31823
48914
15018
13006
3324
24554
56925
40582
64890
27762
16998
48591
59032
54950
47445
27145
60035
61559
58019
20478
328
49402
59843
23090
21335
23820
63653
31966
24542
47076
50901
3597
58121
48252
18203
8385
52452
20774
5160
8691
10272
16103
47976
34163
56128
3398
15014
22636
19366
27096
30789
61934
32762
18299
15960
42939
61870
49990
28342
9009
63117
10311
62737
6215
48531
22712
17753
44947
28303
60049
21260
63346
15055
8592
14487
47467
40588
39180
44802
54738
58562
23422
50484
39977
27502
224
38511
8903
49149
53628
58575
9728
12513
44311
18937
50134
19147
13424
47002
2005
24321
52800
22176
17964
62442
32105
23606
64711
33978
42136
37256
989
17047
52086
36380
43530
48743
6544
42208
23732
21894
35646
31197
47190
2499
29349
48918
29515
39974
42888
14183
13898
19299
2606
58845
56882
14151
49402
52412
30979
23935
33865
13671
2852
38186
7732
55045
61214
12697
59774
17716
19905
64237
9997
29380
38857
42956
22770
11162
19002
45312
48782
49005
60567
23418
12446
47483
3074
8707
24083
28716
16053
57898
1593
23894
61854
18569
22803
40489
9332
57328
1151
22138
32793
25784
51069
64216
40960
40161
65382
34413
32533
50459
2865
53927
45389
32494
64920
1759
30495
47663
45192
49597
31724
16937
60254
49274
41001
40751
39725
36709
20421
14097
15355
64905
37686
57734
21288
25025
33015
23255
29279
2073
49386
26790
28149
32828
45956
3670
56886
16651
36717
16357
50418
5116
5650
6591
18721
912
59535
3393
2452
8224
20150
59222
52820
24910
19216
52690
8397
42441
61429
22662
19434
25656
49157
32782
63176
1030
18777
17318
618
31091
39939
17422
7548
6741
15642
45124
18619
60905
26837
47
21797
37042
4604
60120
5841
25914
58969
11385
18223
27879
34356
32553
25335
24906
37574
58819
40064
9822
39568
372
22407
57168
19202
26624
10931
61783
22430
53644
32793
43626
7742
49675
23769
18050
14713
60789
58588
45651
27597
44110
36243
34112
1739
3975
64947
23621
63382
855
36036
33728
6503
9684
45507
15964
46937
823
12973
2949
53800
9620
1764
65510
33802
51353
31969
16977
25013
61066
45359
21088
1433
24037
47014
3112
51266
53121
17871
48584
33137
59902
22443
28401
21030
54982
57657
30763
40345
14149
243
38958
42610
10035
9992
5239
20424
49061
19951
60860
56562
38500
27205
477
58397
26297
550
18445
61514
17172
18935
38989
63138
51906
45254
9244
38930
27730
6175
11056
44441
3333
41843
40619
1921
39204
5163
12267
28615
20479
30924
47388
27940
62741
36379
42183
9027
31027
46294
47460
25895
24545
17259
12678
14799
46446
11384
64093
35505
61908
19378
3596
56539
50772
37231
35900
50733
58978
3276
63192
59553
59690
64433
1937
32377
6909
81
29179
36690
39697
21720
5645
54140
43154
43296
61485
39636
62870
50340
56565
42381
64040
4156
34717
52967
6442
25795
40736
46709
28071
43723
25914
40566
18849
40859
30905
38325
32183
13270
1144
43970
155
44608
44769
22487
11375
44343
384
43486
58733
61978
26683
31388
34191
29511
41382
27929
56189
47760
13642
7986
54404
16448
21890
47551
63377
33487
31771
35478
32232
61065
29049
55626
21707
10804
61835
48340
45073
42151
40766
28157
46990
53605
49125
64438
10144
58480
3211
13186
28964
26483
21469
21830
5558
50020
12183
14238
22230
31779
28758
17747
58735
51182
21578
11813
61267
47560
22281
41129
63707
55421
46034
60708
51164
5049
39895
40150
40379
52452
25291
11107
58977
26200
23013
20916
61588
55534
1869
35141
63930
46482
2604
14367
43497
1693
60259
10509
19267
61760
2190
41648
14454
2999
21782
11241
13768
6600
54954
35056
54044
1422
32284
32502
32785
37510
35178
39776
29428
27152
14301
36308
47879
22605
47320
9876
28344
27917
9972
30930
48961
51742
27259
31530
52708
33016
16320
41200
44954
48568
35705
14379
9072
33149
60389
15644
29227
1690
23729
42869
11094
27034
1449
42257
65135
45925
44494
62601
47994
52320
14853
39100
42091
32379
34682
42037
754
15420
61309
6648
64077
60686
19928
24613
57554
28397
45572
16229
29099
4255
59154
60037
49511
59090
18746
62333
31722
51947
34641
31125
51503
3
41629
45681
51546
30353
53837
46295
12807
30432
22707
59755
51880
21844
4397
25161
21733
39902
46506
58632
11713
37757
35905
34730
4231
63875
36966
30039
19979
50731
5296
26481
26882
57446
17519
19254
33312
6369
5710
51041
43130
14922
25341
50710
37923
56228
57115
24459
45203
1166
26420
57898
51129
37007
58516
31619
40764
23190
50311
34020
668
12486
21305
40782
14688
56238
59727
13108
10407
16184
57982
18356
57051
59206
38116
60437
4488
3600
45363
54230
37146
19999
61217
54737
1913
44183
60851
18397
52044
63064
64060
5577
12380
62452
48829
9909
54735
13843
64277
44876
28352
30665
3971
19376
3555
47461
13157
29059
61273
34485
905
17480
11810
13049
16072
46983
33523
41523
63436
24732
30185
57321
21223
52970
34568
38927
32189
26823
26520
30053
59377
50852
65395
19014
40774
1156
38244
15580
42348
8803
59676
45154
64095
48781
57718
18099
61852
33518
37577
41769
23914
32007
17448
34006
53270
47543
40703
3209
64951
44789
38270
64732
36700
31265
62592
38243
43536
38160
12073
6769
5193
53840
18220
39269
27799
7430
33149
19004
26578
60303
38120
17850
27512
63554
2787
27588
62490
53996
24945
2666
42557
6557
53188
19151
47466
11073
26820
50092
42371
59302
55095
38465
49259
22931
5623
17469
25371
8822
60452
29403
38893
35533
50869
48841
2275
56997
9399
41551
57197
52625
53953
10834
63630
7941
60628
4133
29220
60589
971
282
55030
23389
30042
42966
18117
24026
41561
36150
12842
39469
25051
17384
3416
32595
13903
36368
42521
27739
53934
48589
45854
51536
21055
16104
24497
14234
34384
36866
2414
43091
55948
5150
42023
3341
61303
8599
33588
51109
6624
58384
55402
48119
29672
57041
40523
62949
31066
25237
7062
31027
57227
7952
16722
36659
19025
62756
5040
59799
38150
20915
32792
49995
5485
464
26203
51451
28656
20611
10986
31395
10913
23484
60791
8762
44503
3600
11790
29761
56930
17495
47112
22029
16933
65327
62095
36784
411
54312
56374
11563
53750
62776
59672
17053
30752
30683
49253
4862
46277
45576
29898
5658
3777
17206
491
12201
34018
3372
42760
59604
33273
57567
37864
60923
605
61349
47589
9164
4127
23786
36753
17085
55073
4698
5435
15536
15602
37482
23451
46842
33385
28673
50870
11473
38245
44749
64484
62199
55673
45686
17535
48897
25636
60173
7891
38044
37567
17768
49310
28395
46415
36223
14720
57589
5741
17528
967
49274
64004
43349
40120
58732
26717
61607
7598
47363
35936
25006
19350
42450
22455
61798
2892
28666
51934
52744
19439
58949
64526
8102
23611
47920
8979
38740
64679
36839
1316
42053
50092
31347
4903
53634
9732
5563
25550
58626
39262
45393
60227
38479
39869
24319
57176
49388
60325
1295
44868
26219
11331
12587
12084
59235
36811
55482
25875
56501
14861
36942
13995
36598
3529
46408
47750
25441
23417
21669
19611
53486
29428
35507
25859
41283
38929
13214
58909
2385
51744
4783
28098
55211
39342
31985
4998
55981
6527
3323
46800
62871
27462
26582
3879
61627
37852
30086
63019
59642
33365
25398
5946
32829
59508
41880
7080
17446
9832
51539
46291
40251
11144
51969
26634
38207
49813
42117
64581
2945
46432
23320
26136
10312
3329
29614
31886
63656
24657
57333
41872
46364
45833
27687
59653
3410
13943
23584
46790
37111
55031
5610
15260
15195
52142
45932
50214
4532
28684
42973
6108
18421
58576
17047
46866
49463
3598
41354
32122
53565
39394
36012
22173
27593
22357
43512
35995
27751
21465
9955
6510
44463
31165
13727
53661
49237
32901
53207
27065
51741
13422
28839
38756
17569
23743
63982
28721
28584
45012
49105
4555
29199
60753
21817
63098
17010
53032
58928
57808
10080
45019
8127
10772
6306
42078
64028
22238
10803
31017
33683
65074
8196
65122
15771
30421
41741
40370
51651
37653
43687
58763
64955
5619
32391
13048
3206
21989
65116
14575
59194
15910
57086
13763
54790
50044
41437
30132
46682
11933
37027
59731
12748
58363
28064
57067
25239
47118
15899
43878
16250
41498
37823
53886
14771
32591
53207
15380
29409
49503
60660
24496
14242
45434
54513
65260
23708
35009
29260
16533
4012
10558
38848
63504
35074
46486
23742
11499
42714
16908
4760
44701
19216
23098
21402
34326
21069
51788
25887
14014
25841
64465
54134
13707
6665
6699
47183
42071
8642
18765
46411
31813
18107
21821
42152
14431
22906
43287
3087
16739
19620
51331
20423
56725
18339
639
59559
60969
9098
58620
44254
38045
9851
12509
41255
32359
11558
49601
29837
12004
10835
35661
52886
60960
29287
52774
58163
31182
57933
7210
53004
21544
30303
51467
23150
450
57526
16591
6522
56583
9947
4469
51084
43723
24909
56946
9050
16968
62095
45814
12580
54300
51512
57557
45159
19295
44961
13638
51067
32755
30985
31671
5711
55362
31268
10669
45114
7348
6758
32035
58598
12940
31089
41720
33686
32444
39283
50457
31047
4762
43456
43903
54835
21183
9533
38472
39546
50428
49498
55381
59468
60155
45104
7393
23168
21656
53360
65088
17101
13344
34574
24738
37110
52886
46169
45864
749
38850
1818
21268
3178
12162
53786
10467
11248
9780
49900
3236
4421
57182
39749
16220
53638
10685
29273
50422
45175
61045
16819
27646
61508
17751
30613
9639
60152
23149
3667
20297
44356
39596
10749
3390
23502
15353
12824
59781
4738
38414
65205
15991
6598
34053
54061
61493
43705
44565
12229
57775
10183
17278
8412
19209
17425
32918
18632
32232
16862
34501
35992
54689
48995
51911
25818
41754
43742
31558
18313
32395
46354
23419
31444
65141
40613
6168
9715
58571
43338
59274
6575
59714
189
40518
36602
9737
31024
531
30064
60409
27924
54796
42830
17911
2028
21798
40714
24539
28155
18568
57602
25088
32957
3628
44399
50134
42630
57888
4807
24668
38761
697
58533
49101
59120
18653
5984
52784
1552
52043
53766
19896
41945
52068
51019
45274
62241
6224
45338
60826
13710
58380
29184
18834
56137
22819
18748
35646
2105
23257
53315
16043
27443
21466
63673
12548
51434
30092
23483
1205
61593
60498
31920
17093
64354
14285
28102
62323
5598
34293
56074
45016
6130
46942
56849
53636
59153
44438
11469
52364
48444
18644
24180
1906
61608
13621
21184
3080
35238
15416
17579
12769
7523
48150
5982
971
54846
48961
64659
33205
15769
34687
46996
43023
43659
61969
5364
32892
28932
58236
26371
62980
25617
30397
53475
45550
64420
23573
34796
34913
36638
40949
42421
10499
56216
24312
14721
55611
11793
41515
39564
33963
62390
8448
49100
64167
14516
26541
58130
47913
15969
57965
18641
36182
21633
25266
43673
38227
4456
7814
34932
5276
64528
57988
17248
5219
43779
35880
36520
41939
30586
43567
28679
57354
50600
14952
7252
30787
38864
4672
33387
39779
32152
1979
23912
11603
49267
21743
45356
2523
53420
33158
44127
20980
26453
31214
11146
50906
11244
29770
61935
18132
47084
48120
9006
5400
23871
35199
56873
20504
10923
43811
12551
64503
24991
41883
22078
58156
52028
60459
21652
23785
55000
31655
46724
11446
10672
50284
40877
35884
8992
15719
35672
64516
64515
58992
1107
62502
17664
59224
60784
56401
48895
49412
29406
6120
29972
2837
5299
49326
7563
56490
27935
1180
6304
65513
37571
3298
48772
55692
34467
22606
29619
6189
2853
39927
38496
41112
40407
54059
64672
25594
11517
62204
56777
34263
56842
59537
47535
21589
6496
58731
30107
48497
39963
35294
4852
3420
15374
31285
40049
13499
51424
18938
23986
44639
55231
6580
46315
51409
47931
46094
59538
38794
30581
63768
49441
17479
60993
17345
48306
60405
63948
65370
49102
58289
23999
5525
47674
27242
65150
21319
25732
20858
24278
57199
26140
46884
55734
43798
43216
26516
1782
30472
12159
189
4404
9051
790
17531
13703
33082
38184
5449
9082
65101
53985
14197
7780
18949
24310
31895
63288
52431
63095
1183
7885
17518
64731
27730
55877
3815
11106
38372
56531
29663
57625
5422
43857
47069
50495
20084
4491
14813
5607
51842
25893
44135
64367
37742
22519
58530
48142
54778
19283
61759
4210
52772
9211
40162
36103
55461
4410
44057
34741
47320
60817
20773
61101
22691
64684
1680
17695
44702
61030
45978
56656
9670
60617
2338
14041
4862
6017
45851
26451
41610
28493
53933
8584
45601
64615
41314
20182
23159
12277
35236
30671
58457
9329
13806
37568
52275
39714
50915
10704
6355
35242
20356
12824
59854
60019
38312
48162
12864
63257
30307
57954
57446
42722
57925
240
6008
25113
63333
63
14277
36332
25631
2352
63436
34892
6462
57643
4254
36279
56321
10530
20748
64467
31905
32549
55140
42108
58408
54309
27334
57650
64981
12580
31020
24393
31691
61509
33405
13038
61300
8703
58044
8195
22636
11913
7611
46568
49239
15984
13827
61716
46640
11878
64717
38885
46695
50278
45237
50555
4365
54665
13578
17172
3517
44601
60882
56505
44973
56214
57056
28324
44546
3932
56686
40930
30577
6023
6471
58654
52609
45850
3528
38530
64526
55416
39395
1667
28473
26864
49960
45495
32418
54769
21560
40367
47482
21049
31786
58865
32584
60091
8297
29113
59601
58685
37774
38338
37366
1629
49398
58311
43858
64355
27995
3439
44201
27121
32236
50870
22931
51965
47707
7454
29716
57907
24870
49312
38040
9773
6739
55420
17102
22406
61653
29139
52325
4365
4742
34108
62749
28450
52155
23309
22979
36553
16563
15830
27019
50401
64709
50405
10051
39744
30821
46842
34030
41668
40785
29710
52906
62028
52683
2239
52342
57756
31247
39780
29013
18727
62376
27320
31034
31829
17939
54298
9892
53159
14943
38585
62937
8944
33791
2642
11292
38934
1454
25601
45773
27019
57483
46648
36783
51616
20288
62810
25853
21016
47686
10642
54196
40019
40824
52873
24464
61535
64311
1971
8441
23028
28090
44250
38773
43764
30849
48111
55260
4201
52704
57660
52613
10296
49697
16100
6320
3421
6481
26874
49854
57190
16105
34327
43679
24950
52656
57072
8600
27462
21112
10582
63183
34061
20231
46743
23268
38895
61028
14332
65199
1272
21346
27325
51263
27912
45597
6367
640
49177
51181
11475
63694
55219
50983
45539
13643
12231
48698
8591
39254
16297
12631
54264
12783
20967
30372
25518
48684
47364
35256
30448
36306
23210
12939
3151
13021
11556
63860
62160
53255
56242
59641
42943
2726
43939
32405
23734
11971
40270
33179
59580
7467
19277
34285
4853
23719
50531
55025
9823
772
55041
30454
56593
33
46872
59965
7104
47539
46049
60828
3532
32469
26701
55741
6026
584
31937
56725
16867
40011
413
20461
61664
60496
31160
45380
7514
11929
56812
17425
15282
21285
23502
29001
35860
56778
55712
39487
64691
35010
454
20768
20759
10681
38076
45639
38630
36549
59765
41409
48986
49354
26432
16893
55780
35305
34053
40017
7817
48034
48583
15010
61292
21262
21828
64281
4913
37122
17274
35352
3831
61049
28784
16629
29140
41832
14792
64713
61469
49268
45083
42857
33379
43401
47243
31444
21105
30571
42299
34506
18741
32837
25026
61850
58875
18125
33290
44416
64852
51342
6279
22588
41927
54784
8717
40202
10188
18853
31797
42101
24249
41881
52095
4775
14687
1464
1915
59031
25924
24601
22421
31124
43203
26410
7180
42721
17211
64792
31888
27103
24012
51398
25472
477
57899
60030
30405
14285
47459
19944
45751
19046
27310
65383
55757
39363
28848
26212
1831
56138
42479
5067
35498
2469
18178
7433
3105
19578
62142
61266
41567
44553
61244
23212
48853
46685
64860
42182
3991
62459
36688
52603
25199
33057
49423
31439
39793
17543
24822
5895
64771
21273
46331
61273
42338
58015
40792
17659
13633
6584
7744
2459
2393
24435
38667
33928
20776
3464
24517
12231
15752
42100
18115
55854
36504
26540
24606
64214
61709
50713
37994
26706
59551
27676
64089
258
55140
45390
15323
12127
63295
10169
51431
10851
47977
14227
10959
46210
30376
59518
14152
25953
60458
34579
59816
65514
58445
1065
59537
62701
55238
53217
9063
12853
33034
45338
29461
8956
32144
55430
64140
38885
6158
13997
33524
60984
13481
47966
35320
12949
17651
53483
46049
33179
32331
46401
36372
2037
5739
38857
3070
16377
39304
41005
18214
58623
40471
61587
61929
16781
56451
10006
57705
61790
6225
15715
21243
46291
36226
17828
39304
64845
39743
52875
6917
41899
8943
23416
7933
20377
113
59689
31329
50554
21894
60968
7331
65336
23875
64674
44587
33748
2403
51412
14718
16339
58361
50326
3384
61386
57635
19562
46503
5342
3808
35166
4287
6409
20328
65507
41413
55438
22488
26113
45335
14337
36053
61101
29045
28533
57540
24573
44188
24120
25295
20270
14711
50914
48646
61838
9598
31217
48589
4171
58494
20276
34368
16732
42322
41426
54388
34823
61139
24142
31383
418
19857
36955
54648
27033
31973
38268
53092
62230
41912
43058
58783
3011
36290
7685
12736
50526
32340
27794
55190
7274
59704
38393
37923
44114
32224
42398
45873
10137
17142
1146
43734
7937
64033
36958
31806
22043
10569
18588
46813
27297
34235
60270
62783
20184
65434
47998
36627
22180
10771
40863
39642
17789
28685
55034
20624
56713
12810
11961
58718
6491
16926
36090
48269
26673
30892
62535
44509
41468
62766
38414
56195
37790
5928
53526
20018
32947
4247
7724
60587
43752
33946
17084
14007
35978
32258
52619
60570
50895
43421
8201
10616
52623
60615
13032
16545
64402
25097
20587
18035
20236
961
50526
32030
24083
46318
56278
5038
60767
8266
16467
55313
9376
46431
17209
5749
39581
24929
14817
15308
12746
2657
64558
11398
48041
39259
56700
31651
18307
58272
30091
46753
21421
41445
28835
35321
26879
13687
34795
26016
7543
43666
64751
13235
29234
32703
41606
56715
2037
50684
44795
55691
21212
40769
29577
22721
63463
43247
46674
15194
30143
23193
25626
40774
15735
51912
1641
59566
19056
42884
29177
28297
40335
23839
64522
40031
27035
20428
21248
27671
15029
64268
59799
3695
15916
36826
47067
33932
20725
50473
44807
53129
30688
18846
36130
35138
49051
60268
42006
623
52211
54855
43227
19803
20328
9966
21478
5359
43693
44930
44919
65516
42602
27785
26253
45959
48605
48456
48922
25013
20773
57875
50901
42880
11621
23821
3825
9599
37137
47022
48236
53084
4086
1089
15172
3753
14204
63050
48798
34065
14764
5598
17244
38665
57122
58911
8505
54249
27708
49294
40818
44445
8467
56419
36497
31960
38607
51137
57599
14892
50599
30702
32148
7798
31084
46365
40837
6868
46309
23963
64518
9246
24806
45381
6503
63745
19601
6883
2312
40257
30225
18588
50976
10755
3059
42570
13970
47386
36295
8107
53243
3152
37671
4920
2917
53404
61309
42445
19103
11866
62008
43787
19837
54154
8086
51002
145
21253
29536
29330
48054
19154
34382
4907
64682
45361
46162
11758
15848
52799
63061
9506
8032
7722
38457
27105
7827
50152
56031
15977
10607
57318
8011
60545
44271
6152
2423
55312
54269
44219
623
23584
42488
42317
48800
17257
32547
59532
40860
57612
526
8327
25376
9345
38874
20858
14184
18459
7196
30907
22351
19510
4496
58481
62571
45101
44475
54755
36942
16236
22964
9379
31303
46537
45234
63327
54956
35150
50180
65047
53274
52180
47948
8986
57356
8656
28651
45484
29093
34624
57897
64466
7106
42015
47886
16444
62321
29679
56299
36279
51331
58732
35212
37097
53852
14875
47363
9609
61278
37983
53637
55811
28834
62874
58524
56916
55669
30232
25855
49703
55341
51299
60174
25533
59218
7822
29054
28069
5628
46369
21062
6593
41980
4257
13898
3189
2613
3269
20786
61095
54962
40662
40808
18443
49696
31422
30305
56317
45719
47862
23819
18446
32917
11169
16157
9583
49183
1799
11325
63332
37274
25743
41829
7412
5458
54211
51235
24016
22874
10557
53849
30879
44564
37257
19027
36593
26715
52449
54289
30455
31807
18088
8936
33135
4494
24925
5989
54252
37453
42375
61989
36036
55449
22160
21648
39358
27543
17462
62231
20788
15815
22995
6000
23392
28858
11979
16774
54057
37272
32013
18696
35431
9296
20279
31779
39593
60822
34760
38742
46973
6540
63263
9900
65227
42678
45593
2089
20294
64074
38886
27858
34409
63476
219
65227
5868
54418
8469
32292
33387
3875
50566
34001
59055
60076
30606
3454
20078
31803
56698
17029
22873
1513
34278
50563
11328
23229
2692
21305
12544
63501
42678
56725
22554
2147
11059
62441
40264
42826
20464
37372
27820
26691
49781
49010
17352
28779
22353
10196
4633
25169
1013
822
64340
65385
35157
48490
51823
4782
6484
60265
51920
46625
60021
46949
12702
11388
60415
55188
21050
30539
17283
9840
46672
17901
34347
34726
44450
22478
4872
29050
37997
30493
57438
48206
61724
29061
52236
46896
37691
47377
4047
283
54414
64067
7962
53698
13073
60971
26681
33220
2442
34637
15180
27103
55900
11992
32289
35382
3329
45365
19693
29132
16633
39788
37147
61645
57533
4380
19943
25275
63778
40635
8059
12945
7683
33512
47761
64908
17202
34038
53656
41336
16165
22180
2225
42063
27522
50219
16598
50207
64532
34709
39247
58681
45496
38228
24635
17917
45445
45355
19683
64353
32144
5698
2127
24009
49039
35237
22771
26537
46845
60190
11910
31105
65020
19659
47038
59346
21282
18784
3025
64505
44632
53453
19163
39196
36300
29121
22830
58566
25587
31830
47343
29502
16061
47030
36821
32315
10614
9773
24635
24853
60551
335
40373
54607
31576
28638
19106
61684
50690
51311
19819
24725
7951
13255
6342
28477
24386
26280
2445
55117
14755
13625
43219
35690
35782
35123
55400
11024
61273
42954
33649
25257
51398
34267
65511
58853
50716
3704
59177
4976
27857
56071
62935
22777
20592
20512
36055
8861
36219
41549
25424
16120
43152
48064
55850
23311
55138
65370
6080
17946
22878
39230
59024
12917
34716
54597
1365
6224
7162
46900
59429
16055
7383
44421
36452
44048
19738
32745
23906
14961
13332
298
15208
33805
8272
50665
17910
25955
23223
22819
46810
63140
49189
20554
59073
46958
135
60076
33878
53042
48446
27455
61181
10546
13662
16156
4280
44739
23753
7816
61212
38105
10075
6490
10363
43582
21185
39860
43924
21422
44291
50025
21443
51553
21512
34691
2590
60828
43667
51407
27071
57783
54828
27006
41653
24639
29457
9053
40820
63358
39989
3464
59843
51680
55738
37648
4019
2860
61746
13186
49251
40938
28822
53034
46876
46634
38658
2326
19655
23060
55357
32175
26061
19829
13792
45429
48631
7738
26817
9429
28756
30573
20450
56244
14384
11437
10987
44151
20774
53145
9875
37999
42596
17326
15543
63727
21883
47350
27757
46346
24133
34427
31443
44679
2523
2390
33232
49527
60151
56380
20836
15083
20118
26731
30241
49450
60118
18520
64262
64282
15814
4889
16733
18500
39912
41402
46840
60724
38422
45109
7540
25733
61390
62295
25055
21023
14424
15905
3941
26543
23535
42594
18345
24014
3905
18252
26477
51148
49865
62381
51430
63707
11869
16561
14272
45739
21845
40480
37403
32329
11744
51131
14240
14647
47786
15579
58160
177
30051
45822
63442
41386
31139
61266
1980
32486
31996
7563
5792
39722
54657
61039
57694
54356
20506
5673
50034
46934
52831
32522
24883
2713
42806
59641
60188
65385
2779
40874
60755
551
41872
57219
45759
9074
10458
7563
61328
11309
2982
22752
43904
55276
18185
42789
49106
39988
18834
36562
30970
60121
32739
37385
61295
10064
33682
42834
5644
44778
52231
52076
21076
10964
44171
44341
16573
24407
26905
42138
25599
49986
54853
2555
41342
31221
6361
30295
54827
25043
40528
18079
36459
38634
49371
43887
26324
63884
3795
48419
5823
63407
8470
60681
48701
40026
62089
16169
59164
56959
55805
65220
58840
39044
3520
800
14307
34353
48495
52499
20275
40912
15047
4021
25126
50001
33903
12170
11905
59035
49737
37538
60828
6288
13479
15101
61022
12560
64057
51605
3910
11581
13056
61820
14682
50290
24747
34717
62219
51193
40055
47982
41769
21643
35218
19063
48560
39774
60103
18885
9176
31696
49181
19692
42216
49510
6790
58567
18296
46678
5369
44074
34966
28413
1143
23990
34906
49660
39142
5167
38968
28412
16470
60684
52549
29209
4351
36036
38867
46977
26328
21021
11094
37574
28471
24554
8693
64902
45706
20818
55189
57321
38087
44894
13189
26120
16131
557
57274
3156
37875
41837
8009
23284
23770
45565
141
35918
31466
10966
15562
19991
31498
7839
42170
51689
38418
19747
32207
8667
23754
4059
29805
14273
36583
48457
30671
28118
15141
63236
58635
43979
35354
10263
45297
25681
34171
24179
13016
57396
6262
61193
50484
30847
15607
39057
47450
29808
3160
35169
27902
58902
12279
39754
19476
16739
32854
11198
65289
35795
18395
3015
23912
63599
32723
50903
55480
19554
48179
48919
50949
41653
23073
3737
14558
1607
58214
13731
51748
3423
29596
17852
16846
38809
41019
21295
22321
9822
31749
55788
17859
38045
44023
23534
12304
7251
40554
23793
41644
32958
308
6144
10627
26838
19337
6116
50967
57917
1646
37654
52614
48074
5295
44205
35064
54269
53993
60930
59991
63299
38944
65516
23705
59539
43860
49998
37401
52169
63416
32744
10874
25874
40921
14406
53521
59992
24320
41359
23301
57395
23387
44689
42799
54644
42568
7016
27493
40720
53963
14229
39065
57497
23834
10669
6728
15376
12119
15621
14975
37789
29636
23653
34833
25823
44738
26532
4105
47877
15536
55935
37098
32456
38728
15580
12331
20350
2280
33629
21921
38650
45834
46662
31328
9542
37154
47200
20570
25065
46009
16830
2928
3877
19140
58873
30666
41302
37121
33335
7077
30775
37943
31296
32839
41854
30976
44114
62684
11250
3851
41800
39059
5225
675
11502
28316
12662
57459
62202
22201
41708
63504
44263
50965
42993
60448
61715
38810
48467
58025
4458
62236
12074
33742
60664
42504
1774
1008
60826
4832
14179
51010
31312
60764
29710
38305
65335
52489
39458
11267
8618
11303
45631
57089
52450
23589
250
14641
36238
27783
18417
2789
30049
52705
31792
64453
22408
23614
59632
46443
10102
63131
42393
349
62793
8722
25445
59839
41364
14699
54504
50436
33681
53000
36341
53954
60466
35151
31387
49494
13970
59949
48251
39244
1263
1234
24431
15267
18149
18739
8663
50883
37569
27331
44199
7489
47129
65522
3046
4740
42339
58011
62483
14435
64492
9472
62615
52447
32762
28621
48011
25099
25633
15385
19769
41196
1080
39960
20103
46568
21006
16587
48656
15668
13267
25089
52291
27358
48252
14769
3372
53390
44699
4652
20544
31251
48382
60941
11377
40721
39807
36570
49094
23986
43427
65507
16593
6327
39314
51420
15640
20074
17607
48743
29061
43772
27406
57549
18934
47564
2182
59391
44637
55268
29097
4498
29495
63627
23342
22600
38736
64578
63515
17230
4688
51963
28037
15370
27053
33014
7995
34505
2273
55484
5016
31514
56875
669
60222
32754
15802
43511
54434
59123
54064
3948
15507
23465
21795
62627
18627
46833
17623
58457
46626
47983
60999
43513
12287
39314
30926
19905
23238
38178
5801
10200
2259
51037
57732
14189
211
53168
18580
52626
35645
4538
52458
35282
38052
34976
49187
43724
59511
26396
5461
10512
37032
59597
922
65097
3663
52674
58483
587
7600
59595
8944
8690
25374
48461
9999
25685
8108
23847
594
39920
56731
60950
27037
25857
26102
12627
797
55857
13433
1680
62465
30262
2517
7009
55987
19244
18263
63096
46972
2562
32512
40107
63232
32618
48887
31717
2933
55985
12883
42075
2693
50182
3607
64818
58074
26924
21972
24799
11099
587
20320
51896
41232
40942
43512
65428
16087
48876
10307
28805
38013
1680
49850
53832
58968
38365
13837
14636
48650
56863
24624
32705
26855
33246
18383
10125
23599
39816
18166
36882
36298
21056
63916
30833
36509
58252
5642
2955
51972
16769
40380
35795
1057
20846
60880
26336
62492
21060
59052
30532
18781
60332
45714
11579
14901
51663
45092
57987
61787
7900
2655
51858
51646
1755
25123
4400
43308
23666
65514
60840
8766
10878
34545
23020
14458
41377
46365
18313
38478
29871
39834
44234
62632
56608
21629
14676
33348
23567
48973
38451
19739
30615
21591
15565
59500
45478
64915
60909
50945
14671
8841
20296
61700
25562
58719
11513
1475
27113
52378
36976
7805
5506
51692
45572
2608
5650
59645
49862
61791
57983
2859
57716
59663
54672
14479
64083
60807
63044
32288
37741
46292
53576
60001
29806
54608
42932
58589
1017
16537
39410
60343
21071
10518
15679
5173
53865
34900
35430
1429
40264
5459
2568
27542
22797
56658
31159
17368
62473
350
39559
25253
4948
60392
27406
64431
46754
20481
55700
34519
11748
49671
15893
54740
9208
21732
13565
11122
7327
47270
57140
38152
14537
58616
43485
12829
2903
16049
62245
51297
6240
59666
42358
14981
30118
50510
6558
18526
47337
38076
57262
21705
15347
46714
18851
26497
51338
61339
59415
35535
25789
33349
64063
58069
22096
6275
18755
62816
55368
3472
36524
5830
13241
25922
32861
10121
55610
22703
48983
39362
49046
54762
6087
40059
13990
15154
37778
58713
44590
23722
2771
53038
20169
10306
54105
31720
42996
29293
9808
41292
26593
25833
64300
26362
61357
39147
39769
26669
59729
40117
56272
14928
44548
35583
43913
14929
31250
35918
23577
57323
18764
44225
31360
34200
22867
8200
30263
31584
39301
41757
9751
39292
53035
23478
6763
48144
59378
23811
55800
21584
31800
30001
52213
1272
33325
3408
51545
56902
5430
21354
30366
52629
30154
64596
54652
7522
43351
63747
14554
50892
60752
27582
21939
65497
57360
693
40595
32761
33750
35918
60638
3590
39116
59970
9664
64014
17601
17620
42323
3894
12665
65224
13269
19760
63909
32365
3625
41505
50597
44271
7960
38740
25394
49068
20118
46574
48802
64643
3259
59589
62744
40020
49585
60787
21020
23508
55247
27964
27688
22652
520
44123
60505
58401
49643
28682
34336
23722
18383
22530
36855
64531
46015
38340
9686
23801
64520
52512
59185
3962
15038
60280
15186
53440
46311
2344
46982
39826
18867
22987
25748
49695
15064
49472
29900
5410
44038
7415
55820
32564
31976
15922
36783
30176
33469
4391
52492
18192
43689
10593
913
2998
10478
1635
15092
41739
35088
6375
21656
13708
31834
21422
45128
13684
61786
57834
6675
29098
9555
58143
32505
57255
13449
18622
64049
32065
60379
28504
58467
26956
61908
50454
1154
63775
40855
51265
21471
56550
60191
20259
25791
7445
19976
6465
42959
6003
2838
61859
62380
55420
11958
50896
13397
5069
31137
62708
49008
35910
34026
48237
3484
30802
38672
40480
25372
17751
5143
23411
8827
50911
59620
23728
23376
11684
19622
20756
41298
25525
28874
34030
28604
3234
34503
19521
63221
31952
65193
57253
57539
4534
27638
26101
43368
63511
14003
12608
622
42855
36938
62097
27995
62009
58619
23714
8338
27993
28807
17698
57896
13721
65286
46710
40492
17707
21565
13179
20922
22792
21444
11309
3689
54042
41408
3610
57246
16436
22227
26444
16813
10911
11585
55092
40420
32867
21056
2471
62986
27636
20916
51152
63433
25961
51363
7333
59590
41127
2325
26683
52851
21423
8249
24033
49509
61689
23457
26321
43555
20186
3153
43227
20320
22126
12795
13292
58632
42772
56794
16120
30619
33183
6436
40224
28101
60655
160
32215
35504
57507
40862
39651
21466
40906
47837
9764
51956
57767
8339
30144
19204
38741
23720
22275
63517
42444
61553
8902
38237
52631
16604
47314
62601
19321
29454
56559
20633
3571
42114
29288
9504
20766
1391
6891
3855
59327
45968
44907
49427
60938
54673
16801
6940
37649
35967
19294
18617
9869
29932
62152
58253
40784
46688
48102
21616
37145
53865
28605
4113
50273
36816
27506
19556
60595
48219
558
39843
42325
23625
43117
46346
47427
40199
9298
7978
12209
31205
5473
54973
63897
26857
46671
19500
64055
36484
65434
37602
29323
60413
18567
63862
4166
63314
56006
15057
60212
36401
41128
30491
5151
25934
21952
48943
20517
42163
51968
49542
21903
36294
18127
9900
27545
45562
38164
49501
15236
13401
29789
26426
40073
16853
41974
56107
29882
21779
27641
65213
57800
11242
49720
27711
3039
52682
17172
17058
23772
48558
58565
52116
17783
31669
33459
63565
34640
57126
17794
7871
42509
49864
62572
42411
15935
44395
21061
31285
50301
57713
35788
42461
57804
59962
43923
5788
64096
14852
61471
4399
8394
59282
46105
24157
16207
9849
6476
33472
24981
44785
38452
14659
50542
17283
59386
59599
52895
14753
18987
30589
17226
28676
49351
38971
14761
1936
27304
28045
25005
2886
54133
57788
46787
49219
19396
48863
38373
2314
21562
23972
35418
41412
31663
64753
7811
24283
8813
23920
37778
63762
48522
49137
28390
50567
39558
6343
33558
31671
46787
29580
45182
19701
39426
11768
49290
7723
13961
61354
34594
2289
13588
32275
64092
3977
12207
31013
55095
48717
56140
4218
43797
43875
63998
33340
20531
52994
32598
33656
12893
31582
40629
31846
42922
27415
43504
40325
47519
2861
42701
35846
89
26167
20537
59200
1589
29834
58891
27411
26357
29330
30126
51006
30667
2408
15603
12608
64389
30042
17845
55650
13894
8185
20948
55925
53871
32921
2209
30740
7222
9625
5468
44075
44293
44094
33544
56394
23231
39370
45163
41724
23836
6653
13592
31748
51450
2540
43531
44716
59486
41394
26731
33839
40575
17944
32277
23912
64519
32062
1530
64815
55632
14249
42861
40214
28244
3170
1763
54747
34300
42243
22857
17375
33599
19077
38791
2899
31253
5654
41193
16799
25719
13288
28178
63402
45906
5732
18533
36899
22539
4322
20303
16290
1736
9821
60232
13980
1673
24853
13372
27282
46927
59054
37133
48536
1287
33524
13610
61550
9463
47705
103
42208
20678
37370
62925
48416
47300
54539
11935
20117
8379
37008
49668
16230
64786
25895
32928
34432
38635
7600
44413
36826
16190
2092
53655
5587
28584
31733
42351
14346
30929
24053
1551
25157
17256
53933
29774
63852
31219
40898
28631
18234
52820
43316
25089
10465
29520
61372
42292
34879
24647
31172
30384
18490
64343
13029
58123
61119
21592
5090
30237
55366
20340
59622
15098
44069
55506
8293
22302
58473
49967
50011
46482
14326
51790
30329
27876
23705
21219
28785
26213
3816
42376
57838
36607
18495
45410
42100
29789
30879
35563
47244
43046
33754
7737
26193
57529
38459
37569
30922
6531
14713
51921
34466
12763
17430
37707
3302
37112
58649
27546
11077
35587
12832
63363
40554
1703
11835
42761
28329
53576
56747
19844
13561
2707
16767
38522
40198
5374
61844
1139
23143
2142
20724
47483
9559
36838
8377
23935
39753
45249
38846
2702
9943
28204
21694
40686
47877
11645
29549
22077
42014
25793
37862
20510
62603
55070
3546
47472
36027
12774
49049
2037
49204
27633
3297
10644
11774
32881
53292
16783
33758
64590
43466
2840
32796
28053
49612
40929
16562
36828
1492
37275
52077
30770
19983
18687
21380
27041
61509
661
63902
14289
49551
11442
18341
47160
9516
63171
17823
26958
47405
45070
22265
33342
14227
5096
25413
10309
17181
52486
62462
2063
13481
10035
20816
45405
14341
43690
20638
15411
2085
4952
19013
29699
36362
54356
26653
13923
42251
20632
23679
55787
19820
56759
21326
47883
11231
59014
58254
45711
33073
60062
59492
29293
370
44494
41473
52075
24242
38546
45414
9436
22398
17970
24781
11787
41282
47650
23927
55834
32391
48804
23754
12198
49220
36354
46608
48225
34876
20138
65040
23254
54364
12344
36315
42857
15809
60908
55785
37683
4370
42577
56117
65437
21637
40075
45634
36899
14845
12441
29391
22449
15670
46612
55796
31712
11197
64443
4538
50267
31847
17092
7573
17192
65184
41932
32556
24176
60879
22935
56372
63125
8473
51180
34225
13426
19866
19243
35512
19952
64212
26439
37064
53577
50971
41751
39719
54970
29470
23949
25897
36194
8666
62120
39434
43106
51975
33501
8948
9444
34665
20950
59832
31019
50710
59891
1601
9070
53828
51775
58612
15231
28464
56895
22029
7405
48399
32175
55807
58231
54510
16106
60325
8227
32402
62449
61586
41070
3406
47412
59509
50684
56869
23044
19406
30931
18570
59956
48107
49992
11829
60926
32116
9651
46193
45262
16361
50216
30524
50922
3609
12244
62076
37774
47711
5878
10703
52288
38438
8050
52927
49476
65267
22344
50010
14931
64880
29279
16277
34882
34834
32252
45744
19288
37308
32072
3139
38757
45710
7165
57637
30225
30053
14965
16677
35558
3564
56632
56519
65056
26400
48775
15452
27577
38773
55633
10452
24366
43851
29223
51454
52511
31990
28034
51446
14594
34979
23281
25973
7925
35166
58803
62112
14499
35328
18135
61654
4487
45230
48017
14860
54143
52891
60780
42112
48602
56849
62631
47465
28503
27329
6028
17996
60063
62367
50804
2155
10931
30440
2113
3828
56624
43140
54721
58872
11606
47395
52013
29072
32272
22596
64399
55551
11520
61668
42280
23407
27366
42047
48285
37286
42861
22788
65245
48368
63221
58619
11810
35208
59880
15617
8184
24025
41067
7504
63202
39865
25075
40940
22387
56066
62254
64911
61055
33155
57911
25496
50761
29854
35129
40968
23071
13891
34705
17904
27260
57019
29503
62654
12228
51263
57490
52672
49659
11621
34531
2070
30575
1890
10946
236
12573
23793
38343
14791
33263
59477
58498
27480
29337
5318
12559
38225
39193
38376
18864
1472
51185
29425
49600
45329
29860
53943
26812
10137
53620
15621
45944
37235
41218
63008
47103
5636
16002
54716
15634
28001
36813
48104
23720
40597
46976
20626
11873
33810
55406
51425
45661
26751
51803
13061
56174
8800
60690
9013
43457
28529
20974
10247
43195
7767
42667
25847
53754
53669
24855
44984
35037
47238
22303
61412
57677
40271
59110
62931
59078
54591
15715
32686
40390
41688
15495
47275
59117
22698
64077
9434
48185
59699
15811
32346
46463
62846
41221
10847
61704
4630
46907
64189
35683
20364
33558
35184
25387
36157
14933
26561
39778
34883
13743
22605
44592
25532
7028
17017
27567
13430
53939
16435
10061
43905
19660
46784
47200
6998
32818
15087
17192
15612
21688
11976
24432
14981
64161
11067
34971
45702
48098
53157
28324
30823
3191
57723
23874
49632
29457
10084
13257
26976
60634
45435
58076
8238
38247
47784
48918
29709
62141
51110
59655
62520
39701
57863
16496
10510
1287
15519
64036
43181
57976
30419
41594
46235
11596
22469
37629
4496
42406
5867
15489
17971
27714
65094
62756
26454
4857
6744
57429
629
37770
25872
12453
32926
26500
7547
36717
50259
22
5189
37727
35196
16383
45694
35781
19958
49065
19051
11914
44008
4189
60878
18163
4380
18649
56103
60932
21200
29539
55693
44416
36014
15781
55548
14722
64122
23000
42407
48171
44301
51606
54886
29507
11839
8338
59375
9992
1943
53250
54549
43452
34657
43934
26131
43270
37730
28512
29603
58155
62340
59465
60686
13776
38035
16742
57992
65398
65184
32403
43745
28801
53853
61264
7258
1251
15676
55027
13157
37419
56525
65501
63396
30189
28635
52912
19761
20294
32537
35148
30560
10553
10929
29303
3873
47226
14442
4706
37352
39478
21291
13472
54554
54308
47383
21560
55879
4772
41949
34024
49890
19740
56414
12131
46198
35701
235
50917
24423
857
40051
11800
556
50411
30545
19204
56485
30022
39242
55515
23461
58595
23124
55159
17641
26760
17813
28752
43603
45655
20010
5964
11670
44256
3259
40485
42278
2361
40382
53802
31205
5081
39968
2341
42841
27952
16333
33423
34631
29504
15824
21619
5285
35752
15020
15077
51700
63873
44788
4813
23885
27516
46168
4199
18928
1266
4370
64889
53794
45034
47242
51027
31897
57267
10834
23545
35986
62714
10370
39080
23819
24385
10972
7238
38001
23674
46340
8941
31513
50250
27591
31305
24673
64875
34846
24683
62886
55349
47149
29027
20163
1633
50120
24047
61517
44169
25201
50453
10476
22704
47826
39887
37949
83
44027
45142
7490
43653
41090
16216
53680
21823
48216
495
61012
21774
37165
60735
30189
17464
9150
53395
27131
46098
36839
41911
54169
17571
30133
53972
5320
16734
60428
47706
57523
44993
65243
30341
11137
29338
7766
7694
10043
35288
10424
32092
12335
11656
17367
36624
52447
44864
26610
34900
7484
23064
4040
35048
18534
9788
49240
58582
24992
9415
43164
58972
25731
5082
42457
46785
46403
29512
8281
52216
17723
37304
54663
22564
54625
41236
58448
10808
30162
63412
50857
51701
37769
29843
64054
34410
33103
24485
63359
7153
21100
2145
34862
43543
54891
7100
4546
28874
17816
21023
62268
8885
5335
30500
1129
4254
49964
38100
36775
3828
9594
41260
63570
6759
48036
55669
52746
33797
51117
15424
23708
29009
5926
39506
58372
39794
31714
6889
53862
46574
64055
29091
16691
21842
9733
39838
9482
37911
12986
45711
36304
45040
61543
56663
34315
34732
33978
21635
19404
29844
2793
5350
3602
10247
5028
54451
62012
16133
27955
32250
23265
45695
33297
10471
26643
4069
26694
36037
24629
57347
52369
55795
31981
7414
7372
53407
44804
7138
7550
60101
40987
57110
19328
38207
8080
30384
17878
34095
59442
64353
56613
38850
23932
61394
37811
31591
32612
47278
39749
19667
58831
17893
17000
25299
25097
41869
56652
26188
5837
42901
19940
31040
29121
63712
52600
64055
1204
33695
47303
34677
27285
11294
45537
25531
27379
49607
52408
55579
7535
61781
11342
17342
6827
45482
1792
57350
45500
25068
51181
37222
46955
2606
25774
8298
54735
51264
42303
39265
56810
40290
26729
37073
53369
30629
32874
50360
5161
18471
63408
20659
30496
23694
7265
9773
38132
33740
34571
46427
3286
15529
64586
18158
34998
61017
8291
27621
51480
36483
24629
63
1271
48312
49995
56025
42264
65120
18998
65458
14001
50980
25966
37671
47795
23836
6549
62407
64538
41689
64093
26787
10970
56982
43686
9465
57021
57548
36151
47564
60613
58811
17653
6667
53900
32488
63458
38183
46835
30283
63329
11960
455
36313
29287
51727
56297
45820
31651
29543
10222
30391
8247
10963
22906
26886
58311
8255
63629
33457
54281
12863
13847
14898
58801
8255
45226
1611
10582
57625
49711
32357
6383
53183
5105
31468
36631
23215
52890
17663
5172
61740
10069
486
28356
23919
28846
63501
13778
57767
40376
39841
62971
53017
47359
33013
19070
1666
11293
25293
58177
59970
12338
46613
49731
36915
11971
63509
43462
39008
11007
57051
29162
63765
33100
56503
48113
44015
6056
31675
9282
64409
65471
15751
21164
35544
36595
47249
54928
14029
64132
33355
43893
34588
49081
12566
57135
53237
49857
19895
39708
26754
48800
50999
58295
42297
14208
56
35569
18232
18706
20522
7897
47177
64635
57391
8236
47123
8667
48726
52315
46488
22212
47769
30446
30350
62885
58767
13130
3982
25422
11579
15587
19673
41643
26261
63696
4889
17252
10961
25956
49131
32045
62159
43670
53658
24544
4734
56413
21886
820
41997
21136
44451
40750
26508
13645
48446
26951
61325
7353
8945
52127
27643
10430
42827
2897
4767
46369
910
31269
61164
15629
24070
52260
30840
628
13632
54986
38631
38505
34098
65471
47689
13587
14343
38929
58843
47135
24373
39983
44286
20974
5693
34864
11700
49321
50859
9534
14715
59180
7000
60069
47358
49200
5071
27989
61029
8878
21181
46903
61198
36329
6983
41981
11322
49668
8376
15006
38401
21360
63695
24957
24326
14618
29476
50427
37340
18673
32983
43381
41954
10912
26781
10748
41660
60730
56503
42059
27594
8048
14492
26068
10611
10961
47634
35665
36060
1154
37343
594
49379
57847
48694
53532
6686
16941
28272
56933
41561
55394
64433
40144
47288
16144
62015
11972
48253
43049
55406
50754
33324
57373
9533
3211
31529
42478
51869
52155
39677
15571
3326
53470
49848
2795
45131
59923
42228
49056
45836
35204
23241
30030
48529
62608
9412
44601
16109
63584
55168
7495
55364
52338
48623
16648
23690
33100
36205
42839
23328
11985
40106
25931
24701
32345
46443
23230
23295
1408
10059
31039
53430
15236
53581
51530
13983
12508
37229
49543
63502
25748
27607
4034
5176
54989
4923
30770
3969
65278
2644
12011
52460
15891
61301
55791
53441
28685
22741
10640
41359
50302
27988
33575
13694
64790
20099
58754
64705
20759
11019
64820
5199
46271
30118
36115
1894
58490
865
18416
49614
21123
11306
20805
60892
48924
31884
5916
7976
5007
21588
57393
10502
37995
44039
32989
45115
64439
49839
17507
3462
4235
9144
18635
40440
54652
19997
42217
61839
33167
61882
16305
11031
23560
3939
63766
52313
14228
62131
13289
36013
20541
64412
59480
20497
31270
60581
35105
64345
646
16340
12035
24875
53866
58913
27300
16678
43725
63433
15077
27220
7687
5214
45658
476
11749
65192
23173
6149
52805
50527
2675
41828
13580
30422
11834
9748
56271
36999
50119
6232
40569
19564
24998
15208
37194
1605
34146
52820
40109
47733
52404
50329
45940
23925
10310
36752
17180
32409
37146
32890
16591
40093
51846
60405
33262
29315
64643
45518
6039
21543
39177
6607
44972
31189
18124
14618
26424
47762
27084
35599
34833
12073
48370
15079
18510
36564
6542
31716
54586
28979
11200
55392
27782
13562
41848
3388
12505
22446
42511
53633
28081
12137
47661
60641
18525
28759
62171
3589
6933
8581
10936
42936
49632
64747
60247
59624
45059
11239
5236
48741
53440
49584
28033
65296
65231
24568
55204
24660
37587
19011
12593
48680
23043
44314
63470
21787
59508
57214
28069
39968
35280
33110
48965
12287
32024
54960
53665
57353
32150
41658
32948
24650
24317
32754
13039
41019
17222
1743
24859
9849
37989
59320
29253
25813
10199
57485
54004
7998
46463
19003
62721
22179
149
11798
23950
10906
9893
31252
63768
31277
26286
13945
64341
29176
39755
35098
27226
27061
46457
30252
8563
32033
4509
13609
19113
44108
34746
20154
27412
3108
48288
9999
8700
26573
34296
16583
1274
42308
26938
32198
14704
60636
9207
5202
56610
43755
5014
27278
35067
55923
54082
40613
53001
27957
39639
61295
26529
38858
29583
16032
37792
21033
43363
5877
36053
59590
11154
55728
13958
37390
62726
65365
15653
41293
62522
7736
34899
16432
10748
10184
58379
21331
3073
20106
22777
20368
27738
64489
53809
25457
1097
5500
50755
61045
35398
19309
10200
13562
23308
24250
34981
9929
32743
60538
32149
14402
32562
59005
21367
25633
42387
21628
46611
26481
48290
2006
21957
31085
2670
15592
41452
45566
29480
60551
19528
30837
25986
57726
61817
55281
55241
41046
24214
34251
59508
27217
61348
58816
39699
21233
36924
39191
16519
2194
37672
41737
41272
41576
31850
22650
62091
31821
41731
47408
46849
48789
59621
2441
41091
50662
51800
8218
29131
30518
28470
2934
45035
8154
8546
4685
55230
55992
34207
1060
4205
44536
59785
20444
8899
19273
11281
8579
58258
64865
40107
14667
49110
65432
48545
34997
53349
32049
37706
139
57894
15555
38926
52174
44475
3958
25800
50799
55515
33355
24126
35604
57162
19352
54869
23143
12133
17503
13794
51992
8052
63073
18326
29014
47988
45249
29349
25940
12912
35039
24954
60165
6178
12123
54267
21807
54269
60393
7538
11678
47326
65332
8201
15992
5452
6620
3865
63937
55973
45249
52162
57754
4852
2345
53335
15364
20160
55175
39656
55268
19466
16425
9135
40197
53093
61649
49098
26694
48141
38317
48518
10686
15957
48241
11292
17053
10482
17875
50502
58804
57518
18309
65421
13628
1977
21815
41352
5614
3856
54153
33025
45885
48409
13572
23404
40098
24501
35602
55091
50063
39932
25802
29561
52302
35578
16064
59119
29123
31409
25240
31940
44586
64923
29719
62462
36437
52775
13098
46444
58063
18173
910
21436
51874
55249
46529
12823
27344
59597
15168
49254
19465
45205
64686
24221
43446
46053
4422
36891
57882
835
8021
57778
8574
38812
34803
53822
34510
49848
50707
35677
42638
27942
8993
16769
60961
7706
40316
14345
43488
11295
49704
62113
50839
26896
43602
61296
8753
15774
7017
38157
23065
45513
9955
59490
7248
6323
12423
51058
9923
7586
44341
23885
64046
46383
44531
44457
48562
1319
61600
22514
36764
53546
13636
2574
40794
39721
60605
61495
13865
54821
48852
57175
14471
5591
57664
45020
18632
9538
37909
378
22839
12207
54507
47303
27965
24458
9707
13535
40889
14955
36680
18553
42553
10294
58850
18702
21324
6538
25709
57677
43121
26348
29536
3837
61648
31865
23065
8597
1680
23983
52927
55592
56439
57479
38139
23685
159
25662
53771
22350
63535
41684
26554
50969
53169
25319
5249
37852
1631
38391
17943
852
64095
58896
57552
42201
36477
53319
9189
41974
56305
8210
17460
47146
63236
20974
30293
4576
2886
17418
5636
23068
50202
21159
11290
8355
43180
40814
55237
9927
44602
28685
31034
23506
24369
10016
50740
59268
30026
1091
46396
30802
50786
61084
34488
34571
39525
44216
63496
59334
40253
43777
10193
57414
7492
25994
47616
17546
12662
16621
48740
16237
51632
2653
60203
35641
52358
55165
55656
31271
44256
50665
42433
55932
25759
47502
50190
34775
27682
4064
60425
49278
64227
62106
44001
37807
9014
55614
55435
5274
43111
41232
20512
5679
52272
54253
9210
7372
42605
39053
6264
19184
63354
65211
53261
27360
36966
48059
33143
54495
62219
12006
27743
22272
50235
7138
46682
65087
55441
10734
47183
40854
12043
53324
40760
2131
26512
6920
34129
52954
32320
47715
60389
40969
1196
25443
13846
32543
1808
20227
13653
32087
61150
60444
50322
13158
61711
23807
37164
29768
47722
61777
49673
7875
13922
7819
62661
17726
9352
435
60594
49226
47693
39009
18184
14463
53115
26726
53078
33830
38910
19017
12802
6852
26911
60743
17218
29642
54316
7299
25805
42228
768
14814
65193
16145
35936
9067
4368
21115
56864
18397
52427
34240
12877
57467
19812
22014
5447
769
11033
21590
18980
31570
55754
5157
10413
22997
60227
54747
30390
15877
15665
16198
11517
38331
702
45914
61188
23910
397
37179
46522
48502
54293
55640
4562
26660
27802
2218
30780
20561
59653
46069
56026
23061
27319
58743
27737
46148
12510
61860
1542
52687
50367
29012
56768
6366
7603
49461
12114
13329
27465
59485
58750
15494
3676
10382
57469
39945
40190
60777
44011
37075
16291
35275
3649
57988
6071
50880
23072
41321
28757
25898
54781
46424
46671
3941
20150
19581
64847
62899
29756
53216
52201
20261
4251
13107
59102
42329
22395
19936
32535
16871
61413
4990
26985
41758
51895
49265
2051
11685
42398
62006
48358
35268
24268
27940
53198
56272
22704
59891
13576
9501
25026
34737
45134
49867
28177
7377
13484
19280
36036
62197
9036
39546
45316
45453
24350
46070
41248
16790
64901
46496
43399
45278
16962
6803
48974
29693
22032
32732
53877
61716
11097
22035
4608
16429
62794
11494
65049
20462
57821
297
56104
44660
13451
51440
13309
10127
31178
8828
1893
64093
24097
31261
30680
26245
52265
53844
56776
40847
31769
8193
41330
30348
39088
30615
49183
56766
5704
63772
48774
28307
58426
46637
33161
14712
13514
57952
63311
34377
28936
38818
3177
39320
38873
64874
1091
5214
59612
2503
13971
26498
49850
60828
2286
9218
17596
57442
53877
45525
18442
19172
1831
51690
21138
33215
27221
36525
6192
11055
24479
14725
23831
34902
54834
64146
7943
55732
29532
56503
50591
8506
46568
9950
41231
14824
48338
45110
33714
49352
31699
14289
16459
60924
42951
27376
24157
16944
52009
38432
9689
25554
9237
37828
32281
29624
60473
20848
34059
38198
13856
63032
22546
20333
49063
19323
50715
42142
34966
24531
37296
46080
64008
58684
16332
13149
30174
42228
7802
32876
15624
20483
22911
20160
26887
38975
3926
43031
11220
56615
19331
62083
2491
30639
30087
36844
60985
54806
53936
37772
49446
12639
15713
392
65162
64934
37924
58836
22852
22567
44677
18124
52251
5176
40739
553
57802
40375
35795
60318
63198
53158
6208
45707
8729
10868
6925
6615
53016
58275
63079
33731
35309
2008
26924
41780
3693
30163
24620
39847
33999
5174
45865
7669
22689
34253
11913
11250
5021
16985
22349
7273
25562
17284
6726
63579
2867
42653
2280
39334
60604
31238
11665
35747
51833
53195
52053
18184
25947
48552
1065
47759
29034
636
55393
52977
36813
33669
29306
23263
14505
53161
59242
61784
51831
36181
16587
61659
10372
20375
39343
62044
18210
40876
31261
21751
24712
22505
17288
958
60803
58355
4983
63355
26375
59565
7853
10440
40747
42299
57407
59217
16264
61979
63526
27471
30128
49777
62060
23337
62906
50031
26509
42609
7747
33934
47565
7604
22864
64034
20042
35678
34413
22458
32022
54466
50701
30143
25420
24384
37958
42312
31574
1965
48105
50099
60613
49867
24205
24256
57793
47062
11830
2786
56587
1986
6938
41535
9594
27485
56002
39289
19617
25250
40769
30713
42984
24189
57896
49296
18915
63571
12191
55264
53246
40291
5666
57692
19527
55778
42471
54318
7610
32701
49739
26711
48655
48518
18072
64961
8675
53930
1053
3673
31196
22270
63285
30234
11178
61812
63518
18049
55731
25535
17590
35204
56112
61357
51726
14627
17071
8495
28319
2774
23561
25001
23738
31470
18
22042
33598
23488
14079
44214
5293
7472
51399
1910
37890
37034
39215
10039
7351
2533
37119
1769
50978
36965
54632
4123
47075
26425
58004
51803
62974
8074
53201
51260
13399
62362
40765
52084
7892
40590
50436
7723
23239
60732
61845
6279
19507
33497
32242
1251
9021
62054
59480
47993
8588
1690
42734
22011
8132
14889
12401
51419
1726
58090
42799
58300
1892
64625
57371
6792
65082
31040
9685
57988
16334
30191
40216
15420
8680
19757
7252
45723
50715
4747
6455
22631
32800
65094
31895
31209
56356
11158
38126
52623
49343
35281
10297
21558
11692
3101
44296
62566
42904
55503
49680
56204
35548
55642
33008
64625
23426
28794
2917
63735
37742
65080
32438
45739
33953
20961
5512
27241
11315
10798
46703
24138
49954
56354
38225
28336
55361
16160
55121
36576
17781
53367
43363
63928
5360
58055
43877
57825
7113
57990
31566
55512
43394
51243
61955
41062
55434
39175
2766
61901
40424
57659
47061
31545
33752
13826
20331
29178
10532
12450
32308
52100
25394
58089
28123
2858
31661
9897
35530
44640
39870
7553
14427
33652
22159
44224
52969
28889
47913
28871
10959
18963
64988
49184
5232
40215
17073
30707
33563
25864
18921
43417
11109
20427
33783
58846
62180
32934
9346
27712
52662
47347
21586
8457
21109
55813
47314
15800
37792
36171
56312
55536
31364
21962
7219
47527
58352
284
34183
12846
33079
60173
39097
4751
30502
37514
65265
4722
43427
45287
15318
14208
56022
23034
31697
41440
6893
1363
52016
64153
53309
18048
49677
33714
42448
26618
18779
35685
37177
28922
38025
62450
4981
17365
36757
43165
42914
38020
37791
12513
1846
63955
19551
49268
2514
31221
2333
64224
16576
6089
2419
1424
37473
31595
35038
61368
18230
32858
37924
16493
35255
20068
41757
34093
52957
31545
38739
37238
3896
20911
41431
11178
48081
13176
61106
29419
14657
17252
6787
38232
25141
60467
22111
19018
23442
50116
48362
56185
50905
14210
37417
36978
40453
54167
4421
49392
53969
9985
5343
14897
49779
41425
19718
62429
46535
12205
63738
33133
64997
27378
10807
44496
27050
47420
35718
47581
27194
38640
7886
18496
35687
14727
57858
44429
15106
19162
31811
56567
52877
63795
16421
33390
55635
1282
58295
11714
61406
55406
8382
9991
52395
60427
4567
39971
30953
16052
45346
47245
25220
8109
53022
33431
6174
22976
62130
30153
1012
49359
16332
29667
25271
63055
41015
29945
31447
45787
37014
51041
25563
62685
11157
15817
4153
13226
11887
17162
13616
48554
35390
46166
54902
31089
38744
15352
852
42091
48492
47939
62052
24800
57061
9796
9021
57352
44935
919
52788
48454
30980
8582
14267
7755
34032
47959
1291
39374
11454
49584
58267
30286
29873
46351
800
38382
28360
18676
20352
11831
7075
33096
2471
49875
34788
30329
7294
7599
50044
25501
35967
10274
6200
3702
63694
36217
14892
63285
35637
58029
8861
41807
54022
42549
13826
48896
63398
24632
13371
56182
4639
30282
13562
53796
19537
32910
29541
46426
2344
51206
62007
9353
4418
49993
34297
56899
21507
14301
48142
12883
27764
12806
21466
56705
25051
51216
58065
55168
39548
7626
37604
56703
17995
41050
32187
31688
15615
64812
18431
32484
16366
48782
38280
8932
44848
6626
11118
36485
62778
12827
30132
36196
59546
42124
11968
25008
39396
11072
24845
45461
61554
14782
33806
6841
60976
24460
11944
2446
11216
17728
40369
3040
39342
63580
17453
59334
20478
34909
11364
29841
52250
37403
37873
49211
41570
61799
40092
29219
55254
23940
10400
954
56487
5620
14784
46393
23659
35744
62069
31028
14931
30466
6557
11294
8387
61956
33413
887
395
52789
57937
51642
14587
35555
37344
36786
22073
1114
56714
7982
36847
58711
62217
49040
10579
56851
65307
17506
33826
59049
17015
53338
39668
13042
49843
1512
44421
2121
63680
54610
39725
6843
48130
1427
17637
51687
45036
32756
28151
52150
45203
45114
39958
8972
30472
41366
26935
25060
11311
40735
46526
60089
46779
27790
33377
60465
35124
30093
55844
55842
30268
37822
21560
49454
26125
37461
7550
39554
48291
28275
49819
19703
8179
41378
34768
49558
45151
29531
40999
48626
64744
38333
4081
31211
25316
62604
23251
2080
14271
28121
14809
46645
30085
45005
2207
42490
25483
13286
21213
33843
4273
692
65308
35363
54934
18840
62799
35607
2881
9571
32874
12920
38877
51100
19094
37068
6041
6046
31585
16990
41189
18248
55731
37178
19604
63635
60236
63168
31875
51607
45141
42157
172
36630
52660
35444
9505
62991
23196
12873
19429
36543
52887
56288
17326
64845
14479
51663
19194
56969
43273
19454
46190
43970
23302
42623
47972
63565
50038
376
2293
5966
7746
19010
28823
39267
23391
46320
12009
40295
31014
8143
21978
88
21967
45833
15533
42504
17458
62048
22312
34640
20896
19702
3660
2123
46247
62475
12567
50598
46310
22318
32893
16375
47838
11554
26821
53574
8650
44064
38605
30400
14982
6058
7046
5682
29077
44529
795
41119
56503
19767
60868
60678
48454
7077
56170
31105
52345
44502
60808
34331
42281
54931
4604
22103
24434
45122
33276
30535
46784
46965
22506
39786
7176
47800
2020
27126
11648
23939
26657
37300
47362
63444
3360
9507
38810
47861
58441
54441
36557
32941
1912
64443
28381
47297
44387
62499
43320
2145
17754
5894
43386
59314
57040
23326
32695
53483
32400
34777
51868
2418
28239
25165
27654
52020
45791
53865
15140
49953
27402
3722
13281
17087
5359
11693
11683
57701
55461
29848
374
62513
53974
34707
47246
31088
20931
36658
21568
11625
40586
49871
31600
52158
22924
27985
13310
52035
57656
22587
62309
40114
63010
23569
46419
10830
20814
60705
2658
11912
55355
34414
25797
59725
15572
61229
6235
7638
60877
64542
23894
55069
59132
20854
6155
2255
12657
11831
48672
24271
32167
21415
4664
40919
41400
36494
52767
62017
56220
38366
28293
56933
10186
49042
24630
9448
44234
61272
45617
3368
49307
28024
27205
50648
42470
36754
25179
47228
42985
39404
35095
48208
39860
46389
32467
40075
29633
35659
38638
10110
33237
37427
42258
4606
14809
47429
45858
62570
37651
58929
22324
18901
3244
26839
12160
34727
15841
2621
23345
26723
43728
63474
41285
42437
34731
43585
47594
40945
57502
10752
50005
9423
27262
11570
55993
61074
10951
44088
47222
54478
39581
15660
23238
23275
62610
21931
23954
53512
13909
64478
64790
17450
62181
3893
43890
24313
63214
26084
62130
49502
56620
25930
30962
8536
42311
899
62726
5106
3617
53316
42258
28386
63942
24138
41440
25556
61092
48981
54463
31151
22321
43342
56305
20539
61175
43700
56681
42976
21101
63095
18334
59466
28207
57370
36620
5318
64170
9144
32383
64996
46295
36140
15394
7344
1726
50026
23219
42873
25356
6567
64092
32522
34109
13376
3289
56597
37392
43324
46480
22744
15806
19552
8805
21557
17481
39317
12494
428
64423
21561
11288
53078
46488
20966
51222
30624
27739
57922
9025
16026
14175
49532
49123
48187
17998
28654
9245
58369
38225
6936
4645
9352
15552
63267
11743
564
56289
51465
45523
10625
27974
55403
43185
41094
23332
40283
26109
9291
43950
51266
3443
15331
58332
36530
6713
43829
39036
8839
30698
7997
47620
63279
27953
55475
37448
37917
15719
35017
9281
60262
41815
21954
64814
47282
52474
55174
24864
65304
51800
13923
54400
33846
29233
27051
22737
15385
24511
4902
33752
55052
15498
13903
24996
33115
4471
2637
21627
52696
16567
57190
4503
60605
8416
37243
54730
6169
14732
54713
3522
41465
59623
18461
30424
4024
47740
58203
21999
2804
34139
37279
2244
56006
47726
50151
36528
23686
30011
18961
62137
59481
50786
25275
60238
15890
16592
4941
61751
20188
61109
805
61333
38628
8774
36504
10732
18951
57811
59388
28640
61141
61496
51113
9195
40632
10649
62026
4018
54918
45531
34811
40816
21109
268
15239
65460
57959
801
56746
22526
25021
7242
50104
10535
166
10425
14592
54315
22351
1484
29063
38777
64825
40511
29665
20139
19459
42688
19138
10330
40908
45505
37715
20927
44197
44081
1879
26515
64316
52543
38607
37946
44190
64115
33462
48934
22866
13405
52423
18551
6213
5921
23353
3568
21396
45611
18635
4761
37747
48930
32426
24034
43356
64625
49264
21545
38540
48731
892
20907
36621
53232
35000
6919
38560
20193
20127
23490
24666
33090
62510
46635
56985
12818
20401
19832
31225
14437
12665
7552
12764
37035
62949
31571
15463
15939
40977
50525
7230
58088
20654
6520
18639
35449
36568
12211
63970
19220
11302
61814
50650
10317
2948
17630
30800
34143
51093
44332
64462
26220
46940
40794
2879
52606
61874
50704
35595
20719
57331
17454
60151
11979
51887
40709
19781
13854
60048
58550
31385
62648
7967
54032
12869
21341
8407
40679
35422
5531
53522
11866
52204
49300
39170
64060
27207
48043
23508
47638
26851
14817
32086
606
37882
44451
61868
57891
44650
41290
34730
2846
27870
53388
42807
63446
45487
11101
28227
49099
52491
45286
18473
13690
62201
10609
50947
47818
43247
59359
21773
39547
48585
58350
8088
58606
43164
40377
57987
7716
10530
53917
3133
57966
34459
49362
59082
44462
58552
32487
23756
27309
7966
42489
20423
40745
11505
6485
16431
33390
34970
29064
4295
2787
33326
7903
46552
18759
64002
318
62988
41453
21612
57930
41943
23748
53948
42008
37329
56752
9295
29214
51255
23149
58176
25025
10148
41903
59900
53380
51599
61211
55748
54804
9901
16684
2122
44292
20851
61187
3983
64781
7756
8507
37758
20159
64039
57982
1678
7100
20249
29662
10138
1842
28743
37185
28494
45610
28025
43249
19693
1235
12636
20875
12367
60306
41776
40857
28718
5660
40411
2121
32263
62054
25114
60748
51424
37799
19592
27255
14815
2945
50433
41869
11049
52838
4691
38957
45559
43362
26413
27340
41727
19515
39845
53597
61110
29628
7219
25352
59714
13645
11232
54267
54619
28918
59203
1453
29789
25738
16062
49677
64037
50044
27332
26876
25961
60171
7511
60874
20974
15707
42444
33982
21093
5560
7277
2593
51793
27883
34875
35427
27351
26412
29213
59520
33425
6755
33545
45560
65535
23574
47624
53698
9513
60228
29806
47349
53893
37658
41497
52145
29443
6486
51475
48031
32748
42036
37528
18621
27745
18879
46611
39078
31235
37135
34429
8160
20819
26047
11810
64197
10653
13135
8503
52425
64283
55573
4966
17641
12641
22744
18948
61722
27660
65303
22892
19811
47868
61147
65480
9962
51330
15390
62310
13602
17026
10633
19204
61428
30255
54760
32152
5886
22662
11917
16401
65232
38445
29302
24674
24541
44798
49890
59997
24157
42188
47001
32376
8552
22285
32256
52802
54541
38498
29767
58031
10590
48789
52534
40080
51716
62405
3974
14799
46241
30259
5585
47084
12484
44689
1374
33559
40344
21036
39334
50816
47825
44561
40063
63919
39558
28235
16525
52698
6543
21832
61882
59294
57310
13730
57322
18845
31975
16669
15535
28648
25565
54137
34942
44147
64134
55267
20893
12483
36353
28069
5975
51914
34084
52380
19177
3286
4074
21769
3304
26552
61108
4343
40841
50202
5179
5447
34099
54711
56466
19960
3066
24608
16016
33462
58985
1777
23498
14659
47830
17593
3904
47398
27723
37575
2244
2424
29460
62791
59960
9101
54269
21694
48428
64846
49014
25618
37570
60671
41053
47564
12062
20125
1173
14198
44338
60494
34348
49764
21563
29876
20823
37169
62545
38106
41472
3608
36744
465
24585
10399
62955
24028
14018
30234
16338
6647
54264
47671
44599
1487
353
4455
12478
5483
42242
49333
33740
36827
35534
14322
49903
51550
39362
45262
57805
59861
49568
52792
35112
50063
55690
32742
35681
17276
39324
21476
23804
38028
21340
44671
30789
45295
39787
1648
19535
28628
57155
7608
35007
881
60149
21897
15951
24471
26865
15368
41999
61753
46201
42064
31020
45293
49906
47915
62225
54413
58584
7041
54032
22578
43277
30922
8522
25136
18720
58704
2682
18641
9401
6336
3954
27171
16145
31255
12917
28531
13308
815
64248
16742
23154
50100
151
62621
21239
52584
22894
65066
53355
16656
62154
38292
2691
10108
34319
56945
60675
39048
19650
57755
46285
10121
56541
55891
43090
25305
61504
10070
22910
56166
15999
7280
61487
54811
49951
24729
44837
43754
16568
49027
46366
25645
65001
29870
42663
57166
9637
39874
27842
50329
56322
23078
62486
35870
41560
47700
24634
49914
20667
17294
2695
9940
45893
39002
41940
22880
34254
5255
29034
52084
4491
26594
1925
8366
26118
13721
61697
32066
47893
25692
44978
14382
7034
13655
30812
50821
53252
37069
926
36089
59432
25187
50673
13264
5973
45245
49799
22429
21229
22417
61798
37183
28073
58325
3065
24111
36623
44725
65516
24772
25331
45754
14333
53306
63365
15935
6620
8963
40260
11586
28989
56961
42761
11392
9847
45335
40039
17707
12164
15609
36263
1695
33087
4159
20705
14039
59005
37250
20196
14601
32707
44977
40793
56049
14522
15719
49093
19498
53608
15891
43452
39354
51955
54338
51978
353
57828
57875
48120
5493
44549
33476
13492
8984
51794
44707
3315
54186
2478
64076
20958
11745
23945
38580
58992
2379
26917
50653
1352
24336
58686
55512
24037
31527
45202
45745
25029
30789
31167
9683
11621
37275
2946
8597
60828
41194
26292
48919
5783
16527
45182
64232
46175
62613
6853
14799
55088
29664
16340
64112
31357
53636
23486
17073
31575
40311
24503
1023
30115
39313
65150
34725
36976
2047
930
46938
63036
39666
1148
18377
4983
59568
24397
10532
2353
17590
60613
17683
46206
55473
8055
47431
21281
17241
44701
42569
30301
53233
56445
44970
9101
7058
55682
43280
60752
4928
15170
9837
16839
19697
1747
32851
54178
13556
9212
61309
29189
5307
54289
37380
25626
18586
18202
33216
51674
7931
39478
32640
63077
18868
12404
19130
33873
52801
56299
57988
43987
35661
35892
5036
17341
27347
45861
7215
63004
37281
56502
54692
46110
53046
55295
60638
14495
8446
57338
9066
64429
41387
35053
36549
10798
59905
53535
22329
186
58317
3379
3751
32250
1157
28250
64318
15204
27258
31263
28418
9626
2749
46316
8165
3719
51902
59591
44560
39162
63856
61054
5954
35200
40872
10199
28773
26136
22294
16028
20637
2712
61909
10273
2406
56168
16342
54569
35244
29190
3545
30899
4409
43834
41386
32966
25074
24564
19644
10041
12838
9547
62149
60728
53328
6871
30957
63005
53286
59729
9227
46897
43501
40959
9164
73
36240
62818
6044
62333
56676
34353
11878
46893
21532
55083
53359
21298
19625
62010
9429
7338
49695
2628
21042
1299
62470
34446
31471
16871
12578
27133
10700
5297
54708
5274
13446
61367
35099
51215
49469
27439
35968
18445
21673
50532
37570
17714
45376
57363
52339
42620
18630
25295
8172
48419
39976
45581
15489
38866
45155
28113
8419
55587
27424
48434
3369
23081
33270
37126
10935
57041
6458
4636
8254
30163
45801
63456
39551
6044
41758
44428
10988
14930
55494
16521
50733
23163
20282
8916
13766
2162
54672
4925
30182
10833
40138
19354
58264
55351
30189
20615
115
944
50146
27053
36577
6464
29835
54118
26231
7435
50173
28479
3848
10077
9239
21773
45147
54791
6710
51949
21534
41836
7191
28672
41815
56239
52168
39730
32953
18000
1035
34242
21790
29357
26059
22210
5702
25636
18116
1801
31547
32789
45335
6937
58974
39718
22636
19496
34363
40063
7405
33235
65287
32713
55873
12444
51968
20093
47792
5661
46317
39967
18777
52334
52106
8408
39256
11485
59346
48815
46629
62605
23366
47187
33917
16133
65057
20593
33320
36161
58913
18956
26195
14209
14121
1595
40934
18039
1629
11981
6587
12831
35964
34966
20080
50370
57931
7356
60224
36125
13771
6180
29341
13762
25352
7564
22684
46893
63614
31098
44093
21486
56114
26546
5189
28683
31522
52494
11145
51641
1834
46742
39467
24161
43329
11465
33078
35405
32155
27718
56243
25993
6893
1435
33435
14304
47984
60234
15175
41334
20584
33099
5074
15049
17751
38174
8395
62813
8762
6380
22584
29484
32918
19772
15428
31612
28221
34456
62278
43812
43862
28691
57790
34287
17367
40240
13510
1969
55516
55563
65247
44102
15598
9550
20803
33543
6235
59608
11551
25525
5950
6874
55233
46018
49360
14037
23851
21569
42599
60544
21139
1433
34962
56746
21068
1986
52064
56711
36029
47666
56631
27526
32228
15440
10269
60809
48754
23539
34957
50263
59762
34318
49530
24582
43748
32712
21524
42446
51738
6522
5724
59360
15389
61604
4278
49228
43857
62246
23894
36405
23826
9943
42756
58900
38557
50829
42966
62410
31132
65272
26978
50264
38420
46966
12452
40940
22544
35814
3730
33142
15832
22420
50082
24733
64225
17746
3331
20996
2107
18388
31708
44888
30189
18033
17929
48158
39095
23223
24806
61002
19755
12020
5893
13505
32880
3718
18114
34098
57042
53696
426
65017
61817
23571
37760
50234
56256
14093
38263
53315
30383
35869
57833
63870
29252
42215
36307
41945
38082
36993
64586
57888
8446
10523
3073
20855
14345
42594
17903
65241
9447
39924
49444
37507
35830
52081
62251
28477
6157
10169
45752
41257
30585
17750
525
20124
37813
47065
27276
44497
37489
14823
57849
55898
33540
62082
30812
18381
3156
40378
11645
7853
34696
12148
15087
40752
17150
47178
33516
60392
63420
26944
1622
39293
23973
9680
8297
7765
24242
64553
11675
6910
11833
18891
4367
43468
21993
50144
40306
42198
12419
36427
22793
8295
34890
49886
54330
18848
33823
62525
38698
55950
9346
59547
58158
57807
1793
36255
31357
14553
31672
32875
32916
29033
29631
57071
49950
60683
40804
44694
3694
17350
42680
43654
35461
47214
57423
112
32525
17128
65212
9585
43939
26824
14058
32122
60057
4672
11727
40367
32044
8789
57019
59044
35926
35074
64831
27861
49402
42622
12766
15405
41338
37844
55908
50621
21841
54163
2714
48862
8731
65218
14440
44100
29872
47322
46726
4399
16934
20523
20443
56700
24341
21354
57388
43951
43202
1864
38386
57299
62408
19704
34345
36848
8612
5906
29595
21209
10714
23402
7823
5389
52304
49971
8712
5662
54225
42069
43634
19178
11015
21707
27654
938
11289
8464
34006
61308
13661
62003
26878
42430
48959
40959
29897
4793
56954
44080
3212
49589
12785
31282
26627
26411
5000
16728
42388
6620
4710
64852
29357
30431
55399
46093
38528
968
26497
55805
2064
14215
44073
37831
11618
13549
2834
39638
37114
23007
3264
34542
36897
16424
45880
2435
13724
55294
31109
11352
42846
1511
56310
26350
6924
15629
32922
23617
62502
25830
40871
15042
22512
15769
93
52675
43815
11735
12874
52379
61606
11953
44930
4741
31316
2920
21917
16637
63890
52734
27278
24163
17165
21774
29501
19716
39531
30065
1727
27950
11901
46018
59362
29581
2106
8631
1713
41861
13305
36326
40951
53950
7466
12682
49020
31534
7977
8203
45527
17341
51386
29587
24732
47716
63599
17312
48187
22132
4852
13620
60976
123
26543
27875
33359
35921
26416
19807
25530
54515
24605
3448
7209
50112
946
10065
1075
17535
10674
2557
22238
40301
17397
41597
31540
65181
38655
35394
59312
56362
32796
24959
56230
41272
43010
41881
42302
63208
15652
34735
104
39473
44564
38924
4581
49594
25367
51355
19699
23329
54327
7785
5815
37855
45398
62762
33197
14482
25494
49839
5597
56819
35775
60828
1695
28720
13259
51313
56011
52747
45766
51511
39387
42558
40180
36768
8796
24973
29272
10239
25691
32405
11735
10951
18061
28862
50607
933
56964
60170
63448
339
44770
62442
6378
40414
44518
37764
18286
890
65028
36212
45701
30353
34214
18793
50323
4808
8705
56698
45916
63194
62830
30847
17622
15693
42371
13003
50362
36298
27885
57561
17785
36632
53730
20614
52155
60998
25770
56941
55991
14400
10735
2975
61725
32356
47682
48545
43383
46089
3180
632
22058
12346
28735
1546
7407
38917
59839
39431
44842
19356
17942
8216
54764
60640
36111
61434
21536
56955
17638
31004
4739
46001
34271
33530
42680
55973
32662
42469
52703
36895
1295
46616
43721
49062
48204
9216
15500
45901
21504
40183
33148
43030
26734
46677
51680
14348
4534
2045
47087
60451
4492
54012
51067
53644
15596
29316
26127
48205
15385
57332
39718
46939
44642
62972
45982
49016
46769
11165
50007
50738
30906
53986
40430
27285
56393
59644
6280
14784
18516
4503
45807
36299
2779
51034
61161
5662
13966
37067
46339
24656
23462
19791
50817
9077
27985
14111
60775
44265
30733
52131
19849
13517
27189
19525
51641
27653
8947
58581
44448
26701
19927
58453
31218
21531
47365
58214
13231
25599
20986
31603
37933
58247
12357
35618
40352
30626
25074
26217
54098
17241
53444
21026
6839
49507
6835
62060
