28244
51803
63574
1442
60722
41446
35295
4503
36781
10109
50002
32407
54169
3424
14718
38710
38002
54338
43004
13356
55840
51009
53388
22477
23773
52906
44762
19748
2521
45394
23033
7314
42676
30778
37869
32743
45294
50556
57073
21392
3523
32498
49180
39806
9572
29915
7359
44281
6258
14656
41213
16175
38728
15781
20553
16207
27947
28037
7063
59523
60415
18900
10472
57697
64091
18029
39142
16099
24791
31435
45101
5525
9613
36597
32214
13035
8078
41799
9931
58464
56606
21045
32316
39105
26242
6309
58754
53905
41152
16191
43599
13489
39705
4993
11977
33152
4068
9462
3980
47000
45059
27906
49866
2720
23089
61341
15218
17342
2449
51524
990
55567
26216
23416
40977
41133
37656
31633
61602
61400
26097
48982
52315
51
16518
42914
8106
19457
4231
59487
54670
18546
31194
64369
1646
35839
40853
31944
44043
17669
5505
56668
17699
26899
34142
42629
14266
22302
17930
41683
53077
15498
34442
61266
36910
5818
15989
38643
3169
26651
48280
20915
33287
55883
21139
39450
49717
6396
39565
50076
52646
4488
20805
3657
55712
11591
23689
62190
26994
6925
57372
22093
17279
64720
18802
49454
5660
55840
26416
36436
53529
36280
57317
49639
2940
5873
21338
1835
16585
18542
764
34194
43665
37695
17369
58458
58753
52021
435
7551
54683
38056
58619
61570
11936
27366
30411
25399
48415
64417
2795
2108
12442
29593
37586
55295
1711
31323
18173
63840
34042
25928
14137
29641
21520
17532
18765
26703
46372
3524
59402
32377
26243
55822
50262
39768
54021
50722
24122
10798
11613
13861
6512
33184
34339
25694
41125
40402
36492
56343
24344
12980
38957
29258
14818
59209
10212
29737
26632
6293
41509
22572
39125
40999
26929
47056
45751
28900
61746
18421
11355
61938
54861
17986
3337
64484
24033
34153
53257
38414
59031
36982
43977
36400
27973
38090
29319
45748
45933
48856
40622
43950
2675
41392
6442
47311
11847
21233
43790
4490
42852
26883
25503
63052
34965
49655
8010
21667
31080
38908
17401
52164
31976
5388
61641
38271
27301
23474
51505
11361
47436
27202
7258
33421
14757
44492
64021
23179
31561
1096
27240
9250
64686
22453
15763
33044
38720
49820
56141
7720
52866
32026
27940
4748
44531
36204
42934
9181
56855
14201
52159
8531
18057
56597
20096
6890
44377
225
60385
53074
23884
33456
36066
34647
52636
56566
59745
39958
13073
64212
14426
30433
29634
51361
31153
1418
52302
17451
16753
52148
39377
50127
29535
51720
26933
16621
35912
4976
9787
19918
54300
38544
6301
44945
25533
6652
9732
13129
65015
62835
3569
63705
33449
15249
9953
19267
23859
63424
53006
17766
58683
57306
12968
17603
11206
30304
36859
11993
44774
5423
27680
39379
6010
55167
32155
401
21724
10248
27775
47038
6373
54632
42148
62808
46837
16188
31774
22443
63519
954
18130
39339
37780
6253
65169
56735
64524
27477
6914
9363
35045
38228
49556
8046
23480
53085
56758
13535
25906
60715
14469
24302
28446
65535
24893
29832
44870
32179
56002
54603
21049
35382
729
65321
26756
24492
20786
417
42428
18018
15159
24635
44699
22778
44236
33799
12469
52311
60538
50674
10790
48094
26588
59542
60226
24858
21497
12217
7458
61511
33575
40798
37306
59382
45760
52766
53660
60894
44949
910
57360
22125
16940
63928
27461
29423
62310
60969
22338
58690
26200
58923
17547
32302
55806
3296
42507
34197
10857
29318
45119
16076
14860
17091
5134
50810
17143
39468
53868
27541
36259
20243
1551
43873
61329
16828
48945
32627
48282
25304
37861
39002
21646
45711
56884
58500
20830
40984
15137
29026
24641
62186
8016
54874
54953
20651
3098
10716
61307
2625
61878
62376
13230
40590
36484
39413
48826
56874
44404
33391
14001
10967
45582
16178
43809
57803
26477
58096
2429
3483
25375
2591
59610
56533
39630
58775
38765
17656
27543
13885
34604
50107
12065
40433
25931
35611
46357
18720
59825
798
8087
57499
1091
41854
46657
22064
34031
9502
58466
23330
22428
53058
40530
36738
30012
43187
63418
22565
2087
14778
7090
33348
13716
40872
22270
46210
27283
56141
38773
2960
23552
28526
57374
25364
18156
43381
61910
20905
37195
50005
1124
61439
6959
34224
29975
61546
47626
38821
22599
20954
24103
34309
54496
45298
54191
5852
57116
65535
8998
34558
50236
54169
40411
22972
54394
43375
3859
14905
64169
50404
16909
33243
58932
1769
57453
15826
38291
28254
36855
42268
62821
40635
57899
24500
38980
21720
19439
27952
58180
53982
12073
55619
12034
13275
50586
30332
5030
1134
702
21407
36407
20911
25925
37830
52735
59180
41398
52210
63132
56426
14283
29018
55052
19512
50663
45209
14845
50002
25003
51187
44486
62954
31
58464
32797
33118
21143
4107
14404
50293
4816
27942
40665
64799
52932
30696
11379
43216
27301
41723
30228
30478
37766
17862
31832
55663
53925
52138
31727
46068
44796
62012
18923
13509
1818
60219
17741
2922
45522
36618
13427
43245
33851
41278
38262
26754
14124
61023
23017
19970
57417
32687
51491
10328
41598
23029
8342
49786
24447
37108
19844
22403
8587
10337
24705
24342
13595
30713
24906
31472
57788
5880
29167
39949
33466
1849
2964
57600
49750
31214
57018
20855
58161
41216
60757
32235
40454
17263
10843
40958
52069
19197
6467
48472
46571
52681
51041
4344
41090
16214
62150
29906
52176
51411
20742
11415
35975
54604
13873
6431
9452
11820
34874
51830
53974
12814
26082
62627
28920
3102
30751
61744
65382
23749
9778
56047
12011
43769
17791
64255
33989
17827
38502
51594
45059
61397
60812
40887
19808
63773
22941
10638
59254
23306
28238
1225
40807
59103
26443
31914
22635
38894
57889
43465
39707
62043
2000
38371
49755
47303
24745
5773
41509
58547
44764
53108
14065
11395
54712
61137
2535
39951
1241
7928
49726
55791
2165
27093
22425
53409
56188
11134
49760
45220
43751
62397
40145
53746
47755
4155
29928
52459
47287
27184
32819
17014
54733
10008
7465
43904
50196
51007
34959
59952
1896
33841
55427
41202
56691
37691
46371
21978
9300
52570
30462
43697
1103
51780
19000
45769
16518
1455
5203
42247
11120
46804
60613
63706
13698
42674
8365
34390
28615
46955
50907
5458
15992
33974
27488
22356
43694
60116
10555
39216
27900
23352
61701
31588
40676
17591
26715
37504
7042
27401
13755
30957
37748
8052
36356
807
2263
25484
51092
57986
58828
42260
35293
39771
10517
19501
38509
37465
2623
35560
17323
7101
30299
33047
27397
52349
32084
4527
57046
59031
29916
31948
52744
9159
11139
23013
16942
64809
11139
40890
37223
8537
17187
21379
1082
32684
28332
44788
46568
27689
25084
53458
57766
58076
61430
43536
15596
41355
32326
5893
48106
12875
37329
63511
1618
25170
32979
51460
13325
24679
6547
42194
63059
20000
22962
62350
11456
31618
39301
6008
31164
37090
62861
13887
3609
61994
26303
3174
50001
9924
6381
21253
26841
51457
34377
60617
37344
29713
17635
8280
8008
219
64088
14285
19027
57973
19639
31828
21180
27193
10221
16976
14284
5973
5499
12296
60378
914
5187
8171
7296
38833
1318
28971
54028
55220
37946
12949
26103
65128
27930
19375
47493
2012
45818
44215
42621
52066
22577
15836
19795
37064
8032
55785
31947
49116
9803
5982
32430
9817
10458
13761
64935
46982
44661
14852
47681
24507
47998
55773
8877
14229
40976
30784
53607
58744
12654
52330
10176
44780
59272
3538
59051
45413
15856
23576
62703
55268
42682
32970
63076
23344
16281
34656
34105
65143
2678
5158
2982
15202
8738
55115
32560
14090
4912
56142
43928
43846
47052
28217
31790
667
64219
8177
48560
25841
53658
58777
438
970
4661
12622
48494
65428
22237
3259
49415
19439
14311
33386
61336
13554
6444
26665
62971
58194
28330
19274
40592
60047
18147
64116
9507
59476
36196
9708
34187
42110
52596
48157
39507
47874
22965
43401
1885
52133
1357
40480
8104
15835
34933
38971
53951
50768
50045
4578
25156
20102
53898
34196
50765
17739
65437
39828
44736
29935
1208
26268
18187
34625
29000
14802
43514
58730
54686
21503
25639
38899
2599
10271
60049
63709
53518
55957
58319
5372
55416
34387
28979
41095
28410
22916
19066
8585
46128
11153
61592
27408
63094
37481
19586
8318
15504
47665
48703
22829
39302
29046
21823
47804
18378
57305
46664
15214
54839
38532
15365
16751
49283
48950
37373
1114
44130
34634
31061
14056
9120
39982
32289
19305
63965
42457
58032
65244
52921
30485
32513
6897
17789
31581
36399
15668
22746
61327
16949
10285
1306
37520
3899
25561
191
11653
11247
6299
50555
59537
47705
12190
33753
14060
25607
32884
13793
39026
4099
56761
4786
23815
12184
41257
34218
4910
9786
33218
55737
7779
37133
53803
36326
47363
13598
58585
33377
15961
30666
45844
32460
10895
31689
33635
41855
23868
1918
51659
34072
2768
32929
32252
44280
47385
32277
51059
48459
54371
35989
34074
15691
26256
62302
30239
30944
31299
1203
11954
41180
53752
7407
40995
63562
60588
17978
46211
39459
35339
47719
2439
15106
52804
17047
11911
7611
48274
4961
62373
11256
51942
55580
4261
8734
35579
51828
27094
45455
21551
52620
48157
62555
20261
35202
24202
49184
42451
61725
15696
42004
21396
36449
24418
31891
24447
43716
57230
64759
24755
45354
32878
5852
30895
1109
34751
44257
20211
5759
35948
40966
24608
45599
59200
48396
57132
40568
50389
47236
5339
3088
4746
33435
62608
1977
52215
31441
16440
32635
64271
59429
10904
34430
14950
10194
28686
54784
33822
7563
1706
53721
50729
15122
23570
7227
47512
21364
44570
59772
33014
38680
10857
62990
51466
24944
14922
12367
58557
31739
63187
64503
7377
35884
40789
14392
58894
62667
22644
60305
49848
35946
48503
17524
41905
49703
63671
42648
15217
24284
30377
33159
36015
50372
45326
64641
32887
62404
56879
56310
60604
45179
35284
2288
24810
60414
27531
31747
55671
36502
63888
1010
24313
65222
23285
32433
34136
45059
45794
29507
22761
12633
46856
59697
41724
64061
49881
31341
46725
40618
22068
60167
61782
22784
36173
36859
45080
34855
1971
47677
55686
45670
38757
50179
21128
29760
40690
51446
49643
39985
27633
12306
3279
27921
3941
3178
5798
19043
61906
9804
28228
27030
15731
64633
12155
29384
28795
30324
50699
12767
21028
19289
39835
13880
12630
60123
57759
62408
53690
729
20546
61233
15658
3898
28218
6135
26189
27990
33857
52789
3437
19662
29015
24486
30124
2793
9034
12915
47278
10836
55680
18732
51544
52319
56702
63133
14214
22974
59344
24532
6081
60124
1982
41153
33747
8362
64013
62254
50437
54160
60846
4419
34634
5633
22102
49618
36108
63821
11167
24420
4675
57408
51970
42079
26258
59068
21871
9357
63189
8908
10979
20688
7989
3138
33142
22173
59541
24573
65107
35272
10690
29266
533
23369
38424
52749
54012
31460
26012
285
25751
28067
10855
33527
10232
12487
47184
58608
25915
61500
49640
39292
62170
4417
49655
14339
54666
34696
13510
52182
38582
25005
9953
50415
40226
23557
10291
58630
36819
3080
10499
11846
17597
64437
49277
9742
62857
21764
49824
13834
15224
28028
65343
11353
29361
17965
4340
48191
20575
21515
49653
29627
24704
65093
33972
1646
45582
46887
46774
46701
6343
44533
61670
15427
6218
42771
20365
11890
51485
25332
33165
18500
51802
11950
10813
32553
52715
23957
32159
27912
42379
54059
64017
48307
243
31169
20885
18600
34596
46722
4145
9788
42003
59911
11749
27183
41140
38702
26604
20438
36428
34911
64954
58209
12455
34003
5257
3710
44616
17450
48527
50184
36024
39472
4737
31979
51852
45843
57106
47722
18092
18883
15234
23577
19068
26831
43887
27662
6415
14778
59528
65262
17405
55769
34522
41220
15413
26104
51696
8327
1385
23582
60585
9823
40024
52458
38351
20631
7397
57921
40351
53802
55043
17422
20240
48178
40909
49221
49407
47264
28205
13266
37293
54410
54652
25334
19716
60495
9059
33736
17760
41752
3774
58724
6787
12275
55755
42131
27930
40221
570
28696
27740
40769
13162
30763
17213
55184
19490
28476
55420
34053
35179
30517
55022
6355
59105
41981
57434
34436
51833
9182
18670
45476
6108
32668
48138
34156
31576
60795
34395
53294
18355
41211
6841
26170
49362
7484
5919
56044
11572
7322
53987
27479
48546
17136
13834
9936
1887
38333
24140
56832
56179
8
8062
57505
14528
21613
23909
52161
21048
37459
46139
213
43414
9427
21264
53007
3080
61068
38445
25183
29172
29077
22570
22689
58696
11363
35472
35932
23754
56106
14722
45746
13065
54454
13974
4820
5236
35636
52720
17826
54359
2867
11555
19628
63307
41870
37922
65014
56941
20877
61407
9083
23894
45513
32765
33501
10472
35067
50484
12128
40933
29624
56379
44335
3440
36027
59911
19414
44540
60257
28270
42920
31327
27752
15901
54865
36341
49923
29050
53087
51850
42223
47771
58485
56695
38732
43425
22174
41426
5390
11629
24122
31662
11016
23163
32483
33729
6372
44366
54279
38298
40535
48150
774
51863
1281
25565
24260
62861
6201
9802
51795
12397
2597
9103
42146
41267
29496
63887
63695
57282
50103
19369
8398
49214
7868
13285
46357
12249
37612
59508
11231
8216
57975
44310
41871
16989
52761
22322
12913
22925
18942
29718
12036
9797
25030
34650
39368
64960
43420
5372
58384
47789
48578
50967
43341
23242
24912
16400
31348
16385
60675
4052
12642
27057
40437
3163
19491
4751
19682
12549
54540
44957
42918
15504
7442
25069
31070
54454
62274
61693
5010
34309
45881
50272
22024
3364
59016
8363
33618
62210
21779
47166
13041
40447
28469
24108
37752
60359
53149
8232
32531
31750
14906
24600
39844
10757
52017
31987
20970
43939
64011
24185
53960
50730
12203
64953
3012
57655
35139
7010
15038
61899
43867
50485
39161
55546
5167
29030
15391
47436
61973
7131
17152
25300
33772
3364
56869
62501
49353
46052
26673
11861
50586
12824
1895
26913
63485
58341
60469
56904
63292
8952
4537
40527
61845
38281
34689
63926
7506
7369
47229
8779
19393
42582
51293
55168
56749
50033
23445
57413
6960
426
61906
61617
43111
7470
40802
39612
39873
19523
18914
11616
23058
743
11681
46444
63990
53696
27956
12781
16626
17148
58979
61208
46013
49297
4440
48424
28519
23283
24840
3338
37132
55544
60725
10600
41891
12632
37440
1339
14490
24584
5097
22568
23304
23476
33933
21524
52964
17549
2093
48724
50827
53978
36226
25245
18602
26018
9961
34047
48268
62253
41299
33474
23044
62919
53106
64383
22374
59607
12455
37662
3660
37686
2068
44201
25678
58014
34215
43137
64917
4708
57786
34891
36357
55726
35049
32849
43748
50548
41928
27753
56643
15447
17945
17558
22746
60471
54951
35384
41091
47534
52963
44251
17112
49475
25658
35265
8932
65297
48713
48719
44329
61934
19009
29375
1240
7395
43072
24418
16760
29179
46247
61695
8286
35403
40660
38094
4590
63925
14938
52298
25439
4455
5260
42387
6001
19908
1343
54604
6001
62846
17481
18588
40417
21458
10789
39234
6313
12324
37787
18387
32533
35399
510
14201
63135
17814
4563
3611
12906
37325
13074
10035
52402
43757
59285
44281
3836
13871
49336
13852
21891
64289
62516
25500
41349
30002
56622
13957
47541
64328
36878
48842
3201
54434
39333
60667
12360
4080
45211
21950
29601
3050
10970
3915
5188
45312
8053
34692
3370
14422
12558
23618
53346
34418
25531
64675
2329
44850
5320
54889
2890
61909
20223
46826
4535
8476
44546
51024
6240
41525
37504
43124
52095
36914
6153
16162
11986
15279
26748
11016
14614
21825
59569
2099
65336
15884
31221
26859
16273
54644
17259
15736
39529
40660
46168
36854
34066
25633
64750
22858
16333
16148
8457
39865
60441
11605
62572
42004
53604
8006
29164
41166
56448
17579
39945
5341
65227
36198
53620
46351
16562
105
14168
65421
49313
11029
8666
47499
51594
15440
59177
14509
55380
45688
43337
62828
41119
2835
47839
56367
27306
49920
33405
51695
54547
37756
30802
52088
44562
39729
26674
39182
18115
29218
17512
44443
22907
43330
40367
13890
30907
59811
31876
25602
42502
31269
17798
415
6138
31582
21559
6933
48058
53694
2326
4687
21326
13373
4299
47350
58970
19211
30000
11567
62611
62952
9541
26851
26536
11026
19620
47205
21224
37254
14113
56001
20865
10852
23520
4541
49218
37548
23315
44879
13214
34882
24611
62111
5502
18496
1171
30271
547
17284
27088
58549
26727
28386
46494
18682
29447
49908
29250
41235
41641
4112
48127
19194
23456
25306
55511
22827
41049
951
59223
14604
59877
49871
64657
54767
44300
33214
31816
26234
50389
31424
50515
46365
33385
25936
28719
887
4744
52503
8834
29194
4987
15954
18349
65518
62975
26407
66
35246
17922
30426
40695
27903
20786
20636
54962
30265
1821
37785
19584
55977
17906
39485
37959
27773
64501
65196
28490
11521
2775
34029
7602
60994
47777
53860
33725
21446
2770
34006
10394
16196
35732
35974
13936
1256
36099
56895
28995
28602
35660
37720
37186
43047
48505
9993
38340
19450
42913
6821
49401
44733
2299
32962
22134
1033
59557
62848
35532
9161
33116
52495
35880
28041
43522
30009
54176
42830
46319
53124
39412
53979
17848
14951
31411
49083
13542
23037
15006
39974
19592
46113
27630
61337
43331
59695
23048
3891
28367
26063
21639
52290
36030
54219
3493
6541
28154
36786
50421
42890
45064
18501
56700
43465
50424
1115
17289
7804
56692
49242
14356
48602
44245
30925
45367
7405
26675
53942
47753
21959
29085
56672
52426
63686
4362
65162
16554
64619
21425
46564
56165
61855
4837
16722
46864
43947
452
21701
53179
58797
17193
22097
22747
55138
50679
50562
24634
41303
45125
59116
61023
25368
53668
9288
2582
46235
59082
60305
12372
21754
57202
23203
5897
26388
60924
58794
6869
51169
37853
9538
26342
48498
21628
21807
11075
25161
62743
48654
53050
43024
9926
29514
41867
35289
57731
37780
64830
5483
48388
9229
62304
7137
27943
34211
55537
62990
12550
36070
4259
6930
62553
52673
58382
1157
1572
63413
44957
8974
9565
61616
19572
5085
38580
45364
41175
54346
8485
1985
64738
31473
60436
5697
11965
39264
36786
19019
61347
56429
26055
15517
64282
11444
2548
40866
52080
30170
55953
1400
6551
56780
1469
6828
56107
25742
37294
17987
38527
20199
4625
33424
58792
7406
14611
6773
9900
33529
57539
62893
23710
56392
10119
11189
26728
61342
16828
11707
12240
41971
39835
41118
4673
45039
16044
58120
10591
42037
64755
59524
1952
24115
25649
63966
30403
39035
35785
16703
24957
24054
1009
26286
64553
14487
49588
14096
64447
11448
38128
32781
36240
61588
29208
42244
36413
15951
15909
33826
9534
32913
44846
41641
413
54310
15775
19041
49117
5010
51010
21292
24573
23516
2879
28628
16096
60074
21768
3016
32924
23335
4477
46568
55717
21676
45507
49421
46582
13867
42476
61626
28699
32988
13818
12444
18835
17507
54497
18392
10160
51185
18290
31030
59912
38575
28628
30314
20939
17265
12152
4105
42863
474
45552
43511
2006
56356
45830
55971
25954
48024
58641
15786
3521
14425
35523
3685
47257
52349
31055
4247
49913
57935
8593
51810
56103
12396
55456
12494
19264
27943
41688
28085
409
8105
60855
7170
65337
63399
57880
59380
6771
33902
54634
29517
39514
36378
16380
15122
29629
28743
4335
29191
64156
32925
57399
37172
12490
29182
6847
55874
60404
64437
27086
44884
36330
22785
64840
352
59078
45027
38847
35457
43596
3856
18079
6432
10719
36425
44344
8109
38229
60375
14819
11103
5375
550
2089
14246
24120
50461
54179
49996
62557
20448
58832
5537
28211
35950
13380
48163
31368
45180
39450
49361
9596
51348
45671
22762
5974
44212
33896
21135
30623
42841
30226
61026
24763
17841
7747
56437
55870
53547
42768
33438
7050
34179
55135
25949
57862
32478
33207
35794
13917
15816
53710
21274
54898
39899
18539
39171
64400
28761
15609
33884
51637
29085
28858
2004
44992
20100
48109
18443
31417
8891
52458
11510
15200
781
46250
51102
26297
28636
51260
39687
10160
15718
30923
19616
63119
3242
10285
59560
26098
61019
49661
44164
55401
19812
14133
51709
16472
63586
6619
34619
23274
4858
64820
58896
31777
4937
42567
36115
65360
22164
58924
62027
25262
6909
25315
23883
32449
59630
11702
15092
4507
12028
45987
21687
39170
27131
23853
53849
65480
55847
3116
34276
61342
5972
4230
53575
31888
46455
29815
9617
53980
1164
8009
16536
35560
44501
34294
29768
40362
34511
31764
59822
2738
4064
19651
49522
51739
38687
25042
5899
4625
55915
34896
38260
63801
47474
21204
56218
48225
54032
55748
15716
1690
8521
54904
6065
22445
50056
23843
10535
19210
39458
50603
51293
58562
34900
22263
17418
18915
50907
63042
21328
51241
46755
30903
17495
64167
45392
47669
21925
61744
3013
48867
5682
28166
8434
61793
15131
4730
64157
58667
49712
50644
60444
17860
11689
29915
50466
58155
2712
3684
8847
55357
2569
22641
64264
23706
9137
65471
19040
49121
25066
29887
14887
61207
39276
350
61126
23460
47656
871
52478
42694
45883
29819
32654
15253
48399
32272
29797
4640
53546
4205
48061
44949
45997
51842
16766
39326
20579
17565
19536
44493
16703
56828
28802
56276
36777
58590
19302
24429
37524
24521
62890
5457
27881
2376
48772
46633
24811
44482
9273
38437
51779
34156
13692
19254
27613
34937
61301
16253
42203
1143
10379
29979
45065
58430
660
59723
42344
55930
28733
54095
19292
26246
10693
10143
26930
57987
50537
52646
48308
55469
27727
40729
6102
16140
20215
45869
63723
36557
51555
33637
52131
47017
17249
47910
38906
5329
8931
30308
49772
51402
32187
45096
17182
7063
54721
36295
25093
2167
24740
44436
61112
46206
10365
51639
42147
45016
27624
63735
19449
21636
19863
63133
17265
34234
10622
54533
52542
19073
15143
4184
16509
24510
42039
23925
38468
23819
33524
9982
41714
62517
33770
13444
37122
58182
39955
57271
33290
20179
31213
9571
48770
10408
46738
44997
26420
20726
48771
57254
54587
46477
63039
6806
19469
7284
18570
53735
42741
50076
56015
62582
58692
38294
42729
42815
20900
11351
17709
44706
48591
43463
54178
4826
34896
3693
22102
27068
14414
11306
33809
9312
23243
18168
25192
53638
44226
25754
26114
50396
42055
20983
44786
22365
64122
40677
43787
27771
46000
14796
25538
10248
33256
5501
41430
61807
35161
65041
62399
60575
32691
52442
36770
4832
32429
29768
13476
19235
59985
41983
50144
43404
42051
17328
61692
52416
29982
8751
51686
42320
26146
26098
55632
54573
63955
22416
35830
9861
45425
30610
37619
25844
43906
21675
60129
46178
18701
46653
36560
8629
33705
29911
4790
3037
38555
32198
28730
52302
61355
47239
24419
47936
45444
49885
49106
64618
64805
35183
45795
17988
22967
32879
15407
9721
62107
6773
9562
50513
60568
57630
54880
28536
37709
30555
14772
2813
52508
49129
57622
25608
18952
19419
64334
20796
2832
60791
1387
34020
34551
18322
10776
21854
15444
4314
6957
8649
38734
16815
30902
46834
53536
53995
46762
26897
53908
52837
51905
2248
50247
14041
5555
28778
24745
25050
57459
41350
19391
60978
20423
2402
21948
19803
31584
65190
60008
53085
13525
61960
10000
2590
38760
33562
14350
32690
2605
23823
18647
63731
51075
64161
40287
44357
14064
31487
7733
5296
7727
12321
18913
12499
41807
51315
53887
10869
59527
48888
23728
27245
56976
61441
24440
23631
10128
29744
19481
41098
52565
5127
2954
25000
2728
1362
57073
32036
22693
51195
29107
9879
54185
63840
16342
16174
42281
62084
32979
36108
63860
14906
58034
41977
29474
42641
51688
19139
11803
8205
4095
20068
60485
22373
57457
38165
25996
37503
11517
64343
5923
45531
52553
3733
34497
27858
12117
44315
23169
23511
30837
1109
47677
34442
8134
60527
17291
56430
16029
7349
9118
21355
28987
5003
57784
40476
64497
52627
44218
42442
58672
54504
1467
3671
6409
31343
48443
54970
14430
48184
9498
62337
19446
37101
58451
47387
24271
11564
39318
64822
29441
43141
12973
45443
64412
7356
9577
51872
57701
43411
1466
26535
24349
16255
42417
49534
15684
53442
12174
17832
32414
8364
60316
50104
24543
53481
12952
27801
49367
48160
30971
64488
46421
13917
31525
16999
49315
64816
39374
27163
49554
64616
24323
64879
25139
53236
33794
21985
65071
53950
50793
3577
57752
43861
37718
59196
38904
59397
5113
3963
9294
51904
52102
26265
40833
47011
40586
63987
37185
1914
8696
24401
60250
8568
46045
37685
48647
22961
821
25489
34891
23831
29209
19288
49769
45561
15989
57590
41218
48742
35346
6593
64430
42496
47107
36380
49604
62396
20766
59827
61446
46173
15020
13118
62924
13921
34865
41109
12341
6394
57048
44848
28090
4182
22719
22542
14031
63116
3093
14207
36392
4118
23509
36921
21382
14734
30827
1484
49799
33401
25388
9534
57532
41306
32082
42168
36618
28864
19053
59155
49417
42885
11592
27413
51681
54061
52506
11319
37590
63845
24112
55732
90
60025
46298
7275
5015
50995
44269
25739
1065
57392
56068
47424
44155
52336
47438
30565
21373
38480
52668
37801
55055
30
11656
8255
48403
55500
36126
61619
39748
58554
30740
43273
58435
19310
5153
36893
10072
358
58960
6233
20170
27656
39850
44299
44508
9518
52161
29528
25085
22672
21855
57194
63203
58733
33128
41259
17299
23635
40105
60654
61367
61771
38713
10400
32955
9291
27316
49292
59455
3197
37628
21641
39951
56300
38953
46703
13823
38590
44265
22713
23330
17385
6717
63025
60749
24189
47322
20534
23047
43391
39206
15384
31974
6481
46751
40024
12150
21488
1445
12632
15466
18699
33420
12978
46465
41593
1931
17030
13895
31803
35811
36703
7137
56028
58039
54909
22982
41779
49031
41163
36649
10005
32588
24166
63589
48683
61263
44073
7795
42164
10449
13313
13067
52547
3479
36878
23238
56374
63319
47421
3208
62465
40823
55384
15191
14446
16693
30272
15367
43499
56519
26129
11615
15581
16611
48748
45447
63281
57919
55904
30146
59779
2314
61884
23053
1670
161
30881
8371
63325
11509
23101
21037
39552
39750
53928
15925
9786
56691
30188
13624
27178
2628
31778
12010
27020
27212
27761
47499
1520
6946
56223
22476
44076
50444
17219
15170
10653
19247
41704
3094
57785
36338
3961
55551
32705
30792
917
60465
12834
62161
10822
29478
55952
60683
24097
13892
57778
26125
22611
28506
27637
6530
65430
64376
59968
46977
45458
63939
42840
32126
9787
52104
35981
56369
7541
20986
6148
40962
6383
52449
27911
63111
64852
22635
45905
29634
10953
49756
28254
59039
19920
16930
40454
15885
36683
7471
45683
25725
40754
58408
9440
53413
39830
31468
55730
43070
53321
24457
49469
31163
768
35065
58815
58268
34741
27180
21843
10990
34671
62959
10932
60244
41783
36423
55508
59369
34353
40795
24457
33174
41982
63805
17840
51102
9981
46935
33214
47883
26092
28449
51852
930
42157
32687
13593
62059
16937
17716
21881
49177
16612
34976
43714
33740
15760
12064
43741
50192
35691
6518
33012
55300
50749
28415
27123
49782
39544
18421
20085
51171
46026
19078
42534
51044
51370
57493
33625
49361
50191
1427
28670
23418
748
5470
3914
38771
45213
21314
26644
19275
40671
24279
671
49819
58098
27919
33729
51691
9021
20465
60918
846
26308
13457
31918
6207
9270
56089
54454
3380
18300
23266
35286
23202
27325
36884
3818
5788
59487
23700
30990
22699
44286
21854
60896
13643
24118
51186
10974
38517
54007
45317
35871
7395
18104
5585
50318
44578
33147
13393
47321
31829
48208
6112
61968
16151
28534
11039
59120
50823
10302
55871
17103
32124
15052
4678
5636
10202
51751
11015
47205
39710
42522
1157
14549
26494
62929
44880
1957
42102
52540
585
42039
52659
21999
30769
58042
9485
61263
20825
53655
9992
47896
10348
40301
40410
1373
18947
19742
51273
11666
47855
41355
29417
21796
44878
57011
11185
11628
44426
7316
28153
55506
62030
26223
6078
6434
28324
36279
19910
48067
31173
18485
35343
13717
28081
30395
424
61872
26378
18488
48472
56734
7792
27407
32622
56716
27482
34424
43787
35617
57878
42310
15331
19903
6470
6111
56122
44339
29991
35222
53970
59494
1885
29969
11968
37802
56130
29714
44876
19961
55982
47986
34021
14192
49341
58214
50350
13057
57876
57627
40846
39950
16970
44940
26674
38467
2139
45664
10940
26204
41175
33458
38884
24184
49094
55506
22112
31856
65012
27160
35088
40129
59584
63762
47824
27610
25577
45039
2203
52069
55293
6777
6889
61485
61544
46751
32080
20502
38883
22574
24914
372
43749
15487
4572
33131
41034
30697
18619
7767
25243
43709
38199
21701
62943
39181
30194
29553
51688
42620
43912
18403
22775
29434
26904
27265
46214
32378
52309
65145
9057
17243
24435
28950
8634
11521
13392
64073
3203
19269
2543
54515
10990
32438
44241
10818
13517
63452
61694
27157
17573
58476
47523
44823
15867
33679
23236
13525
14719
15963
43299
56309
25024
30874
28098
40065
7278
50194
40530
20163
26753
48318
22599
24039
3127
62153
56318
8303
40948
3367
56613
62956
43027
20276
59172
31742
6121
46818
53690
35593
16569
40063
47944
65408
28279
43002
38123
38837
36779
17655
34441
25180
22541
21858
31084
12148
39271
143
65318
55470
10790
13390
33501
33149
15708
6389
19490
55020
46699
19415
17930
61922
57872
21112
58276
64823
29718
41328
48394
35964
40158
18697
4627
8043
56391
8832
49562
31147
50894
5399
22949
8141
30758
63557
57674
13259
49739
36398
63945
44214
62936
10527
49524
39426
62248
41030
33503
35034
41551
10978
12775
47864
42649
25870
345
29443
27097
51371
23083
39430
1802
55233
50099
11521
54856
38597
38644
53254
64799
54812
35812
59832
36956
59468
39287
2426
7294
6317
12193
1557
52477
43970
33000
8562
46192
37617
22813
31417
28586
16493
7565
58037
33243
1143
62552
42251
36759
25187
19150
24626
64388
7265
3215
558
44199
44960
14325
22129
10724
8978
54663
32123
33101
43994
48835
12552
19695
22208
9419
38647
11580
41054
19812
21426
52137
5259
35927
41920
1418
28195
33771
42841
39919
36770
27588
38363
24692
54292
52732
34733
28489
18186
22580
50703
20235
43734
59299
63968
65339
2822
49620
32358
39206
29117
3134
38002
48892
24515
33027
24537
39044
21064
1806
42252
16409
20936
44932
17815
11784
39770
37377
40996
51750
358
27087
7517
38341
43589
48320
61133
5431
57474
6615
6431
27593
30966
7143
10414
13582
41613
41
41396
26691
46930
1161
459
31695
10777
33228
45668
33132
13412
22962
21368
15182
24584
49183
3993
59968
46360
58454
52520
818
29857
14399
12984
19482
33803
42744
62509
4327
13045
59195
10769
64579
36531
39176
43315
50158
45822
25742
57604
29479
60640
38776
11335
40202
3856
9983
45495
14128
6621
9975
13043
49752
3596
40720
45252
40092
4526
21777
56983
39822
36929
40977
49695
10749
33914
6577
4771
26602
8471
9472
36425
50554
4379
33664
46495
9823
48980
32066
45760
53799
56747
26767
49646
59928
27522
20378
11446
2251
20984
33041
35426
17285
33751
22006
18454
51458
43846
44566
6444
16883
63387
62541
43211
50135
52234
17628
2906
55760
29783
3565
33928
40422
55505
57492
942
62525
31414
59092
27012
8470
65058
26487
52451
35700
44156
32969
35832
16910
19777
20448
46947
27071
29843
29219
40541
21283
4024
37026
32130
37459
9345
17376
48726
19698
28845
30460
25776
33179
17566
49382
4389
5487
5244
36099
14808
20038
34784
51254
49435
52422
51977
34171
44372
53184
6346
16456
2706
22926
62503
46378
14596
48106
42505
20119
32002
12896
46319
32068
47529
49105
3821
56784
35549
28462
29202
29737
49829
17216
30995
24358
910
28625
44852
59294
41766
35247
52397
20927
21523
60797
4733
62385
13357
57563
49747
56900
46957
28152
9411
55806
4032
21873
32585
31241
54461
36755
14444
45427
18940
51325
57026
24673
28931
55931
6465
16433
56163
37415
35229
56396
15102
49845
30035
56368
16231
24843
37364
53206
10745
5256
54140
34445
1129
56782
31191
55405
4920
20033
58155
1039
38194
12590
41197
59910
11023
55802
56588
28667
21876
6682
35319
43184
59024
51124
53793
57446
32495
47618
39070
19696
110
25864
51186
21291
2080
11868
36452
3742
49373
25277
35022
20730
47398
42067
17748
4118
38935
32503
12359
7952
24066
9520
13483
20085
9747
54682
12080
53461
32007
26113
20173
44612
54767
7544
31570
51953
31924
17623
28738
1976
42108
6471
25105
58714
25812
27367
40379
26620
56807
36980
11904
10904
6980
33917
54248
19130
23141
35081
17267
54659
3437
5899
16771
44463
43191
31021
40558
19054
26483
11072
31347
51396
64563
21710
46848
8069
42652
21198
59073
52087
41604
64261
55150
61133
58107
47707
25163
27244
41639
10718
33629
60621
44234
42904
19951
1771
19792
25281
14891
36937
43084
39406
48223
29051
57248
58809
64710
61641
11276
17409
35632
10029
7486
6873
34398
10288
39273
3056
3471
10709
59161
41627
58421
46366
34576
61367
25708
18031
20696
41454
33060
49662
42281
42427
2682
26550
20306
10615
18882
52226
5876
56551
51744
37094
18334
52583
14530
42686
21430
15531
48112
53567
37673
569
11718
26647
43909
13212
58097
59620
51299
40745
62942
59523
24516
13437
8822
62101
11339
63124
40120
3537
14101
14214
35576
39989
39834
56990
24641
38928
14796
25745
21056
32939
61518
10042
23906
7812
24152
42814
24520
60292
45945
46572
13501
1243
51251
13920
24462
62131
10467
38135
47029
55369
30105
48683
63783
15065
49214
15780
56061
39466
20337
10682
24973
15
57517
36353
60076
62370
8841
3979
61400
37084
49468
42193
50955
42216
38223
6493
52070
61500
45159
44671
50527
41836
30223
50629
27656
44777
16812
4280
65125
59746
29194
53174
54423
20620
41528
35476
3726
37078
54031
30773
48689
29319
35649
41804
10814
22184
19237
37889
61349
2016
64963
7485
3953
27476
34575
22620
40840
64251
11067
11958
14153
10196
24241
55408
35285
23532
41242
50270
42733
36875
25143
19977
14791
9346
50025
9615
16612
56316
45715
54064
18360
4551
38687
27168
6829
5148
50471
44228
59258
64226
44243
863
51310
52640
56299
14798
34597
59901
17300
33748
10986
33318
21109
64109
26221
52353
54826
1789
56336
33494
6715
23738
37748
12010
36687
14560
65208
43006
24555
41650
18365
15866
24937
18530
41512
53702
44449
39949
57432
20996
1871
55842
52610
54375
30676
47810
40644
36752
43448
39677
52485
35874
28968
520
57424
57315
10271
6187
53242
22454
24246
17782
41264
41160
45361
53810
49783
56651
1740
58434
35121
42897
52385
48492
17006
13073
31137
44610
27696
26176
20028
3132
64354
25969
27225
53875
9422
41198
27237
59737
11896
46153
24664
61670
3976
42875
2671
50731
31528
2567
1322
15453
17973
26935
21877
34282
44415
15295
24705
1957
32098
30193
5534
36303
56607
65534
34876
61343
43493
14842
41903
26727
64172
48502
37633
19622
30812
49403
6914
48580
49173
27710
50176
33176
18660
12798
690
7600
46445
63125
4290
19039
28437
42545
15041
8436
37914
1415
56008
36381
20844
35777
20442
40103
40136
32123
40647
62982
32400
42578
55108
54280
3774
31776
56133
62210
14494
51642
43586
23588
64699
3990
6620
7137
30013
55133
17074
27417
7639
425
29373
4173
24624
27763
56296
54609
44788
7343
20936
29841
22237
50280
51099
30338
46024
38222
49668
22965
25953
2092
17852
11040
30062
22831
42647
35994
58702
12405
44619
1291
151
48490
3640
10330
47457
35784
19489
49816
31173
57631
7478
45615
11987
47226
42484
25360
42129
8939
1505
50533
48020
16249
20998
10077
40158
53096
16853
7384
16341
63689
25826
31316
39548
53723
4844
30004
55813
28200
47630
45719
26000
64184
7635
34213
19916
2361
7346
38910
29459
7875
36240
63452
757
3011
30004
44322
54456
41402
58161
18459
40705
35199
55650
59975
54775
55184
36652
41683
28272
50696
6578
35592
43100
33307
46323
9935
11084
6325
31560
62937
50180
36725
22053
22044
1548
40677
31439
25545
34880
40428
35044
7564
52232
23251
16753
15806
32380
25503
25328
43442
64319
14412
50845
56058
16556
59870
40648
58897
29758
16833
47271
21546
49416
58669
33500
36055
15818
51352
3876
13296
9414
65098
35141
49913
45548
39674
35541
56880
48975
54285
11706
18380
62800
17215
1958
7662
15238
18982
9714
34354
61312
52349
58185
17666
14235
61781
4838
43972
43402
37316
45471
72
50294
10613
65286
6724
27327
25307
48321
52083
3233
60750
20549
35337
27569
52020
44458
10762
24223
46665
21864
53984
57701
23382
21299
44019
43111
47861
8981
58848
18967
22905
47883
40049
30798
52903
29860
49574
28506
16694
61704
6624
64647
45823
1646
56515
58641
49745
7326
25411
45358
39901
24397
43200
51969
7916
59606
37750
36400
15017
18724
30001
17505
57929
59272
31539
30201
40898
56891
16445
2960
31015
23381
12483
13911
10932
32274
23806
12021
14875
26606
16286
57596
65384
57429
57962
36905
1791
27037
38816
5582
1681
6611
664
17352
49713
9165
21829
9828
7888
44420
64622
16393
45629
20096
40901
40245
40301
57339
63420
557
44724
27965
9519
15205
64722
4918
23700
33287
38651
21934
54807
23592
393
27483
54444
24941
16173
61397
32158
4642
6773
18068
60102
51412
13828
40742
10874
21444
36727
61968
46155
24769
12115
30632
3896
34040
39961
60660
44307
18777
13534
25937
11686
41050
39591
17533
53256
51547
28312
42948
36238
56301
35772
6926
968
27336
2997
21250
32289
13607
39534
39984
22298
1919
13420
3138
64446
62983
59211
56982
1848
63993
64077
54415
56672
51494
39462
3087
6578
7194
32452
60206
26391
38769
4594
44406
18491
51546
46146
65411
59337
6007
33907
17865
26066
53128
49902
10216
17630
38503
25747
52819
62253
60352
55489
50672
40337
17103
35759
2644
51498
10159
43001
26898
31577
16549
27679
38828
49806
43765
48553
34614
51653
25908
44908
11330
47994
43538
54089
27040
41371
40858
39410
64919
5782
65512
10474
29941
1862
61720
56246
28136
59981
59735
14439
48708
21000
33267
48940
65302
60199
4651
20968
1886
7438
32356
17212
38755
9997
1493
54289
52980
33804
13319
36851
45362
61430
38086
53758
55343
54197
43099
51197
62789
28131
13214
51113
57583
21699
38101
21726
22566
24947
16138
11722
18396
65119
49905
34428
47035
9074
23536
48827
44417
8741
1108
24193
5252
4525
43336
13114
63470
61019
30780
12389
13236
27544
12127
25666
30593
65038
2936
40114
10845
23271
11714
55182
8853
53282
39850
54621
58418
21013
26101
57124
38124
27663
1707
18327
27080
23868
7032
35021
32112
49540
51731
36928
5915
64483
19834
58200
64138
17893
9395
44364
48437
47213
32324
65069
55071
61147
18076
10298
20873
56720
1725
21869
42596
17930
11011
65409
15346
40935
18595
9541
25758
64965
22442
41880
38004
14837
16625
13163
30519
46703
5083
29998
23882
398
289
59098
224
49096
17656
14501
49108
47593
55611
5762
47758
34063
46900
41034
63788
36773
64763
43033
31545
19244
48501
23086
27856
62062
34133
56486
51999
33167
25350
35306
8490
35160
54870
12848
50335
7488
19253
61951
17880
32222
8687
5281
11119
10038
26855
59244
58587
60321
18962
35960
65195
45004
9648
44325
33226
18164
52225
19945
48423
22167
1904
4418
43060
22102
62256
57936
14018
30532
47798
42394
10454
38908
21333
11851
45990
26164
40716
27282
25594
26564
5018
25320
37064
58284
48917
50151
29423
10179
53239
60854
22835
27991
25463
24788
50141
62573
2581
34997
35932
11943
7750
3325
61232
29963
16804
266
34243
10327
11238
61447
551
18977
13430
33261
16545
756
32742
57917
15434
57200
13498
61892
62630
4118
55315
57226
33825
37599
174
31895
60736
17274
64673
57918
9648
33966
56958
60854
46805
14943
53843
44056
11786
31601
16647
45792
36762
18330
50556
20925
31040
63880
18976
34062
34522
13577
27729
10216
62269
13946
33938
29860
9712
4187
42491
50640
44318
4151
63713
4823
56871
10860
2118
10530
13243
48981
28177
52862
8860
9620
51120
56134
44977
10644
1983
50183
9247
42385
25875
35315
52139
26764
22472
11855
65018
62149
15160
36870
40504
33226
16467
57032
19693
41608
8771
47756
15777
58231
1377
50981
6512
59007
54426
20901
38376
34470
34467
43088
39587
51301
44632
47015
7300
10353
25185
17493
17131
49620
18769
30145
21733
52890
33772
61060
2973
25805
3519
12103
52383
23750
9030
33121
42663
29329
46383
64262
14947
58247
65085
37580
35275
27915
26280
10483
26751
9592
55706
24317
37272
21289
12493
223
36306
10815
62835
4049
44755
64610
18346
39989
22934
64736
49821
2227
8957
42693
60433
47453
30614
3980
16876
6243
29075
40850
28467
48122
30629
58273
5668
22109
29878
10800
42622
45299
2993
57
64401
60137
38822
24666
63479
20663
24300
18480
43052
55777
51284
56410
24251
57857
19130
24810
19621
34063
31158
44120
40296
835
11268
59151
35610
30018
18644
14526
38897
53869
8454
60817
24064
19215
14456
56628
60325
33298
65424
56028
22984
1648
28106
43581
2318
40719
52440
58194
37395
26983
60794
15241
25104
29010
47084
11388
10354
27386
41206
33462
58716
59502
13312
46884
29939
28774
17798
53456
1500
32085
58089
40990
46116
16877
24861
5952
12955
35228
13549
36042
10105
49773
27599
41928
23613
64110
6383
55820
58633
10139
40870
1954
62106
23079
28361
6012
51872
9423
9189
44433
47437
5960
314
48588
167
15965
436
14257
43065
6292
18387
59355
57093
6717
30790
59191
13385
65353
65233
7047
62259
6951
6688
54474
55670
24269
6514
40061
34366
2304
48001
14529
25296
17735
48104
41091
41569
64054
15809
65103
22305
19951
35360
3678
35935
13970
47033
55971
28987
14429
63799
47598
11976
13225
4026
48988
44651
26692
14006
48079
33622
42850
7105
43538
31654
9433
44073
22635
25236
29365
3406
61544
48035
52385
25761
40819
36080
10005
46861
51573
36060
55492
24930
179
29862
38262
1615
23303
48245
49800
49455
30271
51295
60365
8431
34370
55865
17319
25600
24540
2023
62916
59419
65148
65301
43982
24421
42623
23194
45881
30880
51456
7629
30904
59977
33024
27099
15833
26965
39218
18089
37265
58127
36490
46190
57790
4431
6228
15500
50567
3768
9748
12738
11793
16308
33252
58688
4943
43230
6417
29208
12892
20483
45587
26787
40628
64504
29522
25075
24133
35211
10508
43199
26618
53654
57668
28574
56539
15481
4817
556
2748
16014
21013
53297
58785
32421
49927
17763
64323
26294
4639
3977
36334
2040
39610
54840
14262
22238
45202
62259
60683
5269
3179
7699
35931
12444
54401
39407
11213
13759
10936
42664
52133
57011
63182
47920
50130
27438
46340
3850
17641
21619
57503
38294
16439
19008
26932
56420
5985
49705
23919
30849
42044
54685
56748
25471
11078
24256
60659
9711
59467
48711
8681
44771
19621
42923
46972
48497
14501
12513
42291
51744
28190
51597
7599
39552
30310
1943
17910
61371
41963
5820
10915
17431
7201
46183
20274
8
62683
60376
46348
44803
26371
42975
50350
53723
7255
36786
56677
3407
33527
25899
32360
38289
9431
21956
1015
8381
16051
44615
52191
31473
65210
43875
7007
62559
18283
6174
12603
63251
538
15169
65290
13994
31816
4172
38018
45148
52886
46439
1787
3150
58833
27136
45467
64949
6848
7244
12114
24948
14268
10541
35520
11761
10632
51689
62919
30929
47516
52759
52515
35618
37351
65029
33063
4826
38603
3253
19531
59067
4495
50636
10709
37831
37372
17697
52
35401
55691
45445
63959
60016
33645
51391
53855
59948
30222
43194
11666
18460
51533
42786
29871
16490
48111
4135
36281
60892
33019
2416
45389
61270
46742
53811
10283
45514
31694
65319
41972
5668
36285
39359
57272
30844
53548
41980
10225
61503
24555
61606
30500
7976
11307
47610
52441
27757
48740
1749
12416
31621
18088
63760
12093
7248
24355
20296
45228
11340
50714
7990
6178
19924
49844
20488
61295
7629
8682
32882
5971
60393
32460
63632
32248
30534
237
52274
6742
54115
48539
65224
7481
4671
21070
42500
50191
23394
45718
58081
41989
28366
34523
6508
58993
44011
18344
10378
33435
51507
3522
38840
15229
54131
14820
40189
60428
28869
50093
49651
8048
57479
40598
21568
41510
49916
54297
40727
10737
64446
58406
61048
53698
24076
53689
2080
17306
60936
42664
42452
36413
42567
24066
2269
15423
5579
57121
13759
11785
2235
37363
4527
39181
32892
7227
28563
24983
23717
1554
30916
12239
52487
18706
47913
51099
18626
8008
26758
41630
62462
19072
28076
21536
12931
18579
875
5787
53017
53899
14568
9259
28271
62122
53882
61366
9162
28519
24181
53046
34139
15828
36282
50308
41243
43862
32182
12559
59708
29039
24068
54262
11824
25009
25922
17144
49788
62963
15145
53916
14379
47219
61642
10268
45163
26941
61520
41227
62000
18373
8697
40128
13517
48406
9073
15868
13892
31767
62555
60007
1216
25945
54129
24983
61545
59514
23263
7024
32279
53788
45656
62390
55731
2037
36102
23169
48089
48930
62553
53057
42642
60135
29668
58344
15913
2863
14519
17618
40168
64303
61329
35543
21792
16672
26681
52905
15684
32086
4549
23722
39134
37291
19530
24158
22895
54763
1837
34852
61076
51782
53987
47942
18869
62831
4116
40450
56927
12779
28418
60930
56261
6713
59221
852
29573
35359
20251
22108
48503
53590
8506
8525
20015
48338
36111
60009
6232
23648
1087
46179
19546
50765
57524
20428
57206
52769
27649
11478
56751
11982
22315
30117
40227
18889
16090
34557
11440
4111
23691
4122
10281
10609
1749
21724
18586
10674
3415
62071
35759
63736
42545
31809
39963
56129
43063
31047
60561
29120
1610
59963
43738
30935
52196
10473
2457
36379
57007
43767
52062
27756
5923
33360
45361
43791
43153
34548
61674
64777
13719
37806
22855
51776
24841
61111
43772
62201
62272
17512
52311
29165
23673
43648
4666
47604
41174
42408
48397
30938
50666
26308
12509
11762
41812
49237
1900
9463
57385
42843
32329
8434
45214
28075
33964
37708
27205
44101
37379
59713
15998
14367
53309
21460
13688
56525
8757
12619
25023
46136
46503
57646
53074
37139
7033
65064
27109
27836
4427
13931
4566
28062
2933
46690
48839
40134
59024
19038
45668
28633
249
19765
65315
16333
28525
29279
58934
64231
56658
51079
35275
42969
50612
33868
45524
62047
18705
19482
40794
64035
12501
16952
27772
52627
27166
2199
10202
3523
38426
17705
32898
63443
48263
22881
23571
37929
20469
20751
23268
15664
33327
33067
21213
7779
62464
10839
35073
633
12902
19969
34955
41800
20395
28799
43551
12955
54408
1820
22373
34027
59946
59940
29372
49145
14743
51281
63935
49616
45532
3615
44311
5406
14964
54522
36817
18674
31322
60592
58377
54243
23276
29642
33804
21089
20280
2851
19059
48763
19107
42747
5659
42227
35272
53263
27570
28722
46301
20178
63085
64829
16107
42368
1429
12457
17513
52139
17608
12198
44703
6023
41680
53864
44759
34922
58705
10664
62825
43512
51562
3641
51115
52559
45974
49594
12124
16155
55761
153
24666
27117
1842
17579
9674
31410
35506
5389
23751
24612
51374
32789
27117
62505
54191
6738
50903
41534
51581
20344
46106
63492
49426
47804
64907
19000
59201
87
21714
26795
8815
25451
13576
65202
28031
33496
30247
23727
46146
48270
51339
49607
54858
42193
12129
57845
20518
2259
64564
37386
34502
50172
1432
55575
32875
49128
39962
35919
52727
53228
41422
20581
51946
52341
18373
53810
20437
7233
37594
64980
45318
52147
44854
44169
1459
6821
62930
27844
34789
5118
49242
47505
46784
55742
5838
1253
4187
11953
39583
43891
1722
7291
51776
32929
47597
40600
9480
62906
45417
25076
51166
56862
52552
58370
5684
19432
35206
30332
5413
62462
42460
35725
13955
14104
48848
42834
3633
43399
1416
33751
50036
41295
33506
21474
6299
37832
17102
16625
13329
23842
58137
10409
24793
34920
2482
40824
56281
31699
49999
9141
32170
62895
28619
12133
64799
43105
28528
8262
6382
65435
54862
12112
3642
20762
490
56032
35861
18488
52505
38518
45465
7165
44364
18279
57332
35583
9214
29545
22560
52819
52668
58231
60435
55563
65006
18457
5870
4079
11918
40022
14123
44514
15576
56830
8452
7186
47195
9506
530
21559
5057
54146
64224
27843
48461
33342
63084
11852
48982
10028
3928
16076
18947
40507
46841
14981
58988
62988
39071
40025
64378
30666
56450
24678
57928
54644
54240
12346
24532
7018
54744
63926
25625
60861
60993
50373
61639
29628
38909
39118
44774
37624
44260
10574
396
34717
49527
14427
37024
622
17333
44440
28812
55568
61783
10038
56151
40589
49638
38641
22536
26754
33834
26516
50632
56709
57838
31967
53801
54601
39509
27269
62863
39430
40661
26707
61497
35417
18950
38724
29969
41269
63990
19244
56848
22991
29080
60729
11151
39859
4352
39258
62222
40506
49907
47318
11984
18456
40778
29153
31369
63137
27733
63173
52257
44261
15757
63548
51681
54273
40376
54036
3251
50825
2941
11672
50385
38332
622
63633
31795
64408
28290
28283
55317
18493
40358
21105
6408
41466
60711
28788
55083
25754
24287
1735
39126
52688
21649
30339
1088
10249
21949
9215
48934
12613
25507
30997
52145
29538
21531
22110
35380
14667
61330
39705
55864
18324
46803
55760
40607
60537
11164
34937
27278
34585
22090
24953
56003
55231
52621
9319
283
52030
32120
34816
44513
41000
29438
16223
38708
1952
36050
26700
37270
53564
50069
57852
49483
40539
45735
45586
1879
38009
13601
43231
43096
42124
31503
52367
10681
23348
45172
52654
711
2068
25729
63486
11888
48675
16046
6338
23103
7032
65383
13038
64344
23870
17642
24660
44774
58070
58772
35335
12674
22584
39481
23968
57049
5317
41662
29001
3372
63651
39002
37564
27391
52202
52202
8462
65528
10894
60948
39576
57958
13777
45597
60415
28604
14192
41695
26595
26985
21443
38517
53218
5076
14402
25568
60014
4051
48260
64507
37837
5451
1586
9318
6340
6538
50496
56807
5265
47685
133
21882
20269
13229
45393
35984
2495
47503
30948
8753
43301
3478
40889
23716
64586
38997
4904
51926
27124
33228
18497
55847
3636
20762
15482
36467
27300
55859
47342
46843
7990
35547
51263
64670
11950
27672
63002
58275
3795
20030
6853
51675
40041
53228
8689
64830
58919
10425
28280
38414
60734
34592
44322
30523
21859
61077
17875
28625
31753
63896
63827
46929
20583
2230
7271
26034
924
19109
31073
56949
38070
55100
18595
15527
41043
48654
52838
54913
29356
26504
15362
10424
7718
5008
58497
51766
16549
11777
23850
37437
46098
2788
51821
7759
9353
56409
60700
64508
9087
23571
10218
13145
7977
2569
49236
17859
12135
25156
28091
6411
1907
37352
56100
33500
4138
52524
50174
5793
20275
34898
17635
62785
20414
57369
45532
55872
39558
43078
1071
5474
56909
53025
16871
48943
6758
32890
48711
709
39776
52808
4426
34170
26237
35514
56950
62714
54797
24391
47231
13328
33593
54179
57428
56935
45650
65512
11301
49343
35302
54485
64289
9847
32406
53492
52096
20926
48257
22836
57887
44939
62131
13233
63384
63459
45878
31943
30022
8926
24113
51502
27415
27520
62167
7733
63640
59138
61995
19003
27444
12301
39565
38825
51724
59725
18807
55537
61873
64299
28814
41110
16937
63581
8123
54529
60615
44318
14518
4442
29240
22433
26221
31410
11620
30596
58011
20323
1919
40828
65048
14679
8209
59372
63727
24360
27284
14627
63883
31168
2110
35371
5712
54056
2551
39341
12331
62321
33124
45486
30842
410
14241
36646
65519
62524
37895
38368
11675
25900
19976
46
19669
61969
60892
58545
7941
17424
57582
11691
55046
22899
65331
11477
50073
43122
44907
50501
12460
51546
4628
40637
35137
23928
43719
38183
7361
20433
24843
23494
45459
54323
14314
44805
6826
61205
12717
43937
15469
53072
53201
16716
9114
51060
897
34063
43332
48430
59417
46248
58801
7597
63451
57343
14984
59858
40015
45951
48591
61363
1368
59944
17830
32104
62370
6119
4038
47179
15514
48049
2564
45916
50124
14688
28832
10856
52895
59817
8648
17125
29932
2794
42821
43792
59688
62714
22825
51761
38338
16855
36210
30521
28124
24384
57627
18070
44759
12329
34057
47702
44279
60202
43864
45955
63343
61529
44064
1070
35679
63886
46252
13455
51680
19895
61222
17971
7816
34933
46610
64011
62059
25724
58831
5262
12191
46960
62621
8244
29863
15938
61930
36697
40128
37479
25263
7647
48746
40558
11228
51575
65446
52364
33575
2022
59370
59858
53086
61020
20808
47414
30504
28701
28297
34343
48537
46452
23206
15523
60162
10079
52900
4553
13587
13530
780
50393
47105
12031
13993
2129
27886
44963
11820
63119
35654
13479
46036
43507
35918
48843
46385
43067
10413
27241
42254
29591
45390
19673
46465
44651
11756
50580
32932
55676
37737
43610
41019
50839
24378
42227
38531
58693
60787
57339
42181
8227
58913
48438
5952
12748
4028
58476
22664
17573
38056
41527
31938
29027
14246
14639
17188
23440
868
8371
14830
2442
4080
34917
18635
26610
3129
4281
637
47039
14528
40097
40491
55964
22354
56729
20597
22246
54161
18155
54390
1005
42917
7348
1501
45811
16404
13365
24560
33850
4092
55534
35262
42051
29625
28886
40373
8245
12498
13145
54395
40950
7605
50151
3210
31985
58355
9630
14577
31723
28942
40736
8500
28485
23548
26081
50235
12672
65310
36321
48547
27320
16430
26591
54082
64564
53439
60948
46684
58507
45207
50064
23276
19548
25865
56637
48813
17945
51971
6063
20618
13510
61057
15642
52931
24756
5562
10223
8081
34543
5077
46981
27075
54033
20000
43568
54426
26600
43675
45838
31925
55450
32051
27498
58461
17893
54425
57186
36456
62580
46348
3447
42676
63649
36646
57215
18738
36744
61227
20866
9114
16530
36753
11173
59246
11070
37475
51625
28995
34452
14037
39306
40023
39363
5996
31461
17267
522
48674
9139
31364
11615
23202
1044
38263
534
54379
56747
54577
22262
9319
40189
34062
29004
40190
64350
13616
10323
1159
57981
51961
64164
6069
4430
40603
14583
22687
31313
44311
35295
98
20924
25941
52886
16569
25165
23313
51968
49975
36971
7691
55388
45317
15399
14594
39553
1332
54930
33376
39595
18734
3349
31999
49003
19229
33930
51573
64099
18946
20454
1481
17
61763
18713
11116
27116
53677
56161
35512
19168
35328
50240
45170
27234
12248
58223
48979
65534
15449
13014
38772
31014
65056
65124
47719
39767
22531
56647
39119
32658
5291
56218
63645
13378
63821
55096
2178
34413
61149
54403
39277
39106
26817
27614
36168
21644
39941
6277
61739
5715
45560
58943
64761
20697
22411
34841
37662
55910
3731
58350
56087
5128
19843
42643
28367
2662
21664
21848
63082
26215
26792
4993
17521
21290
31688
28997
54919
5852
7276
34252
24103
4872
30398
16388
6854
2373
63303
27750
64527
14588
39841
494
16330
50206
42699
46411
25901
55645
42910
3226
40721
64128
7010
58075
36364
64437
62236
12362
45625
64498
43589
35378
10562
2366
64179
13999
23807
47889
62473
64598
1372
59668
18531
21142
51180
2108
46330
27020
27533
39723
11528
52697
49393
21489
62464
40294
29369
46659
1557
51695
52852
8095
46675
21673
12000
18488
28312
51789
53291
49468
27638
59221
53996
50343
17573
43085
41518
34092
22635
17412
59838
1059
61028
54848
1059
7116
46732
23900
44404
18973
3360
21950
27707
65119
35018
2864
1071
27508
49457
24111
41943
25688
40263
10592
31221
64489
17997
52872
10865
21257
40256
64177
6634
11296
61877
18039
1171
36457
40254
59872
41623
13060
34112
57372
54865
439
6178
64719
12193
25689
54251
7247
23488
16666
36741
50804
6501
22809
23500
18748
17344
47592
562
62168
59005
29394
10019
50667
47706
8888
20740
56791
29110
17524
32562
29979
1067
13146
46641
33003
24092
29888
35849
26793
1652
27217
28131
24156
8077
29739
44442
47311
20368
19100
15008
47428
52685
55548
20148
21930
57002
53965
24736
35187
57590
9569
48380
8741
51974
39656
56087
28185
27262
32493
31630
40526
14947
27453
38034
26057
17130
63312
10012
27626
1688
32105
23905
17967
45045
47117
1448
17018
1129
8212
63310
43052
54729
49225
52660
40405
43844
63738
61787
45429
26225
18778
61265
33073
32211
34384
47892
45553
52085
55826
27860
33718
59483
39879
8616
11560
10364
12727
19356
37878
30007
2548
21178
64778
20801
33739
56976
50217
21639
58324
29249
55291
45198
4082
49226
62136
34286
57146
46138
23078
24676
38748
19733
47781
58190
55517
1375
27800
43576
24089
56291
56658
9952
39940
3565
37180
38220
29531
53676
36723
58387
46008
23256
36845
21904
58583
14225
46878
39280
64057
41580
3521
20620
11635
43915
3570
34738
13578
9607
62322
4974
25832
28273
18650
56521
49378
5518
49340
56695
57038
59393
63530
854
916
34489
18523
21537
54395
31991
60503
63261
48656
65507
26806
58342
9335
31875
3968
60791
8388
33669
29699
45556
7824
44064
20265
24706
56010
38882
15503
36991
26182
18014
14859
39373
22841
33480
58020
12977
43053
23477
60507
9939
27618
18325
10690
41616
47556
39402
471
28733
57321
30437
63800
35968
47763
23541
10118
61329
57514
42721
23979
25029
20091
37125
33750
31360
47655
64123
55875
25489
29787
36227
42224
57646
16354
63440
13931
35702
29585
49683
5096
14724
11354
24061
57836
65373
59858
13141
13028
36020
57151
59390
12864
33318
36408
61974
39181
64592
16514
27435
19515
42451
10400
24749
12651
1793
61683
22535
60957
49371
1557
12999
19551
58020
5487
61413
61057
3131
6087
19174
9703
17800
5491
30303
11487
49036
16926
37137
12561
55314
53449
65208
589
14895
65266
8789
10428
53864
19192
45059
64024
58845
46307
33871
27713
55538
26861
20320
7037
4819
20443
23293
12640
16403
13237
47895
23652
13868
57902
23890
64288
17101
46551
27449
46062
52494
46341
10204
50434
36579
1807
18582
53066
27662
4852
2194
56452
5748
29750
49615
51530
21332
41398
37810
14074
50298
2723
53095
790
62422
9421
33353
13179
55857
49437
23705
21797
23929
43203
13109
48329
34716
39794
19284
25048
55701
35313
22883
6045
33860
10515
61945
29783
57340
5878
42052
30117
53617
60232
63539
42830
2579
59176
43130
19491
39037
23521
42071
58388
49455
57929
21554
9876
20539
64191
24768
30191
32562
59462
54449
40636
46677
47868
17030
12620
32672
3164
33413
30138
59596
52205
46886
28658
42740
1886
40595
39507
61885
32598
48721
53145
7785
31971
25604
42011
3479
43854
43737
44814
11400
50748
17182
13993
5486
44661
20699
47565
59063
42532
50148
15782
8858
57040
56762
54567
25800
8168
28380
62585
45577
56920
48860
62900
58049
6897
44023
58624
382
58657
8006
46088
31620
44705
44042
39917
46713
58236
56328
560
45160
57898
6973
8590
49932
4463
38282
40481
51282
33641
61296
24296
35082
15593
13671
20369
23312
4991
41369
40019
8643
1456
63575
17769
989
49365
19227
18929
29332
20845
43410
60396
15134
884
40952
56398
63072
45316
35207
21317
58298
51634
37721
54864
14940
64643
39631
38910
39406
53429
52464
19793
22740
36320
13220
1220
49162
28665
49992
64053
54294
43478
47146
45439
22200
47875
25274
18492
45985
14980
40763
42456
39640
64134
12428
39411
34053
59161
28302
1576
4723
12369
57845
17941
64184
24450
4609
7593
59600
10589
16494
27959
29990
24057
1794
13899
60057
18888
25353
57452
29346
4020
54942
32215
6098
52065
11458
29981
49994
56103
7867
50663
57519
58354
28383
6716
52075
40569
49346
23803
26550
15086
6495
60447
37701
33569
45622
41334
1030
44918
14590
54777
52434
45484
24783
35248
64106
5635
38489
62440
32390
48768
9335
4749
312
60137
54274
30014
40633
12431
53797
56114
5032
49089
50988
752
52642
44255
27366
50927
59907
25516
21624
25769
55525
21458
18818
22631
661
3857
32236
44683
32198
52620
47060
27552
62455
53251
41454
6184
38010
33727
35067
57970
14601
31084
44422
25311
28429
55932
28917
15173
20718
44540
42549
28250
59008
17455
47361
36181
61329
18164
40245
53621
36123
22179
13556
50140
55188
61585
25322
30340
57377
55282
20104
57853
47096
52316
44969
17424
47720
8114
46159
8418
27145
36184
11753
39977
19244
55032
45479
41816
45164
47845
30194
9491
40151
19019
2867
21133
39802
5671
65256
38000
5631
7306
4541
3445
34465
26831
27312
33604
8782
12722
48980
47800
42365
42960
26565
56197
12617
64113
30602
21507
23371
12014
42014
34830
29685
46652
48548
52600
3504
62517
1213
34686
21711
12549
37298
9766
51279
21819
44519
30427
6728
9281
24807
2493
64840
27511
56897
60957
26675
45855
19424
9021
39673
8024
29258
32548
4377
34698
54067
55484
53762
30457
15160
30004
8615
792
24396
62463
17319
6040
56751
48351
20264
42264
60372
29657
15608
61987
8174
32869
7765
45591
18459
14445
7257
45843
64189
61717
52749
2438
59756
56009
60599
27200
57266
61638
40377
31603
37466
30212
22392
47841
55600
49236
49397
1772
55508
26965
47106
57528
430
47984
43168
27659
20662
3177
44340
61213
59066
43804
61034
14391
14165
2420
46651
65465
14947
54267
62160
16179
20786
19810
1817
34231
6064
16596
64607
18142
53588
62556
8605
11919
6879
19803
35341
14161
3974
63558
59169
65440
13177
36974
19683
4942
40617
7103
7820
16885
41211
1356
50943
60250
35453
7361
5820
6513
2346
7858
43326
26998
59025
4675
16930
45038
43956
3346
65123
48542
24047
41383
44589
51198
4985
31019
45503
41152
37239
25851
14034
18282
8596
7675
59899
24177
13695
23456
27090
44773
18962
37632
9386
16259
27888
14203
55364
23849
60066
35789
10477
55826
41565
45254
7201
13400
58505
4380
49504
51067
12555
22399
4769
20261
19807
47099
47441
30262
63039
42417
26457
31171
20281
55927
31543
45118
48633
58804
18660
39403
20926
41547
62895
50815
34299
36995
51562
57260
20898
14385
37985
6252
40589
55570
13602
18738
43831
62819
27031
2368
29888
14311
48714
42377
23150
6885
8532
43533
28305
48916
9731
33456
22534
22940
36820
46050
50854
31677
45311
1076
21580
28232
36639
55050
43116
60625
52720
46337
43747
3677
50618
42797
59846
60030
24604
59291
63779
24000
22091
59987
63615
52535
25513
57324
42327
47158
51067
52271
50488
41054
61422
17928
45242
13436
56873
19883
20581
22245
27840
61521
65250
19041
18612
65173
12556
28726
48915
33376
62137
4367
53530
32938
58817
6868
63036
54247
38506
40244
59600
55944
17819
27151
41397
15245
56987
44396
59628
62113
12927
36197
45942
45285
50185
46340
51484
42916
48038
29103
41779
44975
35270
54797
54099
48596
54863
51107
26017
51875
34364
633
16346
46722
10566
352
38491
30091
37978
28814
961
26482
20750
51448
45476
8655
1532
22795
23511
5940
1435
58952
13066
9525
49131
30776
39701
17091
2772
12927
44497
63566
35777
29916
50249
45765
40748
36388
45812
12720
41278
23393
12856
31300
40961
624
51079
52375
41320
523
57273
64702
9521
19038
17286
40363
18049
9527
26002
51135
17815
51752
22588
19849
1450
25046
24897
28733
46307
5361
64255
23110
52956
2059
33922
55918
61844
29840
26708
56864
24878
26624
58975
9355
56966
24369
43578
23789
26693
56443
37659
9742
16560
21246
28573
33196
20611
11518
2925
57460
21383
13573
42464
42064
47768
37366
5797
41298
43584
26658
46006
32978
48723
22053
39256
64341
21106
20579
30180
23239
51806
30845
53405
5507
43521
15208
4411
35991
20357
63440
52590
62397
35441
53015
9660
63546
32260
47474
49789
61866
59801
31600
63404
58040
15068
39577
6539
30241
10272
50934
34333
62851
15613
45410
28709
40779
20258
14060
54106
12665
64297
39461
30312
55873
5907
2853
24730
50088
38977
26465
42203
62289
49325
7237
27235
62200
61835
64229
55392
40824
25671
58784
64028
39273
1103
36029
18969
2498
21721
40145
11075
44531
1967
31375
26216
11016
25208
8898
14063
64239
41115
60339
43478
42208
21020
19797
53897
54742
46984
42534
60599
33921
33109
56565
3404
28812
36991
14774
53153
7928
46525
5046
37951
23297
1281
51874
34249
23518
22388
55393
12800
30329
58047
57445
34444
37798
47914
5354
55541
131
55339
33416
49474
38219
50605
29133
29731
10645
48684
37687
62273
35719
31581
22272
13867
22154
401
55043
54239
3860
28471
7128
41433
36516
33221
45203
13947
3390
43723
5869
18808
39922
19082
57666
65125
6926
35372
44412
19654
6018
19347
42348
53943
47449
44048
51254
3704
34518
6953
36171
2443
63185
33964
58879
77
38559
14206
20268
31971
23345
23423
27951
57722
50368
16957
43469
25437
22643
49779
31166
12763
58578
43434
38383
60295
15629
46239
58864
17759
18276
12963
35366
52749
13898
11278
63721
59321
54074
1891
44937
64406
24936
22442
32896
64163
43579
59781
51122
32431
4969
62838
6337
62697
18585
52401
14187
23293
27660
8823
41691
20777
35961
36890
60205
41579
19477
38037
16848
4799
34276
4601
7241
19247
14622
55757
14354
47938
47238
8988
24919
39090
46090
52890
31099
7793
6907
50618
4675
42790
35776
26833
885
36548
28980
22818
14503
11616
10064
47543
13926
24473
58301
32527
59987
52128
62786
9128
35031
9879
45037
8179
7271
61825
27689
64610
24222
19759
57104
30163
45003
59773
15395
10932
40195
60303
62674
1826
64673
52716
36027
7227
31600
1521
15331
32282
15041
61861
29230
24654
52602
46350
7403
28010
54359
12399
38847
11432
24754
23036
54592
32271
57205
8354
48189
24139
45209
12954
20430
15316
57573
25482
34458
4857
10063
24320
20910
37857
36938
13913
2886
41566
44086
43505
30772
16522
29512
10460
36687
26097
64632
20160
52099
43912
57649
4658
30511
38362
44844
43586
3069
3291
43132
45261
37760
31197
28394
18282
36026
26468
7195
42538
11632
49452
12366
6082
59441
28457
39434
49015
41874
29792
55019
37997
31428
3779
6271
14115
44963
9935
27007
36989
63923
6391
59930
19240
38526
2082
24923
59200
10140
40031
3559
7627
1167
58271
21703
5521
41202
18398
3589
2973
46784
962
32345
9349
62702
51708
9910
64567
41939
45824
37105
28182
7737
31643
14380
49213
13915
1777
9065
11991
52755
58005
38773
1869
24023
821
3644
1179
23077
8381
57161
50986
44632
25938
64893
25060
31073
46588
20861
32862
12835
3958
516
54748
51223
2680
16066
42370
2548
28438
32321
9200
3498
4948
11064
15195
25952
27699
20462
52829
8417
37786
13465
31130
13661
62357
46934
40345
24246
63196
14376
14729
10860
40474
7191
47838
7016
53689
7043
30549
60260
61622
58454
59707
62938
54086
56751
2884
17627
56416
53029
35307
27844
35182
51775
41144
2545
28353
22611
32140
25218
41623
54510
3801
5900
1182
63807
61125
56789
55200
16037
37002
29831
16416
17056
13941
1064
40375
48396
5042
61399
3182
62373
25981
34032
39873
20719
46096
50041
13909
49809
139
62471
17717
30092
11156
29384
19025
53580
26000
43987
23178
21829
57274
12812
14662
42350
55398
42110
61246
19074
64093
23184
14012
32957
60395
46014
45359
53594
5750
47499
47520
36595
49105
62387
24258
53915
11198
22615
56650
52936
43664
55927
42223
27381
56200
40291
29619
26789
58448
38661
9917
5129
49207
50657
17064
46588
26171
14816
14195
7971
33628
38981
28621
26058
11949
62051
31297
15978
188
15233
38986
49491
50951
64530
23037
14153
54988
54297
56334
42296
58381
16478
20214
29268
58925
45494
31468
25564
54312
27182
10727
31241
54225
37290
40595
24089
14580
609
60378
44267
33210
38477
4165
2493
30379
62324
26092
14466
27898
35598
64666
16782
1793
23473
61203
14595
21392
42927
47930
16172
36654
11634
50103
24195
40009
54299
53127
15502
51657
37082
20239
48815
41170
58577
36436
13247
50137
57636
55438
4538
28408
45524
58966
3073
38200
31485
60722
52802
16861
4958
48855
13520
25867
31905
36252
57238
24078
27173
54553
25689
24209
13737
30856
10611
14094
10678
40674
29355
40524
35653
53852
21390
44773
52555
24432
53748
33928
6922
36412
44589
55412
41225
3498
15360
10412
56870
47493
44028
27901
41601
32006
63221
40682
44542
41234
36882
51847
61718
27121
26629
22966
29167
19186
43676
8634
40533
59230
3373
10013
18472
23791
63602
63229
38176
6277
12687
38894
23174
63758
25669
54892
27674
9499
52828
21742
39822
13053
45386
14615
18480
17205
27149
63560
23762
9108
25340
3468
3152
1298
59403
25512
28277
23653
14900
57549
20659
9185
7851
61785
17893
48456
35524
22367
23913
43141
33653
3135
28649
20998
52173
30307
16147
61007
281
62575
13384
5596
3060
26055
16642
48220
38050
27827
13851
35610
37633
23769
44491
49664
38652
32757
61557
36390
64492
26674
42427
23003
62477
21974
22702
1290
63663
5624
14518
2242
64026
54535
63620
34827
62868
49366
47566
59541
33369
46839
63129
35844
28492
38128
6219
55216
36661
46202
35995
9985
12404
22477
51643
2297
14387
911
43206
30933
6563
41075
55648
61656
61580
30205
20824
53781
47572
1010
5496
1019
11950
63404
14913
22175
63208
34943
55488
55619
54376
1906
1456
42323
34079
22897
49454
47627
2577
47664
28741
13063
45899
3845
58332
44354
19163
25641
3923
19113
9600
26712
35895
42049
52724
26885
65373
26706
18102
44038
13980
51785
1074
16708
61121
5929
19481
21134
29509
31392
10771
15493
1058
19158
22223
53959
28688
9193
64445
64488
54082
4805
28535
40121
40970
35729
5358
63421
41723
21074
35157
27449
38288
28306
6006
63968
46295
57626
35903
50523
9161
41606
47961
32055
743
15050
210
15275
63610
25344
29766
56430
4568
46712
29498
42086
3210
33593
59445
59644
29089
16849
51944
61690
53470
6547
22647
8144
14982
14414
49861
64622
13889
34117
59345
21691
38397
63861
7295
6312
22500
57044
7455
25527
63609
3451
4985
1258
25066
61024
27455
40193
26367
50266
63464
48851
26791
32431
3916
19382
6725
909
3052
34153
4379
39310
9289
64872
35094
58269
44904
7501
15629
54328
39574
36473
47043
19337
51563
45356
51123
49796
62911
27393
28821
19994
12194
30244
8423
13210
31351
22355
10914
40300
18810
58042
54871
30192
64523
36181
31214
63747
23724
1845
9262
39931
4741
45429
1863
701
56539
49698
57075
31557
45854
48057
59086
45322
33320
37291
8305
47341
32459
45075
19289
22712
41773
20293
37065
46173
32718
32696
14652
43078
48046
32640
28403
8040
41066
22582
27440
64429
38814
10168
30737
14454
25510
30607
59403
48768
60992
55311
38350
4748
11962
37899
58093
61728
63966
3077
29479
55425
53609
16943
4157
52878
35994
62210
51104
56283
18320
31511
26753
33843
17365
4662
61386
60280
40232
43557
64174
7997
12610
44592
65140
34596
49480
14904
4365
57959
10020
13774
27532
20606
39077
28825
9672
27265
34077
57738
54252
7584
41688
156
19520
4554
10344
39536
37350
8299
48879
4337
17378
59794
50221
15207
43358
33366
24045
16463
51070
16937
10879
24019
43486
33703
56220
49601
21490
35408
32006
34453
14229
15804
1932
13571
3303
17714
59850
18379
52829
16842
18510
51546
27055
5086
53696
13901
62734
55096
10409
55564
23661
30907
18263
21166
40209
1970
62318
39929
36374
6133
53972
62449
5717
35276
55388
30055
17706
55897
52956
27190
22362
25000
56634
1441
39902
64332
58376
39546
56317
36054
54578
29444
36531
13029
5436
42724
50205
34417
8860
53383
37655
24617
29613
7679
59427
45821
35410
60272
16844
63575
61358
41890
60733
41747
45871
64427
46737
32450
16509
55073
21698
8815
8358
19686
37647
40713
57529
51047
7404
53021
23349
58082
62939
29680
57923
2361
41390
2707
47648
27262
28247
8578
2941
978
8866
43997
52481
15806
52465
47187
43087
53739
59043
22207
34438
17103
16483
62193
64030
39376
5637
54430
13243
1896
8135
38852
48238
20757
22393
40244
38077
36152
33116
15538
52063
21756
44254
53183
3674
19128
27684
2340
2042
55548
2528
41942
5191
5833
12691
24572
12884
31344
14124
47479
43390
19560
31201
17021
31864
62355
51186
50869
48288
56535
12619
10475
58389
35271
21087
22817
10264
35281
43910
50961
11461
43576
48614
60546
950
32162
64586
56214
5741
54642
33325
9836
12496
23915
11673
55744
18059
8318
39897
16284
55555
7874
52083
22118
39856
63340
8503
26470
16524
50782
17961
47411
17389
37519
15350
45806
20588
19435
52209
6533
4871
45662
233
3359
5334
1545
62148
55819
11202
53176
47500
3814
24381
41157
11227
14330
4750
13020
61347
53543
34287
52148
31965
12087
36517
19132
24819
64384
55707
64628
19907
39392
46616
30549
53407
14582
42503
17619
48330
24040
25794
12671
50937
36177
26817
37268
2019
59459
15282
14787
10725
29968
12320
29440
43758
56604
1855
33290
28961
11377
16277
28503
33735
50670
46556
23616
46661
31336
11353
33050
47164
56453
13032
38207
37759
42828
52224
21170
7668
23537
34851
24931
5239
34274
13948
22874
30756
25199
24980
57132
6614
37073
24603
62816
62848
39437
48043
49991
65209
2773
21190
8681
17780
4509
39960
4810
35647
50016
44853
58233
43018
209
53727
62412
33799
13726
27476
53443
7539
30080
23347
32648
6460
59466
51182
19638
46651
48662
15898
47779
47859
61695
61663
11943
64597
43110
64060
56352
14000
56882
31895
63194
18577
40649
47925
20825
48631
37320
38220
15365
5874
1780
46925
6179
17112
4553
18881
41924
23393
24706
44443
29106
35404
39062
55690
36449
49022
44793
34822
3756
55212
2703
18979
39006
36716
14464
15636
54775
44769
3299
35547
36458
53400
56461
12738
42434
12399
21533
10495
49102
21957
25801
47586
35583
57353
51549
27152
28869
57553
45088
31083
40588
53467
33597
9429
8255
24241
31627
41251
3740
32453
63981
15418
35862
34328
9517
57414
40014
57429
38266
50641
51338
64724
162
19315
29270
34024
48207
22790
44324
62610
52032
17061
3515
58260
52276
33164
25262
3736
5600
23259
55760
53074
714
4451
43491
33581
22027
8757
14106
49786
45672
59992
45414
61809
60737
39618
55420
50588
51893
55675
62371
2957
64436
49948
56004
50608
1554
6998
37367
57371
31363
34928
23972
24188
55959
29458
12035
56626
17249
20523
51362
33162
18102
8661
40556
24352
3337
47383
47469
58469
13223
37698
63745
48819
21934
44818
55920
8169
2632
17558
46922
10662
17749
39534
62385
56946
19708
10083
12895
35607
36630
43411
24580
60606
51890
34204
42090
39230
49892
36169
25697
54890
3004
14192
37413
13853
61683
34774
28541
55318
41603
28941
1209
20908
2275
15857
10014
27267
39130
50579
43938
60266
3974
61949
7203
42373
25585
53001
31271
48116
5350
52374
36392
39864
44005
32796
8421
52516
51467
3766
40498
16735
14258
6616
26373
33542
59591
44510
7782
41791
32388
32468
58261
40678
52381
61180
44920
17207
31854
14972
54665
54178
15135
42935
57462
5235
29070
34928
37269
41515
10764
54876
1250
37192
22314
37491
46028
22686
56617
7358
4125
53448
49800
23876
1977
37355
8582
36087
25037
64092
6539
47650
50383
62171
34821
21999
64196
49202
16601
37674
13964
20975
25627
10597
50631
50761
61378
62156
4374
49304
39846
46879
30834
12838
16907
9269
51710
20761
59660
27222
54927
44668
24
61113
36490
158
30683
34939
56989
47366
43904
25648
30271
58515
61037
10747
11272
62850
21794
37307
39618
816
26744
32973
57109
56810
20042
57607
50808
48935
1755
40567
58547
6673
37724
24643
25939
60050
10717
15982
1267
48168
62218
62505
60815
58263
58930
33939
40965
59846
21821
24738
28658
38000
19336
60172
33576
816
37140
43273
26706
55833
52076
25789
35782
56973
25745
8001
5352
8002
28313
854
14747
7392
14382
2979
2167
3274
35358
64929
33738
5672
38485
59468
20772
16353
19635
65055
4209
54603
11392
60802
40907
42655
3518
64680
7640
22026
65335
6535
51137
40703
47742
53853
40665
17660
11109
20767
50941
51575
36357
40155
4089
61847
947
22849
16628
26250
15098
32203
28493
9934
11025
21387
47366
45800
26206
56012
3318
11778
58638
28578
16036
6200
33555
17559
3399
44941
8839
46571
27515
34824
26044
40086
57965
2461
6606
61855
54355
49349
21336
58182
2626
1486
47682
50596
9368
44163
28927
54031
5061
28183
38514
1369
2897
63259
47541
19154
21775
2405
19753
49335
17408
16468
59577
34303
64085
24321
43098
50481
516
38857
1245
1206
16500
41415
49961
24949
47563
25698
60488
34068
11036
30804
57565
44741
47853
44927
8145
17601
55634
51709
2391
38420
61141
61598
25435
36917
48594
47085
34269
25253
50551
9013
13700
19179
11106
39025
39654
64499
57369
12536
44817
65217
56607
63866
7176
32737
51096
59977
7346
7766
51759
58993
53248
12651
20215
2953
2049
40708
28754
30855
29429
57999
10382
43306
5298
43620
41243
1365
8166
65327
60678
62239
57487
16876
31395
24246
47436
43343
1943
18953
13706
38230
19192
11053
27469
21471
5568
33743
21822
53030
59795
49654
38756
53238
5129
38609
45888
51112
34657
10802
35996
26974
61924
52344
54177
35960
5571
59020
62399
22652
4745
18718
11233
32217
52740
62032
9336
21205
8028
4182
23683
32144
55115
21154
34367
19496
13181
31512
33826
50342
2305
27544
49150
44691
49433
1722
64996
62934
17101
28346
50470
47143
38305
50080
54814
39108
19895
36131
44034
2724
45118
59670
21908
16169
1243
14019
1237
42688
8789
28900
1230
63575
2185
26105
55808
58302
29771
15196
45114
54510
9543
31744
16005
6416
31755
19601
37247
15042
42839
39337
17736
53176
16624
65285
21589
31891
16541
8659
41184
28971
20162
23733
9281
8523
20785
26088
52227
57219
33953
11974
61326
8844
44045
19079
52798
9344
3923
9600
61848
42699
44593
33964
57192
7389
59905
59934
35809
4220
13181
62583
50573
416
789
7396
51144
42599
5750
58050
18059
43355
35008
54633
10345
61053
46048
37969
31401
26508
17005
56540
34247
7249
36621
47353
15967
52138
30221
57356
56006
17734
45398
13489
39216
40902
19782
61914
43394
58293
53398
30201
52382
34010
19264
5290
39210
60154
59442
54562
58573
25846
2056
24351
18841
38357
40373
6075
62046
33209
520
26249
39873
7433
14126
58690
55857
63978
15287
20694
61113
54624
58514
56739
3037
10135
29108
59380
51184
50250
10111
34231
50098
62488
33577
55128
171
34504
42572
55800
40641
16163
514
4370
34630
27319
27595
18177
5784
28485
24832
28036
28339
46408
45077
4522
55292
10588
58734
20114
24386
32588
39953
57482
37147
28826
19764
53163
9850
46977
32181
13143
15980
35242
42378
16510
33608
37290
1154
24114
54100
62736
58200
19401
10026
3071
24939
31817
42188
43734
15575
23946
21947
38260
15239
8517
53457
19785
6986
11304
12620
14618
43137
435
7538
63869
18873
18189
48512
19954
55922
2869
2356
7223
64945
300
52540
1823
37397
27414
39961
37812
1378
62261
54187
50287
55417
57801
51296
35220
53377
61203
12374
63912
55915
54461
21045
58125
53415
64581
52066
36707
30879
19181
17704
22639
19730
45204
27423
39628
33239
60538
24110
27031
55799
44130
53281
58168
994
17108
27278
41137
26451
21802
42990
29946
3402
43319
17196
22188
243
18764
61416
3194
59466
8135
43294
34907
4058
42433
47823
2186
7270
49532
8226
18487
29449
25823
2226
3055
61233
52341
54620
55593
34162
12453
7102
15746
15144
46930
32046
39372
15368
19686
49553
19900
53129
57972
49776
50285
32028
1846
51887
62460
52382
33228
54093
18349
36496
2490
18556
59035
18497
59598
19496
42571
42008
6410
51670
38119
22493
20814
20741
48953
36292
17844
43573
20294
32486
3629
33718
65169
27574
48521
5443
60334
44217
40183
61243
2394
2415
62816
566
4756
7701
22857
44006
11157
31837
36917
32213
48307
20716
40138
50723
22868
48668
27489
11149
20496
22586
14155
36526
47417
15217
21787
65370
21013
63602
58669
56173
14181
23375
57362
35201
9853
61171
21338
14342
26346
3920
7392
49554
37379
59074
59959
2339
53859
55183
46944
20053
13998
53288
3093
38621
57649
42313
46689
37492
52220
29302
19822
65376
30663
21634
52557
18116
2410
58608
298
2501
56299
63652
3561
30258
9731
51763
22349
43845
56624
34094
35417
27928
22771
29948
28783
39214
32283
979
6697
26877
15226
45027
38855
27112
49950
55019
10934
8722
42764
24521
11066
62126
19836
25893
52336
62833
17871
55032
9263
63516
31964
34514
1748
19719
27782
3398
40059
16138
28899
55731
48221
44408
62785
13260
63729
5070
38317
33995
48773
41122
12649
47048
58431
35962
15821
26581
44808
27138
17735
35353
65160
1718
4459
36673
41696
27795
21329
30334
33842
40493
35986
39332
16190
49062
29186
31074
26201
40607
9757
27725
17359
35849
45599
27596
14263
23044
7768
31785
13325
38603
50199
51628
58617
64722
9936
51566
547
6109
52121
50866
50871
24458
18644
51157
63594
1565
43515
41611
43597
3606
4901
6165
58851
31737
9256
58465
63387
31062
14344
63398
61030
58458
8650
43908
24420
27218
49463
9529
39969
26819
13166
63078
38860
54514
12415
23826
15667
26141
35453
24503
9996
38525
62747
52048
21579
498
55703
59542
44663
57993
28707
3538
38268
18602
37070
39374
28370
12425
48064
35430
3066
60291
60630
50515
43806
62279
49223
25690
10755
49430
62019
10164
13604
37581
30968
41525
13791
42092
11232
36869
26822
46254
41882
35393
37186
38535
6854
29151
30404
7293
990
64170
25484
10339
20926
1200
53492
23130
37045
46983
6754
15545
16698
11490
9430
36074
48460
28797
10833
18585
65491
22747
31350
63101
51222
27404
35362
51095
29627
21883
43646
10464
29692
47248
63443
27461
56097
55527
4766
164
57517
16590
10222
9274
56276
18882
62133
44109
53283
61006
48171
43538
27739
44283
19810
39328
60697
12592
24036
9376
49472
57858
23616
39222
18884
62020
50123
14407
37687
33691
39179
50604
59219
25125
50551
53323
29536
41681
28628
17940
61830
49960
37081
39170
30393
4947
26523
60840
65216
8722
25630
6318
40866
55001
20138
47596
19291
21474
15864
3383
17322
3049
34481
8155
14258
8271
49788
16255
47467
55544
4631
37201
14530
61316
1689
37877
64618
35551
11641
13346
58964
24047
50837
2618
2715
37729
61845
44333
21789
16112
30602
56548
64233
8773
3052
59674
60286
26176
19219
17533
3049
18119
13317
6311
32065
5779
45211
5567
62000
34884
34458
46847
11350
10135
3960
11685
43374
33788
51677
11701
47994
25692
13346
26474
32021
1103
19113
28433
38176
49990
37322
2
44947
11450
5367
27295
1311
22141
52515
2663
38249
64132
29854
39957
8533
41319
8613
16011
18343
61421
40759
60481
58497
23220
63156
63306
39686
22960
52521
27336
14485
3268
50729
28213
19243
41270
13989
37198
56765
61069
45712
23412
31264
46184
13743
61741
25803
16583
3303
35604
7880
37491
105
44271
19337
55480
45583
19474
29998
26764
24007
2268
16170
51488
16524
39620
63103
42186
61155
65407
27047
44177
50740
27018
62353
14528
18275
58521
54545
41848
29108
56547
5045
59869
64457
60233
28720
23950
4703
24004
13441
42899
32066
44156
35904
4934
45874
32315
31750
1164
48728
21523
60865
48140
39281
35050
54218
13555
19642
59731
39773
62663
61072
33876
46171
63946
55180
63146
41451
4191
53011
47184
44142
60179
53517
62532
57212
42798
29915
9462
47361
34397
45506
34305
61823
43645
35557
57798
48262
26255
34475
42724
44259
5877
22468
3635
53597
42444
29860
65079
449
52330
61048
24692
16043
48123
49451
61030
14996
2299
24718
21724
46939
27978
27546
44909
53068
38632
8213
28338
42164
22269
7132
36420
34227
49959
63400
26836
58969
22661
52595
14548
63591
49527
46858
32996
19150
1006
24297
13439
9809
39493
37669
31599
7634
15810
47690
52379
39802
37745
59367
7954
50553
40384
29851
22536
28596
53993
51014
20248
34244
56714
11385
24595
23683
18943
48960
50925
55283
7385
1715
1143
44046
24769
31824
10979
53924
38346
53306
8657
49869
35442
21414
40299
21000
43266
58607
29785
63269
35836
21771
26807
974
64819
24657
60926
14685
15293
51047
6175
35846
14271
23437
50411
22419
55829
34573
33288
62819
883
19150
38525
44160
48171
6995
30910
60481
3872
57439
17322
5763
23496
51941
62847
31766
51911
60763
15536
42498
43562
43762
56017
44517
48418
4139
15833
39443
64454
15762
50525
51034
8736
63621
55306
11448
62149
33344
21470
37323
64963
15388
56948
44976
60457
52699
36717
49895
18126
1797
62350
17868
32249
18621
57592
14505
45229
13921
50109
43243
38043
38155
56575
58724
45376
36296
55703
37359
9044
8219
25862
25232
64872
45669
5055
39466
31578
44271
43172
51370
2478
20038
11224
9246
42028
16813
5214
32023
2644
39367
65392
18259
12422
39945
49434
28414
47850
15809
28789
7484
48704
11849
59628
54764
4222
59232
4053
19239
10675
61590
26433
9475
47733
20381
51510
36525
63141
49609
41202
38036
37835
3456
20169
47369
55850
6386
8598
55825
45232
30440
58550
45636
40001
11800
9981
9453
56913
42024
18084
53553
18792
52018
61203
31984
47676
43408
47245
40715
61832
28427
10404
18532
62172
63008
35360
26171
50013
36835
15602
3517
8825
61261
52181
12723
18256
58239
18699
18098
39535
30937
24853
33147
31979
27255
54628
12298
14000
25564
15272
24767
31156
44632
64654
62380
4720
62997
31462
22781
55572
1740
50423
48718
61277
7433
51405
34294
32170
27922
48410
39849
58930
63058
11127
34609
11375
3590
21007
65000
18112
15336
44110
45118
49648
37501
45909
13451
58476
33286
54940
28720
52449
36619
28157
41704
53294
20790
6971
7886
44391
34821
28268
31471
43835
41079
36734
23489
50242
36531
1781
65292
61739
65033
47946
61847
14954
39262
25088
53869
17843
60181
53802
8014
32109
8538
19293
45316
21382
61775
27121
48647
36189
31760
15316
12899
25125
45030
47034
43690
28784
37219
33546
30599
55906
41674
26953
3471
56643
36635
36943
4886
48087
38450
2961
11224
3653
43181
58294
4214
6867
2438
38754
5684
28065
19533
50311
32015
38811
57150
39479
45783
21050
36023
22171
3703
29034
665
15420
47427
49454
28537
28804
56974
17275
30233
61965
5949
17971
25739
25770
42445
54903
36657
40213
16697
56839
55203
45599
26233
29518
15130
47265
44180
10337
23015
20102
25712
6151
57967
48785
16156
35964
63140
8567
56662
30674
16288
15546
45679
976
26847
39641
45737
54448
47759
6330
34993
17365
62136
58220
54734
22505
55142
12752
53676
60861
60151
22145
27739
39679
25602
26556
63059
32883
37078
48569
42771
31783
20715
58688
64325
54193
26655
34497
29557
46528
4908
35086
38318
43670
41868
42792
47466
29742
58437
9927
10534
21420
55936
20758
24729
38558
2762
55508
44502
45181
25383
49219
43517
35146
29754
8593
42416
62358
45858
28248
34809
32253
57964
17231
47170
28327
13284
33219
31026
6339
62389
45341
19361
17470
1020
8830
21097
65297
27825
52228
12082
7151
19211
29138
33740
28544
62543
51464
25976
62956
32936
8617
1192
60206
1731
55469
56063
1668
16975
16702
52068
54897
15953
49096
10736
65205
2519
44040
32736
52756
43078
33737
53915
41563
44076
50840
47906
47940
11945
53265
36884
7364
31259
65201
19133
9601
56219
55277
6569
15904
39726
54825
29250
19821
43447
42543
54366
51038
62374
26379
49910
41423
19243
2708
5703
26901
42227
54739
11542
32042
41745
24114
58863
6215
31951
30804
46750
21310
25889
50747
19050
52646
65280
272
29541
53163
851
42852
11453
45628
58792
42656
30981
11130
33011
56919
5961
16115
51502
29775
62494
25351
16192
52030
55996
61576
41654
1486
3292
21841
64690
64905
34527
8345
4401
6619
22105
28765
65128
29628
14612
20582
22763
58684
1299
36305
36669
9951
64903
12584
60142
3240
38965
40510
19683
36937
23799
34650
39453
9921
60996
61087
45110
64052
30109
10178
17512
56018
48959
10124
48873
7875
55817
55887
53083
56993
61002
30277
40249
62585
8252
24933
50508
31141
29209
48221
26886
18094
4259
39176
1064
37340
39320
23813
1982
51400
56037
4902
55259
6631
61752
35254
43452
41122
58717
6550
48144
27012
58822
57941
55897
52628
22911
55416
43158
8286
14987
39142
18607
908
63214
24695
17868
49626
50663
33832
5656
11907
27449
42683
1933
27203
47625
31287
44374
13934
36666
11254
5145
57826
1771
9323
22886
58110
35547
35920
28253
16956
14461
25384
19127
24015
54903
59822
16621
47103
31304
35496
45764
42644
8649
47670
19544
49155
20
43278
10081
61764
18667
55805
31130
25839
5027
46417
18224
38398
54487
14927
61954
27636
20898
54811
9092
45791
49637
18079
12681
27153
8294
44944
46985
32036
13182
39015
6194
55059
32697
33522
59554
23236
3865
6187
56857
62617
32180
11524
52825
2837
6933
38943
27505
28534
4383
20802
44623
7869
32533
48919
57710
35728
30303
61359
45175
64047
2482
49174
53981
53929
30323
50975
59424
57106
36078
12947
51304
21291
14292
28657
7263
34674
35157
37342
9664
10633
53719
29131
30750
57160
13263
6828
1596
38918
30068
2767
57498
61191
60062
15016
18217
48510
35704
19537
10794
16677
5847
13766
51579
26671
46566
22855
1306
4575
2706
39086
29766
34368
33071
32433
44963
43165
63702
36635
49645
35356
5752
59654
36131
1781
8071
41555
23041
958
26042
17269
61755
55322
49607
57404
38563
38053
10992
40927
51803
33679
54812
12806
50812
29534
51642
17055
64157
24819
30916
51046
41161
17806
10360
27041
35257
44038
11398
21157
16276
734
36996
37964
16423
24139
36881
17556
44846
379
44813
45706
4616
32016
12206
57928
37161
25012
11526
8481
25606
58605
14719
34765
57741
53154
42826
61068
10616
19847
59980
23930
6884
57208
17010
27612
1312
39272
63768
26339
45422
12620
41108
8189
37504
1533
52488
16712
57824
36510
14940
13596
40413
2353
11069
44861
2903
32272
42368
53928
27141
47594
18277
7476
9964
40200
12832
25199
49232
43069
43672
56700
44154
26471
48281
7265
14267
55953
65402
28310
35752
36657
31728
47216
23033
23558
1666
6738
55785
17221
48481
9643
35496
19179
47696
62875
63367
9834
263
59892
35621
9624
29988
17332
12644
52706
14043
56335
13983
20292
58598
15879
7882
2469
13581
59830
16422
4173
61870
53180
8122
46178
17584
17730
24196
62973
49967
8385
34786
65132
61973
40365
51492
31860
19162
20741
44508
5934
28187
63453
55422
27960
47235
25220
14988
60813
49463
63794
54045
6525
64822
45886
52329
39137
47570
13509
24854
12460
59985
22356
3505
17357
39553
34523
35941
13970
57528
63418
49248
3220
58506
41421
57815
24054
42857
56864
18460
54930
57012
19451
7870
43632
19869
7016
30911
65036
38557
12293
4470
61999
41150
24496
38362
15267
55371
1808
44944
22052
41777
64558
53709
49141
51358
48832
32663
14141
63700
51025
58647
59502
33413
45711
23078
6086
28790
43367
14952
55017
59219
12834
25649
59317
26694
25413
42260
21408
12283
40423
56248
12007
57395
4816
25685
25884
6217
3822
7022
55385
31070
50189
56254
519
2049
5506
49054
64202
56227
53911
23882
24262
23496
52104
39942
21061
13250
18666
47459
59160
31825
27941
12982
4198
6431
4934
42336
39668
11979
42423
55439
6440
25246
35432
20879
11938
1635
11147
3491
59800
7851
21485
59702
17647
25504
27833
22966
30883
46168
14427
28238
29885
49067
64056
46662
4791
31505
64584
50797
37543
44712
38811
45596
41545
52133
37008
43420
16322
45762
10
32580
19408
52644
48659
494
23218
29242
33450
4559
8574
37002
30638
16223
49192
19320
13257
22747
19023
20638
36024
7180
39450
45349
48489
1794
41453
23037
54403
5953
30313
51440
32153
36412
57350
25220
26916
25838
59565
48288
35208
14276
26460
3612
5465
16811
23394
23905
14355
53731
13758
24644
36151
20181
54555
5191
20104
36810
21124
33191
37650
60872
48862
24566
26367
12476
41639
16127
59510
62014
14898
10868
63828
58762
4370
41602
48738
53240
9269
43692
34416
21875
15536
20035
1811
19621
9876
17895
2391
40911
36665
63880
2669
16246
7009
39145
58976
12098
58026
23081
65134
54313
48351
57910
25984
50520
55121
15384
8524
41264
33550
28238
462
14042
33024
53227
49571
56477
48663
46944
21815
13453
16000
41965
28889
44330
12263
25903
53604
24216
40063
1482
32939
41075
54962
36343
59324
17676
19390
15549
18682
35227
5344
51628
41365
48786
63669
2243
61017
63865
34290
23484
42901
43954
51768
4617
44921
52012
13938
22486
19426
28133
4401
6720
37933
58937
14338
30875
62153
32048
64310
40144
24240
35909
49463
17420
31916
59673
49900
16635
64947
44301
20055
63496
14002
2545
60384
4407
46898
14342
50773
53268
55440
12217
20764
13867
47451
56549
17547
34284
42693
27530
38758
62761
40046
39360
30725
61473
37346
13220
49059
52214
1537
16792
50126
23558
62655
7111
21759
16430
25421
29783
33081
56453
35612
43474
30866
33597
47469
13064
52271
59959
23044
3579
17269
6026
51722
3553
22493
5517
24448
22487
62992
59668
29141
34113
22704
43672
18424
57196
33567
30750
47543
59952
7303
48760
11850
40113
25750
54710
45607
16189
34367
24912
24289
25919
57776
17776
13874
20691
61748
20089
3139
45899
43146
20018
8105
45076
6855
14744
6520
63441
27118
18203
60053
103
19612
49527
7026
17100
571
33712
24351
13439
51957
44750
25650
53564
65272
14533
43847
26610
23855
9524
53581
27751
12022
43749
33166
1419
12472
43755
22613
41370
38875
31061
41002
64095
43256
47485
32550
7156
43208
65466
30445
6240
10095
5647
52287
29277
47390
24629
39881
39756
59699
21294
32793
49163
50969
64142
31796
6987
47526
39521
39547
18296
56659
63274
62681
10229
7755
56441
61613
17408
9231
38103
25476
13158
109
27383
64447
39535
65490
12763
33127
58461
19652
50495
6436
180
41863
13548
61492
45599
11196
49412
43531
280
16459
10162
61367
15935
15285
11157
42431
42823
34381
16745
61058
10384
9038
45330
52456
61919
55826
35576
6099
32110
18569
58628
58691
28861
25401
49428
9
26788
7959
2637
7973
47525
11671
38194
46180
53488
40369
47925
23107
18366
16646
49972
1584
45598
21929
55839
21119
24847
58487
63871
1442
63866
40408
22835
46028
54205
35600
1794
47618
44449
17628
62005
19165
26918
22350
3867
63975
22749
65353
22744
59952
24667
26007
14315
37357
35018
35929
31822
4665
61354
30144
61302
50866
40398
34699
31768
6412
51299
55165
55753
24198
32050
11350
59441
55263
63221
46527
20471
56644
12555
7431
36787
60935
25795
20335
15461
16282
5454
2223
55766
9178
62892
5984
54217
25467
23308
8817
18522
1348
15552
2931
56592
63837
29118
63048
5244
8543
59095
123
41433
23242
64553
33155
26887
42741
56139
12275
27406
15457
39767
60941
38302
34873
32679
11943
50081
899
28458
20825
59804
13937
12057
41537
39373
15639
61121
37916
64128
17986
36053
19517
56148
19180
36991
3223
54474
14303
19735
41267
8819
17324
56957
21711
63904
51334
39834
21875
1551
12732
51021
163
26989
43789
46730
56561
2787
24098
35528
61287
57942
20170
61996
54720
27239
23498
27204
5855
13463
61360
35139
63706
29746
3793
33692
28423
40499
57282
26945
59041
25519
28367
43556
11324
58748
18467
59156
48414
36906
26426
57375
57763
61642
47684
32777
59377
47317
46590
3760
27151
44214
34583
16346
2615
41565
52946
59925
1596
63550
58599
22124
53410
8055
60397
31498
31464
54991
25329
1889
48550
51856
61997
18059
35778
55190
54324
28774
37693
23990
55909
44751
21688
1262
64778
49155
685
18224
1758
25900
39397
30132
12894
25613
44583
33527
7843
49119
33521
16158
57038
60757
14110
2515
9508
29542
38553
24637
23039
22784
4238
11383
24478
6968
20785
27530
9932
3702
52405
63731
12410
7097
65439
28332
13622
28121
17495
10907
5677
47625
44629
62080
52797
48433
48199
10332
64684
32982
54075
7848
18029
33741
31462
43113
53808
40812
13384
48429
2311
4130
51096
42218
56323
24832
57340
29895
32478
45271
8025
49594
5560
28409
41709
21112
183
40908
40649
23958
10013
60947
50695
52585
1890
27828
28188
3300
38975
37029
5190
51492
55638
49848
1725
23554
48460
65133
52262
27963
44129
61384
51860
35527
57114
54325
42644
41227
45546
59164
51327
57389
28885
25794
22097
15054
34919
35358
22772
49353
40616
15284
8919
27446
12964
29683
54058
38974
42559
32371
19159
16659
55429
38536
37646
57478
50809
38887
45283
25297
25354
16136
64472
52031
47987
34018
8027
26127
52110
57548
1297
61369
64076
31489
63638
50000
60754
54155
31177
9036
8388
52537
13548
29377
56647
8030
16248
62065
6706
23395
5373
11964
20945
441
59049
7043
33760
49326
34390
64580
17080
883
16928
3012
42168
50074
4961
46656
6282
51178
30776
27286
45500
36557
60060
42386
18596
30524
23277
30305
16631
55233
48754
54384
26524
40832
49396
48839
19145
1010
43426
33512
46270
7817
3600
61559
17584
49602
18456
54816
25948
36701
10571
22540
37511
15933
46410
39379
48670
65406
25196
8375
5596
11626
65165
60155
48620
46097
59586
41428
2474
15006
53789
61300
15271
27791
7155
46069
43333
41052
26315
27533
54945
47144
31801
6436
34508
1800
18993
51239
31414
21975
43513
6641
21192
60310
23955
45380
61155
6946
51660
60384
32498
36609
57917
33734
23855
53450
15330
51632
25171
26886
59393
15917
47655
3808
4480
48496
611
14479
51126
25150
5779
57794
7524
18769
20922
14206
20150
35566
29356
29504
55444
36339
27162
18786
53363
33310
26443
30467
37998
33258
31505
28205
7108
34449
20998
1074
50232
12778
24001
46131
26927
13705
27496
32237
21186
21840
30185
43944
60937
48224
27536
50979
34538
26606
52606
37425
40717
24220
40577
11428
26114
18497
33480
58499
18299
8947
529
13281
18356
16416
64708
59089
64221
41476
31560
52536
159
46138
45186
27969
55319
38541
32417
50458
48367
54854
9865
7015
40039
19916
47015
64995
42220
4353
64487
64134
34786
64022
6329
2224
61372
51844
54726
61930
62838
3801
41341
27789
6721
23808
46873
29585
41251
55665
6447
41862
27346
59235
8898
4354
39752
16565
26976
27498
16364
18276
34422
53699
29255
45401
15548
56171
30543
3865
62067
60849
33701
24411
46845
36527
15245
33255
1394
2243
30572
34146
47120
42864
16562
44189
45178
35980
7438
35266
1959
11068
62476
19931
43644
18715
31283
36421
10711
15499
31059
43671
48427
812
8546
20045
21033
10486
46275
2513
11552
63880
13529
24407
16388
15950
10350
65380
62386
53225
8009
61671
20237
9463
53973
32865
59726
10565
57241
49018
54816
19737
53067
35678
27280
21659
58908
18034
24854
4962
1752
51336
27587
56150
63912
63843
11571
48652
9809
51500
48584
57913
6659
17038
63751
61836
60521
45770
7529
5648
8254
7934
36042
38128
57095
47448
16396
59100
63327
37944
32729
46270
41993
20523
6510
50392
35270
48155
6884
58592
20532
29625
65214
33061
30009
50760
28603
49454
54417
13051
30590
23032
62737
5477
25375
38317
18403
53888
2387
40713
47018
16490
65095
17039
64913
27710
42646
40501
43895
25721
20654
45349
39707
13287
11338
41559
6341
17114
38486
60322
5851
62471
43146
29869
12516
27021
62656
18257
21421
36799
19215
14756
31204
30555
42863
13646
45209
64682
54889
52592
8198
32626
17566
37437
63511
26969
198
2565
59582
51459
45108
32677
65469
63253
24073
30507
24505
27003
38049
24435
48410
44476
64575
5630
53607
62469
52694
54463
37388
29601
32703
16159
15422
33145
55672
43740
6812
51230
25723
51262
46891
12368
236
40203
32534
7059
24789
62825
31385
49517
28448
23015
53168
6017
64850
21080
46170
25122
1019
47770
48372
1590
24935
24775
27825
18561
14981
54652
50375
9545
60438
18415
42774
26694
20673
25781
10523
25226
9424
27271
16058
12130
36547
29308
31684
27221
62955
9978
6448
41710
15811
47353
28854
13577
45496
57412
32924
14701
40001
11953
43393
36983
39014
47142
35227
3014
43713
41498
15269
4500
52509
18067
44051
10726
20492
22631
54905
62567
63349
35233
519
27591
31946
64708
54540
53830
37950
40624
1658
58250
34681
42257
56158
33269
18133
34326
9241
39753
11272
59847
17056
56920
13011
15197
49028
17267
3711
44172
12032
17200
3072
63067
19401
13842
23987
26504
22563
34282
64887
18073
61484
11438
42157
4251
28225
60854
63780
17743
40341
54610
13509
55478
62110
48711
2289
14024
29074
34652
36547
61058
29759
23343
59950
32090
57154
33631
51116
12692
17562
38135
20346
3733
21084
55297
20858
14894
32788
45639
18719
31600
2052
913
11015
20594
23662
17632
2133
56756
25325
5951
2242
58167
50488
8438
4856
56410
53356
18275
42691
65474
214
53155
6851
57848
2076
62813
61159
15814
14143
7537
35584
16424
30738
61704
8838
20405
8110
12044
9701
7818
21530
42563
32881
11015
42707
21285
44632
31656
9030
16472
27149
18858
27083
55894
25575
62968
56559
11367
44361
2387
13262
60700
13851
55223
46911
5063
60577
42817
46037
42043
25794
31761
52235
26693
6156
4490
9032
60379
3195
14112
15515
16378
18476
38259
1755
40765
45606
30293
39744
8074
21639
50215
14010
15037
34609
50434
15730
53002
61973
5396
26489
43077
39707
54254
44989
41016
26076
56058
58506
35919
40836
29890
2394
20645
41320
33161
47712
42899
53396
13121
44529
13969
38910
17849
33231
23511
55155
21875
23865
34627
57515
5851
57879
4843
16706
49084
50201
39753
22738
20881
19147
2033
31696
7380
32129
63692
58072
7193
64681
38159
54676
41862
18355
53399
50561
43776
46339
58792
34546
42914
5470
12507
46940
23720
60604
15859
52418
55945
37137
44970
52774
60596
40327
17366
25790
7444
61228
37531
9514
13080
52958
25794
26488
10630
21541
2934
7135
36723
53923
19188
54187
56352
23608
27366
19089
42356
50322
44138
65344
57646
57480
55189
49446
43038
47778
62111
25417
52705
47545
8651
30197
22775
21086
632
7503
3595
59000
8835
10757
976
10125
56163
64583
22848
60708
50558
13711
502
18413
46570
45130
47516
47209
63556
8142
17896
13221
54355
62012
43704
43620
50571
0
35803
34524
49360
19327
29060
17357
49443
11354
31854
48390
9714
3445
62118
44949
4936
37491
47082
46689
31783
6589
38352
47627
49970
53399
27413
52934
39126
25046
62770
13138
5196
48321
40189
14046
60747
39526
24220
45348
7274
62408
57598
36768
50741
30998
44965
40717
25737
19435
28455
36617
10255
28326
15034
40324
59306
56650
59245
12757
8721
57415
32786
53457
55460
63924
62940
22734
3644
19914
16950
19470
61769
15935
24860
41324
37721
18553
54220
55405
35285
46173
50974
42704
48063
44258
34012
2484
59603
14571
37622
10824
3137
28344
58800
58464
50727
21145
2329
37699
18109
64060
29001
22046
64675
1268
26380
44645
41620
48404
6819
14806
29330
22346
36707
19638
18457
35369
38092
22707
47650
60020
52067
5356
2609
63016
13348
40293
22809
2299
5636
63690
31776
8957
20767
59717
54923
27989
30248
55629
35828
25483
12143
50547
51032
46103
63327
52665
64797
43819
19813
19718
43388
34823
8223
46121
28830
36099
39164
11743
21179
63808
62815
44683
46253
35758
10011
20717
35220
30143
36259
9222
2291
41438
31142
47182
47322
52008
23372
58961
14846
23620
52371
1646
14393
53072
14037
16839
39257
29880
56090
38737
62962
2027
34463
57506
32762
18222
14279
34021
52462
22450
18572
54495
28945
16119
44965
62720
56302
45199
8574
24527
42102
12148
55761
44770
5108
5690
2657
8472
45240
21181
64838
13143
51317
12461
62137
22372
47073
33307
5615
31250
34844
10232
18938
8303
26141
30366
38003
32195
19468
3694
32824
7795
21396
26381
35482
55401
44106
55062
29267
12690
41937
7458
58452
24594
15661
7649
63644
32022
35166
39644
50824
56189
62431
48212
14145
24797
14719
42461
49627
19229
21736
3305
44315
21294
43300
52822
50752
4525
18920
60593
23351
12552
36943
58236
55
64808
34094
19695
52674
59255
62269
13450
25554
41688
40229
14427
19844
21929
6699
47471
47725
1205
37670
51287
21894
62954
39482
35656
37752
62447
37483
22989
59438
3517
49470
2866
58585
34227
65414
58507
48454
62598
52677
11824
48802
4500
65328
43120
20614
21063
46204
55473
19090
62233
25563
29661
7402
51589
7941
3316
25377
11629
30680
61054
5175
37333
10961
4622
54640
50855
32250
42920
19803
35320
13026
23641
33965
35610
45584
33610
14557
17935
45925
12861
26070
13360
16389
17153
13882
25305
36093
38538
31012
30562
17907
32596
4045
13933
4201
45422
49144
47090
9433
4207
31008
4391
4448
27437
17262
37973
44998
49830
50275
38559
1450
10588
9195
19357
38866
4071
38230
61850
10711
45634
42723
16169
22993
27957
63325
27550
29658
49501
1354
57198
19985
7400
46843
40761
46741
44882
43886
22286
53639
59915
29063
48566
55430
17055
12631
57634
53060
16577
1961
16158
39263
49183
27624
53022
56008
11463
14308
26178
45682
59256
45517
59496
11004
57680
56608
10692
3652
50344
14717
23438
52423
17409
23276
49548
34237
57054
23483
18169
11971
64149
12419
56823
30827
53983
29010
57813
65344
29091
16410
21652
50411
10370
58808
42826
14982
10100
9284
41264
24671
51940
5019
50523
30917
7409
53320
48432
8497
18914
33827
17159
57911
45288
2020
38300
51952
52926
53087
49481
51210
58679
27937
27318
20609
50619
50044
50285
12353
53812
45037
5559
54168
46149
58016
49870
49881
39608
64619
57275
41190
37781
44574
42997
37729
28695
1780
15544
40565
49724
45021
33597
13597
58048
6629
31279
51977
61322
38441
58320
62323
59829
33160
56086
21132
30103
35693
474
11277
52594
55787
17482
60000
62144
30629
46681
44432
49161
10542
19230
23857
20602
43623
7652
57871
36093
20624
46557
42532
64286
39892
49784
59529
59085
10325
26287
12805
53951
29653
45499
35406
1287
878
40403
40329
39164
13563
54086
48054
44404
50873
47214
50688
32376
56479
19067
43884
11060
22314
52876
30377
50703
29660
55062
21557
5024
12703
30568
21121
1624
26966
32696
29252
33912
32594
5552
18360
22619
34655
7202
15808
60188
39016
31396
52955
46409
13442
10247
31697
15960
19796
46807
10600
22496
41773
47825
47180
24429
61908
54245
56037
17782
7600
38731
49192
63562
61654
57177
14699
45405
27015
56514
28949
6652
60539
10266
21998
61679
31000
51164
15086
38684
26772
23405
33849
40834
2640
27076
431
49363
10979
64618
3517
48958
41692
9074
23872
62797
4954
15368
60030
33884
36267
31207
16416
50519
4295
933
31420
15529
55558
30258
769
17558
4383
23492
26192
37776
22677
13773
61986
26128
26257
64479
13450
20704
3313
10843
14031
7374
35327
43596
375
55820
33102
27930
16363
27822
20703
62002
48919
47789
37919
15849
18273
46349
26376
52326
54332
26336
31747
57535
10770
43017
29135
63195
11558
50516
31532
4452
29741
42981
63928
3380
10265
42287
2894
7493
6453
21456
30668
15088
58515
10551
11737
54356
15598
17364
54990
53356
36747
22744
9982
13762
8163
4306
65135
8615
52841
39614
62407
10453
47705
52696
12027
20577
53308
44368
35468
44885
26357
57231
27251
57496
60409
55468
61981
63829
18248
38630
46701
54396
48668
43060
19783
38070
21574
34503
10498
60890
63605
16680
54907
31141
5729
47013
7124
54799
53039
38863
19104
25661
274
4500
45724
6293
379
49373
31895
6607
21922
65290
2365
8544
42947
3948
30321
14346
25059
31796
49166
896
20391
34343
55357
3241
21967
6598
23104
54155
21158
38130
23516
43670
59204
28761
44824
62706
63482
48042
58832
5727
50722
14315
8991
26252
55962
4508
1044
59066
19308
11299
40601
1403
54956
39429
18836
63162
37910
39836
39243
50565
60298
19188
28336
60789
16806
30421
43190
50838
56499
36901
33534
53777
44161
40278
50178
57578
16398
16942
41848
54291
33875
28098
4589
723
11116
59919
175
56901
44536
44288
22000
46638
57571
61379
7930
23582
63590
1677
2560
60894
41010
31151
54875
34666
60434
55431
60864
5679
11519
22967
22776
3747
61055
14964
55969
33078
59151
3927
46727
36508
7080
24752
3017
6737
6027
31087
55931
3696
49437
44588
31714
16067
57727
2084
55413
50165
36210
29341
44534
58255
62540
48670
64813
14917
36372
16122
38146
61428
27957
27671
24265
32004
40051
30414
11453
11566
13908
8010
16250
12277
58130
53161
8999
11394
31507
49277
1
27225
15111
37974
21381
12751
25306
15470
33618
46530
33792
21485
26816
39691
6955
37889
12167
57918
59081
24881
5068
63876
16225
61513
28319
57316
28695
13641
5276
35110
55645
46801
41213
37390
49268
15383
33391
45743
43960
64974
17859
36070
45059
32109
19336
17591
39471
37694
62658
34801
43154
24073
21737
45471
40935
7737
5083
37708
3043
59933
13680
4588
1590
52834
8248
43040
19264
10051
56111
3841
36273
58191
46674
33338
5480
10173
61772
63973
49364
31938
18336
33138
58734
40618
28087
17636
16813
21779
7327
20499
17924
51013
23301
1858
7684
61635
59405
64153
30898
10328
35277
18154
49304
9687
14908
56775
30445
65146
29302
47374
43013
41492
6353
4681
50596
42375
10187
6078
17186
39431
29548
62562
13767
4827
53654
37383
47474
57440
1082
49273
32238
14701
10089
12956
43606
20628
52775
6906
23755
36079
31099
40156
13367
32526
47905
39418
56777
43871
30324
21311
14644
44790
33411
35048
16978
27502
3177
50537
41377
23875
32668
45316
38583
24845
10425
43107
25498
2244
24631
44283
26472
58495
33932
38957
24395
55996
16954
16272
7920
40245
20546
40749
32359
13096
48273
46478
43078
13956
63979
39671
7504
6081
28188
40968
35023
39543
24613
26250
30893
49763
28500
57508
9760
27275
45668
16345
5829
39928
36283
46035
15028
8335
3243
48278
21272
49817
32579
34016
38622
4190
5555
17544
22642
22108
36184
15784
62289
43718
25087
10082
35624
40951
8127
33882
26921
17657
36760
20018
41699
20944
55815
39467
39324
46613
40765
35436
3475
60305
17064
129
3626
52828
10445
56260
65402
45718
29095
29002
53524
2592
16732
18037
18623
64427
27287
56949
14471
17770
60580
1035
2535
36840
45009
16245
1463
59375
39520
39355
43568
64864
53981
6915
7338
51992
22349
44480
23700
16744
5191
23357
59117
64142
37967
27359
3779
54191
11614
1058
55052
29533
53564
29079
24937
46805
63400
1360
55640
61856
38196
54639
20564
58699
4835
54057
11312
32706
19951
51264
5001
55755
35915
9157
1922
93
58832
33628
54835
56792
29126
42303
60453
37291
41541
56182
16459
18572
17508
20021
32262
41796
11857
12064
8444
15307
33113
41761
60245
31308
37879
7864
30239
5257
5784
18431
21033
24440
26751
24874
34107
7514
27329
1806
52395
5174
14718
29232
5389
57088
10443
56403
24751
10998
38681
27816
48232
14623
5554
64954
64081
19615
42987
12265
35051
39656
35519
52990
47317
59086
21590
22702
35213
17853
21693
23837
3850
33590
16933
10443
39769
22044
62656
8542
24226
12772
11737
64987
13807
46692
30556
16325
7891
8763
59639
15852
31377
35329
57483
56680
8869
33904
53249
38607
60252
50685
21049
50045
13224
36561
13914
59214
4025
9169
34193
27215
43328
30620
25791
35918
35610
60501
56247
63743
5496
11927
28967
65056
59658
5182
13911
48152
7498
33077
35677
2228
7037
16980
51005
31108
44266
4638
3156
38514
61125
6114
22156
59044
30835
27693
13550
15489
55819
50715
57447
47119
56229
19465
24817
32474
61276
3964
11529
354
53800
48746
44413
50197
13201
53160
64225
38244
17238
31568
38624
18936
31424
15042
14825
54877
60579
57165
32215
43169
57128
32667
25212
21225
36543
38287
33791
17380
20189
12941
8347
58333
18378
36560
21567
34908
2238
19712
23666
45208
24573
10955
19133
51873
51481
40469
47952
43265
40444
43556
65232
18018
28921
19303
44905
32718
62253
45970
44861
21358
29885
49489
62937
9162
55162
32531
62015
26370
65415
1397
14753
37744
34960
26176
1661
14110
58124
26060
27611
41870
60540
46103
5657
58389
55630
758
2496
22473
11361
49637
44515
40797
40827
54861
45639
55437
18069
10498
9373
54534
63149
38098
27250
55176
21277
54194
42023
58779
59290
49459
3711
12531
15979
64599
35003
50530
54220
44424
8288
2289
32889
29128
51109
17930
3078
50836
4354
34214
60995
49776
24117
446
58008
17644
58636
65442
26507
7663
46440
47162
35175
10621
53215
61207
44865
18826
46800
2036
12751
34149
14587
57344
16215
50618
36526
37508
5362
6180
60078
38535
38905
36115
61087
55609
40039
17903
24371
30942
34501
14129
3645
21541
61770
11842
57282
24044
43452
22864
53741
32840
45988
38090
63160
26218
26774
56294
61867
60941
53663
53414
52911
18165
27039
37909
22293
65131
40481
45940
19570
24463
24061
45971
48722
49743
21135
61681
55165
27029
49364
42640
62474
17104
22650
23924
64553
46981
53032
27961
65107
41240
39156
5047
25675
27015
14242
57885
62488
9281
50589
61939
33922
18076
52446
52353
1232
55064
5382
59285
21756
56329
15963
4677
29735
39916
8615
11377
2209
61567
12525
54429
9926
33519
56087
59643
28013
9993
47654
58446
63501
30561
36198
56651
42234
29122
15236
31670
18789
25494
26804
55339
34528
30527
31704
43765
10445
39656
12541
65408
14101
42569
37536
35458
12986
8314
36017
8877
63163
65048
7750
62416
16212
60210
8648
7633
46543
8663
16756
24513
9600
53525
14993
35890
19113
57459
13537
63330
32808
50613
64391
27851
63577
19744
62972
19231
8587
2930
16247
40145
16286
2239
58108
60584
43094
38717
28305
4440
65248
47595
50483
9581
26769
4147
4384
5418
47573
6678
30526
53036
43856
59056
45335
48390
17634
47082
47156
15506
32781
6135
10762
20519
54182
59008
52935
107
46868
13831
41968
31462
49790
18448
35991
28748
59060
50856
28423
24003
38593
59694
60325
27578
3262
35435
55619
3698
2896
5786
24996
29810
31851
34535
26520
14607
12888
20688
15958
62554
55892
44074
14798
62746
11788
40507
40769
4896
17990
46259
39143
62154
8826
16756
14979
39069
28895
44853
32408
4959
62818
48783
52742
45040
43195
9504
16777
32190
60014
34061
64709
26612
19418
32118
43774
17115
39245
30812
51524
6424
55977
43638
26441
18108
39254
63969
2389
55620
1280
101
25291
1911
21244
5022
36937
662
4367
15140
25027
23772
11074
38305
60030
35058
29570
47893
9955
32618
36567
54833
6355
23782
34011
56694
62053
18813
47343
58068
64881
12567
18465
6512
232
14275
17005
26429
30755
60563
38384
61665
28978
32287
55095
42415
34826
56864
58897
56081
34641
32579
38581
29357
32209
10487
60655
34236
55377
46837
16169
49699
58547
27344
64301
35526
18241
43004
8492
50510
41585
51988
37930
12362
4304
53514
39080
39056
38630
3992
37293
37796
28638
56102
6689
43254
8492
50057
12851
31608
24335
37356
39078
17575
2867
34987
2722
64001
30288
64060
16604
17730
8532
9497
62873
129
45929
17693
20598
58927
9922
24565
34131
54652
26271
36083
43555
42091
18785
8986
2499
10765
5302
28997
51285
15551
49268
19850
30231
33763
26943
26918
26800
12875
51782
1337
57777
10557
20763
55995
10836
45768
60247
42032
9422
276
38466
42101
34242
27881
44386
16202
57882
168
6345
54424
38003
35590
62806
64043
63322
52944
52199
26298
2852
41504
16348
25776
24364
54656
50904
30606
43429
16896
7809
13034
29210
40253
55174
45506
54421
56113
6033
45934
29797
17910
27874
28178
59650
26439
38277
34415
24651
38666
60874
31361
40045
35238
9522
13287
47062
19189
30062
62354
41774
13874
4724
12416
29924
30184
18823
46729
15139
54263
40011
32031
17964
46456
17433
5059
13827
13491
21289
53134
4410
47684
36749
62468
32386
59267
59595
44189
8863
53424
21640
41202
3785
26035
4705
51835
2140
30605
9048
48692
63068
23073
16812
49728
61078
23134
27013
40918
18974
1238
37680
17722
11309
48778
14193
48041
21062
64929
37086
10964
44840
7357
29396
13626
44177
34891
21867
63267
59881
32131
61175
65083
37814
29745
59818
3092
35251
6418
64957
59970
17558
37541
58433
28522
12473
43561
17744
10496
35722
51130
8814
45746
2432
10349
48324
61608
17250
43175
36787
2739
59967
4527
22011
2178
47512
40990
21415
59704
22792
42254
59716
55402
497
15501
37899
47759
16619
15700
51519
1858
33471
18775
21990
23264
50332
62737
55848
22082
42862
32912
13612
28679
40107
41457
2113
34841
7504
19873
26600
33723
17376
31055
38488
16135
22969
25475
5056
33727
16513
20674
11358
5693
57492
63866
28253
47158
20252
43713
8576
10646
25936
14054
52949
15431
1058
9358
9241
53282
60276
46419
44975
39550
16616
60771
48044
50443
59191
53033
32101
27279
10720
25949
61757
20897
42929
32072
57626
62305
23078
48438
9002
38150
21109
27513
8297
47978
47939
28664
15141
46074
28797
7195
54342
3609
41602
44100
40149
7594
27474
6206
7726
36814
14195
18521
63499
54662
33986
59929
38293
13054
62043
52785
31188
34298
55804
6725
34262
26871
61907
50444
4997
6396
8822
16253
27847
28854
52019
23388
53759
13917
65153
37276
65071
52119
21508
26665
9791
60681
2205
20462
64208
62733
36138
2981
49767
47474
2362
40781
16825
363
63795
49657
4743
46091
38654
40278
29913
41386
13375
16291
3842
2754
11413
28198
950
51733
19032
54243
42276
30535
13919
16499
28719
60058
50469
10572
5551
19431
19318
42978
43766
61214
62682
37983
65156
30132
64655
31289
41540
5823
44988
17640
60528
48002
15315
61567
36452
23166
50145
8079
65502
41804
45352
40561
33350
17331
3844
44218
28601
45200
47282
43821
11202
14663
45851
36431
15451
35221
39294
34631
8394
21943
26220
14128
36845
12818
56211
37467
31515
56221
6962
31190
48074
11071
20316
30389
61647
51797
23666
54957
35058
50720
39115
602
57360
42684
63471
48621
28388
58693
23242
2131
3540
42009
1956
25875
29895
3612
65237
9749
11086
3161
35456
11725
20999
49518
51069
27949
27087
54926
5612
32523
5420
9326
50182
6729
14155
53414
16815
10416
58324
60527
12891
54429
5613
48474
21714
41759
27288
41912
14147
6467
27173
62527
47539
56892
13192
51689
39841
10630
12608
41058
35528
30993
16933
32061
39034
48125
61326
20405
13220
25445
10611
22848
33532
62730
57418
45996
25416
11292
29692
30038
39499
13103
24524
28472
25062
945
47311
13059
59655
31005
53693
52686
20534
36650
25243
16566
13849
2662
27772
36681
11038
20746
27524
42474
1067
31232
15255
40056
56262
23984
4447
40848
24119
44222
41967
55340
12831
55943
39815
1328
21061
1463
24183
49970
55116
39148
43528
17833
48769
25723
50897
35468
51355
31769
52987
23280
63529
21351
22922
6545
26369
11928
24507
36870
47094
17898
61458
36464
49996
23520
53644
1937
33864
3297
32600
7807
55265
17281
15220
62055
40716
54678
29290
39996
9474
1249
63383
46827
16355
2641
33619
4163
60579
32404
20713
37277
44999
64923
41254
8948
61883
37300
62042
38980
52114
13090
48156
47188
45882
5242
63095
32898
44486
51354
41072
55296
49554
50564
45830
56998
63945
47944
24054
46455
24413
26622
60636
21320
10402
6979
53684
55045
3651
22801
39506
14725
37430
62081
19842
40777
58913
61523
39150
9401
9690
53616
34933
48345
41240
61893
35611
43414
12240
45308
35653
32346
54859
14800
63442
46002
62163
53306
8074
63260
43224
51166
62784
17018
26965
60421
39751
53597
50971
40054
37912
19473
12343
49871
29439
13569
26288
54853
13774
43449
42144
45349
25828
15303
42926
50599
59506
34703
11939
21243
16011
42665
35353
12815
44861
35228
8399
14942
23147
12840
18722
50078
28157
53928
31761
44653
37829
25583
1007
22201
2187
19296
29069
22247
37948
65272
50051
11395
42258
30030
62642
14073
63249
37639
12710
54353
45532
11967
34653
6656
6233
14571
29973
4109
45491
43952
11600
46688
34521
32634
33590
45859
18542
41677
44732
54676
40466
34825
32055
19158
6650
38909
59699
53701
12338
7364
27773
5465
236
43373
34241
62367
23025
57661
20388
36638
35884
27491
64088
14692
21662
51995
22022
56788
27776
22982
26110
19890
31078
25631
20575
31021
4776
39848
43723
30932
490
22376
40959
1045
47983
55698
35038
20620
60517
58937
43296
24694
30539
16415
56236
44804
20176
35179
64545
64520
64376
5506
62791
51874
35530
1606
55906
15157
44756
43688
33967
45988
50038
25102
25028
45634
33080
14673
45545
61224
38148
35847
19770
6197
64006
57646
59633
24860
26877
34426
46786
36856
41787
3015
36596
458
36623
11114
45235
4704
6608
38469
63690
25712
48892
64513
6863
27834
5860
39135
53593
32568
40655
12819
49733
2394
58054
26323
24510
24859
29274
58841
48086
28876
3632
31276
14794
44510
35598
55298
55505
41911
43867
46659
58140
25933
43256
36960
48387
7578
43491
51654
49837
16078
57369
50651
16703
34216
32171
17897
28307
39389
13046
49891
26532
20783
10926
31774
42709
10324
33404
40511
26655
33561
56147
60228
31472
12159
39052
63028
12523
15415
19395
56554
58051
51515
41158
21373
22050
10625
29798
15667
32654
43668
48572
56589
40474
46503
62107
62984
15090
51931
38496
56119
40060
49696
53037
28243
16542
59261
52164
43144
4977
6428
32641
10065
5018
19386
12495
55196
62458
53213
60743
15873
12228
29463
45951
38321
64299
395
22785
64425
48247
3598
61703
11636
52382
50529
40679
50324
29970
45821
2878
56860
61589
49634
60656
54953
34377
4656
49508
34643
4893
34303
52790
57617
35814
957
60007
28003
11799
21871
14569
45995
14316
34357
17728
64965
9043
63447
11662
43136
5915
54197
41709
41522
61490
55871
11915
28114
1651
31472
18093
4314
48304
7336
30722
60565
25218
53038
45792
14754
14594
64033
37404
31827
16868
42467
28364
21175
57502
31815
28482
6083
44452
40581
60385
9026
36655
32912
26311
40973
63644
7667
11050
41981
49378
41786
43092
42537
36289
26933
6870
28646
5156
29465
55947
13373
56192
58682
62826
36613
46781
8581
17376
40867
45502
49093
11351
48396
2054
1870
20979
40785
7894
4370
29863
35199
52984
59321
18427
186
62435
57432
51197
3144
2304
15050
12049
23428
740
47531
42296
34383
22845
5383
62551
7717
20235
52168
62926
3307
45553
29045
50258
46897
23810
28222
33841
62984
44307
37804
46284
3325
54809
39595
59343
18104
23617
45604
35683
21445
22293
56131
7009
26297
14992
50257
55589
26117
36933
25186
42600
5704
50855
35339
5874
47188
33154
527
62941
11651
36797
63688
14158
29088
51322
17055
28408
8765
57504
3644
44734
14322
22182
26044
28521
49582
11319
16154
10037
58068
41726
49537
18863
11853
63029
9393
34986
30435
24799
16877
8068
43168
7104
52661
40528
15699
4076
36272
24120
52221
7340
33967
10735
16664
60719
25897
5753
53936
4682
6485
54789
15886
2680
35094
59387
21325
6488
37654
38128
34598
51981
49329
45626
53944
28876
54355
18961
11729
4533
13125
50354
31028
7360
35586
46471
55933
10903
27574
36533
14112
14349
24671
56356
40073
53246
2512
42694
39160
57956
50173
44236
10107
35359
51317
35538
47918
16968
33127
40592
42653
44616
41523
38312
21753
25757
1648
7736
24063
59234
44018
40494
58658
58285
36020
23723
43173
32688
14909
61235
61807
62176
15171
40450
39893
49761
6065
3922
36949
37677
61844
61706
1468
44376
4346
393
26564
6478
42509
21030
6243
12805
23046
34662
13173
36066
6429
3961
27154
63182
61848
64940
59859
29201
20689
37013
59518
52364
510
32224
55422
64965
3332
8294
47978
38916
17264
45937
30901
50461
15640
34554
45743
59032
39293
49379
22144
46198
15099
24609
4912
25283
60393
49884
62
39780
9588
61459
13115
26535
34966
47270
52044
17053
50625
5413
26310
23525
34396
56797
55491
18547
53926
57567
27260
28623
62095
51571
15813
32527
57882
24734
30082
21371
23632
65245
25955
3099
31391
17347
49645
64947
58542
45550
44447
26243
24212
9674
44529
50355
2620
1237
30845
40216
1800
36091
36925
30240
57328
28841
65174
38489
10823
34161
50635
30695
51438
17168
52276
25006
2522
49696
50968
18801
62412
53349
47076
15421
14130
37623
50323
53712
55485
10892
6716
64961
36907
46764
45615
45323
11170
60813
52678
50193
16398
8887
14655
15026
14638
53835
51867
36971
2529
34795
14413
47589
34692
19691
29814
56890
11243
4780
56471
36370
26994
21481
42858
62597
39678
32224
13495
1251
51307
60071
60645
36281
33614
41116
755
39805
8411
10589
20922
34645
34048
5509
11764
26969
1181
46210
36872
48048
58612
1700
56519
45678
36867
20407
3727
31887
24572
25666
32823
25116
54623
40876
16378
1733
17651
10900
6066
42037
48644
40779
28464
19606
26487
43369
24607
16482
19858
34800
37324
46100
62967
48585
55998
16705
38744
10312
38705
36651
18814
41011
5485
44777
19919
42148
56044
30470
13894
65059
25610
22933
22081
49524
6198
31130
1512
46779
54565
28031
5918
19594
9347
32233
48808
13616
12739
29691
38105
2560
49689
26971
10358
5045
53303
9867
60955
42536
28102
17876
40214
62789
33319
62967
7217
26761
9482
28828
28883
6978
19694
45265
941
27966
27838
18717
28865
34253
53293
19759
11019
29637
11274
46432
48038
56514
22139
30892
16315
41496
4826
63119
35727
46302
18958
12904
24606
5778
2431
16096
8841
64338
43114
49653
60642
46060
13656
29244
29172
31820
63415
1834
57270
17027
53133
3998
30526
372
57520
49527
3574
52703
56051
19625
59435
18428
45736
17835
54584
16230
62475
58604
27203
9558
45912
8824
13821
56521
46312
58313
51451
15217
48576
25479
34835
20037
44659
34943
57470
20991
9228
57221
14943
34127
15842
26315
43436
37970
8075
1048
8839
49540
2936
25192
51561
44518
18097
47767
4752
17871
54008
14407
48065
12484
39351
38318
48649
2858
22692
60218
57736
7471
3920
63078
47199
39549
8863
61607
45068
45462
30731
12173
57670
59180
24014
262
48018
61503
7959
36605
48682
45555
3410
1046
32859
33174
201
14627
31466
63904
35425
61863
5016
50143
12022
45118
62904
12885
64860
28042
8167
15829
53044
58007
24079
52893
30305
24001
51632
61972
11759
64235
5638
268
8844
33128
35714
47555
31804
20614
35806
32798
49465
54751
27379
20237
21989
51120
49171
37418
11959
6167
63316
29953
49388
27791
47378
58384
46043
31208
15440
29508
14351
7489
10231
45521
35269
20355
64985
63862
63309
23743
57972
21627
20447
22324
57335
64136
2145
9921
61265
53585
15660
32961
61690
60164
35157
61600
24077
17047
35057
6060
30535
10744
6322
53587
10557
14223
4105
44741
22087
46210
7572
21833
29491
59200
40911
54422
63514
29853
31190
36616
5556
40772
46386
64598
44257
62985
9685
30613
47242
31082
12438
48681
29924
26118
8760
2108
9553
11971
16178
57880
3582
4953
37111
11527
6035
49633
53260
9359
19666
27573
28433
35603
56198
57975
44880
40986
29084
39262
51894
35374
48695
24514
13988
39358
46806
15906
48674
12609
29095
233
6263
12572
47355
28780
15533
4460
37161
16628
56978
4374
31553
26299
8938
13509
15462
13178
47185
65256
26085
33994
40975
9087
23357
41706
43614
9886
21380
51512
795
40194
15414
13296
45122
28014
39173
49161
18005
34917
45016
13631
64370
11068
47348
4662
54509
11799
58560
7807
46567
44460
60909
11624
8285
60070
58652
44951
30961
12324
20284
53914
27478
23962
40967
8774
12921
44041
3958
32956
54364
36182
33608
14518
17103
23972
54112
58672
5474
1799
28845
24478
50088
18689
8198
6448
28536
65478
39650
57234
43803
495
10073
65463
10050
18984
46752
29171
31436
48812
60915
40663
4140
51676
12000
51176
6144
34450
42463
28147
23746
40486
46117
15651
47863
60152
34351
55581
55163
28970
40406
22576
12994
63720
24044
45652
27416
16968
22621
7525
33533
61854
46328
11586
46882
48643
3717
16315
60036
39764
64628
2786
36772
50493
59040
23914
42011
58785
1011
55687
5084
18204
19800
63224
34113
64425
15710
42870
12498
31084
36290
27656
5015
60638
28649
45202
45324
20373
33971
27899
12361
7871
18630
61305
45407
12070
15345
52893
62752
16143
3074
8643
1371
46356
39305
14737
55022
22460
40636
61017
13934
63547
43135
33442
40332
50986
35849
41272
10629
52986
4911
64597
60408
24788
55108
41203
42164
7112
9812
4450
18411
48185
57364
19571
19336
39463
34320
48405
11884
694
1830
46274
15396
10470
49002
54832
37475
46752
39669
28259
32096
8077
32733
27926
39443
23060
50491
56865
2105
24881
23529
64620
49287
6884
8365
1474
40912
53619
25126
25963
50862
30984
1742
27523
31865
10648
43536
5471
26224
43891
24408
60133
33752
57773
1842
23255
24464
41942
45626
31903
57945
15741
32329
60397
4274
33212
58233
9736
54026
34122
58486
15691
29487
28163
4430
16766
27409
46619
52426
45672
28967
1789
31572
45710
6992
12537
41932
48388
53516
55680
47405
20395
50505
55091
33061
49633
65390
62313
18981
13135
38553
61764
49537
24959
29097
22002
13050
9818
46979
24554
33320
44255
54857
17456
18151
22645
11002
7903
25942
49894
42678
19690
43641
4733
58692
27875
37959
7482
55295
19414
62800
49341
38825
60608
21869
19360
51576
5983
43044
26852
36063
2522
10809
16034
723
13891
18236
53364
11196
46103
59956
54343
58146
6028
35581
43313
44152
9179
63637
54115
5423
35913
53433
16075
46383
11455
18380
51327
57943
15919
35871
2267
54693
3551
27970
31765
57823
37463
58531
32855
3403
24886
51899
10319
61215
51007
51842
5107
61570
3461
41965
50453
59323
2710
49755
21929
15430
15470
3219
23728
11212
61887
53866
24132
10181
43683
18401
8537
16717
25162
23943
45848
8765
61903
57282
25751
35601
27789
52836
11065
35411
52835
4638
54952
39967
47923
61075
2030
12493
33819
28479
54969
12044
61554
14586
54782
35370
21742
8525
8707
11903
62929
52355
30247
30816
30530
55626
46005
16951
31973
27673
44542
54294
56364
30985
5344
36357
54995
36101
42317
45704
35925
21227
46990
19502
11506
52181
752
53360
42365
62470
50269
40110
17911
40608
57300
65454
24469
22021
58889
63639
3437
50697
36153
20028
49681
7227
31153
44731
15968
24164
12100
41416
29438
30086
13646
48216
64472
49714
26500
15608
8083
50227
16063
37373
60381
54339
37485
24634
23532
45760
50597
27737
17400
49847
10959
52431
32623
26750
6874
212
43410
46946
37023
49628
25223
29269
51923
25358
46123
52983
3505
28122
49566
41605
21312
27466
46342
4251
34529
30212
4173
44456
19100
63313
30123
14752
56011
37701
28994
63056
10834
61324
44479
20687
9738
57801
42323
5196
2926
11508
59763
35465
42240
52478
59755
47459
28406
13737
29577
60517
38205
30175
31662
55850
39390
59765
51329
64554
50742
30637
43450
2094
61932
31650
33155
6772
16834
6074
5114
29826
64414
12807
30033
41707
11001
36508
13474
42571
31239
22681
64166
43966
36710
45656
47086
57571
65359
33284
53573
39110
7995
5487
38542
36187
54241
31179
65511
24933
55296
19064
3923
45457
8117
4826
39924
47916
49298
64506
64433
46654
13152
40417
11935
2449
867
3106
59537
40129
55580
45328
40895
895
57337
21105
15790
13094
11722
33256
36337
16843
4481
48007
39056
28351
50111
56630
4144
25103
28798
7214
29517
25299
183
1029
29873
36770
59696
39427
31856
2866
9213
16655
14797
24869
63988
12073
26721
47355
1206
45154
53350
32438
10533
29178
12951
34442
30458
6055
16293
59912
16883
43957
22805
1575
34236
11287
59436
6093
56513
13898
44964
17680
4847
21880
3353
50398
25898
26591
56646
18519
54527
35154
2318
51328
14558
50021
31204
10920
1002
21966
22336
42671
57643
57812
46391
40498
46907
45001
46280
10817
41855
36747
28406
20051
32187
5992
26423
21139
61730
42497
10679
24046
58467
940
52511
30124
1111
39337
50198
52662
119
11670
7323
26041
11617
64873
64810
10482
36364
16568
54308
51957
51072
23851
22477
4684
53838
21359
19966
13482
26235
29178
53347
5136
44934
47566
39890
56478
42594
46024
45339
52258
47102
26458
54487
52485
2338
58547
9489
53762
20919
23566
59523
54042
38822
56861
54849
7140
10243
59620
31698
45953
38298
24040
26617
55197
28924
65301
58335
14406
47554
1844
42581
63309
10299
904
40207
4891
25406
30428
21310
36012
35241
31707
47578
10407
23153
12052
51303
41014
23015
20107
41424
47869
22217
59901
27343
15511
11721
37690
6282
4115
63119
64816
23500
846
19154
37461
33068
791
1131
51484
6504
42913
47990
19853
37803
4311
21103
19528
58716
37878
33146
61349
58834
18557
28500
15804
1023
5913
64367
3180
63211
7116
36147
12861
49519
62593
20555
57798
21537
42281
46996
48900
59714
5091
13858
38599
60718
12268
57341
28733
42456
12760
50033
62970
33863
52993
41524
30523
17474
1935
48296
5436
62616
32417
40904
43293
27246
7557
17672
4017
40459
4825
18854
18343
46028
58579
28395
10780
40326
28467
64336
48388
22604
24465
61489
19662
218
32590
20309
13749
38140
24282
1267
71
56360
41944
43745
62917
27230
24730
46485
8880
12028
41855
6478
17508
40806
16379
42975
4945
36411
63498
27197
20369
52671
886
34103
10948
17940
138
23452
53920
51893
39815
22303
27106
54044
5277
31542
55985
35920
44192
27077
9640
47535
31294
34332
60257
38412
42219
37081
36628
54654
13430
41027
13238
39475
2411
27382
60013
3863
47474
50500
27180
5365
56898
49723
14564
9878
22868
26400
52813
50127
61359
55713
48348
58526
62230
18800
48143
42965
33919
13046
8316
28283
17129
38380
14006
51502
41987
6025
62312
40838
20800
35011
54868
6126
33733
27871
42519
22655
55048
48412
6067
31473
61545
7967
41182
25132
39631
17798
22490
11610
15985
22597
60194
37466
61592
53960
49677
44383
25816
52389
44666
16320
102
50429
33243
45347
51833
36764
29467
52063
12513
64598
24651
38452
26350
36773
8930
7703
57325
25846
30773
42556
35509
37278
57286
7515
41722
29004
45462
10335
65026
32498
39403
62314
51040
55358
5946
38810
19988
20996
771
33448
62463
3611
50204
60141
1825
50350
60237
34161
59813
26689
3698
32512
45960
33970
17714
6801
13071
15634
31507
47510
774
57207
63943
39442
26851
7092
6148
65191
28439
23434
59143
19909
25405
17695
60372
8846
22817
57842
65442
61341
2276
59395
1936
55729
30653
17207
8726
44964
64126
18782
63721
44397
3688
59283
1670
56692
37830
15208
45930
13956
38870
23615
11261
40288
13190
7835
5114
21675
33465
41915
8068
47952
53756
584
6104
37379
34714
17314
42013
8836
29508
55191
57776
50940
56725
12416
54267
43337
47714
40670
47290
1621
45346
10985
12448
59634
27872
65086
8726
33415
38484
46609
23599
9382
33027
5475
9259
7068
50613
33526
27739
30111
22529
39928
12876
50591
28147
52387
24174
58012
57611
24842
41552
8033
37312
62253
26123
9308
12922
56815
64218
25668
23933
30645
64542
34543
10420
1294
51098
45105
37693
30550
48575
45155
22656
16623
19513
31354
4403
6681
27260
52037
9732
29740
53419
53571
50403
11693
16814
43190
23164
5283
39067
14728
58007
28003
54483
13813
13358
61516
2387
53410
57277
60154
30760
27254
46332
7207
20398
6421
44536
49856
54687
9323
12001
61550
37318
27876
63315
43229
16303
18868
53961
8444
26687
23295
23467
12175
54679
62203
34827
28989
17839
12245
54651
17051
27214
32688
61939
6424
62852
24017
41299
32249
15241
44817
26679
53482
13788
29140
24096
8832
31848
61501
32735
25021
7522
17186
31421
22626
10750
44238
9458
1046
62494
38702
29287
2037
16815
22639
34666
27960
5490
50441
48470
57185
46541
24152
58668
35004
1651
11032
44091
12078
61379
10533
33500
38285
11213
9044
14521
41694
4506
64723
55763
35125
33233
22199
45905
61494
52646
58416
53412
18493
31393
40008
19990
48918
4499
38757
38225
38662
2266
13593
65488
49074
57108
56558
24490
39996
19844
35511
26684
22633
9841
21150
40713
6520
21280
48394
30624
24929
59122
40680
16139
52216
35012
4214
5472
5924
35622
46224
45564
24868
57046
9434
33955
31340
24667
55924
43584
2943
59881
18031
47487
14540
9870
2277
28460
24897
35585
38161
7509
27534
25797
29367
28055
1084
55217
30530
32163
62627
10712
29715
63392
26743
24974
9299
21323
65076
63099
29248
20545
21263
56185
47985
53623
17567
26018
44284
10472
55490
37493
24012
23368
42736
24328
3220
30504
6111
58412
47231
52503
17148
50870
33703
1803
47750
15245
56833
55290
56284
17534
57940
872
30673
12369
30060
40915
29680
5361
6554
39875
29620
57803
57309
6893
50536
36611
30312
11360
28979
45232
57946
29402
52005
31235
4410
22664
8341
32668
27285
59415
29583
47335
32809
22088
59265
17018
12948
13795
27109
54645
6821
9782
11078
46995
33974
54126
64639
15675
22773
17395
35862
28589
27582
51043
36198
35606
3277
58120
54603
13365
9894
31424
14069
42805
16770
14965
29720
1546
24390
7933
16939
48217
14498
48366
27846
53705
27062
31486
12671
44332
44512
57090
22163
45761
51795
10998
27734
50241
65146
63028
45406
25667
39236
30537
25846
32255
39053
5010
36019
51451
60465
4459
26292
1997
87
56439
53284
20216
35910
16209
30006
7681
42084
30721
61004
48502
20932
25368
3502
35492
42339
51846
1597
58835
7148
12197
23563
57445
29220
6623
43953
48521
44487
56754
41937
63566
22680
37503
54089
51722
44228
56724
49353
30575
24694
60708
33272
55176
10710
57765
40689
12195
22720
4039
58506
37944
52518
4529
24063
20136
4549
24714
50918
5640
26564
13922
61267
13431
18892
57964
62839
26756
64085
62864
37229
31181
8768
9927
38096
3635
22014
7721
22431
64550
5243
31707
27191
15360
13109
56807
31631
49131
6658
405
4421
49385
44609
58504
10855
27055
10907
65459
34169
65515
43574
15668
22375
40433
24563
58661
24565
30730
63403
1996
49448
51867
55027
19524
31019
20648
952
11471
16383
50073
49727
44118
37552
52240
15639
3057
6769
31676
16335
49851
49955
6329
58095
16878
62660
12374
16512
63616
14030
56375
47743
10652
22719
46153
8247
41485
14547
49781
33929
162
35267
37793
56496
27674
52791
2796
9573
13571
10954
5912
5123
31903
48202
35117
63123
47187
31484
59243
58824
57822
1872
22767
43548
35445
7945
20414
47071
38854
11676
64546
52708
43913
59611
437
39481
38710
18892
28650
18324
19202
54064
44362
39083
31090
47048
23829
44389
45745
29055
20902
3826
60874
59790
5952
7748
26655
25278
8087
17173
19235
4044
31497
50476
8289
60474
37243
48512
30777
45226
60116
2572
60540
44533
24112
47203
42839
37850
28104
63898
29108
5878
32245
37104
42711
28109
40436
4509
6054
17441
20727
20767
58780
42754
11755
847
32541
23318
47464
57848
5964
88
29215
43572
34770
30959
41052
50035
3150
62001
22437
8400
53704
22383
15747
33090
16172
52236
46395
18722
12781
31489
7546
27836
46940
7795
27520
24109
43300
45603
42324
57633
16277
50095
10446
3412
45685
125
55327
61131
13847
27891
47512
24683
23798
10137
25471
33901
20311
52386
11073
51399
2201
38242
2549
57334
55476
22610
56344
11455
17819
30571
7033
3270
446
22776
3984
23312
51897
36185
57181
59892
4698
22280
30829
47266
19390
61325
31959
51607
47788
33927
13781
30917
10575
28174
59944
28621
23310
30420
39028
203
8215
37893
59108
60622
12459
30816
50198
33826
3777
44256
5854
9186
56766
10186
2129
37294
27571
11693
27862
19241
51942
156
2849
22540
39348
61758
16879
23556
13949
55115
49220
41778
26035
64534
1340
1879
61371
5305
32540
59962
1878
56264
30714
42722
26498
81
14038
43414
65190
20870
2419
33212
1984
42657
60509
7783
28865
544
51980
58931
56901
55900
55140
3661
60849
65001
52457
41970
58771
11054
24859
61480
65457
60352
40943
37807
29453
24594
65497
43937
21648
34124
56874
63727
41684
64641
29440
42405
16512
6855
63353
31649
40537
60493
13406
53011
58584
17325
28112
41353
5021
61072
21273
25005
48081
49647
28655
32116
56147
16893
1136
4336
52955
2614
34211
5474
51354
20892
60914
40536
65147
50723
37
53804
7904
15355
17379
62086
25494
27164
8028
23104
26600
47029
31209
28742
20537
144
23809
26487
47330
557
60802
11319
51773
40210
8341
140
16156
7161
56971
12300
54962
61889
10036
6944
39883
35177
54727
56679
16699
22703
47092
53930
16511
37072
36182
40403
23722
47222
34976
10119
57544
65003
60527
24878
51472
43372
38212
21253
38052
7858
17820
41073
13773
58759
42464
31524
14642
25276
22628
33075
60219
49776
39309
30366
51444
37778
36494
59922
11995
5358
65404
31656
34589
26028
44675
32954
6664
38317
6321
33225
7672
64272
4371
44325
37298
63217
52664
24966
40334
4972
55324
15372
710
52737
59276
20729
15199
15032
51395
16092
16987
42248
56587
51130
50013
62338
60360
51218
18257
37298
1938
49645
42106
45239
967
21108
27291
6338
37762
1929
12440
17186
25048
44311
53740
11985
44990
25247
39581
40306
44122
54610
53708
32029
37657
7772
7551
43623
36095
55590
19012
26098
35804
65465
48745
36880
37015
8335
5410
2180
64511
58927
28774
59779
23260
18392
19774
10048
48185
56988
3417
21945
41464
22180
64628
18438
42930
54231
13180
34463
47511
38481
12571
23384
44209
11980
24169
36030
7972
31181
37280
18307
15658
23719
36506
34091
54078
60976
60567
11362
19956
2355
38491
199
31212
39015
11111
15442
63103
43474
25951
9637
13495
48054
63512
51999
25150
51257
3807
52067
35696
12751
20285
53349
63052
37612
49363
8672
49484
54265
11186
41690
60453
51036
16544
20218
58622
50198
62383
48992
10373
56289
47245
15380
28579
33553
7173
55743
34436
41866
40990
2112
58296
51290
46291
24522
29342
33149
63627
16370
46317
63293
33748
20616
51975
33820
2163
4451
58235
27299
2037
779
5011
25016
21545
56827
32255
37846
40757
33484
19533
39715
14025
25632
23338
20297
7064
59608
63537
5359
2994
33206
41193
41199
3587
9609
53935
42050
58079
26526
18054
50933
4821
64220
20326
54184
7038
20192
39100
57538
3908
10476
62346
232
5465
56875
8729
31300
23119
43592
5562
28513
330
3586
30861
39088
35266
3230
20964
62205
63677
55530
17355
26050
34898
30394
57043
28460
60175
2599
61073
35915
23178
48211
49774
19038
38336
51726
38125
53033
8304
17757
57279
20106
8404
52378
19817
48697
1556
61950
24735
25451
14085
16293
16240
23983
19919
54382
27050
17345
45042
13064
19103
28252
313
42826
16645
332
5409
59012
13679
57499
23617
12138
65485
38548
22994
28194
2623
65495
12657
21920
22007
53724
28384
8316
4855
13844
21715
32462
20668
58412
26477
56876
51743
34714
8556
62365
58242
11145
35545
50858
31175
57678
32475
24508
47090
51004
7748
64999
65362
44863
42880
6481
11536
50885
5123
1123
19771
39660
25183
48880
64343
30183
61388
37037
46476
3685
61044
58739
42116
54829
33543
13976
25483
22983
20652
62425
58227
38530
47721
8553
39330
26987
33686
7849
5582
21098
11357
7571
28869
29074
15976
34610
35391
21774
32449
32369
11605
8200
58312
38928
36529
50482
46619
58247
614
50965
25656
21221
38439
20743
12472
51106
59216
16964
25062
44369
49698
39635
16568
4601
7016
57340
23111
46363
58143
49808
31392
5541
4322
43313
20426
33960
13797
24401
45509
2313
21213
13592
19666
31451
38938
20137
59219
35082
19484
49088
21245
51911
7792
44771
995
20342
31683
46647
39330
41517
57639
11793
25657
58027
6934
2377
25782
35962
1987
25666
62310
36381
27176
64505
6231
19595
43451
45193
6660
13991
36261
44225
26410
11194
27439
63263
58610
12808
23470
9831
54745
29519
22366
1607
22972
2273
52751
56316
3155
44297
22240
51517
60214
37221
2750
56874
46775
44868
63256
28541
3075
64011
15584
54373
37096
39215
17480
63126
38406
34189
23439
23543
30689
2489
60308
45763
49906
15859
50724
3761
54541
15349
31312
1650
12666
26592
59090
53832
61399
60617
29841
79
30032
61181
15428
15598
15713
51130
61053
21996
6126
63153
35631
5483
45446
16388
35740
56502
12412
20055
54527
42744
34948
58559
7045
57054
33943
35677
23729
21794
8188
59721
24381
8969
35854
39656
20616
33044
33667
29700
34898
15455
25766
64565
30237
45686
26675
33771
46633
56829
2792
41279
58619
62471
39238
58340
11155
46255
13047
60037
39225
63878
9179
22855
40535
65380
4634
744
60350
26671
44636
28388
60826
64697
26849
58407
19921
31324
43801
61797
42738
4296
62016
15971
18835
1274
10678
18021
44671
29454
53444
56876
51842
14904
46565
18408
14487
36139
11951
38952
64256
51028
62417
7631
14673
13994
23120
21120
24026
9797
11608
6916
31518
44207
44220
41580
59718
57413
62459
60671
22139
36527
52914
58531
13403
17727
51857
31671
58436
63315
21386
9875
8485
39629
9342
11257
29222
23059
13554
27190
65304
25734
5992
45669
2394
38984
49526
64876
11117
381
24452
33729
15037
51763
5771
7378
43926
38697
5606
11178
61281
36387
5155
61356
37816
54207
33629
21820
14443
51564
52189
55917
48612
28811
48225
18731
37522
51772
64223
18906
41369
14963
15665
18729
33569
7368
60573
41423
14598
12304
20428
16313
25102
49246
43568
38731
65518
61236
27183
20444
52383
64934
49758
4478
49661
38547
20634
60945
64153
16286
10342
9370
7407
45712
24861
35483
43414
64064
1883
13828
22653
28091
26491
13058
58466
62667
6491
23172
22316
52824
26284
24988
18466
10776
52335
9206
35682
43848
59655
50428
59807
20221
34866
21798
37633
49155
25139
49083
44304
61484
12005
5766
37002
27375
15235
49079
33775
33914
16646
27963
18186
18956
25390
18574
40328
29172
52521
47643
34013
63049
20753
36533
26801
32978
46032
10006
39207
47393
29854
42075
21122
15121
57953
36975
29805
7131
38627
38127
14891
52695
52335
43823
12467
3578
54066
59513
25095
14079
60680
48093
17187
14958
13043
19508
11593
53522
63372
13303
34115
47632
18343
27537
43203
38885
25860
33892
889
29067
37667
8122
17544
49050
10547
14333
35932
3070
35671
64890
11974
19367
13474
39534
46179
40673
16527
49431
20882
35736
3773
60797
12323
5736
15390
22705
27184
29121
37974
16666
59269
40997
41855
29607
27414
56709
1102
14663
55549
16287
49976
41909
37219
1558
64714
27690
12742
55679
40100
9317
36111
42259
11298
64665
18404
22895
7085
54869
27848
30109
37205
7478
4404
44265
62555
3156
41421
40635
53114
12133
29234
5854
17974
55627
27832
35690
46658
57191
61408
23112
18709
10767
6625
37127
16431
14571
28442
58677
18638
63674
58760
3543
28543
1621
45318
42391
45241
25923
15830
12156
43707
6153
59749
9718
62020
43713
60978
22910
3035
59374
17495
7463
16276
48085
17319
13894
42487
60661
47458
59795
37495
42507
25002
40721
55901
62138
8552
61190
6967
5893
29783
22176
65514
6801
44871
23358
14475
48018
27976
64224
61804
41111
42031
45418
11299
20764
20183
36186
58037
1870
11370
38257
54457
62823
37528
3261
50902
22589
10831
681
35101
16619
19032
48402
35454
61479
43292
20406
55484
56352
39053
14478
59931
25492
36055
39683
62492
32164
25797
45660
58845
51465
12106
43952
12239
25905
58073
21164
35443
11721
63110
38132
10999
3730
22278
63393
33402
26014
11779
57988
14953
26725
31087
21564
59843
2658
33961
51122
56310
32512
49245
11915
24860
29228
39916
17320
29453
59042
21255
28119
32711
6579
48292
19520
10647
34889
8075
44290
17609
14178
50426
55443
3129
4818
33418
1976
39457
20146
4454
9105
38074
7438
11737
1743
59873
12244
45752
10264
5071
21564
45204
56416
21125
14732
6486
44428
20229
30812
48228
46815
34903
12119
42600
20052
60137
36657
20626
46469
51979
60281
13875
23505
25381
33911
25364
15514
1094
34278
12580
16732
44147
64786
55842
46464
49665
5747
25210
57439
59098
49986
58703
41960
63806
1728
60069
53612
41323
211
45707
18697
52682
56263
62480
14658
9637
36830
39916
51634
25012
16491
10481
51412
1515
20351
27218
56636
31427
36666
35735
54708
27763
39094
55658
14927
12842
13491
1257
8437
43717
39288
37997
17697
35729
31093
4639
54791
19090
40517
64413
26744
36589
42975
3721
2626
47869
38112
6548
45601
58688
60456
5177
33233
20740
7437
48236
51577
58060
18283
62772
45586
23434
39653
53839
15434
2491
60967
45319
2207
33427
2505
24566
8353
64431
15771
16556
26267
16331
44740
52676
63670
51167
35152
16881
50201
3181
5515
65201
6161
2215
56101
28315
46141
52747
40445
38692
24969
59002
58804
21488
28829
41839
26975
6435
61056
50460
30872
58865
1682
24324
11908
65039
48427
61757
13557
48620
49456
50217
50743
29314
8386
58215
61950
8375
5201
12411
41001
13237
52585
36175
40953
33504
7864
6217
35279
13119
30688
33592
36764
1461
33694
63450
17247
49718
37200
36889
25503
31485
64145
5273
49208
11575
18682
30533
14974
26615
60412
57394
37639
52264
55948
9811
14035
9974
31473
28671
20210
57895
46528
587
44876
20818
25745
54528
6191
293
6107
18469
37370
45740
20342
12364
32791
10252
57256
36246
56825
2284
21776
3830
7268
6713
16652
8804
23618
25118
23371
46043
25740
44822
29573
51557
803
6889
61387
29489
13173
56903
48068
37263
3702
29378
62845
24634
43932
40103
1395
5723
30366
41604
1589
37271
51504
12148
26600
10448
64113
40696
57926
24405
54326
42441
47983
32351
54265
1093
9755
19404
1936
32290
39116
54909
1760
7967
61179
21822
45572
45946
58593
30237
60532
55110
45047
10725
8889
19884
34883
28065
41053
18192
32609
29484
39601
56780
14473
32681
17898
11986
23912
62496
6565
62232
17896
59460
27856
30008
50364
64943
33159
7904
16238
9641
64289
51580
3707
31128
23772
58300
32729
58128
9319
5494
25371
29422
15245
14901
64201
1570
28213
60671
6714
45537
28952
3521
58085
62233
19446
64897
43535
31956
30232
21788
15329
50862
48877
6206
62144
57000
6073
32029
9618
1842
7934
50648
29805
28846
4291
36095
27089
60248
35858
45011
41102
32068
4155
38788
45960
57737
12051
48829
58602
19009
6098
44738
9072
38486
39451
24606
23524
17438
43154
4478
24740
13521
54870
49529
57631
35107
64816
3992
10747
50253
12963
43368
26150
79
33941
59236
8277
35058
48669
22408
63534
8591
848
21141
2419
64233
11346
38099
10187
12178
17647
14441
23243
49386
36217
1826
62649
37803
24728
53221
54340
47227
50660
3028
47981
12105
40609
64345
16518
44240
32654
39242
54392
47332
28451
52665
18884
7253
4610
29053
59872
41968
50003
32234
4942
1267
20232
24917
17338
2708
43187
6514
42552
59479
37704
10387
16088
38167
24088
243
14867
28310
56723
93
46265
27075
11530
57195
16350
19917
32997
33992
52926
42089
4174
43163
47977
12560
31741
6842
29321
64048
33241
27028
40003
17896
23117
10282
61657
8578
26945
55688
33202
5970
5241
4134
58558
64409
47133
55534
15602
29057
56829
21338
41443
25322
26125
28291
40452
19703
60534
58978
26319
61828
7349
49245
16139
33372
723
24563
17089
42842
50832
40159
1420
20130
43982
39922
50395
56355
15483
15186
55080
38662
18490
45049
6373
58941
50587
57130
24701
43284
58556
2091
38294
1421
16066
21340
4708
1453
13739
48954
5945
17616
18372
10018
4298
15865
507
65165
16588
48041
25757
18321
41264
17685
46613
48629
3024
16602
1186
17207
19093
23221
17378
13256
20610
30054
32317
61183
59025
25253
27583
51224
2324
52788
17883
37060
37361
10575
37920
3015
56410
49910
60090
13198
50593
3862
49595
12769
24441
5232
26286
62545
47776
1208
52932
58121
57586
27705
54145
29757
25860
12336
52070
6646
65242
8182
58129
62450
35673
11646
17568
43646
30739
32015
22367
3982
65325
40310
20500
56733
18643
13110
17001
3385
56550
48836
38836
8064
58115
62857
1431
15635
4583
29445
26404
14231
23148
26041
16371
37237
49393
33408
52122
17576
35484
52499
57384
23811
7553
53832
33900
14542
7938
55410
28981
31281
11128
56971
64887
863
20555
39823
29158
13463
30701
33270
22643
24704
30401
26071
63715
50250
15123
1573
29794
30994
48177
35233
22239
24783
26196
56999
5737
22830
46979
49611
33782
19834
19324
15369
20518
13319
56699
40061
42947
41262
36080
12038
25064
32026
532
13954
60370
21909
43122
42264
37600
29088
14876
55947
48268
47559
15442
27297
37269
25481
27763
20582
1882
22787
45475
30898
34818
5630
56918
52532
29337
19138
6935
55954
16186
65139
42794
31682
46546
62984
4862
35199
63321
29072
20267
51540
47281
43112
12675
35369
61115
14566
30041
47098
64619
20438
34319
53672
52172
54559
12338
53163
22237
35221
61063
31025
62533
40437
31303
8053
40566
23155
39294
35716
61407
63984
63894
62502
49101
64014
15822
1685
26110
12672
50575
13935
16187
51077
5818
20637
20767
416
35358
15511
43583
1678
51799
33639
46409
49914
54920
16384
47029
40272
35470
64719
51294
24700
54012
38286
35203
61706
25552
41480
38781
54522
35623
31799
18081
43324
61521
27427
39744
58082
6979
8026
11708
29565
34670
25396
33031
61001
41554
58341
5661
299
37624
19491
5858
37362
8628
30880
49485
21206
39030
8907
51851
25649
44202
41801
732
28971
20128
4684
30246
14485
8268
17027
53397
48257
43163
34039
19064
41798
12713
11021
50396
2048
26519
46805
51100
63577
51133
10115
30213
27865
42903
41728
60243
49733
38814
53840
20466
24639
19093
19355
2504
18124
45559
50028
42786
18135
25413
30802
33902
22231
9807
48150
63251
6978
49768
62680
53046
34710
21615
46815
29689
19179
27632
41159
24464
20923
64512
9117
50062
11247
31080
37064
4497
31290
15496
64335
54534
21043
51067
21296
23864
11109
10115
60900
55430
50092
47512
10358
10690
45877
60380
6317
4185
46116
13724
33487
50557
33973
5488
54974
7472
28570
26535
43388
60930
51723
65033
62500
20241
45950
129
14173
20860
17413
59065
20719
15442
12674
6892
21194
61157
11647
25066
36334
3886
7453
2126
60872
55425
52885
59323
56091
34715
59892
18961
50686
38405
54785
34017
8003
63917
26863
2390
26237
3301
4018
35327
45192
12709
59021
45530
35634
51564
5815
42433
61250
22370
7124
46613
3012
17251
50659
1502
41336
58574
53234
2529
42356
18467
11459
10990
24761
18357
63907
23523
44955
5781
5598
20434
29227
2550
57197
11860
59977
19923
15273
37242
42039
34967
22969
54212
12606
29609
5337
21934
56860
54131
34408
35465
13918
65141
31528
54029
12751
43151
38132
55272
13211
64121
44552
636
11504
10473
27986
8495
42252
30928
59545
50767
22814
34113
25613
59704
60828
51902
35132
13656
24577
44907
51318
53701
9303
39295
45682
32834
1249
48369
19172
64232
44851
51517
52794
23958
61034
54298
60843
51088
9789
61814
54756
3003
22351
23560
19616
25722
37778
50678
4353
51737
28850
18216
63027
2600
31150
52931
29732
38193
7828
1931
11888
42270
13799
28680
40613
26785
42242
24181
37184
63683
53198
7315
44861
26213
47532
26031
26689
2770
55128
25716
60788
31866
1685
64353
34399
20230
50867
24136
53237
31787
27565
37473
34691
39342
28344
37801
30765
7098
41877
14263
34545
8884
4577
56289
9966
6313
7502
47530
44304
45572
35411
32616
21626
20184
20250
15211
18024
86
38160
17847
19396
55649
50576
32489
43683
37301
14286
47529
46386
8404
55362
50936
37135
6646
22223
64175
12737
26757
30819
55160
60045
50154
58021
14442
57201
32147
42525
62870
18268
56497
40739
6803
41380
16650
61343
37358
51404
60783
45938
63962
23068
10268
50811
33554
38648
32957
3196
43236
64194
26084
13807
31047
16495
39765
45112
11330
12959
40671
7307
5269
26554
20976
61121
54451
31223
15260
25485
56328
63080
10048
62305
12315
35150
7870
22321
9946
6392
44353
45267
6218
47771
58032
15311
55599
27209
32742
18188
28361
44492
63561
60984
17496
15420
35393
53135
16661
3128
63524
24128
2773
20870
25259
53189
24669
16472
33597
53242
19825
38561
60775
43938
26366
47947
43546
8086
9538
9542
7707
33955
58331
34538
3501
29689
13010
45998
3740
861
1808
4504
8838
61319
6240
64978
61639
44858
20064
43723
44103
50974
46096
56980
47792
35310
63688
14185
10942
12940
62973
29985
59585
19865
107
62152
5740
36958
24305
21261
47324
23362
19957
17780
39670
11146
58319
9393
23401
26056
41706
11111
10291
14445
46241
3042
2377
59148
19164
42953
60333
54677
28808
61560
11289
35460
61912
58258
16366
13142
46957
53480
18737
40803
7323
48315
58170
56561
4545
13567
23440
35988
31387
33533
44689
23547
33481
14508
48230
17420
39024
31319
47073
15124
18986
41397
16066
64911
36819
30154
9998
7940
61200
45340
8836
18817
47253
64378
61829
15234
16516
24086
10175
20090
25390
31574
26896
33867
6328
58189
37065
41643
51155
53589
30629
41844
50175
17123
4297
12707
56489
21278
45678
51495
9015
53375
24308
61581
61181
17951
21102
9761
10971
27240
14849
60138
16542
30142
1009
18084
34186
37761
10177
26807
35600
50055
62061
54616
22141
60979
37614
37651
45925
39755
36341
63443
52916
36347
12140
60445
21436
38692
35486
41626
34834
60142
13999
6264
31553
39575
1883
36020
46953
23666
49252
44660
13124
57436
30200
18768
1860
60690
9851
36859
43995
22292
53423
44069
55418
21535
2124
14053
20784
31731
8817
39392
29249
56694
2512
64994
1889
51420
20516
27007
63631
47947
14117
9795
51447
21305
60852
51327
12804
30787
62734
5380
51195
19933
46243
17731
3738
30132
12925
38392
46848
20317
46343
61624
32289
63228
45056
48483
19944
8909
63748
30933
49554
41080
30287
22602
19326
5853
9860
50609
56050
37398
57671
42881
27449
9145
2561
23399
7020
56330
8918
39933
24207
47025
23718
53192
39482
12687
23659
38417
44106
8587
33927
55076
48842
3040
37070
48118
27202
44193
50610
62019
22663
44278
33452
28241
55524
8741
38402
5897
14206
27156
62159
9062
22885
51061
45999
54325
53748
24631
32159
21656
54895
59193
33193
15499
33493
63217
41613
6386
985
21856
54376
41334
5511
40438
44611
14974
961
50402
22372
8899
14923
30330
59996
38651
43749
38192
9145
20483
37520
29532
22969
25419
55264
65483
63981
7203
1757
61714
11992
4184
36570
46626
63572
54019
3966
24791
54084
51197
51634
49153
32734
18903
51169
3910
65516
38459
62940
30473
23941
63406
36305
18257
7569
33741
4943
16179
53648
34437
7422
29537
36876
41608
34899
19066
29060
34997
51254
5488
10062
5801
61226
50431
59524
20894
18928
1871
22126
34633
54367
47445
58588
17533
26595
47459
51612
36780
1817
62831
838
55794
54737
55018
8158
26047
8601
40348
55893
9078
14922
10764
19202
57940
7015
31051
8634
7350
36996
15856
50158
53485
51905
12718
57032
16341
22772
6446
39157
38071
45251
10713
35735
3737
30166
2820
35498
17740
5714
55769
44577
46610
41963
31849
30034
18771
58378
48670
39961
3717
35067
17584
15500
16353
62458
63855
55770
63746
61024
34210
44288
17967
18742
59687
40675
59692
59530
22551
17451
63992
38768
15116
44777
44736
60400
29724
37347
43640
59596
18874
1906
4107
8076
22005
4656
48824
21059
6292
60689
32646
37023
52720
59076
2491
62500
19324
453
15185
13900
48165
9377
54369
52821
21699
55482
55718
28698
53014
52652
14996
28473
54456
12115
4758
28035
51531
46038
53188
31978
1236
54908
29313
44598
34881
20004
47738
1115
22268
42211
6742
52313
10585
8805
1350
62936
28098
33463
2060
59553
3351
43866
6158
21000
29967
33217
29374
62051
32745
18613
9859
26864
11540
54141
41377
57034
34786
11818
22296
7746
53926
23617
49213
44058
29664
14587
2771
25632
16314
42034
51785
23367
43007
44846
26718
17021
22470
2263
43380
50588
10315
45580
10215
49963
44185
32601
63909
10201
47044
27516
23509
40296
39888
46299
62041
39911
37162
31762
45146
15929
27164
50018
37788
39998
64199
14982
2088
61606
41073
17452
28229
5028
58490
19607
16415
33311
42705
47974
60845
265
33591
45651
57813
52244
5779
13264
40747
11557
8465
65475
55261
19745
21822
35874
14482
15465
9560
18973
40906
31280
7874
21977
27619
62279
22039
42127
57872
46581
13632
37694
39127
32326
30073
19369
38237
21865
26341
45692
3162
25579
63886
11157
10158
5544
60003
3522
64047
10147
59826
26834
14776
61703
10875
42434
1966
34518
51481
41809
11700
54042
20
52579
11095
42174
7534
16757
33448
60082
8432
4261
7455
23486
4961
14903
57062
26547
1155
63463
3143
48423
6812
56464
39996
1323
3768
7574
50438
7606
17554
12784
46698
48487
25854
57242
43208
12657
14388
16268
43584
29867
63201
38513
5940
28160
36937
8840
47402
7179
12855
61300
45064
13085
13451
40141
53695
44099
9178
23926
20756
6346
53057
41485
16273
3041
32892
4650
45761
28306
3237
62543
27331
44309
36580
62689
10734
61523
47005
10386
8401
48515
11237
56200
59198
2509
39468
48840
30798
12047
21745
6855
121
56704
32100
55936
33786
16670
1899
29601
17828
35417
35571
53606
462
36236
61164
48930
12881
62652
63949
611
29044
58812
43454
2465
9168
55379
23807
44189
56668
1469
40457
53454
42114
62207
47660
12448
15692
28641
20197
1017
40121
49214
9813
31806
43865
38978
27786
12988
3431
60873
16841
52450
7005
38284
47531
29601
31639
37289
23305
36975
38850
40694
41762
28178
63802
45344
29267
31182
5340
12053
52580
65028
17959
8511
10716
21723
51032
56626
17689
18782
11718
32461
62276
13131
6528
42647
672
30098
37852
64297
16080
9630
12844
52243
19674
42886
51568
8347
1113
51268
18683
52366
11211
33610
30826
43457
3063
6204
27868
50462
59037
40668
11635
36709
57576
8691
62470
14480
17834
16614
12296
31426
7872
63282
43773
61067
37451
19518
20609
203
8645
46136
21801
2478
35623
61606
56815
41175
34636
35953
49591
9380
54672
54848
1845
64421
31420
42177
4513
56768
24059
19291
9691
22738
56358
16049
54674
20116
59917
24675
35132
7102
16479
18830
64946
45554
39265
23245
6745
50521
49397
57335
34005
21154
59527
29581
19314
12154
5427
11001
57659
39221
23856
4324
5554
43948
41559
1990
7985
29547
32521
51121
63564
60274
11148
62152
26318
59827
12330
23368
56814
39379
6822
62608
2202
2382
44798
23097
34870
6769
56750
48097
16260
36258
33328
2163
16803
57623
34673
49508
42567
48464
22039
48438
59903
65304
32967
36900
11369
16040
13003
27579
17307
57700
59459
46796
22830
7291
4222
31148
59052
32656
59051
9379
47007
1130
5405
16816
16949
37204
15132
55888
59457
58367
1632
51830
51533
50575
1992
43355
50736
59618
17503
58708
10795
30215
7422
7554
31902
32081
42299
51119
6998
19662
48746
9674
7609
4954
63269
1085
1802
27213
39751
12872
11850
21183
38424
19536
24894
18630
3994
33674
57861
40697
51874
2597
62283
26554
52171
31392
32308
35741
61374
54308
62470
14894
46371
6010
44836
35080
16067
24316
58257
39496
45695
18100
63630
53330
38771
62613
21758
50546
2752
51259
1750
7025
46949
5428
3469
25617
37348
16590
46790
59477
29176
49613
24489
33717
62838
34505
12773
64438
36063
4639
33146
38789
32664
39715
18948
15838
25744
49934
45002
27962
60482
42540
24804
37845
1213
36604
39270
41816
28457
60864
15243
439
19200
5288
56905
37828
18925
44082
36454
14933
32050
63054
40858
25092
24526
27899
48121
5272
35776
50768
8719
14286
5393
26605
44280
20714
9014
8881
29567
39532
27337
42781
62210
16
29053
24923
58939
21380
37977
45435
23616
53699
17893
48936
50547
22414
63414
47189
25496
64848
9552
26605
24331
27
26545
11160
58049
53359
47723
56126
9469
45152
11047
8512
59349
36118
5961
21860
56140
32301
11531
16370
46782
58704
30635
58772
49254
40896
40523
3510
48816
53705
43232
37219
37550
51109
30923
4956
57719
62677
10179
44458
35927
54993
17630
1733
25855
31830
57776
9825
18213
57376
56863
21020
5575
19109
6563
16288
63767
29336
45354
62529
44883
21796
33015
48717
32856
34157
53953
47615
29594
32568
21453
41378
4308
5307
41867
56426
31066
52868
15440
9595
30654
3353
59136
14398
4940
38264
52316
64232
54527
19589
707
10434
39160
30901
42672
7483
51345
55210
41109
38234
31533
22136
37738
27427
10443
6502
55349
61000
29484
56520
57481
3059
28003
1823
21782
65079
21355
53155
55855
55557
9345
16272
35833
52379
58517
64312
56497
17574
49338
26572
63134
22032
54748
48406
51387
22360
32807
31376
44909
56574
6343
57853
9886
12563
988
3961
30838
20682
23744
51984
33862
7727
29056
27432
6570
38433
16181
47712
26099
10706
45039
32376
49121
63590
8466
3563
57525
47485
38736
24924
32483
22627
62084
59575
18242
43981
38265
30519
30562
61904
833
19045
50423
1722
32276
27850
28003
45000
29228
35903
20614
9481
61576
28651
58333
17645
22867
16261
57836
57838
63154
16484
9274
50480
207
22115
42600
60645
11741
41065
64866
52474
41347
55991
1673
12283
34824
19257
43080
17754
7381
34081
959
41394
52529
46599
47880
58265
34830
23006
30104
11830
60746
17697
41765
40813
6908
57063
6551
57168
59947
13444
30082
50077
27783
42187
56968
485
10683
2377
13786
647
17664
37009
47289
41878
35232
25937
36201
6981
3252
19634
36501
31276
52308
6935
26980
63584
40607
47374
50001
60388
253
16749
51598
22033
8958
13294
37781
977
30780
44765
17117
8570
31982
39963
7772
8167
37452
8904
17648
13010
53744
5850
47768
36410
36629
59268
12124
58396
49381
44317
45529
10849
17660
59190
1127
12149
9409
9684
16865
40410
29881
34770
59276
61928
52979
59400
52820
64936
11000
61683
17305
42095
4541
64516
6103
53815
60087
48408
15303
12501
43672
4648
38658
7804
1950
27947
38321
7019
30306
32581
2561
53938
14087
48006
24750
32787
48086
52649
10919
35957
22588
19253
37235
6928
36953
38921
58433
6887
61721
28715
49410
14720
14087
45688
63105
49188
56538
52266
19832
59185
20601
29550
38091
40472
9882
63999
48377
10268
55561
61161
22218
53135
45369
12283
32998
15661
51955
21841
33047
63755
27114
21094
49541
36214
18156
6129
33596
16199
55348
17800
25092
46609
39940
15498
58679
30195
30047
79
53156
1912
898
10513
25984
16668
51660
44410
36773
54101
23377
52785
27694
49820
2261
45887
20967
13638
14112
50560
45034
43098
18501
23418
47242
60428
15838
49234
65242
61055
24741
17706
33447
51739
50659
31170
27272
42481
49265
24928
46969
13728
57365
23659
7117
14795
43087
49561
45744
50730
34042
52469
29092
33548
63357
56623
44873
49830
35750
63128
62686
38472
38350
47788
58384
21921
52348
6314
29648
6164
2704
1158
17630
22779
18057
49410
42448
21435
23172
38475
5316
56314
1019
61464
21220
60135
34413
193
51995
10147
1481
62700
34774
58673
10669
7039
27873
3439
64639
39238
58559
26568
48891
58288
8817
8852
35491
14625
61754
15409
11383
31121
20837
63556
64747
33904
42622
32363
55073
63296
11532
46500
8598
26531
3071
62547
46531
3946
21043
1546
51869
15030
26381
8191
50052
6116
26590
32823
28676
17085
22272
7895
10363
16700
19875
7809
4793
32694
17664
41177
28356
36377
37010
24835
2462
17788
45376
45815
4321
1328
33653
12477
63924
60819
65332
20086
5878
64819
65153
31197
41065
5282
15034
13042
28592
42930
20957
42435
36186
50382
24316
24338
2229
61895
52160
60181
14168
19965
16635
31712
7277
64307
5680
17688
58570
30298
5740
39317
49391
14333
41587
42783
31523
40023
60477
55169
21908
62137
2277
8126
50101
28469
35778
61706
19189
52848
25545
42893
55998
13259
29955
45839
48174
11397
7635
22163
46622
20218
43960
22099
751
32151
36851
19916
20735
33469
60345
54791
56548
50360
11696
40151
56915
46556
42947
55407
21291
11431
25631
45085
39231
46395
31432
15600
6751
50039
31965
18861
18283
8396
53130
46546
51415
60003
31037
63523
27645
13440
11083
39675
44373
38011
41593
41454
17355
18668
8631
27027
56072
47841
51403
46608
41358
44311
47618
11849
6708
44748
42309
33413
40676
28050
62435
38674
30144
57637
6776
30120
55073
39823
13361
26832
18486
17900
25882
36989
3484
36342
22579
51218
15241
50616
28816
51495
2693
8062
57404
50407
21925
56691
58032
38718
60762
61475
44643
42872
7698
5278
20085
42408
7977
65462
3143
55944
39724
59662
36384
40652
22845
15445
223
35826
61969
34729
40166
25066
19668
27324
1449
6206
17906
17191
26407
35567
57794
21454
11266
16583
65160
31692
65276
34566
24097
12688
39821
22226
6541
34490
42687
23899
51945
17870
52210
46501
40390
6406
62165
9982
3654
26622
19778
14430
7301
52128
62079
44578
6777
3291
28938
31685
45858
19332
48973
55741
61930
57849
24299
22696
53125
8413
61158
63555
17024
12791
61211
58171
32494
20945
16599
31053
30732
24442
52767
60454
8422
36907
43685
54357
11602
8653
27010
42373
31283
42318
51390
15579
19325
32877
13148
54432
48905
18339
850
58851
22054
52148
30066
65501
6111
46948
47280
43231
23685
33812
786
22877
20784
56816
52491
41928
7073
22889
49121
40534
44522
32199
34369
43327
38458
15240
28800
26533
8584
34244
13957
63550
49187
27923
39097
45990
4597
20128
22066
40328
60900
18395
34911
8069
36992
27566
33810
13385
34243
5399
44419
40498
60970
28869
21825
61033
61421
12122
6116
58609
64675
47024
3435
35886
5413
6785
52783
17812
40370
28336
923
11813
828
29097
14825
58267
55731
36192
60908
63243
25118
32516
48185
41461
34435
45285
52178
7256
15067
33299
57489
17336
42489
28463
100
47518
21729
16622
17884
21487
64687
39506
63377
53453
41212
13050
25483
45121
38829
3492
49092
39233
59287
3799
54669
51030
20027
26111
62009
63929
38369
63747
17025
17705
31518
56405
63207
26262
32446
4304
39952
46131
26899
8601
9991
62479
8209
2831
12865
52958
10686
61109
35092
65102
21231
28666
5145
37562
6441
20650
41581
53857
40091
61788
23865
23986
62868
41660
57779
29394
9103
6838
31041
34464
31835
20896
45311
28255
11724
59643
49864
34946
7990
42467
50975
59125
49429
5271
42082
57835
11609
63301
29669
62352
36660
937
15455
62250
64055
46739
5473
64190
40271
38152
47952
51167
7287
41714
16450
34731
9401
4893
11376
10887
26886
40790
38096
34444
7629
28333
44542
36846
51762
12540
55365
57851
63387
63379
56448
59255
1466
49781
38098
9612
16511
30924
16535
48684
60965
12483
42974
49584
45577
18770
51366
8953
44483
35741
15270
51160
19661
12760
18728
49731
22096
44980
19090
38885
22547
10636
2124
56701
9667
36086
46832
32467
11060
54275
12801
14112
51750
38492
14476
47651
34845
9590
25862
62703
54321
36070
52525
40370
16437
1130
14084
56807
31807
36313
35450
9069
43702
45576
63543
1777
35653
23243
43022
36290
52053
55246
5715
18966
42921
31108
36046
24177
18886
60573
44843
41854
56919
58182
10700
36126
57454
15271
61239
44396
11922
43396
22140
28650
48758
291
53780
46850
57863
34959
65095
62004
51456
34780
51219
64327
10174
4772
1120
12767
43305
12890
24606
45521
29001
42822
33453
431
38267
33705
51307
571
63872
60797
23021
37175
48624
61604
42586
48658
10361
25242
44656
2173
36827
29612
11100
10208
51215
31420
36250
39624
16872
2331
29616
19345
61777
12993
28921
64616
55979
23084
47522
11440
24571
28021
13266
10642
54939
31476
5217
332
19956
7296
58096
24226
38043
62622
63446
40540
20705
25025
29363
33395
43170
40404
26477
20405
43127
29185
36621
3465
1882
63539
22805
47692
42770
45982
44413
42854
4511
33290
63763
11816
16969
11437
58494
55061
3909
22312
16426
46665
38892
19206
16245
1390
18359
33965
9905
42761
19815
5675
14937
50365
18294
27989
47037
21141
6625
21325
47538
60230
16253
31885
33618
39911
42193
30368
63576
65296
55705
15582
33410
18611
36585
7253
52031
45324
51886
18488
58894
48765
5181
53050
233
41856
8564
20392
39911
62286
39523
28561
41289
6293
48967
28342
21314
33063
64658
12713
30873
57222
16753
50280
64816
31126
58271
46347
58930
56380
21508
49198
64817
27900
59685
39953
55161
20565
56344
4824
9917
18808
16408
913
32264
12107
16203
43153
11124
16979
14080
33166
41284
35884
3342
10032
44704
51788
3405
21638
455
61144
42930
19681
28109
49913
57030
32281
21132
6459
15033
63688
2093
8043
26808
35410
42024
7911
37317
65027
7124
36041
44998
26703
52717
35519
47654
44436
32874
56909
14474
31953
16221
57863
38941
2079
5625
43977
36115
62124
39870
42408
27812
8446
38972
30632
15983
21466
52830
56694
13800
7462
59431
6938
60163
57943
65177
54662
1135
60622
60634
21244
45321
60573
43610
56119
19266
1912
15031
13501
1175
38676
38470
52421
4856
37892
61332
277
49599
42582
49875
2922
47551
18336
33272
13139
16556
20851
22619
35868
51476
44453
51793
45839
50623
39236
55462
42976
16549
52651
55026
44336
47531
65321
62593
41093
12994
53825
227
4730
37396
63984
8785
24702
58110
39751
63112
330
29660
13827
43294
53360
54001
21499
315
61981
4459
56035
53200
21391
33891
59521
17926
54028
52765
12397
27973
4351
29326
22983
33428
41968
58845
51439
62418
55775
25583
61547
43223
51585
58439
17345
59835
41948
64194
49168
59143
2519
36951
48901
14248
48401
40185
47391
53167
50471
52210
40754
13013
39831
28632
60805
593
65250
38880
32607
44323
9432
34959
53460
31672
58798
38703
47270
37036
45484
48012
44556
6453
6885
8923
9285
9156
35116
19909
10854
53323
41444
46860
55198
55847
6862
65
18057
50648
36035
28063
46050
13585
49814
6458
58892
9318
57617
46930
54646
9258
21387
21472
11726
35059
25349
13600
45022
52111
48285
26735
12837
26709
50400
36870
44235
48531
38658
53617
40069
14539
22900
16997
15763
1716
37348
39675
30649
13158
30183
59254
15328
38319
47855
63006
4235
17730
32367
53085
16022
20203
40407
11318
56937
34588
53157
57080
63181
7475
57458
874
16025
34708
36564
10928
17709
107
39523
17948
65159
54679
54349
38254
49478
56265
28399
54694
33856
4594
18906
34339
18265
40078
38022
2013
20202
39230
15364
53799
18022
55806
45368
14847
31265
5237
34733
1337
15877
59599
39745
45713
36069
45171
50976
61308
58535
13496
27245
53283
25878
20531
61955
43525
57195
18748
1596
65287
54690
38164
26251
43259
15831
60317
7555
42561
3846
59781
9735
12491
5020
36100
34717
17676
31946
4990
16381
1151
50510
5154
33142
17069
24507
30750
10114
47712
47435
17803
317
42700
44420
50712
55877
5548
42124
37514
33410
25462
64873
20143
7167
35756
6494
16955
8893
15211
12394
48344
32896
59059
5236
7385
20166
26818
45100
33987
25216
40984
53441
29499
28033
14417
58340
11111
13544
52590
46818
10403
9650
35012
46391
8709
13011
11132
56990
38797
49603
28698
5181
21649
27497
21986
31002
3242
53972
27656
34694
59711
46652
46837
51965
39432
65242
41387
47813
34915
2032
26020
33052
13593
61058
35821
59682
52257
33796
28415
788
53103
45177
39695
31925
53375
19724
45138
60068
6281
59365
19120
30121
46896
24170
18957
36814
51318
15232
45264
57921
27806
18396
53382
45456
12683
35331
14394
2238
48133
52426
4877
13368
32349
62324
26695
29591
27992
40260
35035
48096
7129
37428
11882
7280
58974
33110
48041
289
3029
5811
46925
61284
39351
16523
18154
20386
33606
11064
13278
54176
34171
54462
62438
56412
39043
39560
50900
13598
5677
24104
25286
47517
64396
7397
61025
48341
45455
24940
59924
31234
8546
40121
58368
47962
23183
62662
15341
45058
29427
12578
3680
56909
33024
46105
25058
23443
38613
26191
16138
13180
47228
11730
51097
64053
59865
43471
41269
36458
38897
41622
25342
32555
23214
34011
24433
28972
43269
64765
51747
63761
60586
43663
62063
14486
53238
52669
34776
27629
4258
15952
48219
4824
42965
12548
42147
30929
34305
2886
16967
46078
58328
28015
19087
56748
56694
23700
45226
39683
42683
25556
7249
19304
26791
21063
58040
9584
16252
17253
15042
28038
19836
20068
59776
65498
34668
41408
10632
65376
35707
13706
13938
39593
2340
36126
35320
49020
29390
60267
46031
7185
59876
1814
24294
59911
23830
23560
39571
35534
25447
26085
58261
61534
6194
36989
53570
26361
17183
33479
40266
37385
58957
41659
9541
3815
13897
20816
12966
49953
57930
19769
12080
54937
26897
11882
19102
15082
64475
7443
9587
5169
62806
51117
62503
36909
37058
4569
21797
63422
10394
58119
62118
138
5998
54247
15769
10681
50028
41348
62041
24935
50283
61499
34115
56407
59670
23462
57141
29469
1216
4096
47769
25674
25869
22431
53090
6005
47323
59442
17513
56950
32218
39196
63839
27897
53838
50113
2613
12817
63063
27211
56805
31790
37637
51762
25495
40183
47103
46760
62278
16118
50359
35678
9984
41739
17156
12161
19624
62238
5552
40755
6537
61535
31200
28917
16646
51711
22970
48395
58720
54571
50528
23033
18235
34998
51649
26689
2151
5161
3652
29748
11628
10383
4311
39597
56851
43863
54612
6953
502
8536
62436
20913
33982
9458
55516
26067
39047
10773
56982
32413
42452
4343
1859
3159
15070
64510
25512
59473
32499
29233
32475
4208
24963
19530
17191
26083
9441
22793
18144
6963
20954
24520
11610
33079
17209
63114
9386
47198
62279
22220
33516
28904
59575
27009
14664
16370
15637
13677
28878
37284
4690
16737
14844
58018
31816
9828
65369
54344
5573
22025
28583
10047
26323
59645
7251
49774
25487
13454
28858
54742
36074
37776
32444
46543
62722
10765
27503
59292
2071
19946
31388
28554
16717
3605
25446
42845
35881
57960
35487
42824
12115
49210
58224
18670
43645
63513
15783
20242
32462
34043
38173
35400
23540
7877
15287
60337
44076
45760
53153
55674
37173
24791
3377
22640
34652
51958
5344
23117
38812
49487
5700
5095
16521
24977
34889
28774
19346
33722
9143
44559
62229
26783
4350
14681
28093
49139
19661
30135
45667
42999
61857
19123
21640
17662
29378
566
12935
5248
17211
9605
39708
61576
11737
18234
39557
48343
28046
59763
33945
33309
22113
33792
14434
43213
33234
20360
57518
11442
36713
24761
13514
63902
23052
6096
32198
18558
62944
65479
40034
59946
36380
64209
48901
46268
7708
64433
59087
56561
61384
25305
25041
8866
41298
31631
10458
60856
60491
13525
775
3123
28926
8403
2390
30608
64901
4478
55868
2355
44991
55937
50436
51989
10630
24007
53623
2819
63142
47668
30252
49098
53337
41020
46067
14543
27191
18605
62816
19281
51286
8676
10010
45285
57619
7358
45179
2792
20580
48517
25234
21445
48992
19830
61796
35678
25247
13053
59840
62339
4066
65025
3877
7439
1530
6512
47253
951
45893
36360
18980
53365
11813
50764
39293
50753
15345
65015
26671
22189
52082
47974
64935
62727
5217
9316
42340
53744
19818
41526
55234
7835
18478
16426
21690
38042
12378
61576
57510
10344
15876
31765
51825
21885
59396
63460
11490
13526
45937
51821
53636
2114
42220
6045
63903
20300
62114
46964
57360
52948
44620
50543
54892
36542
63243
22668
29425
16338
26045
9078
57266
13195
3475
32006
47098
63681
29341
18242
16805
6609
55415
33800
63241
18177
49133
35023
43774
54663
6345
41112
57436
6407
54926
786
34133
25447
49656
22752
1134
63376
43830
49986
29733
40866
56623
64677
34604
53947
22734
30819
23539
2472
53168
6499
50103
28950
28346
62627
1710
6749
7639
39930
53747
17560
29839
6765
47493
56056
19191
30156
57991
49781
45813
14143
38155
41391
52698
20512
43292
29987
63084
32619
58304
63547
26820
11764
13312
31042
33455
56359
57668
59181
40456
58342
57067
43742
166
55692
39538
2492
36925
51709
44696
45728
40263
28400
6763
48168
21892
774
62331
58337
24920
17898
13052
50924
35180
49974
19174
6174
32402
46196
56443
19954
63713
38547
46426
48390
12050
48582
15367
21646
17788
33145
64054
31067
592
47060
53519
60712
37586
34227
58469
793
12671
22319
59313
39988
33941
2846
59233
40155
45305
65201
52977
1966
11485
3324
17733
29748
13150
40270
33338
18690
43412
26839
55284
59871
8990
62626
17694
28980
59036
33329
62226
33220
735
38025
34016
37696
24423
9750
63808
28203
35639
36301
3210
38158
59149
58064
31110
27652
10713
34533
29533
54832
18785
48404
58716
42710
47751
6085
64121
14012
6853
29892
2067
33392
45562
3053
12282
37663
40784
58731
47590
57073
26506
1491
58737
29147
39540
22505
44132
27697
27697
42947
3302
27098
5286
6617
49642
1939
9365
36263
12371
45464
16577
20244
7418
62429
12637
55743
64651
45651
38398
34113
15600
40182
58750
10026
7692
64160
5141
43560
35234
34985
62782
45857
26795
1009
2448
39858
59688
20675
41790
6115
16625
37459
58848
824
12056
60869
5150
30273
29432
12242
39553
61985
28596
55389
56465
45172
30307
809
5398
33202
28942
40372
47249
36359
63366
54670
55298
4949
51524
65121
41423
46038
35889
10425
5970
5114
28853
29204
61578
18022
62486
64140
34977
39893
37478
39400
41981
23318
65343
48066
58894
20832
24996
30596
45057
48995
54079
30927
1143
3783
31780
6923
61796
13037
35543
38776
58260
23031
45614
56141
49134
39516
41870
34557
41514
59483
51985
17772
61166
1186
3232
62597
51602
10039
42038
61100
60069
58355
9196
26216
18062
19992
1964
2959
56811
50718
37823
27832
31104
3743
22706
20476
4026
58239
59019
47991
52804
56725
3435
37266
16750
14275
44566
11967
910
61571
51671
30254
34088
25143
51518
8178
60284
12669
12015
41933
24303
13615
33055
53619
20030
52521
10003
6135
51874
20615
31551
40629
53334
20899
49967
58432
1914
44678
6453
47976
44764
30994
51689
42577
59048
8039
439
36294
31099
62990
7176
23710
3772
47693
22554
49332
6342
23900
11705
37640
33937
44779
11598
43730
41424
53234
47596
25538
864
45471
57987
4780
4745
31652
1001
18005
38271
43306
40559
36879
51108
49198
32787
18849
697
47068
40568
57055
44316
4881
29180
62191
63948
58635
12049
63792
16767
57510
58599
63896
11875
10136
61622
3152
41647
47998
16617
8560
19462
8991
10324
17941
28966
44067
10294
36831
43143
28227
63176
38699
9091
5339
28524
27489
22744
39229
9690
38952
21505
6808
28392
61477
49879
2838
58154
64136
65076
16493
45474
46690
31569
26025
46724
31971
27801
9660
57392
63874
59174
20173
64923
32885
55040
45505
34353
29210
11262
65039
39824
16565
9155
55945
18502
43396
44338
39244
5403
52075
19279
31033
16013
33077
12839
45212
48405
40951
9367
48891
56006
12876
60679
42133
13719
8522
52447
7271
40743
14541
13690
60331
52937
40454
60445
33263
7350
57830
11412
60232
14977
31406
14548
54209
6085
45328
10849
1955
54534
37597
17723
14259
31909
62094
16990
45525
54731
43684
49438
18233
11529
55958
52343
22653
10113
44681
35151
36036
44498
11781
28836
36193
17531
5205
40012
11833
46237
25459
22370
56030
56168
7193
1117
45178
35527
61408
64536
21483
48530
26533
43323
14013
58026
15334
29764
21500
28732
24342
2674
61652
14087
39760
17524
61887
48215
2122
54177
63644
12507
33252
54397
53379
7590
23821
17753
25945
11599
26855
6136
34969
6081
35678
47554
53278
22081
30308
51190
62544
65257
14185
18526
1673
58041
24766
18748
17443
53695
11815
19156
47886
11081
29611
48741
992
47042
4319
8063
25820
7602
34074
32147
44161
24827
37007
55833
9177
12739
22668
16163
4527
53091
34860
62863
22518
13097
39586
28672
194
2929
42166
11468
43185
51664
39648
27201
4031
19526
62360
36193
63110
59604
9943
27733
31144
7560
33214
47731
20176
34244
41872
3652
17228
56344
15811
4608
30708
25021
14806
5562
15063
45638
21919
54559
29062
47133
63328
23068
18197
55323
6981
33040
17947
59042
29662
45153
37937
36170
56736
15550
52979
28673
22549
22971
57818
30921
58882
34325
43448
26875
59584
61282
22233
3121
55994
12355
24285
3046
27317
16771
17725
46628
4594
55591
39982
12451
45122
49937
33699
27025
20265
45799
63536
6376
20045
8415
58766
39245
28064
2815
41389
9311
38306
15333
25521
24220
45458
37244
63910
22901
51726
28309
62692
28681
35809
38526
38079
65514
20194
36923
41093
6287
50444
51860
60471
47704
30824
16852
62491
48210
43
37673
10121
32342
27862
4573
50396
13403
8229
22976
21174
42280
31159
14563
14072
24633
6737
65055
14770
29584
1803
54785
47420
23761
52922
33562
63981
53377
23335
57032
57945
21700
59900
61734
11266
6516
29769
10779
19216
64767
13944
23765
57004
52435
23663
54692
51593
12942
4882
44091
56059
43933
11117
43422
37565
46872
4744
49627
4381
18710
40772
58663
14298
8470
4806
8909
52237
6083
13220
16821
36242
50125
22397
48748
56818
9882
41674
23428
15965
2331
19006
56086
37621
21801
4493
57702
22402
29563
53964
57016
56894
4628
55751
41470
60266
7682
44684
62782
11192
16398
7436
42919
26115
55038
48296
19573
6926
17879
45989
60925
25691
55699
43370
27191
21888
38111
1043
16662
41297
52442
52894
58661
8318
51566
24230
12928
45557
60110
38133
45632
15448
50940
53640
1487
1514
6959
27496
13542
55692
4115
21288
19748
54230
65400
36659
64837
24097
20634
33259
42511
61172
7708
53509
28402
52456
628
37749
14393
15073
4262
59743
14244
32327
46772
42825
54203
4530
18588
17298
43770
13548
54091
34735
55716
9283
17387
30432
51467
51893
26840
2236
54700
30802
36347
25017
8652
59596
35994
35588
62011
15295
53959
44790
61078
24216
20888
26920
6583
4722
42396
3928
28023
38582
16858
31461
30331
32639
53258
59814
46995
35520
49579
14635
4452
29548
58712
32695
35478
12955
53771
33027
54790
34926
46179
35358
16668
60046
28577
41933
12387
15517
43438
14616
28843
47211
20050
45524
45213
57162
46724
51
18047
19245
23014
2854
33020
36916
55813
21502
16451
38052
43978
37736
2416
26819
12089
57357
50221
63586
16687
32370
38052
63828
38763
28208
12731
2483
19740
51014
31429
40113
61727
49674
25151
36950
36064
50312
38428
44203
43199
25083
65529
11094
55762
8063
12007
3575
53340
50391
55382
26873
3842
35977
23929
34519
24277
43739
41330
29689
25985
65152
36036
21587
41789
19269
58513
8765
41664
8475
58609
5633
18568
14902
28173
60536
6343
10796
55801
40854
20388
17254
19168
33784
47870
51079
60455
28758
46610
34769
6867
5528
32607
52855
55346
20195
965
30807
13861
27618
60297
54957
15491
54685
37910
49167
11266
16022
21542
58468
52067
43925
1603
24740
55228
64294
22101
9472
27068
20057
8688
33394
40512
21935
54250
18947
50980
40934
37334
32475
19997
37636
21375
60717
41851
57409
16749
2790
51120
56138
57063
42069
19058
25794
5278
14700
9309
16064
710
14930
41842
40478
6355
44049
43262
35601
32144
6140
6449
7651
53542
42710
6099
5265
38293
24583
44335
40685
5477
61117
19791
11135
57795
58038
7818
22138
60050
57960
55885
48080
36155
14850
61676
60392
500
41659
7274
52280
5269
62181
28994
1783
18037
3241
44800
16085
26841
42213
62685
59244
13875
57987
39619
44014
59157
55611
28729
27960
14436
34532
53055
55194
32572
47775
22249
2009
46526
15640
59468
8627
56608
11850
57919
60561
60867
41263
40912
1691
12694
11909
62770
30290
25201
63887
54032
45928
41382
63374
35682
1510
1470
62405
49536
59276
5727
8001
9630
53589
18763
64573
28572
52295
28648
3937
31802
61457
46837
47282
61063
61272
22600
5594
55923
37696
33725
16773
26877
17723
30915
8500
45485
3102
11086
16779
64791
9041
58269
44711
57812
59625
35929
11356
61958
44422
12563
10658
24113
30993
38798
8160
2857
29941
16847
50569
63078
1053
39447
51170
28569
40178
9874
6221
41167
18312
47788
5101
30540
34099
6372
7448
60565
54384
51103
1402
42140
25207
53668
25506
60437
9158
22950
41172
26737
55717
6077
62710
703
46049
36418
53423
1900
49310
51928
4017
23957
12433
49552
57838
5924
37563
9146
52986
38782
43679
44924
27931
42926
7010
2369
42550
14744
27263
40420
60168
28170
15765
34934
27947
52268
41742
13989
40246
23352
13656
21385
10282
54102
59081
27203
30756
40981
19371
13082
11636
23225
58134
55606
33634
53953
27882
57698
13997
9555
28438
11353
19339
36922
52682
34412
59341
44516
16205
15446
2450
39090
19210
47390
14162
11824
34624
16709
57050
12580
26473
21526
24971
23926
41005
10830
23845
34670
56897
57935
36456
43091
4836
59828
1289
18243
64964
38908
24596
54981
64648
43689
50777
21812
20561
44334
56775
40383
46924
59612
17849
44597
48039
51198
29070
33168
42681
35306
4154
25269
14173
11320
8486
6286
4861
52166
29544
26955
12063
56287
64544
8829
47711
2404
30079
54281
43305
56627
62857
65199
41499
3303
24951
42279
10394
49613
9614
13881
65322
60723
22456
59524
35387
20704
22701
63450
11883
27590
48623
6649
29078
64842
59780
1782
22179
19778
49183
32890
65314
15142
251
51282
40654
62773
3493
13995
33498
64174
7581
16158
24266
52583
44799
26547
52968
35711
40176
8664
14847
11393
451
23128
33041
33638
4054
3770
47294
52157
21883
57850
40430
38589
16461
18704
50323
26858
13446
32132
1953
2338
13302
19771
10680
56280
9569
45749
34204
47304
60480
59267
33099
21366
13023
8398
55506
15563
57824
42690
52787
33832
61565
38736
19010
44476
61673
31704
60595
31291
61965
49774
4797
56695
14478
22820
60562
65519
16371
64551
3456
45296
62976
46019
53130
42938
4347
8104
37571
23727
62488
42997
50380
15492
31707
48044
18572
53603
41453
12778
48701
3102
6976
25387
31013
11802
7010
63809
20608
22158
15991
37996
32262
31375
10809
18866
9446
60253
19975
51201
13802
31065
8189
9080
15995
26914
40667
39962
46867
45911
45003
62675
44178
21023
60566
9325
7925
20506
52690
7611
10423
59251
53452
19111
612
18006
58720
44866
11027
534
2597
12911
48015
40421
26646
492
9685
34674
7138
60203
1692
52521
29560
61753
42934
56164
6908
36235
15238
59368
50547
11875
44708
47158
11891
9256
26887
27291
50676
62258
42521
25362
22952
49174
52459
60926
14103
64192
18513
46854
29372
9617
39634
30216
18310
42981
19598
39103
58629
226
63474
47389
38986
26539
38001
49651
63712
39530
51992
3327
30907
18067
1403
35147
64413
22236
57220
14737
2389
55125
25688
56886
346
39034
16079
64054
2125
30483
1972
49987
39150
55007
29153
22334
43992
46381
61769
59185
45900
35896
18557
2168
29816
35446
5847
65211
9554
3607
59098
939
56002
39910
60686
14656
56218
47854
32548
25209
24069
35720
16978
34916
35979
20295
65085
50261
44131
25245
23197
56522
12524
11433
58181
6240
28733
54850
4632
23413
57787
4994
12361
22915
22563
43666
18571
60692
8915
35395
32142
17120
20570
20713
58296
33497
26865
56030
6097
46766
25787
55475
5250
44245
23148
49920
9587
17770
21283
27292
3876
7591
46979
61943
21941
4005
51894
38208
15358
15491
47738
40769
60622
17387
19730
15103
32569
32890
5976
37223
48988
44463
12868
8379
46253
52823
48620
18780
507
27624
30988
62554
60632
15858
22500
47714
557
2040
52392
14685
11046
59688
22712
19942
58710
56859
20250
57436
14998
31981
16808
19872
32274
46621
61614
58781
20733
53372
32626
4491
6384
13880
34564
22830
19641
56953
42278
10355
12368
41693
6324
51889
17556
51460
13858
52705
4686
53515
43671
25352
17353
65208
27897
44037
5685
34739
32312
55131
44817
24346
20432
46077
33991
22227
31675
10432
49298
1122
8576
14481
18592
36096
24216
11079
6464
26654
31804
44785
46426
15598
6762
20691
42855
2198
3418
21183
52189
44769
29353
1586
10746
61493
57348
33415
42608
19324
58099
63394
34205
20418
33963
59622
36037
32491
7283
28386
19836
40390
388
39544
51830
53758
46478
61545
60860
22616
14175
61690
10442
11533
50617
29734
6822
47568
4373
34807
25627
49962
39690
18138
45465
18098
32677
57922
64777
5057
35499
35127
36075
38098
26841
29500
31909
12471
32528
28261
16411
22538
34135
26236
34362
26829
6607
53151
17612
4452
23316
35364
3678
18873
17408
55432
48600
56450
48519
54516
2672
49724
340
9154
37607
56997
55006
32192
64924
47059
27968
11378
44113
11351
32407
57867
10893
29631
9118
59367
43572
24745
61824
47909
53107
43678
50013
55839
48277
65509
2514
64970
37537
27097
34160
39358
50238
18612
140
64426
25299
13425
8055
3631
19187
52281
60836
43900
24554
1922
43013
10058
34053
63254
3037
58635
54100
8743
34047
1321
3217
21448
1229
58648
33721
23934
45141
45512
195
63545
50523
6579
30442
20143
40526
4361
40236
30542
53835
46826
6178
44674
6153
24068
6124
54398
44245
43441
39681
26715
29336
5316
45256
52722
1693
32138
52238
59588
37448
21381
25480
24611
61175
8752
3917
30594
2133
37669
48646
51291
6561
33958
3084
10243
35437
31308
1144
22096
1988
28382
35435
11362
30676
56895
46810
873
40559
8509
18336
18032
4361
60533
26296
65392
57961
59130
45423
47480
55843
2343
7925
43894
3917
32800
45297
15181
33417
2330
57528
34765
42573
61585
48277
17611
1368
7133
65524
35368
27006
57468
61997
16510
62839
15795
46685
16156
49163
30428
35465
7566
57321
40339
28290
47057
54741
50342
44453
52288
64141
52487
1817
35606
43979
59774
43483
37314
17949
6072
62739
28127
26706
30960
17117
50715
15128
2449
39286
827
16435
54005
61434
21520
3996
23017
333
15236
32855
44411
46456
62499
16722
59508
18512
55126
4535
20957
10950
66
27407
57920
22352
11838
2836
59724
47516
30468
4171
14017
17986
9337
46384
60163
31531
22117
20784
23126
58044
21082
37341
26149
3059
11163
16968
43689
45501
27423
45664
55529
60326
24050
5803
56106
7165
11178
13910
47790
1530
56110
32947
42350
58216
33224
60646
43839
3557
14387
34752
39846
25397
35315
49337
59033
26394
26015
22912
3532
48549
33520
47123
13002
61945
45686
47639
29094
13864
39139
49715
22349
49528
48071
50982
4353
22685
34847
57165
62050
15912
51033
2351
25331
33712
21915
34577
52328
31693
28275
60423
50790
25761
47184
52615
63087
51831
5009
3008
1705
55592
29358
55665
51899
18738
59208
9879
40330
28703
34729
50688
13815
49770
1128
31481
56175
14012
62935
51461
34015
9339
60750
40212
3303
10540
13780
48319
14985
20719
42299
63456
51621
10803
2269
18921
36263
48475
49206
16458
3969
62828
56774
28785
12951
65415
56256
9772
60657
49487
21090
28343
35786
41892
45697
39321
7377
5073
3698
8592
51115
50144
35282
24651
3526
8567
46447
2071
20832
7158
37983
65039
12586
56783
18303
36491
40885
3043
13350
15358
27372
46504
6034
1836
9933
57499
23375
19105
46361
37590
65152
34660
3759
11163
57937
29598
39467
29521
30382
27680
29954
6422
8083
59831
4468
47510
7120
41150
29701
5688
36059
23499
62786
37059
61459
15806
52066
39446
6147
63179
36638
12349
55754
11893
64241
31111
19515
63464
41459
31271
58718
246
60672
30622
23388
27932
49066
2627
2002
47593
1169
42988
9098
43670
4988
15645
1403
36260
30451
15592
35203
45628
13882
30974
5472
45537
19693
3171
3922
38315
56808
7989
11732
38964
43979
24817
35642
50483
4574
7773
62695
13110
47892
12426
58004
60755
24788
44432
15410
40446
20561
53109
47539
27117
54645
15174
33656
56351
63876
46954
62216
15097
11442
55341
20034
15956
7720
16899
16088
64669
2302
30439
55379
60333
42438
48014
52206
4531
51963
62804
54773
35145
7372
24085
34002
21580
50389
20215
41225
64038
61370
294
18580
65182
49157
3931
58240
9670
26183
11133
15196
27612
56981
51057
58771
10159
22256
19867
30490
55577
29552
27335
55627
18348
51833
54112
13448
7510
5213
44889
53822
23122
59427
58910
65067
52868
42401
21176
43319
971
59408
45001
4603
24476
31624
61067
34192
63506
64031
43166
63451
32626
15043
36829
16393
38998
6919
47210
25124
42692
44823
61984
38388
30239
4646
6231
33682
60520
50844
3437
12349
26024
22009
6913
47459
2086
1425
13128
5458
40051
46821
34900
31962
30034
14428
52467
4706
20131
29924
16901
18296
25516
42832
27858
43970
18458
23319
26673
55961
39177
5796
2871
40355
15808
31729
51039
8197
48704
36629
28890
18349
59782
37552
44432
28474
4697
42640
53984
21965
39812
16781
19472
27
18546
40311
50487
41408
54724
30089
39665
54511
49540
58617
64359
2260
6991
26773
147
23614
39066
5335
57413
19681
30027
20568
54328
54398
19990
5617
44087
35588
50364
20741
45568
4142
10939
45777
63355
48323
12356
54162
17171
26536
64681
58300
57351
55014
27742
25623
23667
40229
46777
53853
48724
55259
16646
59076
8235
8481
2883
34056
38018
24555
10362
53020
63153
7589
20900
35203
11894
23852
19325
61737
47754
25143
35353
23198
25103
27440
46639
37273
5785
54035
34760
10335
50602
17051
54932
2459
43889
37409
23924
22684
9496
14887
41964
10221
33370
49274
10048
58653
20050
61787
5300
36669
57528
14999
20285
18980
55525
49831
46593
12270
13584
11216
11455
17281
25385
44107
29755
31496
35934
603
37064
16965
38916
43730
42232
52032
22883
32126
58940
56675
1752
17217
48149
42054
12813
42882
6489
59091
55099
43010
22449
52540
54913
5112
18660
18021
38722
4532
10861
53685
38109
54005
2428
39767
32796
42469
45712
60355
41043
29502
26069
57115
47177
38865
2251
19172
39959
18841
46565
3821
36696
16966
58834
57133
60272
13076
17138
9406
21769
21912
20004
37136
43128
25800
26365
24630
47141
31058
50234
18779
43469
11015
33673
11774
8038
39194
15963
40411
60970
9526
57698
60319
56148
60916
39469
59730
22989
45295
6095
58206
10437
40600
61096
13294
10492
51204
60753
55104
43819
40442
26048
8099
4486
34905
65021
42715
14280
25960
21457
42238
6921
50600
11323
17639
30164
58499
48310
11380
45451
30614
398
50706
2996
5276
6938
15552
41171
39819
21958
22949
33532
25220
55770
2708
42869
9858
2192
62245
52756
1241
22414
18420
24897
53236
18772
55552
9486
27889
49272
13037
63082
3061
42916
48832
59226
25049
22866
56435
64402
12125
27857
3623
26041
49455
44271
24609
54186
16202
32482
62892
32960
29151
54300
36078
36417
57200
626
21084
8282
39026
57834
53502
3129
24805
38751
17162
40842
34258
51154
5485
52242
31742
16437
4538
22013
29192
37938
46086
37369
19918
63018
59486
41165
49203
24521
2401
38695
65083
60081
1095
65087
32189
32906
62477
63156
61052
43653
29440
23003
5496
43617
11134
38307
16315
11439
5671
45003
42150
35899
48
38041
33941
31162
23852
32655
14629
48489
38470
56069
42431
30194
7466
23906
61162
36775
1425
303
48685
41737
4459
62614
44368
31981
9182
36543
63208
48359
18921
53591
26529
48219
62859
39753
51987
19364
18088
33313
39717
31641
36886
62499
31416
26458
60227
924
22976
37659
42627
49728
42539
38362
18409
22496
34501
37305
26085
16136
62569
54967
45656
711
39738
15641
64870
9116
48138
20948
8992
46403
10479
46510
64064
7286
33448
28341
64598
2251
4859
24954
5
63216
51442
23730
22056
34571
37490
61911
65060
41484
28699
61270
39077
58210
16549
18586
1977
50735
33443
8480
32239
32430
40275
52852
30482
5748
11362
3041
51180
55114
45429
56068
34360
55593
10490
31330
37797
34862
50334
47301
76
41654
41866
49393
33949
1110
14473
43299
332
21843
27127
60246
63040
18628
10807
5053
49655
20181
21667
32194
4749
32914
34696
627
43079
29170
65175
4311
15602
9353
5136
60503
35490
36375
39945
6783
12545
1287
33470
268
58802
3824
3550
48225
55772
44358
6422
9170
43892
34387
17689
5889
8214
41751
21978
36636
47568
57742
26280
34840
25158
44067
38917
18204
62837
40607
51884
40004
29606
39001
31196
44892
8870
14877
57406
3980
26526
42260
11422
2888
32005
3498
50682
39350
55123
57513
5946
38301
39330
11870
61034
8755
17466
61897
44340
31669
12057
22991
55424
62222
48202
11772
48259
20286
32062
53386
57482
39012
47412
36200
19432
26632
46442
63693
60358
4313
42365
34185
38829
59827
1034
17554
54000
58754
49342
53953
31989
56268
10880
20122
46299
27645
37658
64547
32961
2323
28540
43700
26451
65491
43082
11711
17514
364
28203
16924
65198
49597
49678
7203
61327
12619
17429
52684
56998
351
47481
65326
32375
64128
52995
19690
34303
33395
41585
7818
34187
46946
20287
21919
27931
64600
19412
27126
52645
41786
3883
33633
2089
61354
39258
41183
63165
31268
3719
52532
19711
61117
31703
20196
23346
11991
19620
3946
56756
41450
11304
13170
64996
34271
30941
11451
22644
35434
50247
32779
49262
58134
31386
11598
1022
18399
62971
29678
57731
13505
31237
14003
16116
36274
34864
28353
8806
34848
24069
64559
17336
43630
25778
54134
2335
18742
54070
2110
19718
49427
12735
44452
41068
61027
29677
23158
24111
36223
31117
61998
62651
46314
62010
51303
7420
15025
18899
13485
6414
50607
61281
2890
16994
63167
36611
44156
37149
30748
42984
17791
7311
57381
4009
33766
11953
19613
52762
12964
10863
19915
43924
4297
46600
1927
10333
55533
50174
26256
48236
37776
4323
9018
45806
18690
9416
16427
37073
11670
7377
24828
38797
51969
13938
47304
54396
33102
49897
56041
48982
18344
23124
40623
36042
44395
19364
11343
43593
49796
9371
19924
62252
44779
58450
56025
23613
11279
7112
11003
14683
24314
2692
28733
46280
7781
16461
30281
60468
55596
65112
23993
37046
24792
26548
16073
11557
20189
54301
7477
23329
2893
43127
1389
34777
12803
30263
37722
11199
33662
27126
56981
9170
18473
15947
48248
21388
12180
43627
39931
6316
40454
44802
47380
12984
31537
42532
56297
15846
21910
55615
7667
53251
8780
43999
13688
38602
7454
23129
49557
34591
11763
317
64419
42665
29703
39286
44947
43256
34846
27361
34262
61274
24973
49684
50066
11909
32317
34012
13335
31146
5832
9128
24855
11998
42148
33125
49741
35470
64411
54664
11286
32860
48336
23042
60852
21130
19216
57874
53610
55912
42337
24737
23649
24781
16683
63103
46290
25352
61649
37682
42662
59610
24185
11664
64310
37075
64889
59367
60552
25573
39142
3899
9045
7239
14528
51890
22798
55664
47659
54412
146
52532
47475
32473
64980
24367
28664
43319
19126
36498
42524
29034
19538
55182
2267
50683
39020
41092
44306
56136
15439
63586
52966
38878
47492
45101
4065
38763
35145
29088
61257
32286
65105
59297
53698
15402
63430
5938
10980
17756
457
6011
30996
32854
2334
10465
18181
12200
46934
48121
63519
26229
44815
59805
15437
35412
8519
23082
43944
37314
55976
27337
45213
41694
48979
23615
21385
50437
55975
53978
34800
12396
236
11161
14744
1854
31652
23643
35620
23667
8556
8920
52219
10261
7523
21199
140
27125
48504
60229
8955
11822
31387
26741
47335
34945
57492
39258
22293
59596
9325
48916
5321
62176
46822
44806
3182
58216
36424
16198
41847
21951
57945
58318
11212
28853
26093
20207
31727
58526
39833
64645
50472
34107
11798
12580
39350
5014
39037
41427
24922
47716
55799
19241
6352
48319
48126
50801
16862
14124
60285
19404
9453
55627
35001
20578
44518
45414
51400
42064
31302
28808
18035
16987
33914
5424
54684
20788
58575
56348
51690
60737
2366
61315
32169
1914
47411
43540
38920
9878
65269
29356
37974
39725
25964
31211
63939
31099
63396
58833
42271
50200
40573
48539
12219
46003
35294
43093
41304
1215
26577
51752
29991
35818
59683
197
11065
66
56482
49458
18626
9581
54918
36452
16356
27477
42636
14641
32310
40667
36868
19542
16381
29495
51224
926
13370
44511
13090
20985
21434
9922
28067
44897
22485
30936
59057
35185
52479
16058
57845
3392
135
49681
43676
37941
24786
40445
11700
22873
12001
18808
17044
48548
37919
10569
61306
6758
30094
48713
63870
3696
59393
20055
26953
14420
13556
4261
20453
63117
61815
33829
63881
36155
3885
47528
46380
27555
31272
52530
51819
13286
11826
9582
23549
45727
10273
10834
57630
29179
52357
53924
61308
24311
46356
24137
16661
7055
10427
26114
61687
32541
3732
61007
9575
14192
42622
19985
8035
47081
9570
54617
15039
29
54493
26176
1491
54109
50316
61105
29047
30800
14344
41178
55308
55222
36576
6043
6935
57515
46008
29775
39755
49931
22287
7304
43298
15679
55406
40556
4454
10224
60464
43785
6370
46443
28699
3487
59637
55668
59741
39432
49335
22357
49124
7414
12579
19380
52177
32745
45894
36697
13283
35087
19122
33980
62862
45483
36801
12155
61051
44432
58466
16029
26818
4770
30297
6843
45840
9065
33920
54931
58122
41487
958
32643
37186
28085
5918
49549
17732
35333
53977
43716
23840
22541
24324
38530
28315
46183
63307
38979
63930
44779
52794
50770
23124
20560
61341
41486
7418
2778
14293
57914
22234
8328
64562
50785
23276
51152
10701
58687
37934
34249
29410
25896
1681
58939
61375
10288
63540
34833
52148
57373
7588
38564
47150
1920
63705
25777
57254
43385
58721
30407
15680
60642
30879
11882
27944
15224
23292
7570
36307
29669
41251
21166
3564
25276
7479
24143
21031
12629
18383
38481
26271
4849
13758
52574
51212
34238
36918
2406
47776
21081
65234
34193
11492
5922
25345
64472
22602
40455
35429
64883
27652
11867
53342
44731
32457
56495
14548
47551
29374
16850
49095
21825
61304
36931
15921
44899
42234
48477
63616
17962
45886
62860
56513
64703
53785
21767
1954
23921
32645
63860
23620
9913
63196
49597
21583
18728
17033
27592
59671
52001
59511
55779
63531
29625
11037
55042
40971
27546
45464
34717
40339
14260
53103
45905
54772
52605
18245
10355
21555
51156
23878
48818
7764
43824
37023
22067
26738
15355
17568
15162
30084
42936
22635
56757
28068
45104
8080
893
39927
34323
16237
36619
33938
15693
3783
43528
39326
38977
18020
7425
3838
3115
61313
51392
48149
10484
61684
22677
1029
7414
15849
45440
45385
7041
37626
14527
64235
49858
31544
27249
27169
12412
65328
33290
23130
58570
11821
7614
26173
41370
771
47039
7168
57803
54415
56478
50680
12966
25247
58840
20416
38544
44237
21323
5831
14781
35770
10492
38192
12026
50402
41246
24895
48193
49082
58400
23621
2651
52601
62142
55454
36913
8922
15750
38262
12402
1953
57487
19821
2711
34543
28200
31209
13532
62385
60266
34482
7782
18350
52967
5502
40370
48039
25423
50082
65048
13276
1152
58240
10414
30443
25397
26324
30433
33877
5174
16416
46420
37805
47900
22264
27457
23153
20622
188
55774
43258
45844
720
40471
31831
40738
379
52409
19755
56860
36267
18666
59006
27592
47971
17338
9363
36679
53184
39435
45184
57295
10090
21362
30082
3398
28425
35985
20018
15490
35728
24927
23803
20251
47427
12140
48793
19466
27987
5997
18354
6833
20666
29769
58537
26775
31111
32175
3025
45798
37465
31930
25001
45208
41420
60841
33749
52585
59105
26613
57054
31072
27770
8274
47250
15563
18873
9882
16543
42127
45665
5863
9869
2391
30322
30557
18792
31151
32011
35702
52984
24150
44106
12650
47872
44330
49430
30649
9528
59541
46013
13787
55509
48601
22921
37616
34232
13746
56046
3336
7215
11310
27235
19904
54580
29535
51756
30917
58164
18930
33673
30921
63596
34728
55034
37771
19340
28437
41227
7474
56308
18782
12010
9750
32420
15342
56668
52650
4624
29689
11123
51161
30330
27946
50784
18809
31626
45263
64323
18731
64720
34773
38867
39023
63042
50597
15342
21819
31254
43913
10518
27612
33657
47334
555
6469
34792
55999
53855
7237
35343
11236
59451
8285
35719
48497
34518
1633
41451
63901
2353
46244
45325
60848
16638
31717
36971
30627
5868
47251
26922
16993
36998
9466
35940
2617
62067
47343
45629
56132
34000
40542
10718
61933
53269
25910
52153
32849
28517
1626
54783
21043
63689
16408
43622
46239
58467
19426
15974
51435
21145
12869
1722
12123
57744
61822
46848
50951
7790
45845
59535
56111
38306
30936
43811
31791
41166
25690
7391
2109
42754
7169
59881
47253
708
22515
63847
3657
57779
27378
20936
16778
62038
47875
54509
63100
11804
52942
24694
36899
48729
49936
8585
60695
18467
59132
58771
39404
49493
38935
11525
38769
430
51839
4462
16089
56436
33975
52846
5737
17303
13101
18368
23920
13711
39957
62704
15687
30259
24926
64582
22868
9169
55705
10421
58965
30400
48525
23885
61003
60063
49041
10626
60771
22929
20810
7244
56345
33868
64318
62931
46299
553
727
27117
18867
49412
16920
19530
11079
55458
17578
62418
19678
46166
36033
29120
33255
22719
50875
53669
35526
41916
34426
39075
46728
23817
18552
48990
63887
23000
65431
32319
27575
38736
38369
9567
59216
46093
54287
26313
18367
28471
6541
503
36476
61175
15794
57921
620
11428
29856
59407
38176
2127
40962
17536
32638
10772
58127
18893
14586
56542
52784
56106
30559
58979
39702
37178
59881
27951
5606
29682
26022
7600
7028
49245
57283
25527
50892
59668
14290
56996
20756
17967
4108
38527
39927
42950
7997
1128
4535
37901
33063
1807
38559
25809
4353
40915
51689
63132
21462
39043
40630
40108
48156
48596
63808
56720
48122
16695
29155
63180
28984
44415
64179
18897
44075
8828
25047
55670
35204
44297
57759
31724
58595
44588
6602
30253
31686
56770
31995
8473
6125
17507
30889
10823
9180
60094
1317
60561
29012
9112
64154
52431
10919
20359
54206
4215
40391
28003
26458
26457
43968
63510
45597
17528
5516
22402
12465
62764
15589
15223
54263
8066
33992
35459
31617
58806
36338
14617
23619
57988
7944
36936
62652
30495
3665
15470
58806
58579
20755
10622
54492
18019
18712
12561
46765
39306
49331
26100
752
52672
18898
23327
55064
21313
51968
59401
54546
6526
4214
45181
40116
29496
63770
50650
20272
30429
64556
26173
46038
63414
8672
59730
13875
19937
6460
28541
49323
9174
5777
19179
14790
40711
30963
29098
49928
48571
34530
15446
24802
55626
36752
41068
18255
54873
24955
57562
61632
43781
52109
41116
31923
24565
44765
40910
26432
52795
22095
13234
22787
63807
7315
34291
14666
42762
49622
26352
62525
24933
13603
53530
9906
19196
6991
57278
45859
18155
19402
43404
26853
23607
44122
52603
35298
64134
35224
4020
58013
52836
33110
13556
61423
46661
8513
57585
6967
41244
13522
27648
18688
47626
16344
51229
11061
59045
23859
43542
32653
19141
40558
59451
24452
13885
15314
24927
15988
55764
28376
48127
46408
8193
26528
48128
17062
1973
9026
9739
30817
43687
36764
35650
53600
56256
47497
5637
45529
61147
21976
1211
16245
3044
26978
57149
28493
4243
16416
32090
864
7001
25275
9658
53539
26873
60699
23179
10186
63265
2150
56821
62139
63635
1830
50321
59466
29953
28838
52266
555
60088
51644
39375
10895
35029
54840
44167
3132
61695
49647
56139
31434
10444
4509
14200
2279
63818
1109
9847
42902
22598
27056
34676
23595
57456
37112
19785
38502
18680
52979
64142
10188
54975
13753
59895
22936
11400
21023
44371
19257
14139
50916
49118
53073
21346
56692
37873
31390
60159
62014
7903
62860
22433
57247
11780
51927
17627
51344
13417
17813
12271
7144
60190
34160
19924
50530
24515
54837
8308
14085
50767
58533
55204
64512
22593
23911
20414
50954
59941
5651
22928
60826
34015
38366
25593
41089
52451
18648
15365
25652
1979
1850
17717
38775
17700
13820
57237
31184
28602
12011
51762
5338
4995
47103
22458
20032
11933
26593
50191
3077
59479
56970
60949
37191
47712
37703
8463
11583
47919
52754
46982
43739
24670
59084
6036
42726
19488
44145
33912
31277
25910
42954
11285
30986
3964
57413
36483
28688
27814
49347
63920
62996
21740
12677
64307
59200
18473
7118
57896
26164
17879
64008
33571
57574
25460
14648
29542
24371
23653
1211
15871
35620
4287
43197
35703
8947
33700
26200
59888
22721
52214
64073
60585
14172
26182
20777
23320
39678
15523
23640
38296
35144
26592
4490
62858
20138
19333
4606
25305
28864
47230
42201
33809
26409
62743
36200
50442
47324
12177
13966
36474
51376
6838
12777
37314
14123
61203
23669
10844
61075
11957
63544
13841
42863
2723
22231
28455
24238
3646
16212
22425
5757
55994
60238
46997
11923
6611
31823
34458
44217
16395
9497
38345
1906
2424
7133
11255
56263
63891
14100
16293
49363
15224
55187
11827
8283
2274
30072
502
37886
10610
18497
2007
29129
52383
5333
16040
26832
46663
45770
33365
23636
33220
32758
46989
1803
8156
39742
21471
25744
57460
60689
63946
61396
7966
36469
61589
57334
52762
40293
65050
35602
12582
14374
5389
24224
64364
3125
56342
56709
43161
43477
28986
16370
46973
27206
50504
6729
48196
59968
40667
37288
33537
25071
43564
60483
46510
26799
7906
27196
27101
509
29380
44188
10105
6244
32101
22713
42136
28706
6806
34177
37434
9244
22485
3017
40589
61470
39319
63273
30725
1852
6489
38253
50941
10167
63842
23741
18188
12717
15059
13671
5411
28193
48249
42351
27557
32570
254
31758
22288
62207
11796
14584
37746
30532
26364
12721
45961
58296
28190
31472
48343
39334
65364
56797
34212
58319
52009
51764
14400
40323
32478
47646
18626
22525
58786
17005
17398
10938
61507
7316
10399
4706
27658
59890
7086
50683
59042
22016
37973
32769
30516
11296
43100
38038
10095
45995
44963
28986
36964
52677
21682
41244
65128
14492
55335
42878
52536
6275
10005
31416
16659
50725
30101
20798
1261
42162
63821
61036
24906
60898
25838
34570
2318
47824
49066
48357
21506
34718
29927
10783
59589
52741
39822
51316
54323
63626
39846
56318
41980
49026
48644
6336
47161
45518
14283
45697
57999
9949
51683
58332
43462
34638
59704
39725
14019
52981
11261
50435
39324
13111
41686
63502
44006
5528
59717
52081
39342
36759
7369
36473
43275
19918
23543
45479
3477
50351
1212
26522
38558
19035
40809
6914
41478
48295
27437
40904
45712
8865
25746
27374
18373
48671
60902
2213
25901
20826
57241
50493
50286
19405
32006
65134
64130
56619
29064
1745
41216
54862
32175
54571
22877
44773
26462
52332
42489
23497
19462
15657
30078
19518
13643
11216
51715
8614
9540
55686
15208
48976
14060
34766
15488
42716
10058
8283
41510
33133
50526
60564
53711
11358
20060
52280
55890
45860
27555
6936
23362
2811
20070
24213
22995
43345
17853
12588
35966
16581
12666
59934
27489
28271
43445
53558
52579
41954
26249
15226
43167
18359
57021
19089
28006
27347
32219
32971
44293
36624
1950
4801
4460
9260
6396
43119
22245
51302
3408
58639
34760
43775
36341
39058
39198
32153
19871
51844
26710
8445
15871
35149
206
31397
61412
37297
13511
31837
37838
45785
3060
41308
6864
57837
38293
36033
17175
2238
40761
39885
8022
10733
64128
28943
8930
49891
38056
60662
57141
22195
31624
29622
47838
15334
929
57792
21317
27293
2668
9459
18065
43763
30895
11761
59373
11501
43074
29854
40992
45977
10315
36741
46834
60419
13798
27513
31017
16394
1582
24607
56978
15150
20401
65160
2087
30201
36531
3816
34988
51497
65130
29343
22317
2463
40043
22757
14413
1655
26383
62766
40948
17452
49522
21117
14253
20899
3192
12245
26849
45793
56486
37760
13226
2057
47421
14437
57045
48092
15117
40032
23522
30000
42754
2201
22387
17479
30135
62502
64180
29666
45341
57676
36449
53673
6791
5192
14741
56118
2794
40084
39204
24157
38550
54313
47997
56214
18224
62003
12783
28452
25975
36078
10752
23292
25580
39882
17782
63359
57047
2234
6741
54095
47719
155
1114
29208
45093
39659
26171
8250
59972
65351
56248
62612
24231
15004
47483
63978
21072
9562
665
7743
22602
41660
31711
58787
55970
22670
2367
17984
64462
6709
64124
22137
51690
5094
50123
36072
24745
42963
58794
5578
59111
65056
16639
55000
26264
41684
20056
35839
59843
3149
4555
26291
15995
7855
26212
37231
35805
7183
5370
20858
14549
41864
25806
51075
59388
35710
9460
53076
33776
4482
43440
47054
675
39921
25503
36770
24787
30258
17323
36813
27183
44580
7122
48428
2460
43899
17657
12463
47245
48382
64759
35055
38787
32222
44517
59298
48135
37273
4747
2638
50928
23868
43191
57059
10138
46160
11005
21407
62090
62560
59924
36069
4665
52887
39223
10205
26675
8269
41616
23477
54050
61380
6349
64524
41374
61137
57901
39268
34489
52854
4977
55796
58831
14574
47435
20949
47132
13576
5218
54849
34249
33377
46247
12515
41135
10359
35760
18531
32503
57836
23120
47287
2901
15399
46345
37128
3829
21694
42352
9510
44235
26737
65188
18606
44144
5343
58538
43298
60784
12925
41809
10994
58619
28441
56549
37716
5835
63634
35410
49455
37030
43629
54261
24806
32664
54369
32746
52231
55589
5848
51120
22377
40120
37820
55632
59326
53919
24323
27772
24103
55017
43700
29788
28019
21109
55592
21126
30379
57496
5855
59074
57786
2781
53448
44109
7374
47859
22877
49227
51637
35572
60006
6569
59538
8421
57343
65462
64808
16769
13580
14627
270
6637
15412
32301
55984
1195
1783
62695
62388
12729
41252
55031
2248
22168
41808
59321
59374
58580
31834
9684
24882
40949
27906
28034
23105
9055
53088
55603
51261
53590
43230
7073
25334
49097
3649
11272
16498
57728
704
7562
63409
17088
15556
27509
13663
11910
10249
32143
9210
8546
45654
308
38590
20891
10591
850
318
57688
1246
2934
2486
4935
32286
25585
9185
8424
29944
19358
22813
5258
26944
26878
12417
15764
29515
44525
58633
32838
1081
55316
10452
62584
50831
56342
25679
53407
46163
20076
4820
60393
38845
39061
61955
25466
34145
22823
8036
2449
54263
42228
64897
51538
59546
5074
20537
44477
37988
39737
9824
61110
58757
18504
53141
44087
19208
57741
38027
46305
44859
27039
46342
18976
29951
29150
17727
7811
21824
44130
58597
9477
45836
23267
49982
42886
62735
17560
13039
2463
7071
6318
21465
29232
20018
19927
62786
41666
16279
64135
44946
31891
21363
29082
4235
51575
46955
38359
52797
1881
56374
3200
44359
22138
53019
6818
28185
4347
11736
34446
39349
52095
58830
45167
1149
11624
43874
29606
50382
846
4250
54801
31074
64075
1325
36463
55693
19468
17357
3531
13083
50971
36487
36690
14930
24969
59573
9033
1274
39681
28481
48876
2029
18861
37016
29556
36515
52238
57632
17471
43441
41108
34
42505
56026
13674
32382
18741
28981
37913
58151
7100
58152
23075
30349
19472
36248
43124
22478
25072
28215
17320
35175
30980
37986
21080
44846
8518
37673
40788
60401
7403
63331
7688
15249
43800
64959
47590
40029
18175
24419
31245
26680
39981
33074
59194
16897
57473
21967
13009
5956
54641
19886
38295
30996
47377
5489
29808
23930
16789
33205
31866
21869
21394
62583
27049
61639
36089
8589
7099
42930
49865
8686
36891
19627
36844
54505
1087
51102
7031
44919
43319
10980
28598
31394
44909
64374
18277
37160
10333
44406
41919
41572
60645
28679
56587
51152
18803
17853
32097
16028
39906
60744
43509
25073
7268
24594
39748
1238
46981
3704
26780
9188
34988
30115
2098
22608
48839
44131
20449
42372
6925
49641
60376
43428
860
48277
23880
48955
46840
31379
61312
40917
11603
7978
10387
56666
39148
25325
44059
56672
20350
51895
31046
1380
65254
54026
6294
23106
42778
64788
57632
52727
3567
45627
13285
19697
21246
29503
43356
46391
29821
48517
24896
42864
61434
62805
38365
33642
16843
12300
30602
60139
4752
10225
8233
9536
26823
39622
32927
39333
23620
22022
6554
23317
26903
1164
29289
64082
21757
3465
52719
5305
59425
61980
48127
57488
34780
55542
16769
8181
17032
17815
10577
60887
59223
33421
21268
40860
30018
12072
56062
60096
46836
28512
39271
39269
49765
50554
33564
16619
56261
7713
26809
18892
64808
37492
40244
52654
37932
24197
31994
34291
1761
3480
5954
45538
64587
10283
35819
12733
8370
46325
34880
64913
5118
37100
22593
47580
13265
20143
30963
29572
35290
36062
22526
53658
1043
60654
63207
10561
12793
19611
12382
33149
26637
17620
45984
49542
57818
36606
38612
30783
14132
58209
64237
44948
49247
14346
45689
57668
8286
47308
6909
23311
970
2702
35392
26757
7052
36707
19156
33623
6102
34226
42018
3875
1219
15577
45410
51520
56125
48076
52260
9326
59757
30252
45741
61566
44962
20622
33815
20780
56163
16379
63766
53239
50763
30801
29365
44146
12178
44130
26107
31958
41659
19555
40027
18188
35538
43014
22216
14788
64637
16476
38214
36357
48468
30804
37374
10792
25637
57575
24913
25869
1245
64909
64824
60979
56176
36499
37316
41388
35553
28874
60474
11171
40082
47408
50006
61322
36479
4776
8476
6622
1896
9233
11994
33399
1208
10090
20896
6815
28495
30826
35418
18167
45915
19126
1668
34171
31435
34500
63044
42395
58733
43869
5573
22721
15762
610
44454
52663
41570
49438
49172
41927
40782
21515
18098
57652
59332
62912
60517
38785
11620
64095
57325
58358
28213
44451
761
58968
22098
13192
65254
37629
43725
65280
37361
45804
1816
41941
3403
38113
6552
62272
38861
20310
31168
9588
28716
39564
54815
38716
49138
61019
395
56348
11150
60919
8351
48515
20051
16111
20471
22630
6977
6555
37178
61824
40024
53488
6965
19813
42783
36063
63363
46120
51746
37759
50548
41703
48930
24205
58823
14265
35928
39023
27439
50267
41073
26918
49662
1587
48003
36042
8105
21909
37399
12852
5619
13387
2672
51277
53239
6190
2799
53642
63923
30646
20183
37207
8535
53343
11087
23317
429
12986
51400
46742
23295
51127
2809
12567
23052
39440
25365
43239
24068
54290
62465
37509
43038
59004
33628
35548
64032
27814
37056
35769
17951
6363
48703
20080
37829
57007
40354
37307
4994
26689
39803
1943
36231
47416
22673
38975
56794
7463
61179
51863
61226
4216
12956
36814
54532
8489
38157
13483
48812
45777
21758
60296
15431
27348
38403
3160
5101
2416
14684
22161
6623
15428
1925
34056
16673
58612
10877
14048
50479
2599
14428
48886
46371
20675
32237
38134
64176
50981
49595
45884
54800
11712
10245
47034
41847
47962
39566
3594
34245
22484
12385
62693
34210
12211
40659
10190
10708
39869
29844
62956
11622
61738
62197
50029
48511
8449
64128
61213
3697
63206
25886
29087
6635
56578
491
19085
11487
29725
30267
53772
24958
21723
942
61076
43174
32948
19033
6151
24914
39525
32386
22951
16969
11299
50039
14871
1033
47994
716
54584
18616
21302
24550
31502
43680
53977
24002
56952
29736
3241
12816
37628
41042
60592
22002
45349
39407
44967
42189
9996
809
61340
53244
64109
12830
25664
57701
41996
41368
35863
9326
45832
65249
43133
49330
33373
48994
48731
57763
37663
14127
31443
61959
32202
7414
8665
63236
32667
47213
27413
16162
49741
49271
52633
11529
53589
3928
40860
21951
31309
60776
14817
54258
63107
12523
19007
58690
9633
17391
22011
60538
61193
21013
26732
45797
35818
28774
27010
32611
6619
41833
50803
62867
33846
28899
28478
18045
56147
37062
13206
12742
35455
41055
29082
50067
38433
13125
54751
12130
18813
27182
401
54087
22107
61715
60566
12577
29553
43914
58474
19424
17242
54475
42225
30155
51934
51997
48478
49148
56438
20448
46312
50031
1632
28789
42915
17030
17414
6616
4948
5102
37269
43702
58938
48982
44180
12701
52835
34078
56884
63356
5978
58693
4515
28626
2546
22740
6482
31974
55555
47354
8672
8214
31671
60546
38349
32802
18425
62082
1923
25056
28919
8475
41838
45324
48094
1271
22510
28115
58072
11471
41413
53595
51999
12556
26502
17407
65165
1748
62565
9241
31325
58646
52388
14223
54120
41019
26089
404
49387
55802
45766
30333
54756
47740
23675
35001
36061
53383
44530
57095
63935
29783
56470
18502
40268
5407
53406
57201
51135
61371
28129
1243
31655
40492
49532
12788
31793
10680
37098
40822
46359
60736
25825
36345
62302
19927
14648
33328
52191
21428
39160
54720
56620
5106
53542
60997
23043
40249
11521
26844
62903
19858
7664
21155
20242
40281
20837
45457
15937
31890
62183
46859
57273
100
26902
6344
65009
23866
611
34245
25852
61050
22154
22157
17220
59561
5567
42114
63196
38634
6615
31444
10120
22083
25282
38238
47083
23883
57871
18298
39966
18494
51230
15264
52617
55689
46011
49119
59170
16135
50481
11279
58636
11577
52393
59814
57237
13167
1645
4638
53057
55354
26785
59590
3243
25349
57820
61665
6642
21657
52863
55494
42802
45380
64740
1630
13792
55012
48391
17231
41606
46033
3408
2695
57086
33339
32123
47951
35900
18611
8393
25891
24155
55151
40608
64179
49727
59453
40129
31324
8935
59377
42838
51101
33015
30595
13189
38552
1474
49519
58448
30532
53111
9802
43787
27283
24406
54691
17848
20502
53816
17492
22753
15770
26332
62851
42183
45879
41044
35842
32521
2265
36559
47954
12016
49576
45897
37754
53548
15949
65141
37462
34244
59950
5338
13108
15764
25268
19309
22882
60337
16240
42626
17427
26252
15411
53330
2576
37164
11947
35114
22973
59062
16712
54041
49845
54172
55136
21265
22247
62772
13019
4746
3847
3287
14619
63295
1544
29096
63743
16449
25313
58192
2608
15395
57977
32597
63149
57671
37406
58507
56472
1678
31700
49664
18824
40862
57852
1349
57801
32438
37571
5901
36161
7017
25082
59535
33207
58897
8297
62493
62413
50305
37855
50331
36350
18795
992
53497
24918
34701
46566
59342
45407
13751
51775
60346
18850
51004
36978
53112
29381
58583
28912
44162
28641
39899
34882
21604
44413
64236
36094
12017
40226
52070
51743
46028
33179
28170
59281
5198
15709
41143
63187
25050
10057
59414
32585
8331
13457
38780
18693
17028
18571
26979
41821
53444
41957
25815
35100
5902
20895
7708
31150
15437
42541
18189
15228
31996
52043
7081
63493
49865
53134
11387
33554
50477
64503
10567
7388
32350
6042
25984
27016
61
33804
7511
28126
10269
49657
47758
46480
37403
28125
39019
33404
30949
54308
13176
892
50706
46528
29624
16354
38065
44494
47474
60463
45660
52551
17725
32784
29299
48566
60831
52205
16948
55495
51975
29403
9388
45366
41174
50562
32944
21118
59901
42108
51779
25990
2138
25927
55099
63411
59096
422
45138
52049
60129
51106
7699
4022
62792
1011
26820
15808
61440
62609
1489
49167
51616
55949
7982
25320
38755
27806
57519
25244
47069
51189
48429
49743
30276
36551
48634
53543
35632
13903
14132
24620
19756
42674
33156
25064
54145
840
27708
58876
10616
44087
1097
17004
18866
51562
61693
19275
11534
8410
11969
24559
33508
63339
10734
15662
24909
37685
60110
3539
41681
46390
3942
4076
62856
9259
30393
44244
43194
35619
50999
17609
42930
669
29803
37326
28840
17231
9120
2950
50158
64739
5724
8130
25011
61921
10987
9389
25893
50375
2470
15862
39562
14005
35112
30466
52581
26456
30734
63277
31685
44908
31004
55950
16910
10531
41351
43368
15929
63591
15109
40893
46689
36621
49660
19467
29979
31250
30345
59498
11455
10215
13125
2885
3433
62486
26726
40803
8499
59119
6675
37016
15449
18248
47452
59572
17881
10496
5933
62791
11173
42747
28268
14041
18450
54812
32185
31230
43369
8103
4797
24164
64486
12474
30301
3538
63864
7924
1370
20866
45612
5239
42655
55217
15024
62152
59988
51249
50774
14082
32475
13882
8509
19260
19666
62942
54863
51409
20275
30986
18636
31069
57592
48125
13205
39186
13336
6016
21197
3038
34179
3996
6341
8063
11443
55332
28620
65444
15888
48674
19329
63439
52681
6447
44862
37851
48899
64893
33724
64251
18818
56815
45924
52011
61025
62793
63907
48610
1980
19791
45295
31204
47611
23106
52273
39704
30739
26414
13221
4678
23129
2129
59897
44314
39952
14257
44762
10460
62566
23362
1507
58961
11584
8001
17812
10905
55245
15501
57442
11800
60486
56779
8118
19329
35420
11940
18067
17188
7519
25816
44880
44658
34341
36329
58887
2128
63243
44323
23723
42039
16541
15075
35212
22392
27728
20298
23285
6190
44501
49589
38456
25154
1270
9981
59991
25333
13328
26901
33440
17267
52823
44212
10899
56714
58338
29647
24129
25390
6837
4482
24522
49728
25740
28242
46102
5611
11492
33151
11513
61610
57975
47699
9258
49986
3378
33738
43679
18954
8354
59361
25653
34134
18082
33292
45450
29973
39953
2638
15943
45479
39456
32588
33518
25214
10447
35812
7901
5787
28212
26149
44544
1293
19788
36449
10224
35647
7247
23047
61014
7180
50060
46048
5018
60986
17847
2879
42788
63163
28741
45681
10337
55725
5822
42554
42234
19890
21905
34408
62974
28151
45870
1701
9495
43857
60684
58373
21817
25747
20380
31838
4904
37804
70
7922
57846
62731
23835
14176
19767
65440
23523
1771
21697
46911
43065
12665
1361
31704
58102
40740
54292
58408
23755
53010
2082
31992
3160
1089
25435
33237
47451
50345
28419
55210
16357
58247
30099
4191
924
14723
57106
30056
30014
47226
32015
13949
423
42361
5821
27236
1222
30200
23787
17789
39533
9782
26177
3403
32961
3498
10994
41364
55600
65166
49967
10232
60703
12670
64927
27612
45136
16724
1738
39888
44050
62920
44658
52996
51670
8890
60131
45272
3657
48444
48117
47698
53177
26539
41027
41069
51562
48853
61258
13886
48377
40779
18291
8481
29712
59634
54885
24077
56680
52969
64484
39930
23235
2538
44329
42558
64773
50820
63048
36373
18108
34957
32408
44225
2079
31508
3665
17410
7138
6915
32435
26023
15772
29245
55146
59928
3424
39024
19795
5618
18926
36098
8582
27018
52785
35338
44832
43756
49869
60737
62507
59593
45585
58545
46176
28734
48132
31320
41118
52391
3350
47435
14712
22941
62317
62330
30259
40341
20431
19941
1746
3053
31083
21378
41615
18781
25633
39206
37217
10210
7157
46356
23895
9606
62742
55255
34451
34078
20415
31334
8793
4668
14136
912
2255
39402
53702
3686
38136
40137
59338
41557
24852
6068
65013
49568
11445
18088
30149
24695
9815
20992
27550
59577
10820
29782
8803
41367
29700
32864
19871
55208
28413
41087
45897
37906
19338
47603
54506
44643
37296
20721
61153
21924
23316
8364
23711
51595
23199
16097
306
18157
60928
10265
43612
8280
47932
40529
30986
24269
29494
3017
36928
26068
30239
6212
5834
3919
37622
35562
49288
60703
17779
14600
18427
28983
29106
44736
8914
43662
58440
17868
22101
56242
29711
52656
55722
56050
30886
26564
20403
31737
32109
29161
20543
8396
9858
29385
31844
4330
1493
61628
59265
50283
33466
39950
29681
50885
37808
28890
23179
7517
46291
45486
33243
60976
8913
34256
59943
10927
49908
63898
41035
54736
51239
2402
49996
51965
37485
44263
19344
54444
46516
25807
31249
25382
51954
5909
12133
54344
20726
36936
47248
11769
3004
55261
24004
12946
39043
48700
11937
1302
21376
25655
41311
424
31834
44621
26150
8461
54153
19714
18226
10459
1065
22412
43260
63217
5765
7989
41408
50872
37003
17452
13794
7537
47710
40482
61108
21828
58715
31171
50285
21474
23922
18170
8656
65310
28249
15731
30338
62556
45843
54672
49933
13118
42798
45182
48756
42183
62547
38032
33197
28309
24990
60232
50452
10533
62089
815
43720
34014
19503
42640
48974
37893
62311
19424
28619
9420
59841
17604
30773
7459
42341
23163
49440
53461
55216
7947
58846
15568
39709
19538
64596
50488
63552
16735
15661
18462
6515
34230
55772
49955
23227
18715
19079
46005
43691
32823
27257
44591
4711
13961
28319
9786
50335
40316
53761
54093
4616
11949
49880
48123
50202
13048
65480
25782
27723
15895
46855
34069
23180
54449
31701
51456
32336
28399
19881
43772
58695
18681
11004
26391
42923
36034
4183
33214
1132
35833
22184
42648
27994
20059
11695
48621
9192
28562
26145
22644
48090
37530
44208
27178
54213
31712
48106
49326
10500
33791
33635
38305
37242
58616
16055
31366
48397
34529
5833
16228
29892
60809
48663
56930
56810
12187
38454
19685
56698
6700
5747
56668
389
12293
27448
28288
46294
2156
9833
43669
9088
50135
20649
893
23539
19449
49079
3403
53049
58421
40372
12149
13481
11935
48729
11199
44949
58323
38595
52033
14513
12619
49825
19958
62259
1106
7765
34271
6583
26454
29560
24540
32591
11862
48149
10511
40589
37422
35290
10404
28487
4377
16888
28115
57247
51155
54817
5104
15020
47278
13882
33558
37917
6227
20266
28294
16910
12494
3131
14770
23885
35372
54656
17749
27195
15984
22673
38577
48559
59181
46346
60875
35414
52087
62153
18059
10391
22428
28782
7383
540
40718
54002
56324
44623
5627
15810
60917
2148
3292
6692
21104
10582
23770
64769
34588
21756
14453
35947
47186
53241
11912
51861
33482
33614
63431
47014
6882
18301
5605
47808
58671
35101
42583
27293
44682
33735
36997
18076
20140
62091
46441
16993
3456
33239
22785
34499
31735
16806
56314
9773
14115
3250
7393
4512
53961
50926
64621
31846
48505
43513
28013
3800
55839
17862
2704
63215
45572
1955
5214
17056
10132
2830
58174
35126
28965
2708
714
16326
33261
18889
20283
63961
24905
30983
17238
19953
7841
8552
431
16634
60231
863
47783
57340
32273
52490
23383
900
58494
10958
47529
14811
10089
6797
21309
54261
37745
54698
40600
40220
51746
15124
2280
9930
37106
18729
3880
63722
18526
17633
28059
48195
11455
49774
1861
6849
53224
19203
48566
24405
21236
2323
7100
25041
10279
33806
14313
23123
42043
49663
712
41701
54967
54935
2524
29488
37994
21991
18068
17326
56587
13530
51741
36330
7169
14311
1479
63881
4949
56949
37731
26004
38094
16639
53807
30528
3767
8673
20946
17742
34495
47709
33836
37128
855
63989
43106
19809
5228
4893
60035
30566
62594
50621
42451
64309
35302
10735
19350
65016
879
63218
54446
44080
16109
60155
38143
52383
53634
36257
37644
53982
27092
43367
32084
18846
25438
2408
46173
34643
64190
4405
10999
59586
26561
35358
55167
35480
5069
62013
187
57519
4262
33544
50218
22666
34019
34805
55270
4665
54951
9133
53219
53769
32889
47350
5331
28241
33273
3840
27175
33891
47501
2799
56638
62698
45123
18663
53552
63259
51407
40751
49982
34144
34862
25698
9684
47044
50380
55237
59312
48147
52852
26058
29443
11693
30787
5323
12827
21380
37076
9395
31957
51978
36772
60426
8254
42893
27190
40831
36633
64421
4999
38643
26060
63086
49882
54934
60949
59518
21257
42690
34747
6263
46470
33306
13843
33019
30995
63886
8912
56600
58573
22363
40201
35751
17484
49539
8017
49941
3034
12107
14402
22076
39642
57000
32925
11420
21042
20437
51744
54840
7311
56652
736
14913
8794
62329
7402
48285
23282
55055
50394
2233
29805
3930
34309
10643
48361
58244
61098
15412
9401
38927
29153
26690
20368
32984
3040
48441
44766
65013
28397
32468
2177
43694
3667
56892
53505
60969
52118
11954
29796
3136
14357
60369
7131
2596
20123
41703
48493
9113
58101
27154
20803
38756
56954
1706
14267
4625
24192
28582
21024
37419
58863
5717
25031
26594
64994
21311
16785
64996
52987
20054
30669
50558
29869
44316
58333
54521
42606
40678
13803
32715
54970
33185
37688
12190
38598
61913
11279
52362
15857
24543
47472
24324
3615
58836
51131
36341
60758
36524
49198
21536
13114
48196
22974
5851
61514
52850
6738
1567
65038
10377
46536
51579
29202
44376
40356
28883
23049
64684
17293
30138
65153
17463
34002
22922
38739
61092
11335
37714
60730
46616
4607
20045
52504
61328
146
62369
12841
61063
28623
46711
53717
39009
26111
5876
65401
63203
16949
38300
39280
58526
25205
34395
8239
29536
39479
60382
1605
19807
159
29875
61293
6747
24714
23235
40676
35554
13852
44140
44931
31301
20009
37537
10672
35382
58490
50142
31099
63987
57418
50278
43252
57972
28510
54395
26505
58387
5977
23560
56789
49022
12311
35506
61488
34741
969
4775
61455
23495
13995
22779
60069
63220
21871
20502
31785
41360
26369
6537
57117
20278
43975
27372
49917
35865
46681
35260
20115
50993
25494
47613
64759
59902
20201
57472
13385
32729
35650
24598
22262
9201
14893
5917
35633
15718
51690
31621
33095
28722
64420
6928
41054
1555
5192
27522
23231
9228
12122
798
41497
24436
28173
50741
1707
58767
10729
12398
11651
36232
59739
4486
50432
29309
59053
8279
59602
27989
47428
25211
31382
42883
3908
23649
39687
49683
16404
35885
50735
450
34295
52414
5749
52836
60503
16058
28985
56404
44096
48233
57772
54575
64283
15248
15611
26185
34574
64071
23776
23124
35678
40026
49585
16283
15443
32991
17771
57112
54808
38270
58822
59047
4136
51800
40827
7967
53448
3187
29404
53127
41779
20602
20799
15433
33632
31510
20044
44455
6817
9166
20142
45362
52648
41224
32113
64459
21989
44025
5880
36488
44486
19057
34742
45096
36704
17961
48029
52849
26836
36911
54952
44969
9845
4614
26745
26660
41643
11261
16127
5129
30003
44012
1056
40511
58399
25594
5155
7865
44322
54486
29157
25038
55825
6000
21483
41786
1687
15726
56375
8171
9535
22752
15157
58948
50539
4294
15918
23425
54538
39916
40065
22125
1476
54261
47159
6651
62875
26370
34472
24906
10105
3384
23094
60740
25425
44055
6076
60666
19985
42876
31151
7901
24377
31420
35729
20343
29645
3293
35674
18658
23877
28747
32463
22596
53378
500
47512
4180
37334
22289
18742
39758
25998
42581
2404
13826
26478
20194
51533
55111
21925
56934
18162
64546
2681
44424
60063
34366
6295
45727
52832
62375
54899
35619
8589
44760
4246
10226
15960
32966
16727
60672
42366
63597
3618
7645
31144
64714
5211
43652
12479
5965
43576
10189
13019
50032
62052
40146
9914
32342
42757
23620
32175
16610
62842
21761
58188
41354
57385
2377
12396
21056
17594
32075
15911
40894
10137
49159
48695
61182
59590
48903
21419
62648
56342
55158
32675
50948
10319
30577
23030
452
283
33818
57424
64298
6916
55767
32764
32045
59799
27445
58816
21979
54301
5208
4090
29256
53636
29157
24012
39229
29856
14146
56272
10653
7738
37019
57461
60805
20787
44673
53937
52786
51709
43574
13484
24111
25528
22413
20238
7293
24108
41107
52671
65098
8707
50636
9168
20652
19740
34075
19269
57874
10523
4894
40192
2593
46636
31420
13050
48805
17832
24290
33456
18706
29768
7911
6675
5238
31063
32414
39760
49675
44698
38389
49397
15594
45028
51939
52629
59937
29412
4264
24968
40049
17706
50629
55224
40656
49046
54717
17012
61464
59625
19451
6647
42869
30393
10281
51173
38725
37092
49567
47386
46981
19447
12921
52307
7108
2086
14063
30315
65417
36697
2821
63276
33147
5204
7962
50397
28643
31466
13458
18340
45028
9637
50951
23345
3579
41339
45317
246
14112
54744
30577
25463
30656
11534
52590
32154
47611
47524
43280
64692
49359
59968
49327
44006
6080
40765
48635
34400
4845
18538
27408
48516
9063
24662
3247
60502
53779
24370
8804
36928
39425
574
20482
41673
49041
1897
29362
39732
21422
50516
20191
65534
53648
53830
30303
18055
26915
31915
14668
42245
2297
8469
57004
2666
15787
64250
3418
27261
39734
63926
25217
56904
28553
17164
62017
35602
43714
3351
30692
39619
8400
21952
24965
27048
35158
64261
37592
51148
41454
53491
61832
15509
38708
11319
51421
45715
28394
6195
20369
38717
60304
10073
64273
28589
65268
47390
27973
6436
62382
42334
15792
14429
58127
38672
51147
27332
14629
29717
12511
1151
31054
53935
19135
34029
55879
59267
63768
12294
50427
5948
22235
41477
12941
36075
56849
50763
17528
50315
14881
63928
31942
31472
20664
30129
62753
14378
2012
24239
58932
41244
50577
48563
51934
45739
34701
38398
52800
18933
7160
23317
23636
61145
12927
12184
43806
4767
48461
62825
27182
54809
29975
2626
63274
38167
135
39217
53734
8916
42667
36739
13638
61116
6724
4632
29487
35024
31458
38739
2345
37920
42668
972
61500
29082
60783
59468
44750
4195
60596
11978
7866
24662
27929
33181
5474
55151
36174
17390
44381
24063
61944
23144
42812
34083
37548
14906
11493
9834
25450
50626
29348
38278
44925
4361
48862
38802
19205
24502
37458
46596
53728
8288
54054
36067
25221
54930
23820
12624
31887
62643
31347
32618
20987
64004
8334
16406
15622
60846
10618
58028
44130
41463
61665
43085
30365
32320
13266
19133
4720
62720
601
31031
26176
55581
39311
19491
63168
58568
37210
14473
39568
11823
35623
22066
16583
36352
29387
31962
22802
53323
37525
10222
55203
17048
18409
37392
3380
29979
52375
49071
13879
47476
59504
50081
13939
4103
55115
55864
35307
7384
54510
61729
25147
42113
29712
18714
6326
34188
33024
46545
58668
10802
16286
9525
59924
40890
14542
3888
62608
6280
14337
13889
15887
2181
9583
38083
1705
64996
39649
13029
50681
34523
33760
46485
52532
19473
43106
3690
31520
55624
2795
25617
17616
32998
59451
53569
47761
49646
841
52151
27655
63521
30191
13617
47629
39795
59385
16088
20880
483
36782
53956
47726
51377
20028
23057
45286
22784
40013
23246
15234
24584
32850
20749
4445
47140
35994
8838
15004
50180
31220
16939
57307
11616
50365
26690
42106
20321
117
53945
63947
58241
60153
54548
28232
59233
31942
52039
51663
28223
41247
51463
50014
1166
15737
6922
63761
46734
56689
50991
63130
13542
37424
22121
40130
24004
53143
47662
56049
55242
19486
61582
28856
38798
43598
47416
59890
15029
57330
32948
36077
1352
53132
51327
7639
21821
3578
491
56225
31051
6492
47186
11645
8676
20927
20773
58625
6568
49423
223
34312
51888
9677
52879
46290
55004
47971
55455
23187
62573
48872
31724
2671
22976
61815
41161
63707
7065
53062
48999
16471
1024
33134
13337
62914
15189
13158
40538
5661
16597
36890
6131
16952
4217
39987
8951
41382
49802
24751
54163
17406
49456
19094
59977
27496
49137
36947
42114
27902
19287
50562
40360
11431
3957
14076
3522
50525
41293
24144
58460
37332
31121
20299
40696
63940
48744
54351
60245
22718
39470
54890
48621
19417
50072
34209
28628
35362
25414
10564
45819
42416
61903
37950
60453
53474
24924
33728
17803
60219
35984
63052
41824
37611
30853
54431
47877
36122
31810
2472
23477
47979
64173
175
26372
42151
52447
61893
40399
1252
2994
1565
44022
21937
33993
52760
18416
807
22149
58496
12275
10037
17535
13936
42526
21041
26203
43352
51884
53973
6900
19305
46457
29937
26641
7524
32022
14509
57989
63282
38482
50951
43687
29140
29158
48433
24812
62736
52211
36731
15292
586
11839
7886
58103
26558
49162
36788
22162
18090
3841
8103
21272
44298
36215
14155
5722
20015
5726
7619
39768
51820
2916
6757
62937
58338
58327
50538
4031
45189
56179
27051
52554
7286
58391
16535
29571
64207
10835
17861
19801
23377
39039
16377
34359
30484
35141
44775
40597
39524
40120
40805
59445
32766
34056
51086
59603
20786
24575
20823
26709
36123
39575
52609
16989
25273
10546
6980
12542
12185
62828
24290
14825
28914
57435
21687
16505
64064
59422
17722
21996
38546
24120
13160
61979
36811
20146
59799
42697
52186
8111
48792
26404
7284
49760
56246
49118
5790
38515
53078
54993
31613
64269
17415
63995
51014
36693
62232
6203
23377
40892
36507
16642
27762
62245
57687
12383
44167
44440
14837
56031
33078
63939
52388
2689
60311
45808
24807
33850
30693
1166
27921
38821
2410
28979
28555
11255
15708
45839
49321
2037
55468
34137
18913
62570
18134
4312
25604
52403
26873
26353
48667
63008
63011
5723
27748
61573
26220
26539
6802
29543
40282
45597
19662
35085
38575
7979
21404
5695
29486
6504
19969
42404
55127
17217
24753
52010
52706
43127
25359
24153
41395
43573
39953
32907
65122
23820
52633
36486
4426
48446
40904
16523
3514
53024
34040
18112
20852
62122
28729
60342
20977
7872
14771
63334
24887
37297
49720
9126
10896
38172
63771
65124
42814
63724
2896
61372
6431
58373
18879
56046
61691
8897
56994
46063
33659
27297
27793
59206
43678
16568
13028
53546
25590
14287
16777
58055
25716
13631
2733
34331
36400
49712
44746
13438
10779
43551
10309
43748
34036
50243
22260
62698
8082
37578
24916
60256
53696
59132
20652
18758
10180
51796
64456
27642
3680
42134
43289
57529
5232
39522
3015
33528
39924
62849
3894
15183
26230
57035
33575
29226
11449
6790
37640
25842
30384
64239
4593
25024
37076
36073
53888
63119
50457
3401
6064
55769
27580
55358
30084
61964
32536
50528
10891
65376
846
27286
44684
54044
16211
61607
41651
16691
58461
24249
9949
31921
19087
51398
40642
14131
59582
26359
31322
21306
19760
61770
41644
59969
42800
50944
25027
59458
32936
60629
19598
10617
5695
17908
22792
47728
18917
64455
27977
32417
27119
18915
21866
48473
10512
26584
27974
26339
439
36073
7585
24670
36353
57547
34635
29887
52732
40811
40993
30049
23801
58964
36889
23830
64880
11305
22718
59017
52672
49981
51360
23230
41998
30770
5327
30213
12167
2556
44782
44518
2245
2848
59064
64962
36602
37995
59690
13199
37031
42269
52906
21408
8916
5247
2335
5580
38322
12864
14044
24395
64552
1120
11976
3794
3670
43222
57859
35052
3547
19321
36279
37975
29168
57951
46164
38744
49378
10512
61508
2072
12144
64758
56413
50817
3317
28728
19086
2101
20294
1223
54881
21086
42388
15140
49180
35044
1804
22594
39395
23048
15800
22364
5192
59773
42388
5626
12210
45999
11659
61982
43007
142
64624
48056
46120
44735
45307
48946
8124
32574
22749
37572
40068
30784
50815
52474
43410
53871
37576
64545
6244
16137
11386
16964
57521
40230
46986
50505
14670
57391
1892
18467
30371
41138
43345
40706
28649
58336
3883
49480
36757
42317
63912
4916
7222
61209
19725
40825
9878
57633
778
59316
51016
20647
58215
54799
48327
64975
60086
50611
27371
57131
5850
39870
61900
5518
35207
59236
36424
35100
13142
20381
38981
47585
25321
6017
21627
39096
58255
42971
7913
12094
63816
16609
56190
57248
12141
29375
45961
59218
61670
22389
32553
8643
16101
12272
24253
46316
19097
14085
47834
48381
36262
49797
42101
54817
34143
57333
35614
37648
7100
63466
41972
6351
2470
64784
17329
51311
3850
46360
5219
16189
15797
11728
30167
51356
24303
43260
34678
40846
54354
38953
7224
4296
41322
41033
30143
11934
61695
15176
2330
1250
40022
34844
22135
42126
5454
37102
29679
31901
36361
11823
20191
19232
48684
45360
21166
53653
26317
64008
10059
20308
60538
46342
33730
3306
21338
33677
8143
5650
25097
7638
65122
15747
41464
42875
24833
50193
8879
15286
64644
27672
19332
19572
7294
15874
9415
53854
35693
51488
13561
59214
60486
13056
23448
42506
51944
25977
19613
20123
2213
54932
6188
29158
43953
7479
48641
32670
56636
6854
14181
10463
13103
18282
59411
44132
61420
794
27550
42130
2103
55841
6037
50397
16797
60258
59166
18
63536
1602
48111
56660
7866
9463
42349
32529
29709
26062
26092
31244
29980
57142
17608
39832
15579
64344
19447
21952
43030
55036
35786
6843
14960
32014
50985
18088
41692
14632
680
9616
61489
60539
61987
41980
13410
15866
26356
18721
2966
39350
4665
15499
10525
21695
44731
60774
36261
41824
18443
18347
2950
24387
20399
2423
14164
41192
21332
40051
56629
1742
4352
10651
47925
32239
20423
37391
63827
60104
22651
52856
3561
65443
56666
61394
23981
35611
15600
14030
29317
55742
55361
6777
49464
49125
32448
45336
40133
58702
22811
41690
29664
41926
48170
2686
11974
51161
2797
13503
528
36781
56574
3167
16723
45491
30372
6999
20366
23597
28298
23221
1672
14118
11251
23899
41948
29863
60733
23269
24993
7215
538
27006
22445
37676
46438
415
22692
51123
1506
51574
52540
8873
49488
54103
28537
4162
29774
18367
3982
1626
44531
53530
61604
29650
32469
48974
28401
8044
12648
28
60134
15435
43691
30692
51101
13368
53572
18385
37766
40886
4532
37773
25419
55575
41410
18659
43122
54861
56856
60851
42876
26861
11545
51348
1996
47735
63902
50011
63747
40693
22108
994
38693
60374
31540
17711
63317
48590
27841
56085
50504
4823
51417
54688
210
11552
62605
64229
51260
60105
30888
5410
22052
17415
59003
18266
46949
40163
14980
28428
31771
41540
21421
17655
8783
17549
4070
22023
58159
21214
7584
48542
14506
65210
16219
50536
53909
36643
48929
65006
9729
21318
53762
11917
2467
61141
33665
28672
4377
50622
61605
30976
28642
8509
60883
38544
1540
20469
62868
27786
61700
6545
41054
27479
18003
6014
38267
20448
31401
2241
58440
41929
25746
19740
60431
19727
5425
33108
39654
42050
37541
48212
54910
63101
31270
55193
2992
51435
7507
54441
41353
20877
26573
53918
14383
3635
58010
36829
10606
14690
38733
43971
7190
27609
30309
49056
16493
3664
26551
2598
57872
29742
4713
51940
58468
44615
42184
32364
11390
57057
19545
8093
15813
14380
4633
27352
48999
9716
13133
8264
58071
12403
7866
42275
1510
53344
27160
42720
15078
45957
49212
62286
21414
65357
28581
26024
36171
20377
11025
8654
29517
50541
8406
6703
38348
11748
1415
63666
5788
62254
9747
57365
36353
59719
3660
28600
7887
36422
6899
12225
64288
26595
52423
41181
14487
62536
12481
15403
41247
29417
35117
46930
42220
31576
19186
45690
9225
8839
59852
31749
26734
32537
34249
16339
37164
64155
17972
63610
6939
61559
55316
12577
44414
8267
18120
21763
6019
45346
29498
32445
18323
46482
9475
47729
14153
14780
47704
44845
40978
26028
22819
45595
34211
6858
60353
8639
2532
35480
26633
36323
14165
58490
19362
15590
30726
41786
8101
4634
22297
37546
50936
57026
11099
12122
36854
21085
50104
45762
51830
49575
56718
48393
2533
57554
63082
47098
58674
2337
47108
62442
57170
42496
19206
24222
59535
14389
31460
20105
63508
6539
15545
59863
62769
65452
11830
25296
25030
12272
496
13148
49917
6422
10440
3869
50064
34356
28892
14163
26948
23857
43535
57885
6133
37283
17567
46793
49869
9670
11798
61744
17876
14448
6877
4380
21960
36077
1580
26106
14392
19956
12566
62953
43632
17653
54446
14133
6938
27896
3973
40862
46848
23961
20121
45846
64445
61781
33333
38794
26013
13442
65187
28426
8550
28850
62101
4662
64489
50451
8636
51716
18037
47189
36581
19210
58816
30365
30477
51281
63820
33952
53359
15304
28083
3494
61153
27443
24864
2501
47821
19996
47714
37624
43912
18419
43363
25085
44380
58651
463
34730
64857
46043
53741
5983
49220
6150
28696
53529
36771
63731
19989
12107
25306
17580
45199
41431
33282
10609
35013
38100
39082
21320
29448
61535
28923
37184
15628
41524
50058
24788
1651
12334
49789
21700
63756
18044
51596
11276
23910
33855
742
3701
60468
233
48287
35348
33071
2055
12884
51878
30424
57130
40244
17660
48551
36416
19715
22218
888
12073
6247
29849
59882
52257
64834
61769
29069
17085
48093
10132
28168
6494
31264
61042
10003
50279
60190
32406
38114
54160
19730
4528
58701
33805
7037
58042
37435
35855
53916
54915
47043
5372
59605
38386
35442
25128
43467
30174
49050
62908
60769
8118
64149
2748
39548
59493
10867
20226
56851
56219
12750
50558
31335
30286
30176
20975
60631
28777
31520
38785
1205
46582
54310
52495
17566
6407
33232
8236
14217
47547
31445
3096
806
54089
36591
46113
31138
4747
47287
42552
39880
8048
16059
49458
15801
49471
2398
3109
30474
12877
41224
28664
28160
42541
61989
9226
6232
51738
50450
29811
11894
30892
39842
43341
34719
26363
41465
35976
11048
36257
32467
44076
64605
61446
31579
31821
53839
4151
63319
15249
15817
50
30360
13814
12441
5196
54451
32634
13615
54468
34294
48353
1789
3870
60483
13354
51953
15218
15095
33854
12379
33790
52620
20108
32413
39716
42371
12176
29208
51912
24256
3236
48415
43806
63272
43355
44042
59506
39431
6159
23673
53196
54638
55786
34964
31612
7642
32385
47724
53154
63261
40429
3607
55416
36481
15829
32977
29210
24313
63116
40716
35255
29795
29775
52738
9984
60057
65111
17816
47736
14129
7437
13563
7201
7985
49533
37461
9215
16125
13639
47939
853
47235
52261
60141
52042
13510
18568
54469
37833
4998
13066
8368
54491
12465
61491
19071
44082
48189
42146
61304
43154
47269
63821
50564
17660
15857
52899
53330
61396
57875
63822
15315
42601
37217
21717
13858
42741
59886
31679
3934
57077
61141
13394
6162
11092
16526
52395
37975
14978
46608
47747
14421
2644
52804
38886
12064
54691
26454
20509
62827
63477
6355
30487
12421
46711
52414
60614
41193
27471
38988
25587
41894
45984
21889
18403
62430
32050
6728
16640
44132
5277
33372
51037
34600
34195
15019
53032
48209
30931
206
699
23788
59465
17626
4081
19564
45809
18287
17829
58618
60245
30199
45620
38677
14906
30413
21700
28835
62365
20220
10650
10007
60222
55227
61665
22865
62845
58382
37865
18529
23148
6774
2378
1026
29576
38584
42573
5023
47460
2260
46277
24499
27897
4682
40398
18799
4807
45580
8968
759
54057
17851
43713
62985
46457
39140
9771
4957
45011
11444
42997
26423
12892
16235
52058
64696
14914
45866
36135
110
1167
31535
42491
29913
41265
37472
41208
58828
38840
40516
52331
50382
17509
35548
11062
25563
25263
11961
60648
44893
55080
46534
41242
24766
46383
52608
26754
37853
65057
43424
25303
45625
37372
56690
64268
55981
12498
18797
3447
35698
2349
24611
63110
38120
64050
4408
9534
64829
37487
42244
17471
5666
9071
582
19414
44315
6975
31304
60381
28534
29998
32655
9134
16067
58748
45088
1238
39677
6640
16458
30918
31417
57030
36788
9742
43787
51644
51124
30455
15596
61
21054
30557
48778
51182
24552
36843
21123
1259
56923
61486
25830
54988
46965
17010
30106
58210
13496
18407
52167
19060
35758
58147
34329
26367
30863
27339
25764
58756
898
52169
16501
21806
47400
12718
1584
830
7345
30350
29488
39932
33613
39054
10189
48232
10554
44973
8191
18441
19130
21942
36201
17703
54885
52346
40673
16667
30593
29963
35524
25038
20318
64803
43818
46456
34638
36545
44829
58454
14961
49601
4628
15247
59187
23891
48444
53879
9954
63530
61632
557
10777
32789
6922
28390
25851
9263
3073
32183
12186
21122
38047
61445
12439
51522
45386
65516
47061
49879
49261
64178
15957
54070
24281
3024
51813
20846
48901
62043
46375
40008
41826
16419
15541
13859
58662
3368
24229
48093
58797
32846
9972
38257
15212
59704
63388
64566
52415
15197
48462
40255
48812
56294
5143
16271
40296
62434
65362
43339
5916
7101
53601
46631
37055
43606
55484
43510
13643
8230
2794
63797
2832
41739
34133
10569
7443
15327
5689
64129
39526
32063
6962
331
55687
19358
48643
8157
46960
8800
6215
2701
27885
39387
26886
274
39917
8167
37561
27929
46876
12537
29452
24576
18794
15470
52399
18427
452
36349
27841
37564
48550
62521
44543
15928
1778
32542
12070
60103
55844
8274
31209
59090
25378
14284
57130
48284
5029
20388
42537
52953
60983
61591
45798
33664
3222
27869
23735
30352
49082
53453
46058
15457
27235
50925
60280
26939
15100
9086
36884
15962
5678
55573
25960
23595
45992
54691
39004
30328
28492
8275
11392
14982
48776
51295
1547
25303
19543
53431
8304
56137
44821
51786
23096
8361
36849
52230
32702
24690
46958
33802
3076
28377
10663
782
34792
9824
20456
31721
4452
55715
13493
4492
51440
22596
26756
42400
42046
36584
55053
15945
40488
18287
60557
55962
13960
12875
58876
45375
40775
61413
57743
37763
25378
53515
29751
44763
40115
53702
58447
54697
60884
9430
62515
3784
32739
48568
65385
49562
16719
34783
60021
16203
6771
60750
35675
62746
13259
2125
11170
42893
15720
60534
28295
212
11057
51565
60008
22093
52144
43291
32133
54427
28116
50576
30813
24050
10451
29179
54065
1674
42150
37827
56893
4135
28283
12941
61736
23943
34684
38590
29654
34755
17473
9050
23911
60925
46580
7535
43194
46973
44296
16193
54538
57891
48235
62682
47381
49824
13615
16775
19807
55506
8921
1633
32003
58373
54798
22557
20956
61482
17384
53475
53263
35043
54076
39722
20492
56281
26465
20342
16722
6077
16320
24973
6541
21547
59301
20861
32441
27176
23781
64898
46213
36537
46147
21819
37661
46082
38117
30911
8616
56970
17902
17655
23706
14181
61020
64811
28803
7782
46960
5286
55368
43608
6160
30979
61648
17060
59506
37220
40142
12422
23082
38359
59719
53836
29689
2314
31629
14013
10376
33131
33138
57456
29220
38758
38217
51421
53537
48928
39642
26813
51820
32074
30726
50173
12984
51670
3305
36066
25135
53063
34116
18944
57764
48956
31650
26827
47290
42787
18844
49706
10684
48717
52622
41582
36513
6862
6972
15683
11
39120
19852
39352
49412
7980
8301
34371
16810
63519
10688
62024
12740
45508
60483
12775
63550
57092
61771
62200
49206
40483
49604
23473
35468
63755
14057
26703
37295
37728
3196
2025
42740
20976
61414
27538
11071
23809
6729
41279
12672
59546
43142
51106
23577
62266
35488
64828
47428
21910
8383
19558
44288
3951
41244
58596
61929
39467
52179
62148
3343
17260
732
44648
52220
4254
12371
40664
146
56444
10536
46350
2660
49535
23183
57997
35711
17971
47410
14617
8805
30371
27509
57614
19800
5649
14023
23833
38747
36405
27850
49647
39573
4316
30407
48013
42360
36172
45658
34494
43574
23774
3954
60096
40450
28932
45017
5506
60241
33688
26404
47114
18447
10399
41149
54370
6607
30003
31594
59898
40145
62626
36685
5028
36141
10322
46097
31855
5304
4381
39180
12512
50612
50489
8302
48185
21252
46708
59475
3610
33331
1807
12975
43520
20316
14892
59958
44141
58257
38054
3144
23351
20024
32726
62514
40655
59782
61917
54985
51635
55493
20048
44265
40792
10962
64472
5961
35959
23952
60268
29692
10522
4909
6714
42888
29182
48490
56293
32370
10384
43917
39808
8137
47993
36166
49185
940
1473
56155
56937
46541
21235
3308
55407
18826
47322
58352
43287
54516
5656
36294
9917
35590
61759
1623
35482
45792
24417
13006
44671
37299
48497
26735
25691
44443
19548
15663
16300
30603
2941
45567
57320
23719
36751
50268
43568
11869
10766
63729
21395
16029
29423
14623
5409
36311
35089
17837
29963
59303
34646
65115
29260
42841
20055
59206
20033
20691
454
28062
54956
27065
30405
50108
33425
58220
4414
55980
2697
45515
10120
8868
26196
27551
49624
21020
38459
22526
19903
37045
42066
20339
51283
26291
43988
48440
39077
43064
56386
20037
25663
60818
48237
6036
59161
10437
60073
2158
57627
57492
58888
49170
21390
44611
7263
65264
2402
54982
2089
50708
23980
28962
14885
35721
32535
58615
5489
49026
19474
34951
39667
12959
13253
28507
16379
9002
2011
1480
57177
26332
55344
27393
926
3847
18322
47616
37342
16166
17979
28073
30809
50570
8780
16485
25594
27074
59122
28420
531
13410
10501
60995
5435
60677
9
57730
4218
50817
11654
47113
10518
64477
3262
15015
32506
58080
60507
36198
46607
44270
6932
47947
21614
46785
37831
42445
13570
28995
51076
34717
15267
22000
21362
21663
58388
36376
24374
40564
41787
41161
61052
43400
61497
35208
59229
29602
37585
63455
61994
59496
51387
65499
26620
571
39913
52426
41558
54262
7559
36256
33327
51786
18466
4952
45528
3976
52190
60100
42043
16769
37100
26149
63448
49893
41471
19030
44806
27345
48445
60662
39224
35900
46689
32067
39630
7107
38892
47593
50595
5356
53093
60937
2069
24516
3562
2199
15106
41991
15317
53715
43839
59616
51814
28311
18499
23628
20846
48374
4810
41070
30372
43461
53168
9292
16548
46866
7604
37038
35820
63190
27448
3298
49419
42959
40790
47449
63026
14843
61086
6244
64992
1131
47805
54118
30927
33746
30136
64776
4985
52488
46877
40336
10827
5002
1319
46693
20618
15328
50136
35651
7027
17561
5240
33002
53951
19967
34956
34617
45398
52931
12687
24750
41308
28296
45758
11061
60098
16348
32065
27287
21104
37427
53600
22220
43583
56552
51652
59254
10256
54185
40706
2067
57990
14481
61729
52799
40303
30905
44341
28374
11268
53655
65234
9782
12678
35279
52264
22406
53949
58183
39965
53550
21801
61131
44932
58416
46809
61122
16178
29946
38650
6863
38580
6374
54436
53429
44222
61200
13321
14838
13633
43815
1495
63139
35171
24642
64107
49550
62415
22206
39692
35161
11812
50275
35905
16810
39584
2589
2687
13706
15057
40321
42841
3253
55750
63678
11329
51413
16040
55874
161
36408
5116
43909
48675
9735
5922
64849
57627
879
23571
64538
60903
61602
8321
44490
44637
27318
52401
48854
5853
47723
196
40394
58852
58927
62993
19860
43925
58131
62751
41093
17557
32924
57934
57830
42025
51490
11274
8682
63352
57746
8196
25153
6435
32013
31241
53338
16722
18288
63903
31814
32674
54597
12865
47302
57783
14633
610
23861
48120
49760
50412
23647
40234
57704
5849
62970
58035
54022
14973
45
20127
31313
53733
32761
58141
62714
28160
32218
56600
11860
35866
44205
29270
33409
17752
18659
19979
1330
15518
62919
47109
9042
18473
54537
11445
58003
23365
53275
50027
31191
21480
41357
30236
49151
26020
8450
50838
32935
18493
49462
60354
29061
32862
38624
35653
44060
51962
4367
56779
53245
23337
38948
5056
33097
65493
20233
65520
43407
31992
621
17769
52300
2989
13379
38762
12177
42950
30110
1805
35283
484
41928
36386
32533
64589
51940
64787
11624
60271
49606
9096
16770
4204
28075
35333
64496
35240
61600
58646
46269
61222
52909
1094
45333
42728
7572
14348
11994
58502
18890
37876
54526
46980
13255
40863
59157
6952
65278
13219
4595
20446
35884
45785
8220
52471
54847
42484
2274
27332
1826
6026
57304
4443
55331
16545
276
22469
32671
8592
20328
50531
50230
52359
23297
51406
14786
46111
46816
62760
36311
29324
33671
35581
43272
29175
27793
45696
11617
65328
50668
48096
14947
59074
6910
45810
16913
53694
60654
10141
23918
49459
12846
38124
26242
64835
60558
4687
57673
29494
17586
42543
32490
49913
49888
56058
23430
63191
41011
54996
48512
62128
18821
23636
31606
9009
957
42330
12270
40205
24956
20064
29670
6863
32332
12207
59814
13284
63387
56996
30658
30087
47279
42930
48568
9779
21940
2027
10742
43759
61778
62601
47760
56379
65352
22737
46470
64937
15615
11471
21203
43461
12017
12343
24700
40133
47240
13936
25023
45764
24822
14083
28023
40963
168
20707
1784
24524
47627
27107
26242
15954
40583
1502
44219
61620
11201
635
28572
10699
26729
61004
22320
53854
13266
63626
24663
63421
53088
43809
63832
65334
18455
7307
60972
60597
53374
15870
57208
44382
53802
35755
13383
10084
19243
6766
7191
12032
61129
31047
56446
19560
47603
61757
4686
48134
47403
26742
20335
30096
22568
61998
39939
6128
32202
18578
2625
39356
8288
56131
28656
48013
40431
19640
48079
34360
39899
8154
23429
54949
18907
30106
55454
29242
43079
26975
47563
13046
43029
43114
16353
54117
14351
15543
47660
16570
35508
1876
23864
43671
52805
43102
56295
55121
13862
55072
5948
25453
16041
28813
45686
60391
22064
37229
32673
12662
14194
51922
61380
42978
18304
22367
7307
62009
25646
2137
23243
29029
31066
29403
4139
26209
7725
61254
60971
44439
22971
1069
44030
56349
7447
63852
64228
30622
47153
33664
63952
48358
8129
1639
18865
6330
48231
8822
61696
25368
4550
4910
59913
49359
26262
60062
49792
17930
40364
32870
47304
40620
12017
56265
3855
17287
1109
14229
43824
16320
62923
33256
62409
16152
22203
61636
24200
5219
1590
21087
39015
18130
44933
35271
29680
1959
55801
37316
21633
14516
13994
20155
44393
35989
35872
54039
59383
57557
20197
9183
36994
41481
46074
52560
900
41670
11904
18791
20758
20948
52598
2112
45325
3580
8646
16122
36135
56062
977
47828
51986
35443
59311
13159
61356
13253
12051
1330
28032
8691
40211
57973
54593
39003
1526
36206
34144
64545
44087
35321
17388
39140
22274
35038
20138
2013
46259
13741
7546
7558
49408
9054
7747
20529
29831
12618
41598
17168
55787
24613
64617
64891
26364
39296
7877
51223
63918
22518
15049
23029
24856
41000
47719
19153
22763
25275
23383
3369
4169
13353
61344
40506
36142
55088
29335
14269
6959
41654
43871
33229
53011
15791
7302
55311
65154
63931
35722
38016
43544
32391
60112
43054
60719
49015
16636
37145
12129
33339
36644
3203
54831
44726
27742
38693
11111
40950
37279
10009
56416
28110
45735
10253
26552
6133
10875
34274
33320
44641
37774
3998
7320
64852
61847
38151
41936
41234
14581
22383
62936
44059
59337
9333
12592
20496
59334
24776
35216
60809
32591
44808
49490
44705
35211
64640
13250
54226
38737
4834
26125
5139
9652
25286
59935
50663
55031
30633
47153
8117
58927
63040
52832
17169
52090
21745
14596
14665
54134
4616
50403
26853
17359
35939
38862
20087
24622
48193
47199
6238
39538
60375
64255
59914
55567
50646
35614
51000
1012
21869
21718
21004
44249
37842
50932
63512
16239
35368
41511
49985
24997
42978
2159
58163
52993
29185
16897
10904
12334
31639
53404
48282
33565
631
10780
31862
23686
64511
34852
53881
56025
42961
50681
12187
11504
58237
44145
57510
43795
6046
30475
35739
507
45581
35385
64111
26197
37357
31744
15461
55926
38658
41117
21815
12218
30970
6122
38239
5014
32449
55193
45510
34231
24822
12114
23512
57120
46771
7955
19826
53695
29826
7696
39523
23867
1324
39646
21339
31765
11466
39011
55512
22024
26453
61030
20769
47760
2887
8542
21983
20800
23317
54497
20796
48855
63599
4914
8546
5342
28836
22426
63230
34128
10456
25929
17821
8173
19338
28933
32632
34650
36932
14050
43509
10886
6376
51825
28270
49857
51493
46171
9649
15835
23358
44987
21551
37373
39772
62830
35888
1313
63097
34029
8338
4501
17835
40562
37581
49899
8762
30310
26905
17678
23151
39676
17873
8242
61750
48271
15085
41849
14431
1908
27926
8253
13470
30462
48343
50446
50595
52221
23841
18778
25025
28222
60883
45900
16461
39108
53363
33890
58576
59311
35147
61491
55730
63426
59761
43843
45712
47744
40214
34826
15898
30263
58972
29762
9352
25680
34162
31827
40045
62410
17684
28965
62537
3860
46452
25349
27587
1432
9392
29572
35242
7815
55092
47811
39147
13968
18083
5338
13022
12019
53441
31242
60209
454
44848
22385
5233
61963
47411
14015
50203
30187
41100
14314
30970
24554
30054
41950
10312
31110
930
47781
60201
36516
52937
20779
2270
37648
22682
15398
62327
3800
56116
27660
32280
32558
8913
53546
45370
31109
19326
62021
32736
21354
21350
30642
16645
13560
20505
41061
59668
48053
39587
2594
23905
30944
42505
21641
39231
37349
36701
14659
48187
17467
32192
52731
18576
21677
34052
135
38038
32334
39898
48453
440
35970
46988
3434
41486
6317
11698
38892
62860
17952
51655
41054
10178
54438
16462
55195
17762
15211
48629
57079
49628
62206
28828
15099
65534
48904
25870
58965
58228
44853
48830
2086
9728
39459
6243
11116
54950
20135
17287
47240
3193
51676
51026
53768
15962
64992
27629
21543
777
14488
26253
22834
22418
36251
56547
51279
33335
57167
21013
9858
51421
54122
45075
49719
20592
53136
41140
11149
30775
3594
32039
60770
34237
52984
17741
14358
41047
19193
16012
58983
42784
39998
39586
54764
43763
55504
64360
53799
58444
41182
25332
2388
2401
51147
64404
4792
1864
32612
51177
23416
61296
37081
55908
45263
2125
49470
666
3860
40956
3367
10335
53809
52440
32917
19469
33868
33711
12845
9636
6468
25254
431
22551
63628
31669
47513
60552
18079
1506
23275
19652
50157
51204
21563
31054
48064
13493
62532
20015
22750
24214
65079
14448
29675
1020
20157
45561
45273
4218
33291
56900
29409
20694
40545
2499
39376
26470
57691
45213
45330
31072
16159
15211
47273
26795
21315
28404
13003
7727
43829
30320
55250
49354
33835
5606
1992
45062
47704
24860
6476
45851
57844
29962
9300
18055
39671
41534
58430
21341
56708
38227
42212
42405
29027
41892
59529
37554
38521
7101
50176
62448
55915
35427
60964
53950
38557
39590
65160
25405
23560
10000
24226
42860
35788
38222
33926
45859
9392
3504
57132
26936
10834
45728
40757
37168
27448
53948
48186
7289
9455
35059
56533
20715
34545
13464
33876
1966
2027
11712
13478
25198
20420
33671
45554
64526
24247
56482
54215
20086
18924
56501
19088
22948
32408
43678
63743
25541
47449
7679
22459
5543
31040
29111
64289
9199
45649
34544
29034
42303
64286
8299
36099
58583
31633
15541
47510
804
32069
54972
40931
54167
14983
29204
51297
7710
54193
13495
24224
14864
30688
61296
40366
57812
61275
5383
37400
21521
47171
2357
27865
33000
9740
62394
57125
10145
3202
59832
25288
26871
42865
56273
47924
64740
62411
46945
20699
61290
63337
62156
23829
27272
22811
48108
42816
59650
424
51362
40573
63427
24455
55348
19
27854
27276
16717
42206
51180
39279
44702
11396
4675
30938
16667
65106
37438
21736
55783
32776
15827
39413
40774
737
726
62832
32403
29250
23257
43173
26908
3502
59626
37185
64239
15856
63229
1628
27984
14143
5655
20601
6096
42188
10271
57803
48612
37607
39932
46415
13118
58753
34322
14690
16645
61019
25399
60787
49108
7191
27765
41473
7549
10588
8847
36146
17444
58555
54939
53519
14029
28197
22052
40525
58958
43020
6315
49324
39111
19581
47258
24670
48668
43005
43839
25684
18656
18045
46616
49372
39772
36293
47658
17945
44087
2943
48959
61800
23703
54526
30988
40017
14990
1058
21705
30610
46171
30549
15608
27260
42758
34797
6822
5866
63429
26427
22353
44998
5015
37191
43512
5695
15908
22597
12388
39640
26743
60411
45268
51046
14334
25782
41124
55618
52410
36245
15625
13857
21537
15131
51187
15519
8542
53888
17310
64288
30272
24318
38625
39769
7690
48138
61248
37930
23710
50773
52024
2682
33779
31165
14940
9377
9911
48529
39286
1538
41848
34523
36424
41233
19654
56793
40641
49755
27842
22152
1381
9091
7581
63702
18200
13728
19367
60169
16296
16039
62249
387
61859
38908
52642
40769
27766
35822
61670
44251
45341
51486
37823
32638
59478
32693
45988
61070
54828
31618
15045
62287
33032
60472
43990
44894
19796
42504
32225
19388
42693
27382
33482
35254
5072
59330
49515
16709
65209
45285
36230
18421
33172
31578
57919
42181
24173
40721
19834
51991
58998
59717
55727
43168
39900
34175
53585
52668
36427
32400
10592
60376
28592
4808
15514
39359
26072
51281
33519
62581
6937
6918
10103
45653
14988
50638
21469
44845
5082
22202
33259
43536
25389
64163
63796
62487
13305
47762
13173
3169
30552
17748
23044
14265
24409
63866
6271
24722
10217
11208
15706
17738
65306
27750
2794
36184
22077
16783
22915
26820
18244
62376
3472
22036
48941
32025
40692
34668
45003
53082
37087
53020
1412
40319
64320
7474
64079
12959
57080
20529
1411
34760
57746
30384
21231
4026
32050
61867
8315
56450
17681
5137
44738
14707
43123
54109
45353
9495
37708
33480
41798
56317
4281
30107
35251
28540
57952
28597
9306
6122
63661
32122
58294
7004
22609
37814
65517
19133
3534
13855
9643
29542
51245
3534
26313
60236
6928
26595
56258
42315
59983
24011
6081
32146
30682
506
30285
28380
64286
62863
31109
27145
52977
54610
58866
30864
20974
39408
12383
5969
41716
3750
3374
54986
13472
56411
17851
57185
17976
16118
39408
26339
21025
61084
59684
57585
479
1080
15814
63096
10353
27737
48346
3200
2280
57152
31695
61031
63926
33126
43284
10342
56216
37410
7556
28411
49882
15573
27379
42661
19466
20470
1390
23141
2464
23254
65202
64163
35128
43765
40579
6615
41173
55362
11503
12439
28821
16771
4153
61376
33518
48157
13811
12735
54139
46804
54078
52684
27972
53601
61346
53692
15627
6731
45354
49042
65013
37904
30691
48319
41232
22311
53523
32363
47752
16206
6976
6409
14378
50380
51863
20191
64287
54291
32189
57441
44523
43679
3220
53898
40758
3406
5927
53480
18710
49973
48681
28365
2904
38216
55717
52759
55034
608
12329
51127
57094
60335
766
13491
40498
49129
22000
32500
34214
59998
51923
33166
59073
9502
9785
16768
49286
7437
2857
32357
28595
34630
50701
17296
52908
41345
61467
22973
43885
49105
38591
37855
3121
34305
38562
62009
39228
44122
34998
48216
27570
19176
1280
28898
44393
65012
50925
6175
25072
28053
25189
10575
15132
65374
49955
5451
47308
64785
44354
11658
8727
58105
6226
50636
13458
54411
64752
23865
37716
23042
57265
17349
40130
3358
49003
21033
3208
22672
18962
35308
13451
1558
17791
64689
18564
42591
33381
44276
62258
40385
48428
55421
41495
58751
48835
38903
30165
47371
45068
16303
34455
34119
31007
49560
21700
1491
41984
50813
50426
13101
50022
38436
40110
64128
10833
55581
29507
4801
17604
38359
17303
46266
24627
22617
32500
43535
48258
33302
35123
3825
22840
2018
6711
63465
62329
5469
9065
29193
38895
44816
9984
19465
63761
15322
47800
8175
38210
48710
1063
53483
36377
12902
12633
37639
24954
34210
44826
5940
22038
65322
4491
1062
35662
6081
8849
53948
50575
23335
13293
18403
7996
21389
14462
31497
33746
30118
11914
50093
1458
8410
43684
46959
47187
57634
26266
6159
39010
33041
19707
59052
38731
3474
46494
9099
32600
50538
4127
4050
59011
5409
12998
11704
27871
9111
40002
32643
26740
30353
42283
43734
58919
10166
65378
46709
31826
60555
26201
51344
37192
17479
431
6383
57474
22444
9883
34126
3775
30020
65219
52788
24317
62428
27594
25580
21971
4644
57216
63835
13554
41122
17323
6365
32401
14424
22320
28809
18903
7789
50093
8777
40195
42211
26945
31985
10013
39895
44160
34003
54519
20074
14112
56433
43168
13728
6635
47586
23847
9745
32749
49469
3360
2764
28559
37772
62875
14224
47702
11103
7168
20976
15256
55063
19871
5602
13127
10039
36024
32013
61927
17745
40633
54336
64058
48722
48971
50302
60231
59579
49340
47024
38840
20312
3341
44437
38972
40803
55749
12272
8067
54012
51442
54475
36734
15431
36395
19557
50034
10386
33459
34512
34100
11960
27463
55589
53876
48273
20166
31924
63617
57100
36886
57556
17638
56433
55427
32668
6094
41800
21958
62292
36163
25677
33128
53079
36120
29865
20596
14653
26155
48238
4557
53605
3600
53810
32907
49104
49572
46914
40270
18685
9503
46640
9574
14474
37342
21205
1167
18888
4579
57449
22154
65431
26440
52158
55179
13469
21863
6708
31017
39461
28171
43484
55618
7379
33135
31004
64514
43099
9275
24892
34890
26
51023
60947
22901
44229
1762
35114
4065
63268
40153
40563
27244
2947
42808
42217
40896
26521
33706
65082
61305
5748
23973
14277
8109
28104
59420
26928
30846
50221
12519
29628
21614
48973
9577
8251
62958
42689
1922
62598
54365
44441
7099
46974
2974
13989
914
43397
47075
11457
57555
1652
20505
52400
57052
24954
44583
54750
47882
59295
12880
1359
10309
46285
38296
18777
7627
61126
65251
58150
35997
3739
28510
47854
38100
20435
16897
4899
56332
63244
19975
39980
22421
14057
6659
24413
58041
2454
20028
51043
58098
8929
15131
53001
54348
56050
27123
63618
50980
8678
38174
26141
57609
5179
39819
58874
39880
62769
21906
19616
3632
31698
38166
56811
16982
25176
25345
61195
52312
9759
60296
27317
30706
47212
34079
47145
57985
11045
33725
2139
34648
31207
63541
28971
220
21562
16663
59190
58366
39197
15548
45222
23391
29160
23379
1532
58194
61972
5460
51325
30867
60512
62155
34308
44811
9169
29275
4298
26610
3119
61233
18026
4337
54278
42270
7744
31786
43654
36721
65247
52743
35103
3743
11942
61679
38661
22805
25807
30678
6760
12404
42835
34927
26180
11594
35642
55922
33383
56112
21618
2774
57445
35136
19036
6976
49423
5425
49343
5127
15210
63523
56581
62295
3198
26915
50322
43308
22740
40440
39291
24717
53311
61075
61435
21464
62652
8871
17516
47350
24977
59028
4855
2610
45178
60410
3216
31857
9961
33343
4536
12889
10243
20896
8313
61675
33353
12430
36128
14226
11620
37137
41470
12596
7893
36200
14932
15477
47967
34247
22534
23487
42635
37809
55473
26312
62351
58760
63394
16732
3514
64264
3052
61617
26290
50734
37290
53176
4687
13175
1437
61502
14526
47941
61364
43506
21239
5406
25221
7366
10122
13954
33801
55804
14268
32004
62264
61906
15091
57206
50148
11530
43140
7476
20247
6057
45980
49329
58242
31002
46712
29314
40131
22146
56855
48629
36457
4603
19077
30199
9202
15843
62251
60359
19995
39596
28937
62587
35924
50384
17194
40600
53370
17207
12168
32470
48809
46167
24802
34613
43943
45110
11555
25464
55392
26473
49476
56127
51186
61766
47650
47636
24460
58708
24369
4412
63925
37351
14630
35639
49350
39013
39422
12733
41910
6524
62555
54982
38727
13461
29772
61614
45831
36966
27394
24822
15074
2652
33909
36001
979
19254
33620
31801
9692
43238
47533
63923
45208
9334
60234
65372
10732
43801
35774
53418
54470
59976
27914
48488
20215
53518
10571
39322
1785
50274
55581
61887
51017
52360
57328
17093
54507
36346
41000
29003
41490
41983
48402
10139
44778
16986
37987
28761
54288
17119
54640
35661
52398
5502
25384
2244
59252
56434
18486
44388
64238
33826
38899
44744
2149
6034
36893
39133
7389
29063
22395
36206
50504
38666
25394
20479
36542
1274
18537
60571
14801
17212
57703
28152
57679
27275
24
8892
50310
38252
565
52767
51223
58098
29781
51433
48636
35544
20108
51896
32923
1883
61006
10076
48638
4610
40056
47990
43043
46971
208
15946
65501
30487
56537
50974
26729
58477
19697
64082
23248
5873
12916
49566
25646
31099
27053
26673
52545
52720
53502
26021
55256
64776
37228
63102
28562
240
14832
8511
18864
19278
21123
38181
1845
5764
13673
11497
29240
34195
62428
43009
64746
60165
12703
39719
42134
47968
40199
8886
22561
32659
43795
41928
54192
45223
1426
16976
55747
2880
61741
40086
21602
57436
13173
13886
19856
49765
3233
21512
24300
19094
30949
31414
3106
14490
57720
37966
7276
698
1790
8483
29935
4620
38069
56460
16599
23629
29931
26334
27567
17015
38112
30850
661
15353
32506
50569
13759
15758
43384
6961
12816
47089
2245
20707
31292
46667
35710
1715
18692
35722
45527
27890
8873
26044
46644
48095
57886
47033
16413
22374
49471
12638
36330
4098
24570
39619
42382
64638
34021
10816
53532
38185
40475
60590
61300
42870
61225
32360
21040
27049
53853
49401
20766
12541
23192
10285
2103
41289
1537
7004
41453
15315
60370
54019
50638
65364
43472
36291
35346
7469
49387
45437
45288
2819
32020
18633
34355
50701
11755
39874
16875
58539
8655
60153
61650
42315
5953
37274
3641
49629
7543
30294
17125
45348
33986
24643
54182
39542
47584
18157
47778
63566
17835
56706
47328
57458
60554
53250
18292
32743
8125
47622
61402
58780
20732
32213
63989
29997
25655
20232
56843
46855
30823
18547
60854
31567
49937
49185
39062
6253
2534
19076
45315
32826
59386
58692
13339
4772
50040
19949
3801
5180
28405
57472
25775
38840
36646
59530
41889
2276
1504
43755
54346
7461
44578
52372
12335
9365
34838
6899
27587
63624
65252
48658
56518
30285
7670
40084
49131
29470
34643
48872
8458
16637
21532
54408
32929
11421
50864
17357
10686
10826
50847
24390
18265
61827
41652
58587
36692
7746
30451
56209
31638
48897
22683
10789
351
6002
1320
57274
19669
27709
43712
33251
31017
2715
41912
26177
23248
3296
23780
16077
11870
51649
11999
61582
25250
25079
21120
159
48383
46449
29577
7322
64820
41974
64317
6324
39411
11964
36747
31402
25227
481
15023
5710
32711
12598
43857
41577
53473
37391
38855
62266
61069
43247
54074
2748
8490
5700
49427
47024
38759
41543
2993
38993
38992
48711
58892
6913
33053
33315
17214
24687
39283
47234
52241
3257
56747
58727
48638
10714
41295
53501
28345
12895
35003
25698
53930
3235
12881
6673
33421
34058
11312
59266
13975
23703
39408
17219
13425
13506
59677
10794
27518
39668
23696
34817
44946
39775
26735
21024
21985
32586
29396
9468
2571
60318
28259
39987
50445
56990
28046
16712
11581
34875
18063
3376
17548
21344
2763
48833
29519
11528
32843
40705
12187
37259
4133
2054
35438
32595
33718
55915
15742
5410
50372
6826
10415
31934
60777
8541
64018
41059
22863
19914
52146
18577
52489
9365
57315
48805
38973
35275
64691
7335
14247
9716
22432
16044
56227
36866
20392
30498
14835
61214
26085
12725
22122
17138
1679
36642
38178
27410
57439
36287
61562
10711
50190
1363
53291
2131
13720
20869
23260
30425
41418
64117
35812
17595
34663
40117
40850
52505
64910
46593
15742
57247
62881
30269
48931
38941
25680
43627
45159
19135
31216
40637
34026
8181
55545
64838
26120
58989
23170
58593
5893
55705
18125
43459
15634
16293
40845
17290
33281
3439
1003
58868
41218
13402
22776
13687
53468
28928
47525
61906
16876
58405
17209
3922
10613
63335
56400
24477
45670
62839
10952
8858
53343
4561
9532
18533
1703
15507
33888
52465
14138
50637
50503
8897
23961
9431
29253
10265
47756
51727
33670
15210
33840
49643
58116
3874
56815
18073
5106
25351
6931
64406
33360
61239
50395
1522
22194
29953
65085
41039
1169
40327
26837
40634
11463
65431
29448
23163
52454
63883
34722
33869
5830
59848
20123
29987
29270
699
26122
6773
19769
51090
44928
37625
3216
27911
34663
33865
18997
9675
34685
54701
14291
13776
15302
4672
24253
64180
44379
9027
21270
23762
49987
5689
61105
32370
30221
44754
15270
40351
39129
4320
59972
20623
49963
47898
38430
64322
4842
62083
23545
36784
21408
23678
41652
65408
55431
43629
58957
27669
10942
55021
63776
23745
35764
12436
24256
5633
27045
52721
19585
6429
3768
36801
61303
3547
2666
56565
4496
61109
10174
31249
48548
10655
11814
59594
49598
19356
24293
32787
48749
44686
26976
52856
29906
43099
43836
10295
25747
46821
46436
38136
24708
20174
22427
42774
40877
39836
60461
24325
6111
47328
46885
59024
29860
8300
46357
43328
27604
15001
58722
1450
9401
35309
30856
30103
19614
47876
25492
48082
9310
37863
13035
27824
26704
1116
10457
11645
36792
5025
53133
7077
49224
26124
11551
23854
20181
4939
43749
5453
26660
7952
29147
31686
14054
7628
46486
59431
27650
60347
48020
57090
46253
4052
20103
34142
53209
40816
12288
31730
24156
38927
47012
35435
7937
18941
64772
45626
1662
31896
61353
26146
58808
59351
15763
46845
23769
15953
9449
49247
35342
47798
10007
18947
45553
16074
46735
19447
9813
28991
16258
37665
28271
46585
55614
27104
33901
33318
58314
36985
57634
57095
29651
10299
10926
17311
13497
23682
41117
52128
44744
35221
59528
32128
60693
54702
39625
54502
11229
25130
33557
30168
21162
47231
17218
14521
16906
48098
21663
24262
24043
6133
41056
41751
33695
1655
34892
39062
20090
30359
23421
34960
27304
43742
5194
9351
12379
19650
51724
44003
60388
2318
18798
38367
117
22677
17624
40728
62388
52438
29740
28768
33939
65322
25386
33857
58234
63634
54593
16142
27177
40468
50922
60709
28287
47889
24992
13215
8572
61842
65292
52126
9805
3917
16468
22503
37290
58502
41135
42247
6815
14472
46554
13898
37516
44489
42050
54264
64206
2134
25424
62255
41745
22755
53863
1766
36444
14448
11248
46898
16003
34852
9380
34063
39906
33358
129
22061
12740
12032
18428
16909
31559
61625
52186
28593
14642
4371
55917
2580
9959
14537
24892
47572
20449
3997
9406
32223
59280
6029
196
21889
26033
61827
16766
39401
30249
10811
24061
60619
39369
46156
25239
33367
14555
15865
37194
44277
59772
54823
57948
13999
1423
9944
10738
24099
51549
39256
37017
36535
46950
17886
49035
17688
22976
27674
21709
3493
52523
18705
28651
56201
38912
31680
45277
36677
28310
48433
47532
28090
57132
6324
18407
62755
36760
58333
35976
52693
12519
61633
61504
16922
4956
16922
58304
37113
32324
25301
62382
13680
50793
19531
54305
22082
2822
9490
56639
61425
7608
25129
63123
52649
43040
32736
64783
3881
57151
1672
54730
53040
46394
14077
35771
27094
37913
64325
30380
51605
14681
63103
60509
18629
53170
19807
16257
1057
50241
17085
35017
37635
61165
38709
49960
64817
26979
39026
780
46381
18153
52738
51280
26907
3882
25177
36616
3212
32493
7879
50675
2082
2172
20166
20111
11317
47505
50050
759
57522
37807
35407
19297
48866
37978
3169
50698
2621
20700
5790
4237
53077
15538
16525
20551
5016
53335
25791
14679
37278
60343
3056
15251
21932
35643
17188
4091
12836
4120
38532
21913
34392
6293
38423
33848
31374
32935
54190
44874
11778
29403
43712
18523
61287
61484
49561
3306
27753
23210
48609
45664
11822
46845
60418
22040
34578
51960
4599
37438
13892
22260
10878
44546
34300
25277
18017
64098
10306
19800
47795
42407
16531
7655
19364
40809
25151
50700
40651
38021
19299
50922
32403
7033
589
453
39013
15266
41125
16693
5368
27057
31645
44998
54523
51000
47753
39491
26173
15462
25136
17705
45406
27439
42366
54199
22706
3221
482
33986
15615
20438
52674
39619
59621
28479
47920
38087
39702
2109
57431
54777
17843
44481
50761
31941
28140
32220
64291
42401
37633
44661
17754
58029
25248
53386
44304
21078
23251
12079
47386
45102
30088
19622
10259
1588
26557
4088
11698
21796
15270
31026
2546
30354
11908
41521
58688
48231
8267
50408
57937
54848
63522
61352
3248
17016
22918
6444
9037
27897
40391
33691
35472
32102
19576
56105
15351
43177
54918
61610
48816
32334
9522
16195
50398
22488
48290
29532
6703
64316
53844
43934
14952
53022
45420
50543
36577
30943
24730
33220
45304
48556
16918
57700
2980
1184
9976
44520
36247
31449
2901
42129
7698
51876
64796
51253
63711
54093
28079
41693
18267
5384
7454
36522
52296
51643
16329
54652
9480
24049
24033
32117
58593
41411
48384
37360
35032
49193
52498
53165
13222
11893
48308
11602
50505
7447
36289
46785
1126
18662
34019
24599
42586
50556
46743
29608
52180
43230
24698
24782
47250
12267
21007
35333
49102
33119
35292
38635
7171
4952
46256
18256
4131
20904
57114
36059
13259
5058
48322
46629
10721
5223
62429
3906
20516
329
11304
5515
15934
56820
48344
49347
50653
18883
28684
61209
48112
19576
44450
34872
49415
33685
12453
5530
18028
20106
64836
5075
39066
63436
58394
27804
62837
30049
64587
27944
48374
6096
26507
42324
59383
32453
13926
57622
53164
39495
22181
14916
25518
11613
61513
38662
40339
31206
36169
53094
7271
51416
25137
1657
58100
29677
26110
27243
40919
41276
12927
53348
40187
10363
4879
22253
6568
25432
64940
2571
49187
20228
1763
42265
48684
50408
28417
45714
62499
60735
53133
12936
8757
11384
7313
47851
19090
51140
44338
24377
37457
59287
7902
64729
1333
21977
56591
19891
28308
59398
65055
34130
12977
47822
2810
15866
17162
64689
36195
59384
31048
667
33800
29291
37255
45516
12054
16982
52411
20546
51363
65532
37260
23932
41056
3977
32582
8844
24386
43034
20442
12864
27363
29468
33670
33168
64624
16526
44093
19281
42909
19080
55952
61500
64289
58855
37874
36861
24031
5871
34916
56900
59805
6559
7439
32382
54964
24281
26246
8142
58341
6490
38775
33352
44042
19699
8076
46290
13891
20862
34252
32120
21720
62301
35032
35953
61891
33859
24236
28116
9503
40402
38043
48282
33889
37357
62575
39300
44736
25524
17035
60432
6482
11987
37078
54378
56361
37514
30436
63633
16010
51303
35087
18678
19315
8251
61815
52167
53250
37313
42024
29703
57335
49777
39350
15598
9258
34233
97
30404
45881
17621
10591
17702
14177
1731
36700
4574
4002
23709
65479
23978
36100
24402
9113
31280
25794
21631
60010
35271
30074
47507
25794
58620
44218
25437
8968
60136
17857
44104
60041
28593
11535
36789
44038
12977
63571
43987
23610
37998
40187
30020
21171
60208
50425
26513
60042
2790
12002
37250
28074
41614
65138
37715
50365
33359
8143
33903
23855
10355
63280
50145
32442
39962
26634
7293
64765
46969
59962
64059
45886
26792
2182
10053
10399
48409
17920
13888
13769
54068
5954
64926
58152
20584
38328
7386
55179
43727
34739
38151
28822
8182
54827
19081
9868
42603
15200
10291
11359
50826
10278
42467
60997
43698
50591
2197
46749
25580
15607
26422
46311
31495
27476
13926
12069
38102
33453
60753
981
52433
22198
3149
29135
41846
4405
49409
3025
2560
58239
53126
57422
40616
43788
40868
57357
37652
63684
20669
8559
32312
34099
33254
2053
3940
44472
38838
16760
51834
39334
5996
55185
59818
61687
16997
31419
37166
58890
45165
7929
43397
60715
55908
42711
22104
42758
54649
42271
19378
32270
39740
10352
28298
58017
27327
29040
64992
8413
28195
26596
54120
16044
9979
60359
30940
63287
48682
42505
50656
12412
6946
45206
8461
61951
63002
17382
45771
48562
44065
55396
46427
58982
63731
31380
49250
52037
15898
55658
17487
13812
34501
919
4721
52109
28523
12592
34636
53465
11191
17286
57751
64594
8194
2294
57350
63041
55326
17233
52180
28005
53578
62416
28169
58026
34952
431
46485
49546
42542
23350
58101
1122
24949
48598
64971
62954
47410
14052
34571
1457
34827
29394
182
11209
23957
63016
44650
17681
60698
14363
60690
60141
6146
14836
5712
24044
43374
30168
33175
46905
30350
45099
3240
56776
47882
45212
56457
54020
15000
13338
24020
15782
31669
17721
65452
58686
15911
51188
10056
25238
40001
29237
53538
2458
64731
469
60538
43521
31735
52559
9224
52145
8447
14394
43401
36001
53332
31322
3772
61993
35587
62109
31621
13169
18650
23288
4171
40870
38550
2178
13598
8800
13672
29998
15872
46275
3687
54100
48687
23703
59342
53565
53166
33983
46386
57892
31908
25481
12518
46353
28722
10450
26528
39770
25253
56827
44962
47673
56649
12005
57303
48659
1772
45823
51101
16857
52721
5959
55427
8007
50173
8176
13651
33535
14088
4968
16537
19769
14455
39196
1992
17126
6411
24396
14048
21684
29245
54367
55534
47178
17856
50372
19374
51565
39802
34411
56477
20459
13736
38078
4014
56676
33248
24483
34906
55259
41480
44525
29248
12374
8680
18214
6932
23460
40904
51000
64218
39959
512
25736
1097
43263
59979
46622
15241
2071
46339
49932
3001
30183
48878
21645
16892
10188
36128
28877
29673
44452
13389
9733
1721
50755
39769
7341
9519
50413
34688
10716
58284
54741
52493
12682
63979
58214
63898
1596
57225
35805
55874
48494
52027
38126
29812
46094
51234
37170
15664
3641
32103
45496
47794
26290
12540
58128
60023
37456
50700
9624
44300
25786
53832
54964
57823
19327
46599
19921
48083
11889
56172
30390
59957
11371
2476
47862
26820
11041
49027
56718
41270
21411
35057
27848
8331
33524
47277
64334
55608
1835
34996
30121
7167
567
14542
36719
38270
19611
13285
47575
64443
49520
12901
25680
29236
39855
47092
56741
7384
49921
20099
51012
24131
5670
5101
8492
6631
6265
6689
64302
3907
35273
40964
43449
41094
44068
46446
27419
8306
16683
8559
35477
47916
39900
51701
11473
21922
4095
34014
37913
21322
44894
59833
20570
5848
37763
32822
6770
27525
59599
30981
8774
2626
49089
43745
1755
9002
51721
32127
7063
60704
55659
24491
57701
4061
57484
47843
33427
23710
32421
35377
50779
56340
29846
35375
14711
62278
19745
51175
26157
29554
63059
50619
29596
56548
18515
30693
39198
11039
44138
17184
10561
52153
42420
1487
43428
48216
56668
43790
46244
59992
14959
46304
52551
31371
57719
17809
6026
33183
23828
39972
10972
10973
56315
26197
18689
53640
46853
42958
59475
6046
44538
6973
27260
10571
52443
56413
15893
2439
13228
62117
9723
46747
61826
24803
64896
5010
481
52200
48029
58155
32163
59597
15922
51944
48211
55028
22001
51857
51743
35591
9921
25449
60828
28912
41067
17976
18854
49569
9118
55124
63392
26650
25340
29121
7571
29844
22800
9434
39729
14874
47747
10880
22818
47069
47575
17503
51498
63032
56593
49017
56723
58962
24805
62706
3913
8644
49144
59124
44740
40646
58322
57486
57606
38370
53789
51028
50105
33935
61342
5943
46980
49530
60622
59270
52786
52679
6752
36662
2352
55699
29566
13177
17383
54607
30352
52074
37135
30139
28629
1919
8591
25262
17249
4213
13753
61481
54388
15646
18204
7322
40347
9030
61538
15441
56143
39434
27354
39054
14087
1622
19127
10501
7585
35643
43129
19719
39449
7824
39603
27591
25113
14346
51721
42086
48105
29809
26863
27781
45389
13284
60160
42668
55419
52552
1154
62059
54564
56128
59857
60663
53781
32155
14077
46898
32655
46610
60184
362
3698
14376
13252
4335
1439
38644
44288
32526
53209
8717
52682
47168
10978
34186
63740
36618
34479
38729
46700
17585
24131
63946
2194
57451
46383
41618
24593
40317
16107
6621
41418
12586
62055
45089
28199
25201
38234
51734
22185
50467
26091
38898
55951
59985
50001
21202
4714
54903
39769
60292
31775
29008
27061
60016
47704
23198
38704
13068
46821
30514
39656
36988
58498
8585
8053
65212
60018
56373
24364
36417
13085
5507
27981
36098
35847
39878
41820
41463
63698
54721
20224
21437
21387
26156
13798
36417
14053
50312
29405
11149
33674
22871
6299
22061
314
6904
27619
3166
41929
52308
42885
3930
17258
11373
13271
48398
12186
50322
30962
12159
10860
58421
55455
15939
45749
26877
50039
46062
17166
6104
57840
35532
41026
4824
21647
43288
15407
1976
21553
28937
46529
19724
35402
5993
5068
49199
17674
1549
57207
13998
47739
10293
8000
49704
15842
58912
15637
26753
50203
43118
16667
26464
42391
50676
4733
52923
35510
33804
39047
30534
48212
2703
27619
41583
21955
54156
47776
53188
50525
3989
1651
9211
39705
5819
18872
36693
63471
2423
40012
56164
8639
59474
3508
26251
62108
49459
61533
24144
1247
40947
24878
7347
17324
24230
5750
5431
59904
56785
12504
32054
63587
53027
2642
8270
11773
32242
4983
41134
39286
32686
25503
40815
2790
48206
7054
51980
10142
35978
33372
20033
53873
22462
1685
54521
6035
22627
49699
14857
40957
12870
34161
41035
15030
22646
40347
49410
3661
1769
47519
40277
63019
62452
24700
63134
22251
7459
3588
30093
15209
25781
10119
39505
50628
47478
13431
2851
20690
17064
48405
20524
10885
47943
61962
54568
60448
51330
34630
3207
30202
8289
33894
43634
50178
967
23451
19879
45765
21104
65449
39975
38000
50549
21646
44088
55715
43213
1350
44617
64385
33022
47717
9634
32147
25100
22636
63695
36047
32075
46103
22862
7888
43704
7698
51301
2701
19726
26205
43276
58965
53444
9888
18447
9504
40437
8555
32936
49351
43287
14361
24135
43836
57170
61487
55185
11346
25772
55584
57972
48780
61917
51968
37041
6954
51116
49247
6729
13412
63833
25375
10875
10917
23921
20491
44303
65302
36608
39593
49694
47660
50712
40358
26744
34728
16220
54474
61208
15764
56125
4909
43395
42886
33242
41030
8786
61924
25488
46999
54719
45891
58140
19885
42304
47150
47276
25699
3949
4754
39562
33090
59805
22117
16555
49368
10650
6016
63520
58298
53454
28766
49072
31991
13435
27358
58142
58965
31569
62330
39153
25138
37083
54147
39217
36052
60649
43835
45801
53585
4036
31062
4742
63288
26289
11058
62903
54843
25855
11085
48058
22260
43378
9946
19234
44053
59501
2298
32219
37356
302
11313
53378
42226
52310
7765
32758
47108
49143
5237
15772
35290
39626
50915
40521
23654
57109
49872
58906
21186
50666
10955
53129
39426
20093
6341
18024
22626
3622
52485
3872
19958
39530
2558
5037
44157
44726
5846
25560
5137
65029
42781
6256
39266
11399
14015
56041
45982
13548
38429
35524
49902
115
30960
5463
60193
61376
2182
26237
38308
16864
39992
41485
6827
15975
5711
45901
51028
62672
17087
36917
49062
65120
48861
33642
35991
32699
19988
48991
49740
62872
58394
52696
29081
30235
9756
33296
16556
41988
22126
33903
12850
2334
38326
26672
23692
25081
5322
33233
21863
39951
17576
41584
18675
8300
15450
39971
60834
2994
17486
15603
14714
57316
36624
60308
23511
41766
8003
31388
61000
13052
26876
4460
12578
20230
49772
45627
29540
51724
60527
43638
49490
18463
26228
39990
57731
53886
13172
63601
3188
16091
57370
12754
1150
8581
42669
55128
41131
35086
48105
1492
34530
60382
18359
17897
38172
16087
9600
47637
34783
24754
27432
20714
36269
33743
45392
31717
33112
8896
62298
18162
33276
53119
37687
53961
22923
26036
36340
62707
41311
24142
38214
53336
4102
21069
56246
39893
35238
12302
5021
22747
18269
34499
31299
13823
22382
656
14445
9322
35559
44572
4315
53542
14901
13386
19184
46282
44295
47943
11732
21545
50490
14525
20707
3473
23577
65178
48895
64715
1409
44789
48354
64830
6066
24693
34254
37288
4980
62375
39237
3786
13247
59189
23386
22310
19183
3593
10082
3927
61228
28370
27351
33436
5476
25416
43304
25133
49029
15514
55355
28371
60502
29439
597
7149
61752
33242
23071
61818
8363
34920
31495
50706
54575
49110
11285
51248
37209
30345
8464
41500
52075
38672
62810
19981
47269
37387
31279
41354
4901
50884
3323
44133
54504
59229
32267
28825
8493
33538
26860
50359
61063
20352
27553
22361
58531
14553
24695
6476
58729
9180
44012
6862
11842
40410
32394
63032
51879
38636
36987
55662
62351
10018
51308
64796
45922
15329
23102
2767
5757
14550
39153
28782
31315
47810
4674
40682
3223
35108
45800
59061
61119
42567
35804
26425
50309
4246
50476
55790
35893
46163
54834
3365
15853
60630
20274
3626
13865
64055
31538
24938
49051
52998
49350
34263
26099
56611
49602
24294
25567
64074
65428
52390
33247
54969
19055
58708
61657
38029
24832
64230
49517
23568
21429
56499
11085
54794
27119
29313
65517
33031
37972
60319
6820
58764
51863
20731
56672
27315
48922
40861
35214
20631
19654
2792
41016
32858
56255
20089
62000
1546
48355
3630
13262
51495
62472
1049
18046
9304
32298
7870
63222
18143
8880
31660
62691
35783
25634
14807
33834
51572
52062
39243
26912
65518
46680
22444
25476
29159
61836
10382
16604
52561
20524
11793
46899
50535
41125
3893
53831
17907
34796
31828
64786
37984
4854
62654
49171
55370
60829
56417
2444
45454
38351
52371
4805
56687
9061
40975
18072
35695
29728
36206
34726
19548
26632
15171
20276
21680
35943
1173
61280
48129
41913
16406
39138
15174
28733
50987
22482
39661
37497
29334
16837
27028
46421
43479
61089
8039
43675
17053
19783
54207
44584
28225
20627
19094
58182
43658
60243
20771
6309
44472
19029
37634
1886
32998
64676
38671
57544
58450
64678
10685
58197
41521
13403
39533
1787
34028
26990
54524
9687
49920
31637
55815
29488
18968
9164
62795
21526
26834
41745
21722
59090
59128
62032
25780
35391
1730
5245
31479
54626
2679
2089
37821
30864
42338
26834
57295
59538
26842
11984
60453
49539
19798
29805
21035
51950
26005
43270
3979
2051
13937
56773
36268
18702
38471
38018
52049
24483
32528
30626
59554
24098
19261
43902
19960
35143
33377
3074
64049
50448
5193
36759
49825
17275
38931
56016
43962
58403
16359
9440
25118
15619
29172
27869
21188
7873
30775
39974
411
3677
39683
16208
30665
47643
41742
35550
18540
19677
32951
26026
14894
31074
51242
3729
30189
6739
48028
63114
62505
38776
27802
28001
23581
9687
10770
54510
32722
14361
12295
39287
401
25629
42916
29503
9657
58973
55743
2591
32425
22539
62457
12191
21224
42838
57068
24734
18541
13764
50697
8596
31882
41627
47993
10455
29517
7992
26672
25379
31974
58225
64882
38618
33154
62136
1552
65356
35867
17792
51296
37453
24658
1916
34845
48692
37097
46496
37726
64164
2064
20175
11115
42122
42806
61391
23740
5829
49999
36469
8674
60802
6889
44046
41674
30514
22355
63329
55655
56821
24557
42273
8331
48114
6635
6550
10349
57525
2815
25884
44237
23072
53687
64938
46819
4160
18813
50713
9338
16916
40852
58276
23611
64570
26088
49696
10276
2607
34300
33202
62040
46025
22865
16804
13081
6817
15982
4124
34095
60984
59851
44950
21950
62762
21327
36458
56239
1929
53740
48823
10123
31061
21554
8998
15482
21984
22657
29603
55889
62645
18392
6345
65006
40865
43744
43066
40082
45999
60335
30431
22148
49031
31920
17091
23251
27081
57701
28616
58303
21913
21113
48684
16217
24311
46696
52886
49285
10271
38797
32087
38073
5408
12952
12414
46267
20154
61899
23179
16430
15850
13097
32266
44595
19455
53911
44408
23208
12616
31063
38002
14132
2230
10361
54471
35968
40632
64589
23009
21901
54040
61067
1218
63695
30887
22005
33915
55600
59018
40786
1452
53186
12631
42485
27760
30663
61886
55223
40370
33228
17654
353
35673
1846
44348
7084
55169
41722
56005
31643
61221
51718
52558
63675
22759
32794
16983
22742
61193
35108
38897
9693
55209
64555
28755
30141
53760
37885
2361
54861
54669
4066
62136
31952
22231
16410
36582
55609
35988
60766
2144
60920
9247
5808
59279
48722
28472
43000
10244
58364
64602
7233
20763
5782
21756
20696
12991
32533
34708
30208
42079
23613
40450
14540
42842
46108
23036
44824
4418
34097
29993
36889
48843
16549
53916
37231
30614
24825
60465
7054
20546
32802
7397
5479
3256
24982
37921
55898
39934
14295
2921
18457
5311
24646
42978
23532
52484
52869
44500
47805
63790
48751
47220
24100
21892
43564
29539
43511
58975
60056
18647
61124
10317
15253
32836
31287
42599
4243
11810
37757
30524
63901
31966
48630
12836
15759
23039
28088
25802
18286
1679
29840
53613
50880
41429
16418
58111
30723
17030
15031
32239
61305
34696
10598
60908
51887
44110
14799
24818
14545
37393
43377
46183
12216
53931
14169
40368
40884
14810
51921
4485
38426
42276
52539
12213
57675
50798
25838
45931
49604
53873
1808
34696
60293
10810
59743
18812
6079
47985
26043
60950
46185
58972
48958
56994
19136
24663
31981
4887
52196
39409
57520
34897
52851
55818
50843
22866
31298
5636
61364
29185
15576
46973
61325
33074
2787
49621
30575
54773
45769
9692
23051
59018
48788
63264
31541
32885
24136
3127
10736
22437
64437
3849
55392
61162
28817
25605
11705
17963
36555
62498
1703
30365
59822
17348
47955
37389
8854
29297
6392
7615
669
18155
28716
40148
29634
6268
22875
52090
51386
56765
37140
40988
12399
29363
27428
20569
13568
41708
64939
27625
29092
29740
1948
58803
16605
60383
22592
24177
40076
34569
19783
15797
33324
21060
62045
37444
54271
36243
34319
18460
59415
57758
6073
14838
65274
26180
10546
61231
28995
53751
51347
37960
62749
9772
56141
51407
50040
36996
18058
36474
25697
51150
23974
1481
9645
36205
59286
9984
42374
5089
8749
1985
186
21548
31871
146
2567
9558
24710
35002
20235
55460
14271
38619
13607
8097
57713
42884
11756
49373
22190
52179
14805
7908
62155
29434
56055
17114
51910
48339
41259
58842
30206
28160
9714
4465
32076
55576
32041
50204
20200
47203
21859
1891
41155
32849
27331
65515
31604
21156
18988
62723
28593
42989
39926
54503
19520
35759
21705
3150
26960
61479
11655
44864
58381
2248
51765
15785
12158
40048
60037
31617
22195
20138
53461
41850
24601
32181
61947
35724
15913
59377
57507
62657
22749
56552
20441
51030
30462
24884
47468
18199
37665
62019
7801
11048
36748
4333
8809
6913
40492
24489
37066
62162
34765
23991
15602
34561
11580
41823
40771
37456
58242
63049
42725
2775
2230
58830
21053
7493
9248
57753
47432
46343
49320
42632
42971
21174
51353
24734
63891
20653
716
49186
18421
39738
7244
28139
9951
23901
46287
19392
12721
52685
19752
60480
36354
3199
36864
30927
60702
20391
57070
53727
36695
44724
49562
36385
55346
64389
4446
42529
50436
59437
47216
16479
19233
47175
49624
12287
32078
5416
24915
58605
25617
24032
13746
9687
3900
49039
28760
56472
44733
12016
51973
23458
31208
57292
50215
17589
61229
43169
56361
56955
51372
37283
10612
32596
15027
58083
9680
60678
53987
26903
45398
845
24469
13931
25790
11126
45710
29285
38796
15477
40124
35315
14274
64935
8053
32901
2841
11209
8023
11262
47984
48282
42493
21938
37895
25580
2275
31406
32578
56996
39344
9326
38039
40021
773
28406
33610
26842
15032
3735
57870
52165
61549
38848
38331
34987
22366
30025
27818
720
56041
58337
61253
46065
52547
24498
52852
22749
46816
28447
42703
55534
43349
63863
52877
24033
34833
19722
21999
25281
59886
52376
62580
43458
15856
24614
24892
51485
21745
43647
63018
50813
3441
50894
13563
44540
44711
48166
38135
16221
44370
56191
38531
17597
19737
59442
28561
10751
1532
18705
15825
24742
25050
32273
11941
26492
54304
59817
47367
28794
52305
38344
63689
37460
41388
8348
64196
63121
38565
33961
2791
10208
65307
25922
64038
58094
41436
20621
24489
48922
38471
37329
57713
34334
30135
18721
52675
20656
51984
1379
48818
11940
36535
14735
59232
46732
10632
18328
48120
50834
22373
33308
45795
11564
8596
61632
4579
58416
38000
42360
19985
24064
58854
52956
34342
21746
45844
48825
48585
51451
45775
40360
52025
49564
35952
12496
39108
47015
38560
18036
45022
20792
43766
63066
19947
44097
21584
50999
5204
47861
24185
36541
49271
14736
62383
52693
51071
29084
44695
49356
5791
21546
37544
64239
47187
3323
45321
40931
49890
55728
27138
47121
63601
29397
32800
25036
12350
54906
54791
28668
14181
22013
54868
61801
14566
27355
668
35098
17449
34738
59221
21919
5809
55185
22487
31233
30113
15180
65197
63978
17654
50853
53915
2378
62258
37565
41963
62152
45216
26736
60005
15050
47360
41831
53807
41059
57652
49457
20765
65338
40298
4661
51639
4035
48511
18169
13822
27981
15043
40597
4418
51633
62592
57635
41031
33941
49179
1858
14707
23673
8656
2759
10335
47208
37905
39212
1082
59170
53444
62380
37525
23200
18302
43776
37927
802
43510
57028
53946
2499
9790
25337
42480
17458
53142
5991
39793
56653
36020
50395
5941
63637
47531
475
40180
44291
16542
25507
31460
3260
61274
13800
55027
57971
60987
40550
37360
11698
9146
20559
50550
46113
44767
1082
17730
17913
16041
41571
23516
13113
62580
47130
2056
20407
37043
18700
50265
698
7606
20685
31961
64716
15006
2885
45506
46299
11859
48891
49460
33962
34363
772
6385
48150
59478
48859
12416
14465
49786
57999
36672
36951
9893
14217
56705
52431
8922
36315
6532
16061
63158
16445
60457
9563
6419
13587
57051
17708
51490
23529
41888
15340
25509
11948
1994
60975
46916
51911
9729
31878
22790
41050
13399
45008
4992
49029
51142
38378
51169
31767
516
61489
15339
39976
43469
1407
45762
21237
62940
24743
37481
27659
51018
50002
37499
47755
51224
222
61792
52394
622
19962
1120
32333
9134
54374
55697
2355
21784
50029
3623
41316
1410
29449
63556
38227
64333
37073
2828
7023
4965
41123
59756
10521
2845
52664
45188
61453
24583
37010
55854
8608
9049
36291
8117
47836
4470
28757
19058
11059
519
12242
7273
39159
8971
20935
48356
17894
7186
45772
14425
65300
23627
15356
20219
39765
3994
13938
57390
30177
15918
35619
36048
37728
7732
55938
41080
9815
12089
8394
33602
51814
60714
19550
6476
62566
44411
55533
22242
36286
13183
567
40967
62125
21100
10101
33122
5138
49279
53906
15727
55802
28135
12862
50455
31387
18181
52322
57293
65280
15125
65535
59747
22207
46596
41511
29822
53502
321
22765
4855
44117
52274
3829
17453
10178
44057
22725
41040
37346
54328
29687
10645
5269
40257
14886
46665
33194
3723
21513
27155
21366
486
46275
6527
22187
28862
44010
12739
13524
19060
37993
52692
56704
31390
4450
39352
19730
28106
23993
17962
37837
9436
37635
8621
12627
17487
38693
56192
16509
46241
2055
19324
12164
11711
15998
25639
52411
3426
37709
44682
33386
10828
44717
41582
43014
7125
50929
17664
43615
19434
2954
56841
27030
32523
45419
23998
45087
40824
57494
44032
9026
23249
19747
18895
61447
19659
17947
54091
55229
9637
24131
64192
37430
3178
45605
44875
57010
40027
6553
42470
38192
2793
18129
5984
53222
39469
25088
30381
47602
28095
6947
46903
51401
56349
1626
10114
23430
60852
56553
18286
49557
62505
43112
8183
11466
17530
9495
57791
50914
995
36877
9013
27473
11284
57482
17007
63464
38994
35399
62734
33596
31276
22872
4538
59964
10369
52333
4240
38636
3031
64857
20644
1273
55207
29095
12667
7117
20273
6564
16656
28573
1587
50519
54302
65228
64358
5173
27159
28814
21330
22070
47194
18608
13759
45151
14548
13573
26312
23925
6243
48176
30208
26083
5028
5444
28206
36015
1676
6170
63852
32947
48784
62779
51879
14762
26051
14309
11758
57596
26447
15815
11648
49298
19176
25846
4252
11429
5603
2301
7060
50748
65038
45085
11149
12595
662
27101
15552
15320
18874
23749
8101
3229
47595
15869
50034
36201
53960
23159
12801
13887
55403
15095
33335
52604
14544
33482
42374
35163
3318
218
4069
9330
4415
13718
13781
11980
29701
22622
62582
44257
20915
25400
36394
58269
22889
7201
56673
23745
12371
40616
44225
20190
18321
26559
25596
43543
62953
55107
29571
64126
10311
27770
2029
46719
27136
5947
62151
55277
551
34238
2496
61621
11401
15286
62932
23189
59563
42164
3545
42955
10146
47527
3073
1131
28946
21716
12858
35445
1828
54277
44239
26439
48093
58206
17087
50823
28995
26085
57504
15017
28104
26725
63282
7061
5674
6558
61199
50039
15880
52497
47735
40757
44930
26326
3535
38757
4030
32684
4406
49897
13792
46199
63927
24015
63050
30578
31931
62899
10217
32584
25924
64703
21189
543
10690
44062
43724
30988
45183
29165
40585
51334
30271
22432
63859
57326
53044
21147
40745
26528
29563
34291
53603
15920
54288
18612
15796
34614
41007
51751
5945
17112
45920
44073
53486
4326
13927
59196
29550
41070
37234
10207
12275
47524
24358
52904
49438
36853
25996
6088
40141
42517
58016
26343
53124
8528
11938
27748
2581
64825
25310
12957
5075
24694
39681
3488
42376
17518
54659
64686
9313
30594
2630
52633
10025
44500
45193
62104
1873
42862
43208
49365
60967
43633
64856
30110
13310
14872
45295
10883
7038
40903
51477
12844
49057
32170
29841
21115
37176
43753
14149
27489
47323
52684
29817
55404
37305
51837
26566
5196
58447
47797
55524
5991
59192
1795
51576
3277
53804
12815
5219
44385
33629
59102
2651
5634
57994
51049
17980
59171
43210
26721
61681
29232
25579
3723
61769
44465
54807
2029
33411
17823
5945
27392
7640
53852
48973
13205
39021
18659
53402
59163
4875
7236
11939
56179
13225
56146
47029
42037
47474
37671
6642
33994
61668
54353
60565
42164
51372
38856
17007
12787
37456
57322
3299
41031
23114
58169
52415
22426
18195
10896
37024
29271
18865
43246
59665
57756
22123
20007
54083
2040
19946
62666
36403
40468
58030
46706
28840
50307
32241
8466
23308
33452
25311
22470
30288
22634
10989
19241
56686
46193
3274
36907
40232
52940
24289
45441
47862
40340
38499
59406
52769
33932
47014
44661
1324
35364
451
22424
33657
22393
43923
1341
35549
22536
52275
47943
37654
37863
7526
29575
38508
26958
45735
30891
31016
59452
50158
45625
56843
7928
10733
19521
48909
14278
8379
38146
7091
48479
14904
57224
10068
54736
20960
42614
1646
11624
2445
55967
28202
40345
21109
50956
51179
57663
12976
40526
17624
9983
20637
24347
38035
9619
39401
45387
41954
23784
60970
35426
15924
63386
25603
46837
24565
51152
27472
35148
28131
22301
30453
10652
44039
2160
46765
35802
7715
53436
61195
4088
64584
30559
61816
24206
56899
10044
54868
3037
22655
26381
28246
26738
30018
38740
26361
3134
42859
57463
44975
17228
58657
44095
13821
58814
39099
3381
54117
6211
49371
41886
36941
53297
12740
26787
25062
25022
62856
7906
46553
44031
24129
50534
1317
15957
10398
41636
56032
6525
12054
6028
55348
61912
39714
41889
21318
29200
46945
53367
59968
14330
7026
6484
21081
61873
34445
52827
27956
11103
26562
61628
57214
10344
34884
25191
42248
35797
26785
3324
51047
57407
62337
414
28496
58789
19805
19001
56278
16471
11320
9228
38794
42639
55300
2942
43414
1854
1482
15810
5460
58248
10551
48950
27322
44134
10281
48403
14037
34236
8200
40092
11551
25436
6706
8406
56084
24099
25067
35584
46146
17694
16623
10510
2640
10489
32636
22584
52258
9103
7738
8015
17393
26837
49995
35470
18410
22274
44228
54037
26966
53662
49109
58262
8071
63647
33861
42133
9097
21911
47084
22143
52489
41487
13377
54302
9418
9411
55633
59613
47655
31668
7710
651
65075
41544
55611
58703
23723
64452
38377
46931
42802
64998
7325
15401
29111
12757
5364
61866
60785
62133
49807
45364
51714
60567
34292
11656
35628
53403
32511
42796
11050
42721
59525
34673
1630
49060
33680
43178
13630
30483
64058
41459
8098
19214
28739
28505
35581
47776
40896
46739
43597
62283
43352
32978
30072
1043
48464
18270
48120
45989
29948
60931
10210
3070
783
11043
32951
55437
2580
37879
62173
60033
45292
60409
47803
24657
53560
21577
23591
12956
60978
20725
34601
14102
52797
17262
22178
37759
52445
53349
48124
17541
45670
21241
13730
9543
26247
48973
46443
7520
54232
52032
51711
46547
31192
50380
53024
43319
44011
17064
34352
65505
63453
16721
52398
23949
16089
45458
33993
19102
51946
50240
17464
6113
16689
57249
51680
45885
14417
62584
11400
39464
32965
1833
65521
702
5279
25122
64618
43551
12819
30925
14928
57842
24493
17418
41332
10747
15708
23033
43810
1238
34961
9611
20982
37959
35649
28845
37773
15393
64894
55552
38320
56125
22154
34836
20099
15858
53648
55092
43722
44714
22816
14507
53177
25178
63512
52294
6384
32607
57063
19655
26938
25659
54955
1614
33947
3783
11320
2520
19163
15523
32143
33085
63777
30246
57256
58621
29854
27637
62169
24969
32315
58178
16007
52722
9047
47816
43870
17668
56762
35849
9268
28266
61949
53544
39689
4123
46205
52079
41301
29671
41044
64260
38440
24712
57921
4267
35433
40760
10261
45640
28303
14206
37719
7050
30277
345
34120
33786
25223
64718
45537
57339
22307
28610
3027
14534
9747
2484
19537
63020
43132
32152
30484
19612
18481
25049
4450
65016
6980
20683
50303
35927
46651
54515
38898
61332
43160
42788
61339
14526
27113
13940
16977
54428
16484
49113
13741
50580
22426
47927
27454
29408
26472
18282
21030
57610
16375
47470
49348
47902
58881
35236
18252
32497
58901
19064
44463
10902
38094
35796
16144
35376
27663
59377
58427
13437
29736
5195
38050
41735
60322
1328
62646
28978
25558
30992
543
20756
42487
60873
15559
5071
47086
46886
62206
27606
55191
2411
14002
62804
23643
37538
1213
25786
12778
46663
8351
10465
40335
57962
25762
1014
40353
24087
30603
25914
62647
43023
22070
35706
56157
59223
24822
34438
43155
25265
10910
60144
37247
48662
6900
34312
52782
44831
37083
2028
23988
25606
12461
31657
48696
45852
14026
13964
25724
62507
54131
49322
21999
12935
48491
53257
10785
64352
7019
36171
18021
46494
29490
39018
24014
52633
40729
15209
34328
56454
10962
1026
37390
17877
9426
7369
57914
58049
52759
3754
16547
39697
6903
47806
36441
56072
49625
18605
51925
31926
22648
16534
4686
18844
20542
58117
45376
36289
31046
59067
15647
18348
4154
40153
36759
1138
11856
17461
49755
3173
40997
10603
65239
57317
30548
64476
35155
34636
33463
11639
21456
22940
34343
55499
61963
44354
32589
38102
47368
33637
31547
51965
58825
61726
3932
3238
45978
6557
29226
64656
63770
14387
32673
13851
56468
51291
56517
59049
37728
37737
49648
25634
35334
57468
22211
59018
19949
22929
59962
20225
37632
39989
34516
59430
22974
8987
51050
25308
24196
65370
5060
2109
57229
12996
31339
1473
957
15164
5569
25519
64974
15421
35650
58558
41518
54512
16106
7374
44832
17036
60701
41807
56797
34673
4641
45456
39807
6514
30207
40426
49613
22904
43294
1960
57576
29795
58673
52864
22478
30615
26768
48882
12533
9706
47736
26285
15746
27876
13191
22271
64312
52000
47332
51548
43562
47447
14599
2927
41590
56568
11654
49269
59710
47014
31354
17861
64404
273
17066
18892
2027
60273
54038
12883
1449
39564
11484
4058
58289
8096
27123
29556
2216
190
61131
2577
24442
18851
46929
53411
11341
32385
65282
35753
58302
47857
19063
15786
2282
32667
9839
12628
407
40844
22940
4572
57848
48900
46120
58230
44047
14122
4908
45634
64532
16627
39478
38807
23230
1843
3084
42831
11508
24604
51890
56601
17766
5125
25363
15736
1916
45498
4641
26567
48625
49052
26910
29926
24997
36947
56295
12676
62422
49536
60248
50773
39276
56513
57502
19592
42775
5322
12935
9254
8803
36125
62428
65457
49215
58864
23918
10416
32325
32830
13883
65006
64571
11478
21337
21010
61649
57605
24631
12857
14587
25794
52684
4368
6556
33815
19722
51270
29519
10816
9221
37987
45266
20017
27408
23041
2841
59488
838
30681
33561
55742
20143
21331
47559
22124
58131
39451
43145
50553
40201
61154
13916
58885
24367
45734
15913
61840
38330
33151
35933
35320
51104
50701
5413
60965
63759
2018
40272
21321
23502
61740
29676
53178
29818
50491
62732
23599
1093
27986
46595
29704
63596
4509
36870
31146
8990
44628
4471
23226
63556
20225
59704
59836
38781
32065
50828
22339
52961
47479
12720
2837
55602
50064
41699
60410
60634
25240
64926
30697
17498
16223
48702
8892
54583
26067
36355
62889
52011
40406
20140
19621
7026
33861
59854
39091
61808
11193
13127
60626
40867
35010
32144
23933
5236
29471
38990
8407
30527
62095
8801
61894
1222
18325
55477
21214
61147
51012
57941
33008
63889
61553
61899
49865
10118
39312
61569
48088
53896
5214
35964
11054
51065
536
55861
15455
41929
40297
12163
26927
37836
51899
6790
20729
11370
14361
11553
47483
42450
34548
49827
43039
20562
51445
34610
59802
32680
64786
41320
13760
27343
27101
55256
50786
2822
28429
56609
50894
62810
6440
39351
60519
55760
24517
36531
53737
19488
10606
37801
56889
13534
31960
56176
53438
18622
64772
43656
58298
46107
47702
49741
64813
17176
53626
37484
33808
19357
46161
63680
31234
10828
18118
19339
3795
34584
30585
33160
44378
53030
20008
17062
34004
29853
4897
62316
15245
52165
42893
42518
10154
1347
10638
20319
27129
36513
6878
7084
22943
8948
52135
45847
5677
52731
7776
624
3769
50346
47254
684
60091
21799
55735
32003
27627
30023
20343
56995
64141
56329
28998
1165
53287
27073
16821
12921
47638
63190
23312
37510
8334
20149
61922
48745
3748
25122
10667
43948
8137
5408
24846
45954
33271
16935
45190
23345
36257
48910
49894
24422
60229
65133
30574
18622
49480
10119
3710
57580
60676
22001
56689
3614
26771
19332
65530
11079
51378
258
46298
63103
7251
11795
11194
59938
13907
63948
39122
62750
50933
63842
25265
4802
11000
44618
46501
3051
54872
7645
64618
39287
31478
39938
41272
59863
11316
62324
21447
35340
43029
61611
55607
52469
46292
15985
10686
2157
37509
22027
15330
7976
14401
31262
19196
52630
7335
63859
1896
15817
18202
30969
36370
9261
1290
64204
64900
23044
52925
58262
21235
16415
12859
28184
19710
30465
43784
44361
57922
51657
7498
33767
37982
9283
35367
2181
22386
14928
57532
33910
41035
37077
13343
46586
42338
23625
45102
10126
35213
33582
5875
48674
19337
50232
54430
29677
28160
60756
49802
161
56716
51320
7058
12325
29141
62285
9753
38986
50495
3129
33343
23425
35164
14263
24129
17139
38225
41461
63827
4266
3785
20337
45763
63154
4502
39105
40011
20465
26296
11201
50256
45393
22306
58628
55403
55116
40064
2357
49787
33079
2139
10684
18791
8303
7067
56275
5910
64729
6463
7705
9149
29340
3484
16154
24165
3763
8477
49946
16983
8382
3390
54958
18039
62561
38360
8530
19931
24901
9810
40925
46816
5676
55879
40522
39043
46310
6395
30266
64286
23703
37059
4404
49047
20700
54041
14474
45833
39472
1679
55453
63918
41543
58857
24741
26777
52129
20247
24412
33118
33825
25469
63516
27011
49447
16133
18800
51670
55162
61498
54295
34547
52020
56468
41553
62121
50211
56140
64771
24731
59587
29764
5570
28850
62410
13986
42465
28787
40294
12016
63908
50071
18319
32877
41392
53132
18176
4915
44710
51203
18052
40029
8547
5162
58595
18166
20410
28670
27865
21487
22631
8921
17302
43110
15239
45918
12486
55199
59396
18377
26124
8192
33512
51338
48623
23700
43572
2693
52765
9809
26490
39489
3904
9722
48708
17033
47528
25241
27366
2935
65338
5538
63419
45145
13583
21774
16820
13036
43653
44255
52553
48482
65155
21329
16369
42499
4081
9953
57326
51463
28526
43202
5669
5408
18766
11883
48067
25419
34549
14258
46216
54102
11265
45704
54874
40787
25285
51674
47041
49750
39894
56983
38443
25678
43616
35230
10292
20317
60083
50340
4985
27371
54986
52834
37529
32447
27181
7233
35772
7727
33285
31179
56027
58138
54389
30177
58258
24370
2968
47417
61690
20655
14211
49679
40373
41202
1595
52402
12314
37132
2663
54158
23754
15086
40261
42181
40480
2802
47290
58764
49804
29734
1975
28182
35770
57606
6074
6836
14677
47993
28839
27118
64914
40909
5090
63838
43848
9915
29740
30819
15062
7226
45833
50531
29935
47002
14578
58810
28682
57232
50471
26401
37928
58265
60704
40490
4265
10178
20795
57236
31042
5524
26300
13654
56534
9157
51028
25446
50288
2130
49467
60150
30438
51641
6681
42276
55590
4757
55646
54060
52920
61254
7961
33192
53131
53506
54361
15695
14631
59539
63821
45589
61270
47594
18393
33648
34249
5461
56221
2675
32083
27588
29957
60778
16117
36884
35790
34250
2560
13912
533
30965
55877
63128
40125
33526
8427
25550
26375
44009
50853
20341
42379
24321
28157
48153
10187
36832
968
46914
39214
59533
15361
44849
62437
9671
14404
42515
42875
26721
41736
39015
40350
50769
32329
38599
35719
58868
17775
17833
51017
19273
31218
63083
51224
20278
21746
62754
53483
41385
27379
60636
62718
41222
5495
63745
60765
21364
2281
21632
1457
37314
20643
8481
52334
26408
28497
46534
61348
2000
9332
1971
56096
52386
34352
16248
57258
9345
36088
28237
57247
31248
11589
21642
27399
55336
4440
48477
50327
46482
65048
51264
63821
20735
14378
16144
26444
16840
44987
32074
31236
56656
9936
54158
54023
59237
9994
55662
2613
45625
8242
12089
26105
30509
63630
27643
50698
59129
33535
37516
24089
46007
47465
25365
31170
51959
24864
40495
54175
46741
30717
46044
57110
6032
16460
9658
54374
16991
4686
57865
22667
60191
58381
18823
23373
18032
45072
38126
11975
20903
36665
37269
9049
7536
51390
1574
13637
47245
51220
32364
36644
25174
56183
52821
30987
38664
31814
7917
45945
50370
24065
33182
50362
53928
47159
20798
41089
11050
32448
62251
40951
19851
24990
12458
52640
14518
43864
11783
37956
59313
35704
23927
59178
20196
16249
61824
18305
37830
25152
52367
33533
56863
53961
7213
6370
32594
41278
63663
19728
32199
7951
28528
1467
25293
25538
60230
24543
64095
35917
55641
16053
8883
13073
24800
61268
33720
39701
11488
24919
13388
58563
28216
60258
4947
49352
33163
55047
13141
62127
60817
41612
43205
12449
51053
45660
35009
20041
4567
57597
37687
46288
64376
19469
64312
40898
29321
33210
10523
26177
34434
20443
10573
9196
26206
23937
19090
54425
32271
33205
31252
2089
27224
36364
65442
49725
38979
31502
23943
59328
42367
39819
44466
51332
48812
281
33673
15737
237
50475
38071
31471
64879
63486
18912
17691
11676
962
54455
37771
48189
38092
3454
58234
13419
22030
50144
31943
47086
24708
1189
50600
38512
46303
55731
49222
42101
38717
44032
6359
11602
6968
18812
48435
20698
52108
41105
5845
57146
52685
57443
56533
14894
14926
22869
26214
47994
59546
13158
55087
2524
57064
36359
24421
20172
53768
27159
5880
47497
55628
11336
30809
56140
17229
3026
10172
13077
30756
25468
37727
37890
36650
38944
32852
8896
51424
50963
62805
11988
47344
62422
64634
40237
43996
12783
37658
31708
12390
54726
29864
11226
22583
35714
42491
39623
57462
6137
3768
6694
28983
15493
5826
50885
31542
13484
62404
1493
4668
8457
16615
55201
50478
32332
25605
52879
31680
19466
58477
3837
50704
49734
51697
63968
37964
4693
36615
49542
50461
48265
17865
35074
23035
63047
55064
21044
28484
54264
18149
57667
39484
50290
38103
11430
9892
12948
59010
48741
18539
2684
40151
25976
15864
15967
52049
6457
24295
61814
26173
11179
57936
38699
56449
10179
4621
3571
23428
27721
48614
24781
37024
35231
57558
49784
10618
64736
37239
9345
17365
18156
64651
5831
50968
60500
7707
53490
13574
15985
40162
50705
59432
32159
61647
58236
17179
52363
33564
20640
22542
50664
8445
16305
37961
4569
2765
27745
62613
2263
980
47097
46109
21619
22583
5583
16064
32823
55153
31418
27401
52002
31432
10063
22442
21438
3512
20447
47921
48312
18149
65374
15591
9754
46114
11536
11563
5200
13341
11551
18837
63362
20449
62979
42156
52294
45484
25273
28520
61776
22312
29989
50608
10522
39222
22788
44424
58552
8581
42106
33523
43360
50415
48131
30638
60653
50248
28253
31275
19396
17548
58415
50824
45918
23937
19920
1083
61052
62615
574
13426
25971
3076
34676
27090
54367
22808
18572
22930
13206
36814
56457
3833
9938
11223
47697
62073
10481
25573
18959
58596
59290
58685
36784
53872
41350
35663
5949
38951
56014
43460
50834
40254
28646
12365
29182
37331
47673
17417
64986
52335
30712
26587
30487
9746
1349
15995
19662
24264
47441
5910
47445
50920
5581
30292
55050
38059
8992
48158
39067
39577
1130
11865
20253
30972
11985
24994
24397
29576
6265
24560
61206
37231
44062
35189
10893
10492
17863
33891
52480
6480
14747
59162
4221
12297
337
16430
57579
58835
884
2672
19645
63707
57216
24911
6978
23270
48645
42580
48006
53520
20832
51125
17878
45489
22404
65211
40995
61956
36922
2060
58984
38613
24361
13655
44732
28516
14605
50749
63537
14900
12250
9051
46533
18116
29645
8402
82
56466
27018
12844
34032
17476
46247
23645
9176
52015
38776
16647
37390
8181
65357
49977
3116
42818
62922
3007
45087
35053
23995
37318
31947
37600
24233
27615
29654
48614
41720
36648
36162
60996
33563
26041
19172
39650
38512
20669
15597
36974
7548
41116
23675
21986
52707
54896
14466
62279
53710
62759
61849
57311
61337
46535
42415
29028
60385
1019
42658
33537
9993
3333
5499
26669
62087
24567
48645
55172
40158
42930
43251
11336
6474
60369
34191
28394
59254
10364
31706
54610
50197
21071
18820
39699
46847
49337
23859
53171
22163
60423
4808
22081
5621
37948
35191
60470
40346
18005
61898
17283
43280
47838
52882
29602
17625
8154
28717
56088
285
38522
33659
53143
65524
36427
20287
55118
61474
21875
31211
28806
57411
26293
65030
18179
30079
50806
6621
54107
14263
25520
44975
65281
26020
43971
18195
19681
28421
27599
5748
42888
24517
12213
23270
42142
38275
6460
20343
30059
53
6613
64180
50934
21493
42503
17063
21117
3159
23975
5654
52156
19635
57591
19969
15286
52848
18038
35451
5384
22699
32541
17752
14636
61130
57036
8873
30458
35268
42825
65038
60060
35321
8339
56755
47248
18774
31264
61142
47349
13312
33181
9869
56031
2557
40281
38562
48346
44029
50552
40916
8175
49082
21418
38934
55885
41379
56231
50970
2573
26257
9615
59675
52194
1414
36689
43386
782
5942
20910
65399
47452
6007
29765
63453
17116
16979
6436
53544
28399
65272
32266
24075
33164
3093
62133
28681
36466
35319
65391
23155
42468
11169
45082
57534
58623
34088
45039
65199
25973
48418
10951
55898
37063
27837
39321
60137
39590
35977
64466
48821
14473
35905
2231
11048
415
12162
23412
30298
10996
49393
30598
48511
6604
40678
42117
56671
62165
58196
62212
60838
18706
2156
44813
17793
24083
49369
51495
39491
17692
60436
61698
23917
7557
25536
2418
15424
14129
35895
18235
33216
23254
5011
45648
54853
63437
65334
62545
46686
28053
21313
42409
60850
23859
2831
62271
27415
6314
64730
27525
63444
5756
46348
19095
36014
47130
52105
38090
33187
62116
3318
6663
291
47437
47235
58255
22674
64239
57604
39053
47579
22574
31987
27377
29835
19679
53681
50776
631
36360
27501
61283
63160
37888
7893
59056
34619
36735
63400
65228
6548
39597
52740
28274
64863
542
37069
46872
31204
9658
36155
7422
46462
60474
49785
40565
11967
6474
50402
23700
8252
3498
48896
44485
54970
63021
62335
23575
46677
23824
41698
62411
47720
5920
3407
52852
17022
29080
53638
12336
45311
2480
11452
15966
57218
21885
40740
54339
23708
16102
45699
33150
27865
4426
5986
12016
3639
46193
17199
5185
49018
25481
30337
50846
64017
48861
28427
9905
32888
6872
26505
2069
56777
50775
31213
35008
11932
15943
15496
18910
29497
36170
39164
19728
53698
3802
51114
23138
50839
37972
52412
23614
22130
21227
10826
25712
8138
61448
17349
15217
395
38100
5687
7013
37726
37043
22752
22612
31597
575
38799
20504
15335
46695
5386
3208
62067
51057
21858
14707
58403
25132
11280
12372
51625
45055
31225
8724
20212
6440
30139
48308
20333
47646
60063
41379
3635
49380
13839
59659
46607
20327
24356
47176
13706
35252
33645
56319
1974
44390
12546
27953
20963
36197
4675
27835
26451
51977
46963
57977
56620
65467
31104
44754
26374
54474
26930
31960
39081
27863
25975
59787
50025
23526
41505
65055
27416
15720
2052
46495
14936
52572
25612
60919
2725
35314
1631
21055
33289
55029
52190
18857
45222
30751
5832
27497
49280
47408
64860
46333
14406
37570
56294
31259
47791
63048
48613
29987
31800
64480
27663
24483
62012
5222
3014
58772
42128
45684
65245
36770
31661
2909
53903
30070
45764
2000
38571
23427
37223
37388
2827
1260
47092
57350
10865
13138
43634
54897
9023
53374
52467
17629
290
63180
7345
34092
33347
5494
24834
10540
18140
15235
61172
22868
56656
64647
4086
37736
15355
49275
57373
40467
48068
60039
30058
54863
21351
59971
43743
38185
54874
48813
28028
40886
15186
26094
52434
23148
20803
18247
15245
25675
19192
56807
52858
2676
8757
40765
60695
9675
34684
44377
62558
37965
25238
30340
8556
44397
51745
35722
34596
13988
44001
35697
30895
16115
40014
53611
39583
14488
49224
45797
40517
46980
41931
51400
35789
23724
25906
10704
49155
25258
60779
33218
57049
55527
15406
45525
21493
33184
17209
65241
9741
65233
33686
59651
27374
41630
63991
47843
20942
17829
15624
21969
5631
43077
4043
26106
60537
416
8654
20423
51163
18953
55633
3057
11115
56661
20858
45227
14468
35897
3760
19511
11729
28636
20633
21358
65011
36965
22089
9072
30959
11691
55573
8827
64741
17758
4747
2992
31980
23163
30131
32887
35309
13034
47440
60372
58334
36517
26296
42498
56940
47060
49861
59504
41760
57529
13373
32502
2647
35728
26560
21734
56039
31847
42555
58657
47338
15663
2560
9079
26199
54399
55095
18382
29485
57463
44536
29137
26878
28252
29797
18375
28657
31322
8259
12948
19293
36728
40630
21040
49595
48415
22777
21790
53448
39952
39524
220
45974
11044
18465
46389
27235
10946
18461
28080
28255
51169
4043
53006
7212
61823
26150
53589
17603
56745
30036
59597
42301
33940
12504
45230
41346
6730
39340
33132
5593
24638
62250
33356
62206
45855
10775
44928
23869
35204
12125
3542
26974
56256
39445
12493
51724
28456
3545
5667
33622
40789
216
11327
22852
52571
14401
63691
16744
21588
19094
64180
10939
55889
32429
8650
33593
5349
63307
37889
18321
23464
18802
56724
39527
50100
47019
36804
46210
9875
13620
34617
32484
18347
60899
32149
38369
61369
169
16341
30410
63472
26923
55744
46568
34592
41758
46604
166
57702
46386
12790
16875
55680
27784
10297
687
52354
16611
32421
51463
13129
65137
36535
50771
55256
22256
4732
1105
52925
10641
21645
12088
22459
45270
25410
35786
32416
16490
50202
54558
25383
28924
22729
62956
13765
35052
5227
14136
49454
17678
18490
11562
33873
6519
13113
30318
63231
52846
20240
38216
65509
38767
51953
7145
1067
31620
54911
25076
17324
19853
45666
35899
19320
8759
55016
32827
37494
38947
37786
10748
53973
2599
56784
49831
49578
14351
65450
49132
53671
45238
14159
57737
8726
62791
1946
49944
39024
20957
19031
49762
52464
42900
67
33128
64131
39428
40838
28754
30121
46939
43847
54233
6856
9321
55828
27595
48287
23026
3405
10084
63639
18973
31098
53807
4895
22456
56166
58502
52537
55834
13985
22015
43794
5247
1500
19105
13279
63590
898
15714
19587
53978
19627
27021
31588
42668
51597
2562
33472
54365
63604
6474
39795
46810
30643
46028
34995
48510
55964
33293
52760
49637
48721
57363
56428
22771
11191
42949
47560
2899
11292
28417
38067
42104
3892
49898
59983
61747
64727
49549
59547
64314
60557
59940
10933
24443
58147
54145
55804
15066
45483
32427
28967
53729
6857
49192
58140
45088
43774
55886
47454
7231
32892
36617
31013
15619
47234
26036
9228
2108
2826
38949
19250
65326
7799
21505
54261
57695
40972
34866
50445
28702
41709
551
43188
11851
46528
62611
30145
41483
36314
47934
37175
39631
35312
60358
42503
57179
26396
29854
15031
4130
14664
56147
40623
28207
31412
31024
12154
14619
55589
22667
34666
42702
781
43377
12883
17589
64314
9751
6397
56819
3095
50793
45960
33959
43887
39519
48615
41899
46357
60966
28113
7469
33740
52114
5355
8633
40679
38062
62341
43993
46978
19951
58198
56851
19927
48903
25551
35601
18602
10224
14852
39399
33410
120
10770
57654
58171
31493
58402
5038
8740
33580
31539
63531
30690
20799
7889
19908
41097
25484
41430
30070
3260
46790
46645
63070
38214
4760
8238
49125
25403
55856
1152
24007
31744
21526
20373
2374
8354
17596
2799
43963
45915
731
41248
51090
5107
59574
60737
54375
57051
62080
31299
25432
17526
11817
42732
8206
11116
10901
4238
6905
37992
14028
34875
22619
47851
6579
40197
51354
59907
13266
21799
10545
58476
50924
57290
25556
6538
57743
2935
48486
48027
30600
32413
55116
52616
11378
10556
18387
61376
57818
17033
50210
19887
17765
41588
48286
54850
30966
54566
13933
29224
18037
7929
55802
38775
42731
25144
55871
41932
19527
2777
59119
19349
29346
51199
45944
37016
12500
27304
27339
47446
38398
65262
37833
63559
8821
49024
45948
60179
10153
15727
6236
32746
5503
45643
4772
45067
51326
47755
63587
30948
22477
40606
40375
6691
52293
49559
35171
58813
53390
22950
25399
42091
41922
48851
19570
1181
59236
30336
48872
33883
56751
4262
48373
16003
50609
36544
27021
33665
55150
4830
52072
151
19052
26552
32015
8876
22594
31912
53666
49137
35716
52098
40155
59268
39252
47442
24625
35789
6290
368
8450
5181
51729
54581
8404
64511
15669
5171
61744
9428
6879
5018
5393
20617
34839
17388
43386
1038
30440
17287
61399
41216
18547
24327
8596
27259
12130
65105
43232
62231
45325
24928
36869
50187
55839
25902
11935
42330
53415
31417
9083
21059
9405
43169
39663
5161
64890
3705
63357
22746
12156
37729
35562
42889
59032
22071
41059
7656
33346
50706
3920
14351
39726
34257
64016
15030
58613
884
42021
64058
26942
11164
41797
47146
60972
7134
39329
2853
10896
32681
49199
38081
17097
53382
44255
35551
53054
20939
52814
53676
43751
45584
28130
36107
44828
54702
15032
37186
63133
57977
8825
21662
33459
3231
18323
45764
60775
3708
21760
11116
14073
38532
10844
36143
1150
37434
8381
12090
2801
37160
60663
27102
9888
59067
35998
33655
8296
19539
45360
48521
9533
50971
39928
2360
22421
29441
48914
35197
155
47092
12239
58532
7661
9270
9828
62506
15976
55971
40021
7967
36362
52711
46384
57320
51684
753
9994
22711
50967
22195
11680
30353
58407
53981
40725
32535
35856
35498
27614
20007
52378
37550
55025
32788
44011
55963
50436
49236
30249
41627
7413
10002
21983
6242
31440
37492
3064
1668
12863
37899
44041
25078
50867
25610
18280
1976
40589
4525
34962
26947
45918
30701
48932
7167
53520
20870
52461
754
31536
16046
45126
5143
56979
7849
43161
53297
46906
64336
36706
20757
51407
17655
49122
1684
64836
12566
46108
61918
24416
49108
11585
25317
62977
4840
28705
1943
34406
4315
29629
22942
35194
56306
27770
30400
5905
62289
20422
33704
64930
8812
60842
12486
63781
26030
21528
39196
59653
62584
11777
56226
37972
16453
64574
49709
23919
958
28931
56697
18075
35163
28225
23561
57337
40566
18351
55930
15389
45048
31970
1697
9490
57850
10370
15944
32177
51035
19025
23186
48608
37055
17795
18484
48265
29826
20790
63295
51144
28752
3767
15912
28540
4376
26071
54371
5626
39990
37284
11087
1792
53709
55670
28003
32435
54370
37366
15220
53602
57956
4506
64699
45195
31179
46619
39224
3027
32373
9196
8694
6784
49773
50700
3436
5803
845
59405
51059
18064
23736
14519
40864
47934
9233
30192
37492
41901
29661
15059
6796
47207
46493
24127
52231
17146
3043
7903
50900
27104
45161
53932
19096
60876
65041
44543
51211
49539
10726
28454
48723
17982
46950
20516
46998
60159
16679
57983
28428
58701
21644
42301
41884
55457
4422
56539
50443
33003
12921
42219
14094
15150
7261
52322
57129
2495
64733
42252
17478
21940
5755
33872
38315
54675
36252
16730
44816
57488
5714
53641
35015
4599
16441
55069
21685
3852
19838
54543
49814
56430
21978
38670
5725
6749
11687
51343
45472
56909
18307
44583
31065
36496
40870
32447
25312
15971
58141
55560
14271
40269
62860
18053
48269
9996
16994
39092
40389
3372
64410
10101
41125
25045
22279
5334
57576
8923
46322
17526
52210
47192
30318
48673
36684
38103
18858
54775
15716
49160
48411
3546
1638
50788
9827
46932
24915
8598
51476
4808
48663
11063
46541
25432
55533
28944
19327
40457
31594
50967
11526
64065
35145
21825
39138
16161
55995
20378
61522
41007
24342
3968
3908
18259
26046
6540
9814
33226
61764
54714
44875
65422
54195
43598
19098
36846
52727
12257
25754
53207
4807
42412
14813
5793
57329
20927
12511
59890
23161
27224
50877
50873
10173
51543
5470
2838
63688
53188
15549
5305
27040
36109
58930
20589
10014
47842
21492
10261
664
39258
48156
19091
1995
19196
20449
52476
26551
9018
6807
24437
10980
61179
62839
32418
40612
49059
37609
39719
24812
12995
6931
38137
53753
40031
27500
50441
39234
48340
3011
32579
36384
44601
26941
6818
14919
56899
14853
45286
36220
30535
34003
19367
65049
16022
12488
24402
9717
6453
29043
23552
20332
61677
1412
18822
14295
27067
48005
20529
57133
53069
29399
47464
46379
15613
40896
47070
46811
50822
32892
13078
57962
59642
34780
65469
49594
23607
60893
48688
41784
30641
17623
6290
44030
30933
16495
28085
2826
46444
44611
42021
29261
23478
26676
60587
2289
10997
25794
7627
7117
23484
48340
52234
53027
11975
53834
10169
37359
47464
54770
38191
38160
30061
32034
48803
46754
65344
33764
6138
22892
21596
62743
41574
17167
14964
62414
44005
10904
3268
25628
27542
39095
48747
47036
49264
6854
62161
56664
47976
44740
28415
4893
42820
21413
50040
19711
2051
39506
29312
45702
62049
15016
37294
56619
45120
47169
64552
19628
23202
20098
51885
35607
57645
54433
27904
7850
54873
22447
32246
1204
45270
46607
53999
35730
19966
2688
4132
5377
58449
45528
26559
36179
27291
18059
8471
46338
3602
51781
47514
38724
47993
26094
16642
14150
30980
18637
21196
34724
5030
35454
16992
22137
27223
32628
48310
29773
45794
57075
57262
45574
65082
46075
25237
32588
13522
40020
56484
32120
33909
23154
35720
39770
34066
58638
19664
31335
3975
56379
37544
59941
8607
36966
24551
26145
5034
48016
31315
17216
50526
28246
49248
51784
48842
52871
47312
24784
21546
14112
64074
57822
51195
64448
37057
32718
31744
37118
37303
18490
62207
55801
11441
46719
1096
18340
2232
24819
34751
44469
49949
16065
50296
28930
5685
60239
38736
11137
47890
62129
5708
37209
102
30335
32525
9752
47437
62108
58999
61559
65289
42444
236
35971
5666
10985
17451
3480
31925
50834
29798
63852
19268
57032
30842
53445
49238
31658
61692
14206
47429
2702
45774
58560
7016
17995
42536
51868
32236
56804
23980
23943
33326
8596
17008
56012
57428
5596
28656
22280
31482
63066
64282
13328
47543
29722
53194
39015
23996
5505
62477
30580
49188
55693
54625
55148
2508
36177
19397
51307
62410
32613
47239
13928
23149
27924
14757
24036
9370
48875
37472
6876
1935
53664
23840
13301
53573
23420
35114
14032
13119
57379
59287
8646
11736
16462
14602
4374
51364
4567
18522
29313
23535
54489
43238
13884
29172
29622
60608
60141
58545
55954
17923
10732
19100
37649
28567
30476
36514
5525
46316
140
45911
42530
23261
52337
50335
41445
6244
31841
57315
64251
50945
12702
43258
5959
375
15725
22432
131
19107
58136
10958
63848
27220
20749
38175
17132
6496
54759
61150
9330
37956
40020
18901
29039
44218
62593
62176
52729
9777
8954
17907
33381
53496
57432
35801
47578
46963
52006
2445
14289
18306
51826
32061
59569
29192
2400
50984
7142
13244
61355
32224
55140
35467
25722
283
64194
17224
26752
40042
44958
53584
64716
39001
55229
16766
49336
18700
9393
1111
42451
12253
30221
40741
48402
8555
47280
39275
37467
47586
24189
60128
64741
55899
34632
43037
40554
33415
23032
26192
5179
59700
49721
18030
26317
34397
18633
39600
53882
4883
58413
30417
37385
47509
41760
19668
388
2439
52259
18049
26250
60139
61739
59909
38654
46390
8567
8636
52987
37974
51660
39394
47594
33453
21838
36440
8432
37803
30758
45125
53729
60896
28126
52045
27781
14665
16669
24951
12995
64187
4041
59121
20027
54268
47263
59581
43931
14279
131
31759
5556
53966
24787
48124
17159
38897
56921
45320
41279
9790
40623
23458
21224
11515
11149
38811
2376
35099
13098
19697
43350
19892
5787
50471
25121
63559
47257
33840
65070
27529
50171
2614
59776
22213
61425
29448
29300
41911
40798
33437
15465
8686
59110
41463
63262
10824
19084
40971
20965
45618
56959
7325
20750
25094
9690
31785
38474
40769
52217
27344
42907
13096
28004
19842
39375
1463
11134
29519
52331
36890
17433
15770
7652
19920
26276
51361
57575
52244
37357
62733
1604
49511
34808
51122
809
4487
60020
32605
32550
8094
22027
36044
61825
8108
19542
11059
41877
22850
54747
45513
1870
7323
32978
57346
801
57306
44776
44441
48779
4555
21603
62869
13496
25591
59083
44076
27960
50207
55414
42552
49586
57786
16908
5608
55053
30279
28978
8783
60937
16723
8496
846
9477
28032
16154
659
27839
6702
34007
16256
286
50710
12695
24975
30299
53281
61844
44095
36379
14577
11015
62149
46567
40082
43688
20251
54731
64784
23107
33767
55218
65404
61470
19284
9377
35550
5941
9029
17205
30520
49294
35689
25817
64644
58475
9408
23098
41970
56712
19221
2718
14710
12427
14330
33093
53082
28255
51739
5982
39340
62895
88
44230
52789
38464
52626
40564
22735
21812
9734
41286
49467
22901
28350
58437
48044
48622
33578
46820
56188
6817
38387
51568
17975
56266
57960
19564
17614
24575
59253
15588
62199
7562
5769
13922
61295
56788
58143
21266
37098
1733
6567
43181
42911
40876
52546
18982
5903
44049
45419
7014
58516
23885
37648
48264
64160
30318
23043
28270
64665
16551
40776
21049
28810
13758
29005
34737
15087
61071
10305
24429
20737
48763
48103
17953
65055
5426
53435
16155
61014
53665
36440
11325
34269
59584
6421
57999
2238
56962
46941
48099
17782
54225
11589
6686
3993
47669
44488
56112
50917
25278
63342
58417
15516
40602
54737
3612
54552
24489
30056
37676
40018
43624
46468
23842
35638
28494
1819
28914
61581
49520
5135
10431
59842
16767
31266
29776
26636
7683
61753
37901
16507
3337
32176
51129
48299
11974
54008
40483
14667
36832
63459
32619
33092
23903
51661
26822
36547
17836
15880
29581
45315
6835
42218
64520
21527
19602
13326
51093
28150
63248
47987
26607
40733
10196
52186
7562
53204
15284
39712
11221
29921
57160
12332
27997
10180
62941
5771
52613
25622
11385
49225
55950
60640
27025
50744
24943
3241
16385
32554
33255
8029
21673
29641
57939
41365
65259
9963
38039
44335
33041
32370
33114
63341
53394
6765
55605
34470
34736
36867
31197
30173
18327
482
61069
47632
33979
24417
61175
46109
19201
56029
36784
25732
39797
3600
26310
47337
65410
37334
59555
14870
29747
16336
53805
17363
14899
52616
34634
57343
52322
38555
15442
13136
45537
62730
8619
58723
26236
10509
57808
54659
19960
19162
1014
29010
8119
25857
32914
56159
16909
38233
63330
49568
13085
16436
44002
64802
16508
24664
40266
20168
45028
2521
38619
6203
26748
64828
7882
23921
19389
43185
3830
61305
53055
46625
14089
27886
10095
39757
65310
17596
25244
7334
48664
45048
10303
54578
55596
62949
7129
52412
22595
65437
47775
41238
63487
23110
19908
54447
28162
35785
22934
1615
31064
11998
63340
35484
30158
32320
29507
17572
31582
19438
40178
55555
19211
10875
20314
61514
53165
33032
60488
45254
132
878
40973
38097
19408
26222
19576
15066
49463
59441
24511
26573
58841
19392
16630
29381
47743
11278
64968
48070
55543
36764
22902
64118
33298
23241
36156
54157
21748
21596
33385
17433
12651
50019
10490
7107
62617
46262
53925
29263
25575
27401
33874
1759
48072
15738
29368
31393
17658
9400
27081
27354
62052
15652
14170
42342
51741
27893
47986
55018
20505
22503
47267
46143
46982
64382
35369
36459
18436
13770
4704
31811
53576
44390
45240
59180
778
26277
43095
52925
42990
28343
18015
5999
50710
709
30575
57706
64926
57102
52406
53978
56469
6927
6789
36812
10918
23546
22649
2450
19274
27459
16986
32775
24145
39309
6810
18218
17429
24061
12617
46215
17252
59947
57627
63814
8742
57263
28512
60774
11290
14845
27575
37028
11976
61911
57008
18489
44696
20615
30141
36181
30659
36786
40075
46204
44442
50016
46272
37866
54380
3547
4628
1864
46510
64330
1223
31634
54046
40711
18610
55928
17431
45124
16915
1065
25512
56002
13276
52691
58464
19806
35171
54185
13175
32815
25671
16476
11165
8203
53459
54556
10064
17309
25439
62832
65316
65518
12079
14804
38236
47665
33287
48051
38400
51406
11592
64631
41431
64373
10697
36721
55739
835
27774
32951
41050
42354
6334
3314
31070
36445
37287
38223
1428
63767
20351
31248
19834
47064
26939
51027
36423
36356
2059
41226
60485
43853
49949
20063
27675
20350
6691
4366
54886
48571
46970
39055
19983
12220
37184
10927
32715
43715
7471
3206
7428
4259
14660
10504
43083
52348
27260
20006
60011
40020
30743
57697
60497
36229
61729
5527
50500
44140
57074
46508
22229
47699
65484
64981
573
57392
38316
32347
55118
42853
31795
13055
6804
60402
50917
2901
27705
45356
61679
65009
52464
32352
57560
4314
24151
29156
6554
33507
24343
29690
41359
34041
26247
30736
61810
3796
36217
45766
33040
54122
64360
749
1856
13973
27019
21129
4976
2076
7281
10039
26975
29148
17660
41299
63314
56845
13208
44939
21531
44737
62653
35879
43989
30463
40888
30428
28923
43052
15470
35295
26627
52617
38023
38201
6623
2820
15116
6747
5516
21944
7900
17263
35928
29428
14546
33865
1016
31650
45554
19581
22148
15078
21881
22497
63844
56248
53781
37167
35896
51329
8427
57400
20129
48942
57497
59030
29492
3990
18149
5431
32440
28737
3362
7829
17347
22977
26657
25868
2119
62008
34640
61004
51791
63076
33772
23714
56989
38004
19082
10535
60971
59063
48690
61468
44137
15334
35982
37976
22860
21838
51341
22163
44724
14270
56809
4511
14955
38266
48692
47932
28519
39103
24591
16135
6465
38213
55858
53437
14289
47731
3756
9123
21528
9310
15397
12453
59821
35249
29914
50165
8483
65262
61203
44377
28497
23934
24375
1979
59994
43517
400
35994
35459
62757
59272
5668
1646
6674
35933
31734
35074
9598
58532
35779
45919
50534
46522
32184
7055
20221
11540
8679
11056
5415
46225
30933
18315
4931
50216
59898
45646
64249
21763
36814
21096
21221
56517
51855
19316
693
40992
32768
4214
2
25703
28630
53275
1955
28067
61963
21137
4656
26416
18980
6628
53157
2399
61796
43698
59525
61160
6070
31204
25173
19721
50027
52115
55161
59461
17307
1415
5643
7054
56356
23965
18277
60841
40856
45498
33438
54054
63754
60108
7323
28102
16745
59350
6803
30024
5561
121
52964
45840
36074
44516
52108
16741
44951
10642
2006
7750
44785
14956
865
9878
26858
10230
8411
30567
16316
50275
56157
64934
40040
14765
15375
32214
30538
3800
64293
29737
61388
26402
19133
29526
43778
20663
27506
32448
59875
31714
30513
9558
42707
33939
62586
27015
35687
63772
4498
48855
5157
13007
59904
57494
31370
31495
62289
41051
62506
43897
31382
10649
32842
31966
28249
47406
43699
28422
24682
65388
42473
3690
31506
14093
62198
3171
47112
26268
56764
3379
31547
38945
29119
48889
11581
61384
37029
28744
49608
53297
28942
62002
13714
1504
13560
4231
27486
38091
43124
40146
56486
9091
52278
4952
38863
37835
18725
59145
17866
5926
2113
40900
42005
29612
38655
27457
47407
63943
4261
3718
14361
63034
25917
54460
57993
63312
37409
35362
10232
11497
63743
41156
18855
42731
48423
28576
1385
21721
33275
18746
41892
25946
48092
29156
27201
57089
7152
20710
33381
53077
51935
15707
21281
60175
38857
48051
19169
42253
1533
64890
43162
64992
59021
3990
62974
5212
65442
2507
3650
21713
10563
6340
35313
50306
27087
52947
63051
52454
57917
15772
13922
2605
40081
42098
65034
51341
56851
51208
39126
15533
64242
61092
62401
53778
3272
37005
36941
43004
460
32074
48113
13336
57413
2225
61455
27234
51651
5022
31839
31834
54467
4111
49071
37755
35585
29543
30164
46510
53029
41527
57080
27016
50964
19154
10802
37352
6760
57810
34865
59392
64900
50000
10575
14674
51216
31719
16503
23682
19655
45242
19309
45800
28408
59805
2761
2346
50690
51837
64163
19360
51829
50671
47170
17335
58782
41604
59171
36761
28405
55717
211
51884
56298
51428
55161
62914
41516
12860
19253
490
61627
14353
35128
40066
18636
27839
50817
12758
55397
45685
53154
30608
44824
60941
51392
57098
37124
53662
50980
1546
11119
34540
6180
2514
54822
32630
50194
49522
846
29403
25104
2244
45476
15684
5835
23113
14099
29897
62462
1984
51279
43160
54363
63642
22726
5936
20372
46545
47717
11026
56074
44547
60281
5725
17127
46786
37964
6242
39430
14450
53823
65184
41331
59977
12195
12275
31559
47176
48743
38291
25497
35335
6388
1545
23850
13644
44111
19440
13723
7526
24692
39922
52209
61447
27793
63837
45420
40111
45552
46278
24162
27816
33639
43881
4234
47583
26602
29863
53137
11651
1483
57215
57447
26730
2345
20786
38811
36427
33211
13213
59106
6826
48154
11491
17278
14332
38605
57088
34944
33880
50589
19404
17609
23602
8494
48547
14779
21970
52620
32007
57674
3603
20585
48597
29083
47716
26160
56977
22151
15208
38294
41110
15832
26732
3294
44652
26525
32752
63752
15134
27079
44313
22369
22894
15629
1053
38891
56862
2636
63900
33986
6314
25859
21854
15151
17077
49508
37097
44028
49772
52173
25714
7887
5769
58775
19193
54386
13474
42279
3610
40506
22452
15331
25694
38711
45586
48935
44310
22627
59503
4206
11052
42397
44317
44079
56426
42281
47907
26502
7439
19195
56713
43100
9208
6530
56221
7977
12289
64161
34583
58747
293
31059
59207
57744
3542
62817
40909
13589
15879
8996
26172
38308
25041
40490
34935
20323
1157
11738
45520
414
58327
27109
3212
18918
46624
28174
24347
17515
42824
36585
29330
27855
41550
50471
15754
16573
9842
44227
57314
48293
33890
9187
20737
11344
22502
51623
26143
55958
33232
58940
10748
59340
12214
36520
36154
30959
56819
51420
29552
57937
47807
62387
4373
526
60409
2974
40791
1299
11186
36870
7985
64874
51885
42338
2586
16921
54712
18891
52287
42466
54768
61724
16660
12384
38810
14878
27252
54943
18688
11355
2455
20276
41532
20274
21641
35548
18050
34989
21744
55985
42413
812
30845
39507
30915
62119
13750
62442
40463
6918
46658
32555
5442
34723
54725
18742
21644
46707
39684
40423
33228
31772
40648
5987
52414
10273
42314
21023
31078
38974
54519
59683
34700
47450
64023
37589
44272
31658
59588
5518
51019
45034
54490
22639
50050
37040
38680
14538
47363
45550
1392
59961
45482
8524
35082
49642
26943
49026
20576
2600
10743
29721
6496
35328
31982
11793
16064
9787
59045
64478
45759
12688
3055
30057
34418
81
21900
44469
60452
20069
372
18631
31094
1431
13101
32761
6725
33944
32923
17892
32943
45271
3620
6636
50499
58296
41652
4247
786
9552
21890
13344
39048
57015
45789
48384
3040
33454
49119
38970
30377
17524
40978
57963
47876
25660
23966
45467
48543
55121
19967
12582
3860
17051
58933
2702
34974
50298
19537
35251
51795
41773
48320
33802
7155
50218
51879
61162
54119
22915
27166
57543
27236
8806
1851
10958
57766
1934
7540
21984
51929
39823
12
37607
18316
18639
17389
60391
18749
37851
33424
45640
18487
27351
60042
3528
12929
32974
5810
37658
40781
19034
13741
53250
24840
45695
16685
25294
33468
24003
16838
54545
51152
29782
40302
43494
7591
41661
45459
53123
36956
30912
58351
23139
717
40649
56413
7778
2224
27976
41598
2409
1781
39484
50624
2426
2785
47037
34934
44451
3416
62531
57032
44799
32530
63634
3425
48996
35027
52841
16653
41536
4901
44560
48620
25754
60811
50538
29792
51483
55663
2993
51362
25352
39298
7023
1895
61562
31097
59258
35423
23475
45727
41513
65379
30699
8425
3925
10944
6523
57958
46317
17227
54797
6707
63830
20500
13954
15376
24953
30291
2431
54694
60020
27709
49426
54954
64690
23580
58897
18613
62522
15762
4833
20699
31563
13567
9326
55315
50374
45668
30343
50306
25069
64439
54846
60915
25837
20000
58271
53144
60558
53485
11780
40142
18762
20686
48840
26943
3485
4743
54951
33429
36820
51816
11975
41168
64065
11022
39104
29445
8127
23143
12945
34290
42531
63362
41864
28154
4252
25188
10156
380
47686
3830
19564
44176
52682
53610
15615
586
27656
64157
5987
8620
41146
43466
53317
37290
50727
4811
59578
40549
40171
15299
14748
19455
63392
29218
27340
27987
59319
13576
11280
2926
43048
12788
9624
53978
57957
56334
52153
9138
12417
62281
39134
38162
30002
53512
34550
53296
28504
31640
45688
55612
52586
51581
31428
56164
50426
46399
38227
43084
14303
14973
35600
64476
41900
50705
20977
55382
33851
45306
31713
33252
56894
150
64007
61551
56507
7421
17809
50422
50682
31
164
19941
41308
50821
8064
4464
10469
49414
23717
22509
29547
42574
46090
39060
41610
48718
21228
61106
40457
22632
50832
2624
15718
27513
62965
23693
48119
751
11518
28999
56309
60451
64165
47086
52197
10231
8565
529
5568
65019
7061
56112
55274
51640
21087
10900
17782
2313
15847
45182
8572
57066
44175
40940
44113
35300
48671
55950
51120
29566
51351
37283
26008
13628
58626
46496
20515
11508
49500
111
5539
22617
14331
29362
6449
51476
9820
39726
29463
20156
34074
51188
40924
32307
60552
4754
12100
1137
44608
19731
2479
19244
31836
62530
38434
8336
30483
54842
5538
45811
3355
58370
24305
23303
38260
39484
51080
51092
20790
60918
3229
11541
40714
61750
8849
42578
9667
12730
48732
1178
45724
20872
25235
12525
7658
41258
31160
9282
34653
14491
2376
32152
18292
21247
44748
8938
27556
42091
52393
62684
20947
58280
28410
3039
20676
22718
29069
19201
57329
36224
34249
2425
372
29952
45074
57864
20774
1267
39905
31453
63013
43624
14204
5588
14145
34235
3519
29427
45245
57028
38874
58081
24451
14108
6469
47646
22322
46165
1687
21510
24729
61263
65311
17494
16294
23431
50552
14272
2505
11679
38128
63639
64662
57977
8527
7497
28677
36898
57327
65060
37082
39605
27684
50712
56262
22465
32883
20695
58669
17511
50205
13376
589
8311
39309
12620
55726
54345
55838
32193
14315
54766
25753
60274
49030
45866
21041
64921
52669
57374
65259
13154
60219
17359
59258
28413
42254
22612
62302
19617
26494
8164
52622
7313
49793
17634
3911
4607
40624
11929
58429
51750
6278
4201
37005
14377
1913
17791
34096
47682
19976
9903
39694
33666
49067
19875
23375
7322
41456
16746
52705
31818
29257
23879
27876
7569
355
13121
62163
27738
59876
41333
43418
33144
64936
26586
12929
12050
31887
31378
6719
65406
31590
60407
16976
22746
23337
4836
18062
37332
14945
39338
59403
19237
38625
54151
42455
47712
33529
12585
62437
28416
15952
59726
40298
8099
13375
33468
51020
31238
50627
45875
20655
9312
23915
64320
1997
8015
47373
38537
57364
54935
55945
21964
59743
47421
61085
62504
48229
57704
15574
9983
23
45989
212
56404
33539
19762
7545
16307
61508
6803
40923
16557
41141
22266
52155
58921
3686
35853
29190
24167
26907
19819
23960
24595
12490
40729
33406
11041
25113
57981
9175
48779
54023
60435
44432
40830
60457
59946
65210
63436
14320
23198
59748
59146
14372
44489
49058
47132
58407
51763
29057
5715
36050
15876
57636
17246
65249
29248
42978
25604
49399
16035
31856
61177
35222
25559
44884
26327
22298
3559
39032
22881
43420
5834
50001
23442
29426
14136
11291
18670
23073
13676
17484
61620
15662
3057
12886
64927
42338
65196
58632
59842
31222
56036
47105
45096
4817
26060
44211
7839
26049
36161
62105
61808
6155
59826
9179
57622
53796
6645
13262
31250
39178
54576
1156
30376
48037
64608
57245
52728
12619
41343
22628
14161
2118
64907
1890
52635
16207
28304
36819
34660
63265
20420
8959
48570
45554
33177
9566
23199
33857
37768
13552
45814
10081
36324
54948
32789
31613
13306
24978
13105
15748
37791
4230
51638
26450
53586
48906
14569
29639
29965
31575
56084
56094
29618
8759
16500
31480
48301
51009
13229
64220
37252
31478
22995
3288
55645
63499
58858
27385
34938
1183
14260
53059
41962
31379
65226
48678
42181
49620
13323
13346
6412
18182
23605
1735
1575
19848
15982
18635
12936
12603
46373
7673
56031
7089
20187
61734
25903
48640
39975
31402
36520
62374
37798
49403
38493
36767
34333
19333
57090
25326
61743
5508
62812
48111
3788
18531
29789
61026
57437
17171
20683
33131
25080
33883
4542
32592
14623
32309
32847
38211
24588
53587
14614
3915
17934
17439
16902
7271
19240
52042
48221
59831
21412
41436
26711
44962
8820
46160
5636
63871
61085
34895
5455
48736
53647
50869
34035
29038
52108
14278
52030
14269
46980
12264
57306
47699
20117
46821
10428
59697
57615
22930
37893
23819
62282
5678
16339
11190
39084
45578
32748
64290
60140
5491
5382
39798
50611
6080
62152
37526
7331
64314
30478
40151
55264
46420
18157
28152
23050
59301
49456
398
29311
6403
23140
55051
3110
30932
59288
50354
562
52218
12610
32286
18468
3218
36935
52437
26455
31715
4086
60709
19095
64720
46332
30033
1201
63142
19243
61990
59304
31196
33508
8414
1879
3016
46878
41723
1167
49684
62525
29748
65488
32894
62742
41629
64043
36588
60026
14901
988
64348
30457
28876
43270
14949
47859
12097
23097
29515
19233
24919
8762
46669
1341
1843
20214
19724
50237
60000
38441
21127
46242
22769
16556
48001
6652
49031
35370
61624
45969
51610
28905
7446
40127
48958
10294
29310
39982
59070
32377
34469
43544
47465
54303
51230
25790
25680
35033
27086
38639
12626
405
20844
23893
5795
28511
2745
16954
46900
39736
46088
13517
54673
50173
45963
62174
58940
27228
14236
55690
54996
2115
41439
46023
52434
33947
19061
35223
36967
31895
21662
2090
4999
764
59599
8194
11281
18965
55509
31112
46808
1164
7971
7220
8927
63023
21340
28857
36748
6635
43582
53139
37619
1587
17780
423
7580
30214
12554
39853
9963
110
3574
32423
1221
30026
55222
14842
3303
26076
21568
7531
54332
22924
26017
13962
7125
61816
64166
47676
2286
52653
28843
13686
42185
42788
63801
52340
45857
73
38773
38808
1474
39899
29813
28236
46516
58248
39356
31511
18488
41361
24459
44475
61562
33373
17521
31465
53429
60853
1221
4601
15534
36792
51446
60917
48767
55165
27987
46086
4932
14368
5354
49040
17646
8802
26605
60051
32560
24323
2357
25715
23542
17080
34914
10968
34894
8100
6011
44964
29897
59802
36053
53537
22156
36725
42516
41606
16456
15137
57366
56541
24841
43125
56351
27440
52633
60451
34541
15758
36690
60538
27800
15684
36519
55013
54840
2348
56379
11740
25639
12174
27790
48422
36565
1128
38073
14532
4760
32497
47234
19597
10512
52770
45192
46502
29774
11434
22206
50250
24484
43728
54529
43517
6277
39713
46100
56532
47439
9477
58308
59501
57850
30
24484
29469
12156
42632
15844
40833
60899
39037
23948
1605
46669
21797
25516
33926
42032
31094
8395
44226
12329
16278
4890
14763
17326
175
63795
34521
56981
36800
46998
33367
5338
36293
33682
3799
8170
7237
15440
61287
57912
27928
43082
51338
51050
5949
39968
60286
35898
16325
42363
49544
42134
14601
41839
58995
30164
59774
59748
61897
17453
16650
27162
28076
21363
14049
25437
21192
24455
30267
30226
36899
63706
60443
13831
55203
8936
53707
20084
64899
19540
56589
6791
44033
12438
14274
11087
38474
23742
17579
58958
60815
58854
11037
51460
55838
11127
50959
19169
39672
54192
5030
50449
5775
44255
15748
13217
28497
14889
30999
26544
23616
51588
48032
16176
35247
25918
879
23382
27540
1542
42793
11112
15018
53487
41653
49552
59547
52193
21647
15694
54393
64197
50654
31779
37029
10411
29115
41818
65322
59461
31499
62003
52689
58620
53540
64372
45756
43716
11513
20470
56835
52246
50536
6609
40980
58556
48463
6057
24536
52192
29500
26199
45659
45906
6161
23418
59344
22823
16744
25630
36508
63876
51585
7130
57059
54429
1102
27197
9971
65507
27477
50174
21455
11642
1333
58124
30814
24656
63496
60361
51580
40052
58035
44425
40639
7656
35068
63741
28128
49109
30623
30469
4545
64915
53300
42535
52325
29699
29945
33550
9463
29402
48648
27850
60894
19935
56839
7604
31227
54450
34689
16160
19516
45139
30592
3839
36159
27733
48353
52504
53432
18795
32792
44385
19403
10258
41785
48191
30819
64000
8852
58813
48148
60426
12680
33719
58024
45815
27344
47122
5829
17315
15041
40673
19871
32588
14712
45906
61297
63523
49303
58175
57263
33790
63068
36421
14272
1933
31039
17989
50174
24351
5477
51982
332
36199
65039
14514
30112
14666
31571
16108
18999
30178
45006
61813
35879
46531
22735
47824
58090
17012
64931
61340
38640
59449
18270
891
43394
34288
52726
58346
36241
3688
54786
6334
19406
40923
19083
18085
62976
36146
2715
64622
25900
51191
11093
42342
33974
46705
46236
30474
43753
1425
62250
44858
19708
26202
30920
28578
54619
31527
12971
36467
10036
37884
48477
9550
58807
41059
32790
46222
28588
56427
46467
50137
50711
8110
55203
2527
29205
38033
21600
19200
53043
35196
63364
24277
57710
42037
49975
15142
9621
35420
4789
6352
45420
13265
25550
8212
30065
51472
21523
51058
40905
26428
65042
11526
37117
32038
30723
5533
45483
63288
14162
15115
11298
15710
54131
56829
31439
8411
25869
1447
55060
59823
29804
34509
38632
62566
13736
61667
57484
37864
1670
22762
24228
41126
44471
45696
43917
35051
54699
45014
41076
44164
35750
50565
17344
56051
32177
13063
51084
7571
6957
28119
53831
15526
41274
44491
61293
24212
47201
16202
8946
21992
60958
25359
13472
11657
31483
2454
7562
18994
60539
27459
57516
20275
227
64587
4397
10216
12
37632
598
64126
38319
31244
22288
26708
63233
49257
55185
49008
62759
65145
38693
1421
47735
52336
16189
18817
43258
31895
34610
23378
14072
30461
59558
47736
51793
45459
24076
7604
59348
39347
63423
25045
39068
12230
32603
55607
62240
2898
10556
56425
9627
35685
58023
45648
511
1765
6507
36478
48329
20821
15654
5011
35835
8894
27423
34592
19106
3470
65277
37713
40534
51517
54339
62239
28879
30028
24934
39726
10903
41244
13596
14846
56176
1919
36686
1389
24839
22625
42089
65202
1089
48876
48103
35218
25270
21916
5686
27141
64339
772
27843
16679
58685
28130
1600
16729
10709
25787
28341
44946
12165
58786
5487
22575
16256
6237
16389
37601
35583
50654
51925
145
30189
31432
61095
27767
7974
28434
20322
811
41165
122
12200
3222
25236
9813
39308
48616
2602
2955
52720
13643
16321
32246
23445
30756
2642
47670
29840
44770
40849
11579
54757
60917
28754
16995
41062
44751
39419
30075
9751
29128
45546
5840
24154
45432
16433
53892
21813
16505
14970
20268
20139
37265
29525
22417
44024
52141
50960
42147
59219
60573
28472
49194
43182
16846
47505
19330
56151
48357
19360
39155
56878
31956
47337
10475
61186
15957
40059
11071
40327
45475
17489
65318
63812
45750
47738
50432
62723
27199
59202
6061
30473
18501
36877
61066
15458
56483
7639
39507
52156
1351
58127
517
38279
46369
17472
64723
18106
44131
33733
65457
44407
49303
41621
20874
26401
10888
55637
23233
52783
20899
2392
24339
61330
50658
43395
33364
45221
52265
6873
50364
19233
46818
38691
28064
32588
60650
38071
40800
58625
55035
47234
25186
41867
36917
53546
58200
52868
11007
46892
43775
2093
38572
49640
46422
30901
64576
31226
5657
56941
53083
58165
19473
10774
60876
35800
22824
10178
11085
41655
28590
16163
33792
51083
58134
1345
58487
37892
15758
18257
59538
45067
5445
11556
31170
5191
36937
64877
40885
16156
37431
42381
41335
63123
6270
63330
2326
54458
2967
57954
14250
25746
729
21459
61178
11875
63435
30174
45555
39906
42216
26552
28522
7183
22597
56363
39013
13303
24242
55170
22029
11947
52008
44867
1707
14827
39819
26128
23953
48301
13351
37227
46340
10265
2737
185
11592
31489
10577
20953
25459
33217
12760
25040
4956
39541
9034
36454
9212
46548
14
8361
35411
32041
64991
49201
49973
11305
36835
52862
28638
26266
35927
54343
25025
28063
62345
11342
6351
21421
13616
30523
16735
64254
60638
1573
56900
9218
12461
38382
16599
24342
49214
16160
49108
7161
20990
29809
1077
28404
39057
62663
48637
52218
43684
32489
10740
62167
8513
8848
20378
63396
45102
28665
53162
8394
46685
2439
57838
17279
36405
49252
28474
35376
35275
61461
35547
966
60577
12551
22878
53497
26560
60276
62207
785
27889
29177
60551
17999
7330
49585
6350
20941
31890
42721
23872
24223
7576
44209
43329
1786
36046
20803
10677
8516
31671
20304
6803
2737
9429
29479
3027
8271
20510
61800
15202
1539
60198
48593
38865
15038
12652
10535
38417
44014
26127
45385
62883
15898
11126
4915
23763
5984
13691
38908
37029
57832
33935
44990
36716
18128
19458
22862
8435
2179
7230
52937
47107
44687
4045
3227
33139
35852
8606
61823
39061
46149
405
59426
18221
41298
50167
61054
49775
16445
23922
10878
20327
41789
18330
13512
41671
43584
1096
12409
48490
22376
45973
36923
46944
16328
43449
37875
7064
29831
10266
26116
31952
16689
58015
6373
45484
50436
29608
28962
12973
10321
36043
62571
47606
45706
6474
44115
54907
6955
31087
21437
20856
52390
17100
59366
25913
34527
59423
56602
56433
51197
14951
15304
57181
11022
61798
15323
51160
32708
20012
29807
40855
25432
39269
57137
50487
28587
49398
36805
59707
50429
32000
27572
20577
61267
30534
15508
49845
26456
51217
58033
25076
53882
18237
57205
25930
37964
8746
47940
53518
45092
25094
21944
62214
61515
6703
13362
54196
8838
35878
45307
34273
16431
15130
51664
48568
40186
58212
22395
14828
3733
20515
11448
28589
16883
54203
38062
8111
42888
41135
63048
25026
26401
33977
59598
32939
458
5860
21691
50178
20446
19682
56526
31623
50370
10409
33643
29443
50138
37623
10657
32577
48676
51046
60384
46688
55541
21436
22767
34611
60264
21238
53178
42118
19205
46153
24486
41533
24156
38786
6908
41729
22705
14698
11833
13230
60962
22043
11876
46217
57703
13612
13308
30157
64658
9534
53683
60823
1624
8500
30753
36035
36592
64181
33144
62269
27838
31110
42403
50312
42400
17599
28424
37749
35927
63170
40589
19674
23157
52208
26402
20556
49954
54863
4478
12110
18662
6318
5091
41812
55368
17193
34887
2037
63376
11236
58450
59960
23414
60197
28278
43215
56699
39727
49508
39997
59115
32386
52226
59813
13777
58701
7122
32806
10231
36507
1347
62102
3712
61028
19841
56081
48445
59542
65038
7241
59325
30650
46695
12412
42540
17055
45273
42958
44233
56552
3146
62220
37977
55340
57906
4084
34047
1400
2275
36342
2676
41777
10474
29978
61994
6809
29192
22008
56268
5936
1294
12341
8093
12026
30540
32220
40079
29247
53500
29133
8672
47609
45549
35923
30134
34332
40273
26198
51006
39992
17258
21779
48114
51637
8826
22683
39348
37811
50926
63840
1334
50237
52356
4711
44790
35253
29752
50255
32781
29502
50899
32506
53734
54380
25533
19263
56069
52471
23332
59480
8118
39564
40889
23713
26709
64250
32169
61415
6282
15197
12198
246
55438
22375
62502
9643
50087
49618
35199
42732
41791
13144
6463
47390
33785
25535
24997
54184
62298
10153
24166
34479
27538
1299
16751
1376
13847
58991
5315
4979
46814
35905
47370
20458
24951
21863
18786
47437
15454
2692
7297
54867
62813
13927
41330
49433
39107
63119
10079
62702
51207
4427
3066
11333
43625
9987
58998
15931
45550
4376
60480
8485
32971
15924
26709
41001
3051
31609
30969
14211
22360
9993
9346
9639
15891
58258
51034
33411
57413
60996
32836
12169
42000
57907
43911
43338
54172
50759
25353
46170
30993
65436
57767
4420
60331
27651
7191
29782
42505
11922
14893
47773
12115
53381
7258
48067
20191
14182
43280
43557
45441
1051
3237
61570
20828
34669
62790
2349
32535
7283
38434
23058
20971
28776
49090
6078
18926
38064
30661
42620
38738
2750
11577
1130
55949
23740
6953
58877
35830
30402
52555
31982
39228
36273
48555
64254
45975
53869
20720
44316
19819
20259
57391
50290
57170
30772
31015
11392
65115
40245
57124
63328
35492
42849
2151
16282
61713
29415
6152
48647
6908
30786
33003
18159
23692
61931
43303
45313
13773
42833
31974
33076
14925
62510
32111
51143
52490
29025
41981
14048
50071
61190
29000
36447
11978
49045
29448
26123
44410
29469
17612
60574
23309
40368
24464
37200
26938
38958
30533
54400
42132
19569
12824
8024
65093
37278
31765
58386
24615
4240
20546
40847
60469
54208
51338
41206
32480
61401
36925
38852
28213
54807
40187
44497
8366
8806
23925
20900
4265
24696
7441
18326
8879
39854
38161
4144
64848
6691
65445
62181
11435
26169
25218
14167
49062
35337
40065
38303
17059
46139
61306
31358
1536
58453
45897
47442
15823
64941
42833
18209
10493
35505
49580
44055
7368
37781
58601
60179
24215
55591
21718
19214
1403
8347
18143
9226
43471
35172
1937
836
18641
27827
4590
22016
25613
6048
65436
23936
51916
47021
39421
2081
59694
50493
64363
29477
34607
24055
59254
6835
30281
48132
39810
4226
47893
34278
65262
43012
12057
58576
42498
57222
36815
53524
46006
17072
42782
51665
25421
24231
9239
5867
60694
62185
14372
28168
18098
31316
3791
25908
8095
48237
29332
7446
30325
6977
7035
24317
48251
23956
16338
53993
36254
62924
64446
42495
27129
42845
62477
54491
46240
54954
830
40584
50182
59731
4000
3845
42302
63955
45989
32018
61839
37702
23027
42030
14287
63962
46541
18513
5288
14586
46878
28358
30065
36145
21046
20807
16891
39368
55223
31222
64099
59262
56986
49568
42616
28330
19740
63063
49163
3258
43731
37253
6476
28339
47625
4499
22951
31411
44094
45510
27266
21449
10564
8148
17291
60924
33935
60190
11651
11346
33217
33480
37875
14936
56804
26903
49736
13763
60032
37593
10567
31414
65253
44704
44613
57497
23862
57421
29171
51689
13600
31521
65451
37240
59108
64249
49397
28567
33329
31962
13849
10360
52979
53908
61274
20059
2296
6636
25944
50560
41295
37132
53993
2825
11549
46408
55919
7027
45261
32290
19751
9211
23492
38922
27573
45477
62749
24384
63837
6094
16574
9626
53735
37066
9253
37694
40288
55151
41702
8563
24292
11358
14241
40620
22040
29621
11077
61853
33780
64619
56227
29114
36776
63319
62656
29676
47926
6350
31261
45992
36503
62065
40763
34782
31320
53823
39481
57968
48013
21775
45230
18334
37705
9900
35883
10813
18891
24246
57768
30591
20799
42346
61223
5633
37726
27660
59320
8949
23201
33575
13389
53038
42357
56964
19582
46318
54895
38144
23510
38030
22726
27250
55988
2490
38020
48232
47633
16767
1056
1219
1651
46537
57939
35681
39835
1952
19466
61829
53895
56288
3415
24489
23042
61888
22619
19487
41195
53466
2756
46683
53030
8215
5320
50326
47637
32526
7394
62942
56919
43040
60225
39198
12484
65284
53510
30306
47152
42851
54546
45822
28223
46121
64449
53012
2550
14349
47705
27978
10881
47673
9704
47607
51398
6137
12776
39645
780
15375
59
51430
19954
56
54887
12446
18515
81
10075
6166
21686
1474
31237
12399
33202
10873
45203
42047
17487
30975
9584
32026
30893
2607
62567
57742
27024
4868
10531
32305
15157
49230
11491
14571
19234
39349
14883
42804
44032
8028
60567
47744
62053
46909
29084
10406
23833
60719
34928
31808
42281
44645
33306
8251
28995
14427
17540
31802
30296
40782
52074
65255
10698
50514
16779
35437
16302
11116
35266
47573
47912
1768
27234
57673
7714
25042
2357
61708
7181
40642
7502
45141
51842
25679
25376
44976
48437
38835
32866
6162
17158
52029
46139
15885
51629
4737
16718
52229
12415
42575
63318
10193
1221
28999
6722
47843
59136
42532
5347
23835
3209
35751
36966
44865
63940
29600
46728
46234
51203
6932
31357
6735
12128
27251
35931
21671
58616
13232
37036
1874
48947
39676
8714
63302
60175
3791
2794
22397
40102
14909
6459
63413
31442
24715
52648
14765
51314
56649
50912
17936
16793
64614
16652
47569
11654
4184
4719
22197
21124
53135
58927
21067
42012
20760
14246
9315
42212
52111
18638
65157
43046
12852
55318
45006
42976
20128
20936
20853
2059
20257
31784
16257
37307
36320
12242
12485
10618
2658
26005
26227
15104
9668
20182
46015
23876
11244
12064
0
40649
59337
64512
28941
35547
64419
8496
24241
16071
16631
34293
3518
49697
7045
22263
43884
2690
14385
8253
34925
18493
19300
8947
45133
6556
65381
60490
8751
50560
36954
9342
3954
35987
5922
47882
4316
39101
9270
44910
16024
53921
25318
62545
45121
6549
17377
20379
41330
20323
49088
48651
8225
61515
63407
60503
21140
10479
29733
33249
51335
14516
13332
46354
1039
37337
7069
26564
52142
28123
42705
62600
34820
48767
17026
2190
17818
54774
35018
52576
4912
19462
50620
40303
23937
46030
31036
33304
23969
63245
654
4126
54229
26559
52332
4438
12289
62950
44912
9049
24809
32978
44063
38843
701
37467
58281
27707
26062
31702
54907
47220
30130
16486
36744
9496
43661
46797
35354
8106
49410
13438
19322
5876
36839
35776
50824
46326
38961
23371
57417
10565
15502
48063
39233
39482
52153
35819
27814
55209
59219
51849
38810
11623
37135
10549
31865
695
7296
581
7029
25478
2050
32047
59178
25979
31625
44897
42472
61690
51366
58033
33154
24955
18218
45004
22139
29313
64775
12950
18625
364
64804
39211
8759
50793
1827
2199
40476
18381
53507
64486
46859
34669
54705
48497
53683
56155
26107
2675
29629
44056
46816
17236
41538
36604
12045
56628
31824
26015
21791
54956
27656
59135
33541
61106
1200
46770
25751
53873
26599
34767
9638
56859
15844
33693
27531
1420
63608
27710
38919
19169
32845
41888
17429
29553
15866
6777
12250
21040
62937
45263
51635
11026
62678
37632
40431
8694
46352
55396
4338
42733
53209
58719
38676
16312
2274
44333
19511
22398
22809
52863
62139
9823
18086
53722
2873
5472
14745
59508
22294
6133
34218
54112
26026
18060
39715
30226
26855
35015
1168
30676
33524
54514
31390
29055
41904
61759
15255
27122
8309
11804
29890
10472
24922
28625
63686
60524
35946
1598
35134
47301
23840
48128
59915
6246
9156
8879
4536
38700
5144
19968
51342
14263
1346
21060
38932
4227
53890
61532
21418
971
55830
13753
20491
41084
11019
8477
29771
23394
12892
55874
30081
62315
60116
14417
5108
40439
28881
57744
10114
17007
26573
51155
40266
4662
27432
18152
21249
38836
28974
56342
61972
3028
9099
33314
52410
37214
28352
786
1436
39711
11279
1408
27307
45883
25333
29685
25675
8599
10128
59411
359
42861
31594
30565
56390
19970
35118
59605
34766
49245
16218
29047
17574
59170
14731
17102
19235
43761
46431
20511
52546
26154
1331
62888
54484
42282
35977
59898
27
25734
1858
39592
3057
26806
31735
6471
50161
428
44239
31041
57992
11133
65379
52743
64454
7337
38011
6161
17127
19904
21326
46344
63715
47632
15498
26836
43898
6293
14782
20073
18162
64508
39878
59151
3904
51216
17023
25951
30354
5987
21502
56657
27971
57584
31251
56815
41618
56127
18450
2625
53430
9324
29049
31027
22406
16129
10910
21452
14656
52472
43125
2694
41304
57284
2031
27248
51923
4515
41557
29104
11396
63417
598
5991
3503
18250
50837
34239
9225
52182
37306
9380
8847
55280
32299
1606
52514
63746
34416
64911
6114
49475
6930
10632
5737
19434
46894
13345
37459
17551
53957
8208
35229
31902
2660
9136
7892
28781
21073
54
20497
46253
49216
58788
17933
46680
5598
19996
10652
62185
52279
24578
39759
50205
10918
22500
24047
64902
53150
31122
22107
32808
42136
12445
57634
52216
13047
59126
55700
12599
42540
6149
40112
61993
9484
20802
4934
38224
58955
37195
46885
52323
64257
46794
58003
24097
11233
16821
452
40511
28990
52110
62504
58808
21225
274
13882
52212
7377
11633
2204
26803
825
62301
43868
63774
42218
56611
29898
4765
65067
26251
64081
3369
48605
16315
25182
29664
5709
7510
49787
33006
52647
120
52234
23136
57262
28277
722
23402
64818
60121
12830
63549
48139
24239
32930
11615
3709
57264
9944
26257
46251
13895
15410
44173
70
31819
40605
9071
63646
39604
17927
5749
54072
946
12807
22516
37651
10766
1024
42980
26876
39226
3270
60725
19975
33130
17754
30545
41296
25323
24736
37703
11199
20982
4914
39516
40178
1718
11617
64609
30070
50387
39761
10634
57419
5489
26032
14506
14531
18438
55164
27648
25807
7613
1406
60641
39265
55424
5514
57478
5577
21748
62441
49121
32057
14011
3629
45153
38461
63726
45948
59267
12647
7985
5566
58205
35274
5567
38427
18660
8593
40802
18075
12920
462
27922
15235
1822
33830
50117
18095
24495
8088
23880
23975
44260
23787
8415
4702
1904
6580
34206
38887
42769
59228
56156
28072
55597
23241
58076
32450
13189
30766
208
62828
63646
10188
6691
39361
12207
32713
42653
44244
46785
33290
45176
64855
36401
64127
5896
31746
45331
21936
46161
5683
15834
28483
46698
54628
13955
55650
31244
47907
59604
9882
13453
42059
1917
25482
9734
7471
39395
45548
42732
27459
49697
53244
18873
53068
50203
63545
30677
42149
28195
3653
4422
4311
25297
60500
6302
31036
20041
6509
18966
36988
39037
30240
26075
65046
32423
22804
54317
57266
53178
50515
29097
30361
37892
20468
36520
4682
55547
29611
7841
12534
12656
59882
29275
36995
58553
49241
31197
17003
34252
36943
57542
15491
18964
60168
54800
4221
39814
18240
29812
2462
50760
22122
47637
53648
42182
35865
59941
14884
16981
52961
20831
27988
8212
42605
41048
10639
29205
35639
54398
38691
5113
47667
8325
8874
15548
35877
41129
14275
63468
59951
43427
27884
9159
28911
25823
33017
9498
6261
23376
27931
15779
4074
8427
65169
12778
57521
10370
53304
14742
1650
65080
1025
58126
4609
40286
13263
24659
23290
9389
45387
4430
24230
28133
2468
16758
2337
14359
784
31235
62590
12437
2048
50005
2918
6472
35090
11773
52585
48836
6784
20990
30519
57577
50890
65229
34422
25249
53485
52987
26889
17360
61632
37466
60888
64181
62173
24216
18078
58685
20333
62475
57678
6899
43771
22798
25930
20763
29158
21458
45894
45513
29990
39487
26670
895
48074
24220
60889
10543
61455
53046
31710
62279
39922
28375
17794
42371
25239
48439
58620
50405
40273
30291
992
11974
37852
15996
6426
42636
52774
58103
11089
2100
16330
20006
54690
43553
12379
6586
63789
6630
59386
56970
12088
24570
14999
48664
8050
21691
7215
50423
15922
62588
8950
4696
33650
43574
33254
60678
52218
43056
984
53075
27930
29951
15944
57915
24624
51648
61659
27263
38197
20654
47502
4096
22112
58404
8388
36916
28459
13277
56781
60856
22124
58786
13298
36576
12524
30403
48259
65534
52089
26301
19066
30038
45561
53036
40348
57591
23683
19815
52181
58371
38694
36504
59827
25240
27631
48241
45125
31824
8954
4767
5615
27648
35314
29001
51760
53351
22567
42182
47580
15367
32203
24468
1696
60091
39154
42039
2984
15255
1625
10186
41270
15896
52625
64217
40867
53649
14973
63220
14090
7298
59475
52091
62377
32194
34689
24868
30355
55841
42404
12839
60993
9321
59879
62124
18159
24580
41240
39856
6273
42904
4140
29124
9103
57293
7397
35439
4510
4431
2457
18383
16640
32943
16998
23687
51827
28039
49593
14939
19203
29869
30714
12631
5279
19933
20999
20878
35928
46197
61449
41081
57001
22297
51302
4027
28260
61845
40496
40861
983
17563
49080
30176
39105
33788
4112
58994
52276
64283
47620
44681
10464
8936
10989
19961
35156
25174
31591
27723
20474
35596
20559
10269
39020
59266
17817
13942
48075
57434
22223
37597
22676
40100
45210
54823
32784
25683
65371
50018
42981
35576
54927
12841
54832
30102
2202
20545
61730
30751
19809
26647
20864
9953
53200
30814
22488
56539
39696
19534
4339
23477
25969
10539
34235
43349
53484
27197
28340
33334
19315
42540
44905
14685
58632
50440
18752
65346
19073
64155
39547
54809
18282
1312
9699
6067
59089
16757
6389
14023
51130
41857
39971
47490
55762
30749
38912
42349
14291
63023
20153
32002
6822
7490
43841
25852
33534
43357
32816
17837
47728
24306
46688
37644
36813
25750
58590
20924
11542
2720
40270
25142
19612
26619
6004
38811
53631
11863
42210
1272
3193
61447
36610
20102
28413
40837
32989
8067
15871
64016
13485
55713
36721
45462
40558
53795
15971
5618
13962
6627
27802
10356
14104
1467
34050
51265
46278
13890
26793
23929
22573
3424
35734
27191
65478
41687
12448
41853
52092
18549
47331
39383
39068
52762
39420
25565
48121
30030
50395
50403
20337
37866
35583
10509
58597
28193
56033
20849
16014
23587
22311
49503
48985
26912
17779
22180
2094
6820
43169
40571
46559
34981
18509
27370
11755
53622
24564
60639
61681
11299
35524
58275
13645
17257
48520
43525
36249
20685
27714
37521
32803
36396
60675
17719
63734
44642
468
15567
3906
65214
25491
59493
15350
16372
15448
10234
51006
13613
47982
11277
58144
50295
5440
18180
46466
53060
22837
8709
57145
43397
2885
43590
60989
750
29746
34722
27930
14925
37650
29926
47764
18062
249
22677
56558
37675
60751
39778
51814
1844
24848
40473
59822
51345
43356
44503
51962
51900
51973
19282
27971
25409
5441
29747
51294
30602
49123
31901
22674
9416
33662
57543
40159
29776
16657
31187
58474
53793
3615
712
31128
46156
23273
16411
34043
51739
50241
28619
50340
50240
50802
34613
48514
44745
48701
42540
21606
58431
49765
12250
21301
30521
60179
51027
33336
10598
43292
3920
36846
26795
48613
49292
65459
7287
41060
46137
54993
47876
65154
11875
21885
20101
41169
6150
24885
51833
13969
36323
52247
43292
27058
24809
44443
45746
28619
28916
10585
25893
6307
50272
65006
37116
46555
14385
56770
41978
29099
43711
25592
20843
34474
10050
12186
45197
25571
24139
54330
47803
31288
11986
55874
59657
24602
6015
3578
62717
23293
41206
15658
16170
52681
61719
27929
4506
6
57530
38269
36906
42255
45261
22743
57768
36676
36443
64781
41977
1157
56819
3296
38720
17209
27308
32023
45805
40393
42974
58475
40167
20730
63330
65294
54871
29403
63557
9021
63350
44249
18116
48007
64426
553
6090
8171
29344
32128
29696
11848
35832
844
53878
26296
54110
55296
32797
5884
32484
44696
8000
41752
13062
12123
7901
44096
36011
18279
36180
23449
39096
41098
29094
16573
48448
34905
33202
62419
14810
7229
35295
63630
63527
63089
61580
45117
1626
26283
25658
47522
63580
28742
39968
11674
15185
29451
54528
41257
14184
5115
57395
33137
28046
15225
50717
32933
64269
26438
20607
58370
11891
8661
65084
10927
35565
60279
49298
27925
61713
13421
6227
36567
15749
5378
26706
12039
661
25809
18947
19556
7240
40262
49435
2128
33569
63762
21609
29105
41116
49096
36365
19426
18724
42547
2101
23335
8517
40562
53769
47897
45305
52820
45167
22378
2276
17201
63013
8299
2526
22020
17019
6438
40694
5994
24188
57743
42992
62230
62652
59625
30554
59190
37040
8061
43685
34839
6511
10589
31978
17136
6495
63982
26456
50768
44617
50486
34589
637
13594
57320
20227
56354
45071
13836
52298
23126
56176
64034
58697
44826
11231
839
55267
51423
40557
40421
7005
34576
20953
19892
28353
7396
5374
27097
48859
60134
58178
44873
47809
37378
21217
17307
65105
59681
65048
57802
45960
26847
16881
61321
14605
54808
24015
64415
43183
3038
34188
43158
40825
36904
663
5266
51300
302
4281
40336
28557
3047
26822
36041
47710
19173
27842
47616
13643
63780
19282
34663
47109
1411
55140
61683
16179
52700
138
11485
12134
35075
24156
44237
11418
5835
60374
26917
51497
42594
6963
56831
39757
63145
25742
25235
44799
15753
15955
9451
52356
34290
21501
11748
16835
24567
39030
30831
52699
2950
1663
1656
33206
6964
61110
37921
24891
56028
30136
52096
34736
25562
50489
12032
48533
8701
655
21077
14633
10927
15639
48480
14039
56891
36401
53110
38337
49849
22676
18258
16060
28439
6701
9204
33859
23692
62863
41054
10778
25912
37052
3072
65382
65047
2584
42385
25495
60409
19665
59998
55421
20683
40261
4572
17762
50466
58663
18890
52542
24955
57972
64400
18444
53389
17102
39738
15304
29688
26640
19613
48126
42136
48119
1883
47857
51360
70
5755
25389
21688
60503
7474
58876
7092
26305
11612
24778
45522
56118
62764
36270
4641
63972
18220
29123
20619
52408
24900
48661
15792
29878
26200
18451
35720
62781
63194
24968
17292
59396
18408
40962
19621
63754
33125
292
14322
34213
56882
44626
21488
38476
36821
34356
47588
18272
17903
53394
38306
53935
31712
52826
19076
15144
30664
64646
4613
51942
43747
20376
8086
50317
42283
52789
30702
21089
24049
48396
52668
56263
54595
56279
56984
1561
26195
47182
39777
57375
33769
34906
46976
50283
51517
35764
19426
44767
22472
8027
24680
60
39316
25070
2649
30552
16213
15265
44072
31420
7857
7707
33143
29666
45352
48918
2612
60472
2581
44524
20678
3192
47371
2134
6249
36592
2799
4984
56808
37640
23109
64190
36886
6644
43093
20053
21374
5205
26276
13901
29348
28968
34437
49782
65133
57721
52779
36172
17436
16947
39612
57873
53297
1230
23217
38379
63424
10955
53286
21679
28760
19088
49663
65127
26571
27189
43562
64401
31386
53997
12884
12547
53292
30779
27589
50360
44120
21791
57546
19238
13000
32290
51588
25893
10235
33076
27841
36200
59215
8942
18519
42299
37694
11559
53368
51181
24193
2915
11442
18724
49662
32512
23630
28502
35366
54709
20957
17037
31119
45210
45921
2343
37719
19735
64867
52396
590
32246
46977
13012
12604
1834
48647
56420
37405
52910
28180
32070
42025
10210
19407
18713
54077
19983
64560
26322
48345
43470
23290
16395
56000
64614
41643
3785
44322
48124
15261
16440
23339
34604
34341
26927
21621
37975
8144
46143
16858
51039
36796
10820
54175
58680
48545
28560
49687
8800
61556
54670
57626
3205
49957
39919
41349
43694
12237
39044
53550
16249
27733
23975
63853
3685
58823
35830
55179
60600
15080
47622
19837
26047
39577
61667
19453
7699
34606
57200
22773
8239
37848
39163
50761
28341
41441
33000
56858
8057
26877
59841
49402
23720
23240
5803
21116
45506
52960
59224
2994
32606
61039
42163
22414
1932
8927
3150
64404
12006
32419
18544
12485
29205
21290
16415
36362
50781
51204
65057
59883
62869
34640
19768
35903
11285
24954
53642
23769
52306
39689
50167
39285
20812
46583
51210
16601
33510
36304
28939
22597
26465
31574
20411
11024
64790
490
43145
51659
30415
3491
49691
15488
43503
31355
60067
2698
25674
10262
54098
25241
62918
29709
18985
14968
26126
5654
52320
683
48479
21335
56387
47792
14974
8110
22211
57215
15229
63148
174
32931
61456
53263
34698
31516
44256
12917
39652
4534
29410
35216
8916
53695
61310
14726
17593
48281
65477
36916
25048
60971
24402
60640
7425
52006
37523
58453
33193
15958
15421
56109
22398
26052
61973
596
50929
56548
1195
53426
54487
60327
49744
21113
20419
19477
22578
64046
39276
1017
18847
11396
44684
34928
56298
56038
41644
53478
21886
22151
22017
46992
43107
21995
56421
17975
17403
62779
37116
29609
16613
21120
57107
52243
16592
37031
31115
3369
40177
35505
10263
38912
53598
15764
42902
38074
65383
8698
41735
35249
43879
17010
50000
9428
31918
4773
22490
59028
31157
9907
64923
28548
58085
53838
18284
29842
13982
15667
4284
12001
45036
28609
38706
39619
38067
42795
20496
37665
15660
26246
34066
30214
51877
53450
15420
57520
46401
21838
53426
29365
58706
53975
46677
38969
35432
19488
22341
47950
46426
53277
35904
46477
24121
33075
16748
51513
47520
28166
15713
8888
5621
24496
44626
13722
61853
19956
54643
57805
7475
33097
44116
26479
2017
26470
56683
59569
54021
44035
33216
27093
34181
11248
46039
61155
50800
49941
22697
53728
34427
32872
20526
2881
30361
26017
61841
26058
63976
17449
38342
20792
45225
24182
27645
26634
13278
23216
57905
26701
2595
62681
52178
44712
9982
3535
46225
22630
43745
38239
40736
51256
59500
5906
7448
1743
24620
27528
25785
65251
12962
43170
6354
56051
35883
58824
3427
42232
17837
63747
6207
27168
18578
34303
17910
32477
31370
48745
55810
5425
63333
61437
3484
64041
35393
30647
51364
8159
7868
60251
18707
61519
45182
42948
14951
31855
54052
8433
35824
51422
65338
9711
38602
44291
21973
36333
44463
1671
34185
37977
38619
44664
51207
59480
36238
33513
27108
61030
7800
53428
32366
22419
42553
30313
22154
64796
27131
33216
55268
62560
33493
46428
15152
53537
33697
52732
32529
50213
56574
32669
62665
34206
38540
4436
42836
14540
39209
29274
28993
32003
5022
57103
45863
16343
29732
4339
23123
53615
8134
49732
52754
34092
29173
34558
1433
34713
54349
35362
37259
8501
14856
13979
3869
6107
60387
49419
22099
24052
57274
19133
50877
8466
20724
2280
39607
27344
65238
54937
17919
11216
51272
20251
47577
13891
18238
31438
61925
48421
41966
25139
36249
59073
14265
48755
32037
11072
26072
26931
27643
62116
52362
42209
7066
1111
11634
5025
45342
9177
16837
61630
47255
202
15781
21680
45671
54291
3738
43420
25738
23768
57177
54914
14148
55604
44146
46118
8564
4456
11306
46528
33576
33081
32319
26076
20675
35180
60830
13217
31404
47346
45595
6016
63850
7038
5397
48341
26167
32544
57476
32910
31786
82
58381
44327
8800
10642
57596
42532
64096
49571
44843
40234
10722
1256
20006
10067
9395
12419
54802
13767
9569
8687
55086
38477
218
12676
40694
6278
34785
35222
34049
20728
41258
13666
20152
38519
10540
53035
30388
51095
44719
30904
21292
59308
12801
44205
31598
39077
44129
30489
57935
50509
30613
42650
48344
43330
62447
26976
1354
56432
5746
46030
38224
36394
42621
13333
62667
36022
23499
45159
54639
60014
27736
29484
58590
5294
46113
622
26281
51564
6902
40974
31171
62891
15374
56292
29269
20151
37328
62624
26898
29219
40639
5075
29671
32788
32824
44461
14374
37932
6867
61800
27938
39246
53610
56897
10812
52712
53231
33313
13749
15209
5964
55888
29170
44894
29688
20736
18407
23746
45331
7848
10772
23066
47451
50400
18219
2593
10971
37034
24412
3679
48288
37274
21605
51623
38874
23445
18438
55100
32226
24284
61074
35152
9902
6106
3379
4286
19254
3644
31147
14379
30469
60101
62818
17603
18393
56583
41643
33363
46552
80
44611
58514
50261
4304
41458
8542
30813
23405
59240
65328
25915
18245
61507
40311
4352
12605
47536
29011
57867
6339
16333
45457
54512
40706
12807
57667
5598
14115
40363
1009
34511
57270
26170
38819
4755
57186
38821
11957
14635
40469
18863
15045
2662
46721
65369
20163
44933
25978
57995
33690
32825
25654
60593
49497
15161
58045
36585
45849
14025
54390
40931
10065
17611
46078
56790
23937
29948
31228
20839
43001
38062
52013
18901
26958
15330
59779
26944
57673
29620
8752
53927
25928
9828
40360
57013
61452
24594
6351
16643
54518
280
50239
37471
17321
43160
43343
23626
47540
394
53036
36194
39311
46376
52044
62248
46717
21855
1216
7495
7333
61543
52217
33682
29563
53293
24427
34033
33074
204
58843
43135
27231
21417
64135
31496
2633
25223
21125
39706
39876
2987
38604
62135
6399
20306
33611
5835
7850
18318
25649
1109
9283
37582
27141
15557
40699
53539
19083
26460
1034
26161
25044
9366
53811
34308
36099
20716
44402
37495
49800
51550
39160
29968
1497
30847
36125
40216
9517
28154
54193
56426
38093
33847
46081
861
5615
28042
46801
48939
60582
12472
63781
23809
1781
47839
1933
40316
62893
17493
5595
47971
51705
5259
19686
17073
32714
59211
39212
54933
35574
48063
62324
112
53407
29013
50235
41066
44092
51632
9495
33284
34950
30479
11606
37007
29063
8672
33528
64468
859
55898
26746
25803
47496
333
21995
63137
52886
10696
5816
13776
30520
9030
63928
23544
7492
46351
48742
17610
29590
38195
30937
17611
12239
6634
31996
19111
53581
58122
60847
21556
63864
20624
43953
5879
51575
51189
56705
35187
38919
34577
27815
35192
62422
31534
27189
53646
3701
10350
47280
25037
24764
38420
5051
15873
61842
57372
6773
4042
41078
9774
15075
64648
40638
2790
665
34324
3827
16689
46704
64229
64237
52852
35853
49207
22060
12774
2275
53554
11261
42730
59343
13387
36969
41446
64882
27275
40464
4988
37357
38656
24101
9355
20295
57011
55039
42276
3371
15423
15858
44548
56812
64322
9090
16799
30337
44775
29172
57127
12708
42881
17372
1909
10954
41085
55826
40829
46571
55762
1725
44754
10619
44299
47488
8910
11669
10850
25157
60760
50994
52773
5347
19578
58269
23920
80
46852
31778
5055
4441
42619
9389
38168
42405
34391
14294
26264
33098
37035
35058
5790
21587
57344
6333
1548
35020
20445
14157
34933
38999
14016
16131
61005
1936
56148
12036
37542
63863
18382
36935
63429
34656
21469
61131
1526
32236
63596
48697
13823
41046
55020
5729
15248
9892
63094
24422
39550
22181
5854
46619
50541
30651
54527
11354
43537
13187
59662
37722
12973
11557
63528
60761
3110
14488
23503
64523
41586
61375
45406
29536
10919
3692
28620
17869
23695
22701
10233
56388
42333
40430
18749
29396
12353
35476
55035
44001
27106
8362
57715
34193
18712
51721
7035
41805
19945
30625
32007
6312
10188
53461
60876
1818
28421
26526
1495
28546
10753
52530
22645
46626
64134
57780
2976
32577
5214
58380
49654
45640
7559
42022
13264
17483
13936
2263
21760
54383
41023
32153
27907
5960
56368
31220
16823
37258
5053
37899
59693
42074
3477
5133
1997
5064
16243
14690
48485
17206
7519
54676
61447
22037
63458
32826
13548
36891
5018
22390
41114
3101
1057
51649
57735
48299
50459
60172
23419
23162
51747
53542
23350
34016
36230
57214
25050
47456
6795
27292
59817
13259
28514
8498
17898
10514
24798
5370
52112
6892
55183
6873
40871
27356
5169
39422
52478
26267
30555
64275
35904
53695
64897
49365
49258
10655
4131
47201
36602
42198
63691
8283
22281
59456
39151
13488
7699
32597
25560
24664
41035
39544
48298
27641
29600
58562
13946
29222
36971
55549
63190
5432
26338
28858
22294
14804
18873
64189
40947
32401
33467
34391
19528
26425
32166
22515
17623
56001
49881
21886
20710
18605
931
51751
15397
62893
19295
18065
41115
27722
50975
58754
38029
8658
64448
5692
38633
50334
3914
24464
13622
40767
61558
50233
65285
21394
22114
63589
35177
31221
54628
30485
59028
345
9743
27957
57451
60217
38163
29355
48736
3601
9244
9849
20101
15491
42648
20525
20339
45267
56213
24798
59195
17292
7550
55386
1486
42523
16365
20580
10051
41562
14010
58393
44829
29615
53344
2026
51683
24588
32145
50298
48664
55411
47785
10937
18661
20700
20925
65437
39436
4028
63815
35284
39236
50978
780
31465
36951
60884
39504
45846
62816
3282
57292
9570
4400
19556
2555
18153
28408
39105
46484
34925
8878
3730
54856
19358
50266
22372
12141
36003
13242
23602
21064
60004
43320
45338
5527
64849
5545
21928
65019
23991
45340
24442
2320
28768
11158
51796
37697
43765
26376
8251
45434
38718
13990
58763
13165
59866
57119
9625
17252
50766
47900
497
53230
17399
19103
61834
11609
55590
63238
4045
58084
11301
19412
63501
45257
31731
35197
28533
13024
54910
10646
23199
26445
49457
27515
8703
31323
22387
34979
33970
38281
57746
19416
1111
59053
28387
26635
3228
1350
38628
11265
41901
50600
64105
35139
15617
12639
64859
32592
23049
4028
27961
20703
20575
16242
27945
63169
28455
34575
7708
61621
3274
15039
59101
1975
22873
55475
36866
37408
27086
64669
37858
58013
37768
39452
52996
53611
19402
16254
39374
7390
26352
9933
12520
20557
44028
30958
35787
44288
18660
24962
62747
40873
18351
5864
42747
21468
35050
52886
19797
53369
9080
41391
6502
1350
30214
8637
8316
52722
10605
38726
44871
55467
3513
27640
50871
53548
37198
8997
13709
31020
51828
19827
44090
37313
28020
63885
19318
15426
41320
54669
21373
8151
26314
63892
20458
23339
8818
61798
32129
20694
19002
5209
12828
42013
13695
27193
5286
39262
62919
60687
27981
27683
7834
18618
618
29331
35987
21519
46465
65436
48843
38624
46179
29339
12401
65344
26171
27345
38697
10074
29350
49450
19241
33883
62425
37849
43917
50496
28310
58610
60679
16650
62074
29888
34129
10298
55789
43098
15582
4083
11867
9998
42541
47961
15776
44261
62137
28051
29123
38519
7590
4238
61780
63419
62357
54079
60353
33313
10952
58777
42034
41488
717
49554
36497
27641
55947
18448
53443
56235
39636
381
5742
11273
37118
43935
18310
60918
56391
44966
25998
32436
48695
37529
14106
63272
12315
15899
5722
5541
48501
56887
10563
47951
47034
44174
11966
58573
21663
58545
4954
32296
12920
29255
28747
138
52507
44482
33936
12260
8108
41733
60415
40492
60584
55776
46524
2353
44899
28081
26113
21794
21195
64469
48751
64412
16851
52668
19188
28091
3909
9857
19481
20763
48101
60730
1834
28465
1149
32929
55511
40370
25987
13769
3580
26894
61746
14231
21054
62799
36504
64413
65419
62667
28115
26673
49295
40127
1587
7483
53261
57493
16765
5687
41847
9602
56850
10243
38975
50151
24964
60023
27783
35322
7927
13919
7113
63399
43395
62163
208
43025
52944
30195
32041
35971
57978
47695
64976
50921
17370
46542
62490
12759
7301
45075
37862
27247
10676
12971
36673
1226
61072
54168
53969
54922
49803
63213
59065
43671
38809
63284
41971
34384
59714
63544
10902
30081
45602
50146
45410
11895
31837
3924
49459
22054
27667
42722
11170
44304
29575
1242
43973
23088
47404
10662
30446
38770
20570
47289
52105
50266
6994
4370
50271
21199
3461
51294
48875
13526
47406
27398
63365
59667
43669
65165
37574
17269
23915
55604
47579
59178
25637
21481
13986
36641
15271
57037
36066
31539
30379
52914
30655
41744
63558
34736
30030
1980
1252
21722
18028
10912
8280
31454
24830
61129
57726
54447
25885
9811
5696
28707
5500
61440
174
54088
19534
7467
58978
41950
49650
9736
54117
37829
63163
55168
65446
50871
41303
17269
34810
6054
53532
8657
45467
33902
20110
18029
51323
15824
28928
5701
57104
29566
7380
13972
45908
53372
14897
11748
24855
62386
53591
9721
61580
8846
38316
47350
1324
38710
11866
32906
19166
55327
46789
60475
7231
4579
31232
34322
64942
26089
42669
46217
13521
49609
12455
26655
38902
13536
26703
41813
51970
53755
41977
63202
59376
23808
1795
3901
62912
35926
53841
18202
40439
13367
44001
19522
25688
4323
57986
41670
7299
43949
44884
14460
61881
51154
43193
6218
55773
23138
17675
10332
21807
16783
16093
44213
11366
49469
17834
37873
11239
10419
10512
47913
19824
14052
62622
18938
13113
15427
10022
55478
50232
11684
5794
64772
32829
56062
30436
24222
40365
55829
36813
2247
59609
50542
35270
21373
25484
25243
17517
59721
35254
58920
22566
62744
45425
25537
45208
28036
54990
29549
19112
55821
47897
12061
40256
4219
30994
61190
28646
27319
2389
15163
12165
48909
9286
24698
28021
3014
3500
2026
48442
13512
9146
8913
23566
54607
1938
61276
16584
12033
17269
29720
7310
7584
65193
16099
36598
61676
55487
54022
52011
22762
2428
6005
62633
42034
37732
15401
17228
26827
17137
5493
45658
4135
20677
63569
1557
11439
30572
50060
37362
25419
45839
57351
34924
24732
61100
18495
17323
62791
46098
49718
23296
41096
53200
12225
53292
5314
63407
5563
63615
8379
24594
28966
27178
38530
53501
27046
59630
46848
52179
9981
21838
7181
19017
50642
250
7059
35259
45386
22949
27691
21211
33370
47672
33242
12352
27269
46597
12064
436
11211
41873
39211
25232
216
44483
46253
4097
46354
54326
56243
20971
1549
26160
40757
6816
35430
4072
4623
9680
16176
9200
34700
2995
20627
21291
59683
5015
57177
26241
27338
64418
22075
14900
4776
63254
11532
65453
24156
10124
33083
698
64646
7106
17605
39873
46236
47814
8768
5728
40854
32207
44657
14260
64241
12331
28916
6237
54857
2392
53648
61100
24590
57320
47841
23844
52880
64206
61724
28512
2908
31249
36652
64010
54768
29692
4085
25247
29904
54975
61992
46193
16334
48452
12883
30736
24937
43697
63860
34534
54383
28729
10782
48474
9908
40879
28687
33625
11213
30823
52220
53066
10042
14377
24541
4560
39447
53154
51761
51676
35029
26437
30026
51105
2248
60061
39187
25849
3783
51611
45000
33040
19448
59452
35416
30468
1232
56229
1613
7865
59650
62664
61768
41628
34100
36108
27419
47479
27187
27573
18604
17659
53137
22643
56513
51508
23193
16831
17601
61321
39826
40497
10779
27735
37126
56379
39644
31903
54011
35574
45916
47222
51795
59832
7186
46404
29819
53245
22451
21279
33620
28986
49393
6147
23205
42975
1119
21774
53409
5578
47124
39325
10556
5513
37994
41819
43598
53458
15777
44598
57256
31890
18487
28301
11250
63497
60692
34128
829
53596
62216
61872
47407
57853
43762
43588
7746
31834
25208
40989
7459
62842
64124
7724
36214
41698
3623
759
23730
29425
30648
43176
15221
10637
2658
57079
24154
34953
27762
53138
6135
62862
31607
28926
44261
52073
24123
59784
16323
30825
43706
1491
41649
60187
37905
27399
44654
29948
32314
40263
39477
46504
2622
772
14212
52721
6575
52804
61231
60463
38462
52519
47503
13453
16524
5768
45889
30654
39595
4964
7120
21571
8837
2544
799
43773
57620
10278
4474
14824
50984
12236
39001
45968
38912
41393
39654
21229
24166
49301
30146
27462
42357
55685
14070
19396
52843
306
38728
44007
45313
58732
47995
42688
30252
63991
9928
53587
29001
4596
51639
36532
21486
58426
18746
29841
41910
21580
7146
18250
52801
12448
64418
55628
27556
44161
45420
15265
15053
17183
19819
19234
48326
31091
62544
26944
59992
38162
47590
42652
21683
41033
11882
39975
7378
10326
57751
27199
46026
12922
16546
28365
21022
44324
27982
2959
40559
9412
34764
12430
37013
18139
3544
36273
21525
4670
9694
19892
46338
32848
17128
18906
63488
19383
47476
2796
38106
5482
1018
2965
25084
41687
43307
36748
11614
31242
51342
15552
4110
2214
33915
21239
33908
17439
44889
23553
55568
61652
42543
41308
47330
35908
61651
20261
47857
64199
27664
16070
42596
50273
54360
2971
56964
16701
11984
42299
12763
23677
59732
39999
32075
48461
2419
57562
55219
30238
3057
29789
15325
31997
15274
56510
2953
53952
53229
57377
35105
9233
31974
48521
53496
51302
51361
12004
12873
19669
45530
11817
64336
61468
56615
3758
29922
44277
64417
59124
26198
42054
717
5547
59348
19281
53746
47500
62555
31361
56653
27175
39510
60174
3067
59780
60227
10017
50446
63792
54665
14139
32146
7524
4461
31407
64102
64653
55719
31021
53618
13008
4435
42710
10687
1012
10628
29074
55808
40217
29589
46402
8530
40262
24328
51313
5976
31592
40886
40679
55264
39924
12954
5372
55692
7630
51773
48843
12604
59953
26737
50260
9569
24048
6055
37175
44092
53960
54465
14465
7359
29345
64430
17918
58428
25362
40045
55876
52061
4760
53157
17595
24750
24754
30599
19738
50086
48198
10183
7552
40321
8290
23377
216
47655
1769
58071
27275
49081
42586
20267
53797
53792
49029
14690
53996
11645
34504
5133
48769
9018
47845
34198
28101
45058
10830
19193
56638
5537
52083
1235
38518
6615
49020
34029
19033
45102
33157
28762
25274
8459
57886
46022
37683
59227
51591
11975
50234
36906
59787
9268
15669
30730
28562
4674
21022
7551
1198
379
63250
43972
2609
20371
24744
46885
3182
1349
50297
53463
12428
15127
18366
34859
39791
15572
64185
3416
65411
3711
47298
64870
6791
30750
44098
12492
53789
50076
64038
58291
27466
38949
46598
45426
29645
57247
31132
60159
37491
44833
55344
31288
33082
36803
10833
52899
17877
59456
61758
31764
14223
57400
37240
2890
41888
65432
51017
14690
3646
28030
15817
50960
26175
38410
49432
55828
44246
1819
11335
55211
23435
27828
47651
24107
51083
46242
37103
58341
53363
20705
41079
5725
42973
5560
43615
17583
32678
16021
47307
55017
64145
60397
39147
44090
50656
31616
4635
12048
3154
10712
40703
44523
38825
38425
22791
62311
35598
18173
31131
58763
46830
56700
36716
62231
37990
43577
41444
13184
52569
29431
50282
2400
15479
58040
7245
33563
3915
58091
43884
9323
17341
16603
7793
53191
47605
46221
31241
39966
31550
22076
30327
44185
38022
62340
1239
43816
11448
22122
14346
6014
19178
61939
10105
33508
17569
17009
46135
14910
14975
62252
35775
63136
54852
1269
51102
28905
10056
40395
31922
2548
23436
21620
6808
54031
1120
16626
35335
62165
33690
62339
35990
27756
33513
44809
53489
5596
64626
63397
44455
42965
50581
48946
1563
3060
25636
13806
38096
35460
58236
2201
21951
49970
17614
21603
20118
22240
2963
60857
18481
43304
19265
19084
44073
38064
47149
6627
27035
55143
60834
18540
42208
3367
15169
44598
42254
14726
7039
22991
25092
19841
20886
41777
25957
41527
12040
45614
28644
376
46600
46199
19075
42435
23052
34855
31129
20704
31836
19805
49373
41685
19454
23759
52423
34890
33297
5511
22539
50042
17641
46537
24900
11185
45947
1471
43861
35018
54904
18845
64250
18735
19150
59998
41822
59000
24243
31979
4068
60317
59692
21310
62562
56248
11093
41499
45960
2778
41305
40415
53417
16952
19012
3601
15990
18534
8913
51268
13438
33945
49913
32589
55466
23357
54937
15689
30151
12441
9596
58689
23279
19628
52365
33596
37124
42136
13334
33792
45234
9357
45576
29019
63093
22557
34951
49095
62196
60407
11454
6152
29689
25182
56174
62611
36512
24885
10819
35694
58287
18612
33535
55666
63940
16494
46011
18165
9331
41531
45723
48479
42509
62869
46776
61769
35890
50160
48472
14811
10156
58374
8133
51841
33075
29849
35387
20773
40113
41829
7094
39389
18268
64039
29328
9481
20989
43184
42382
46504
60540
60838
49684
3422
28085
50426
24742
63534
50834
7173
62574
25635
10504
11268
16392
262
37232
54234
18692
20152
53466
64450
52249
34490
4716
35201
55946
55328
65079
43047
53908
6444
33230
26634
7569
64714
34535
28426
5995
2202
30923
57404
56855
2188
57186
58408
39238
25938
64920
21962
63551
27825
27505
5245
23222
34593
63462
46238
30681
39415
32176
14316
12735
51942
46189
46951
36858
12990
19629
907
4992
19154
60713
46984
5202
51772
22870
4518
18634
18164
18386
36402
22804
60746
12112
19747
44475
31601
28176
23838
31687
32597
4624
18864
17844
63489
954
3569
25015
42018
3194
33802
6546
14032
21885
57838
13030
24932
37501
1049
43352
57690
1549
56870
59917
34647
34699
42678
4457
11250
61607
1735
64316
37388
45283
42068
20410
51543
65120
23566
43446
23695
13745
6235
35250
53137
11113
2054
52269
7966
14687
21476
17893
18220
12195
46317
51369
20047
52938
19977
9709
48632
3093
39788
2723
31305
26487
32576
2141
39398
6906
17841
63213
29949
2659
5626
63988
57954
62534
22177
30596
46890
47571
29772
5982
7188
62536
63542
28569
6469
1831
9752
3739
46953
33559
42070
3903
5024
56364
54915
8486
33356
41497
30761
54067
45226
5620
17967
62440
30594
4382
26652
57947
61384
3638
58165
26100
31588
13452
27440
59286
48206
11488
37458
9252
40816
7136
12393
52339
15286
1864
37022
48609
19227
53278
32302
281
52089
62734
24636
39041
50603
168
13001
30323
49779
18204
7793
2289
56434
22765
40683
5968
14611
54283
26900
23911
4214
58864
44760
51083
54631
21554
1948
63460
1546
25893
40067
3833
60284
45742
9271
7180
49731
34397
34264
46096
23862
62645
24786
45145
33421
13926
5930
42735
30787
6000
6610
63950
36437
548
23890
29025
51603
41810
723
46236
22542
12165
57392
51222
34882
40140
20435
21338
52670
22481
12772
34818
12638
53725
35387
3759
54153
3780
11569
6910
60896
39795
33238
24158
60888
56478
2490
58276
7090
34456
60080
31362
15374
51797
54973
6993
36985
36549
7492
39387
1494
30806
3440
26171
39408
60235
9634
38631
21992
54846
7277
55572
63368
60473
58626
3909
13263
28274
44710
6454
17889
32685
60751
10238
37251
20973
56826
17769
15880
49558
13710
13932
58836
63003
65100
3252
55127
8836
21807
51797
56602
4440
52730
19269
8071
57618
56400
3012
32897
44666
12094
1982
11224
24790
56595
829
30103
29416
24966
32468
42151
2501
32246
20710
51874
18746
48711
371
30504
56903
38475
5357
50555
53189
10409
51840
58476
4990
12031
15883
58800
15979
37689
60133
56774
65209
8071
43939
54472
15212
12483
6958
4589
59394
39676
64083
39293
24203
34224
19456
19326
27736
6975
36067
28764
15558
47275
42511
27086
55522
64626
12376
44768
27143
29510
10469
38940
42058
18532
1376
49049
43698
57806
7655
28423
532
16242
63381
32722
21604
26446
47038
27395
27998
39089
4671
33818
7266
48585
39571
41253
53118
16348
30257
27103
37215
58500
21717
31449
22357
35829
6866
4672
44811
6661
30840
3411
58555
29595
11364
57240
6558
8303
5759
52012
52375
28913
53215
7805
2424
64199
26560
27375
62269
5317
7175
31559
34182
22033
2055
48641
62437
47951
807
20461
55473
12691
36277
18708
4157
32342
33188
3583
52064
3887
62747
59375
38883
10715
671
16599
2000
13759
36849
27775
19464
52034
925
5674
64817
5692
15347
34524
10269
29046
5494
3419
30105
64255
15061
32676
1063
65353
3545
45204
64209
51961
6744
10975
58541
44875
824
11327
48326
32645
59596
35452
53507
48550
9593
17537
17063
9958
43608
40870
45203
295
43493
9438
3519
44595
4318
53664
65514
53919
54086
17468
32269
30449
33869
17729
8651
40951
58499
19483
20824
35039
46684
61908
36555
22321
61131
40930
45969
38826
50553
55680
35578
15129
61414
16232
35519
25929
27170
43721
64306
38662
51721
20920
47263
3693
38612
30765
60275
7560
20316
50213
11052
54138
3752
56391
60087
44836
9051
53987
19315
3362
46338
49855
33049
44622
51088
26610
19570
23810
577
14668
39623
57078
51798
61417
33198
63566
27873
54180
56540
63538
27519
34466
44961
15924
3762
3752
13046
8679
22395
38340
12338
2783
11313
11666
45893
42117
13212
55001
28035
55204
52031
59306
7366
15463
33824
35230
21221
17809
539
32003
21985
50572
60141
22420
10447
63494
4963
10604
14571
43664
54232
4609
62962
24515
31247
1359
44069
44268
3476
33757
7658
924
64133
18283
14313
51812
39206
14261
1624
57666
17165
61177
51934
42815
7220
62290
12711
63296
44893
10153
51091
161
64844
42171
15242
63765
26204
40825
21496
44392
49115
49406
5872
4842
42515
47127
65080
43347
43240
64556
32846
46441
26551
26649
16634
63290
22715
65321
47336
12977
46446
3728
51161
33459
43538
31697
35675
57152
21452
3572
60010
16167
63712
64566
24139
46565
64746
15364
7520
64307
8911
26318
34117
4274
5274
34255
60684
20436
5781
62246
48266
51677
57460
26434
30822
53012
40768
28066
19999
4058
55485
8132
50570
60259
28802
59827
31215
49903
9599
25840
17602
62617
20611
33412
18892
21988
894
19900
23836
51199
22834
62087
52435
65070
21630
41098
42163
42310
7591
22352
32324
46607
14036
36926
42543
11794
60192
24468
24066
35220
16806
42991
20483
5384
25201
4368
57863
52920
9249
49170
17938
42522
24449
55114
37096
27169
6831
44496
11704
28092
10187
12044
2730
44795
21557
28185
39140
16680
323
503
10328
54898
60987
64574
44468
21583
30063
5356
64880
14516
50975
56073
19028
4988
59434
33977
12658
64507
7607
23909
25123
70
8449
40737
42334
55442
3290
33095
44212
34274
50115
44554
41603
36114
2698
19835
29675
50827
1662
19174
32661
45997
48261
42226
3965
9282
1787
23887
48185
64569
30122
17432
45990
440
33394
55025
14392
62988
46642
65162
2470
51776
24684
43393
27503
10837
17728
45581
61087
27302
58633
5280
59868
14689
24574
53796
19986
48486
7695
37022
40705
18303
60704
28964
3496
26499
44730
2394
20532
7116
52443
3896
31009
22653
60171
33944
57033
13731
63889
45029
21521
32402
54449
62209
35174
50278
57953
12076
7314
38810
34377
54070
61618
18026
36846
29493
23783
34975
31436
58186
8276
46239
9908
25288
45018
10363
18479
11150
57759
60278
1615
14879
35483
12440
15819
15060
2328
6387
47737
37602
23521
6345
6625
50572
35613
39242
19987
58131
12163
48895
64309
63541
54937
47807
65280
54807
40642
43854
12229
12190
54543
33519
747
32395
16439
2680
45738
8656
2821
53013
32838
3185
1939
65492
10601
10054
56053
54346
34933
10095
59842
49567
21465
20850
59140
52367
19198
54052
8617
29080
30928
18916
5849
32124
22211
53858
51212
15704
55311
18378
43335
5147
38959
23650
26391
32439
4917
41772
49779
3553
32408
37063
58697
41380
47955
47538
49215
5883
21973
57628
64015
11198
18911
10238
47969
18965
35527
38895
34503
56156
2136
55562
41107
53048
64402
25863
35845
18274
1800
50566
11303
63036
13954
60561
21256
43515
20716
19035
25508
30882
36253
11425
24908
44081
20430
39633
58793
8238
28064
56837
43087
62799
62091
49698
45347
51163
64717
28142
1687
42755
41583
22392
44188
61789
60578
26813
17819
13169
37677
9342
3168
33411
39603
1713
35379
49432
18103
22950
33469
54117
13918
20610
6412
10781
9590
38288
33424
27251
31615
54664
64903
40124
19948
25917
58188
60117
50431
54422
14693
50642
61654
45966
42653
52650
24863
28606
54640
38992
63088
56620
65341
39845
50171
15989
9108
51769
56973
37690
2488
44460
15943
27449
55876
3977
53844
42753
45837
20862
14250
56943
13131
18295
32509
28171
53360
1847
49027
57745
25245
46696
9783
47517
39237
26903
481
54484
54148
28517
1014
34764
32838
64351
32647
34324
52546
60011
43534
9459
64597
31054
52593
55046
5823
8662
65192
46036
827
51220
305
51464
31879
33780
17271
38512
25205
26496
55348
12706
16743
580
64082
48870
11088
58136
54631
59197
38984
6515
8351
23028
18607
8169
58767
33386
7746
58536
6295
47419
40331
31760
63942
50938
14098
5223
15932
1374
44442
13904
6233
57525
39142
62839
21456
39991
64727
44203
37801
35202
51723
21732
33013
42942
38699
48988
11316
33675
30153
804
30279
36134
37957
36251
45988
62730
24027
39164
802
12092
5804
54119
51947
39683
15007
30822
10779
13788
38355
15302
50882
24212
64641
332
34972
39037
47668
52836
8500
42909
43883
2352
59479
46039
37599
42451
8557
4685
59135
47353
46097
40102
58972
55602
60094
16224
11544
30330
59397
24271
61551
52655
57941
62465
50369
17058
50079
39932
28711
19312
63006
12184
8476
41616
17398
29567
47432
44469
6856
18498
63780
20898
14836
58459
4667
12873
62707
40316
32065
12412
60139
38021
47973
56737
42809
20854
13953
16158
49609
17411
65244
31940
31820
9675
36253
50488
38712
2533
58757
53490
37535
59687
39432
52859
41511
42299
51766
56678
8059
31679
55210
36158
63014
49001
18383
37360
44183
14819
25174
5979
28245
17559
39347
7936
60009
50312
605
34193
55536
7548
19603
23215
23005
3746
40720
5212
32485
34894
16349
48339
35436
24135
49768
39449
12448
32678
48261
31579
49160
65353
47270
26013
6387
853
41601
49072
6428
31788
17334
32559
46029
29493
16616
64254
35596
64293
49159
3390
14143
35386
33644
1634
13637
64019
59974
8873
16383
16433
38140
30871
17950
52815
50514
46545
30046
50514
4160
59436
52169
27217
23010
57362
43253
26291
19700
61889
48488
30370
31923
35104
1878
57615
9988
35967
47701
8453
14752
36393
39924
47869
59655
36314
2452
49166
767
3586
60628
14635
25967
41220
31057
24102
44608
23822
54781
36105
60606
21363
51669
25490
27984
48965
47256
41113
30789
61393
64376
22695
40710
58714
61189
37821
56673
35752
52632
8431
24923
8910
25618
54907
49111
57600
63924
56907
18726
62443
13122
34309
51361
27311
11482
54965
22133
64771
12468
27110
8611
29061
20462
62888
59806
3152
2333
61649
32594
14544
8229
12018
10840
34949
36346
2815
23397
33213
65034
54149
30424
37415
43931
8727
13099
50332
14432
19741
58419
4808
57338
53081
26263
6125
3801
42327
32558
41572
52489
23175
54906
9788
30966
45214
39272
25222
33624
30497
5468
16912
29149
3825
3397
20635
29718
31337
8349
54855
39978
2043
59525
54556
41695
14837
54229
16548
37566
17478
59126
17578
46049
25474
23870
63896
2698
20846
22204
44995
15602
62371
7688
244
9035
14485
25573
16949
50963
54570
51846
62349
58554
3500
28600
11435
64444
19094
25126
61087
17193
34027
63524
54209
56086
46451
45922
36482
42304
39875
2972
37979
52987
48290
15877
8696
53861
28669
21531
53555
13953
59783
13587
38903
26703
51731
7617
24121
50462
14478
21699
59788
53197
41457
16281
37649
65287
7734
15867
17446
16058
54149
35363
37390
58972
53691
10566
3270
9480
19785
32990
19150
3249
63270
11853
60882
15765
56577
43183
13405
28403
48526
48424
24917
4853
58381
3535
2531
30171
60752
16908
56324
50207
8569
39957
32891
60866
31133
1888
59010
54153
5827
27674
6210
2486
7782
36348
38870
5865
27483
33516
28326
23874
50284
11777
50584
15702
44566
59127
22047
51952
11013
27596
4482
37979
461
34396
61004
58413
8943
49062
18853
2310
25316
44725
44245
65530
35705
56106
50530
61729
7303
12120
4940
35363
32562
27694
54955
62850
3018
55746
47803
43149
33989
16141
1801
47775
61265
7545
22974
47986
41854
40637
26677
52881
39919
12622
28677
40288
32137
897
34443
29376
30694
23203
54198
18607
60479
25799
58364
59563
64679
43443
49481
1726
7631
36959
61074
14685
7542
53562
49462
49312
33843
21141
61384
55013
62602
27668
3742
454
34639
46038
28089
36348
15303
29169
61464
37825
58071
21650
14073
50637
49955
9094
50711
46044
1566
45428
36377
13345
59890
21750
57110
50310
34928
43889
8028
5184
15870
44019
43688
63473
2003
52595
28604
36587
2433
36772
4643
21686
57412
6163
31622
51898
13058
31745
32063
5689
14591
15923
59067
6087
624
59189
15815
16680
65215
37802
53346
42758
44842
48887
34619
39067
26484
625
31454
61863
59737
25231
24355
35465
9802
39860
5129
45447
19076
17673
14615
11296
20636
64805
35908
29867
29628
33067
55533
25447
31182
26296
35115
17556
27953
42646
8182
61426
56380
58545
38585
30046
5706
60136
62457
35086
51302
15372
53671
25973
23433
24248
4726
6269
29046
30079
28982
39185
20836
63398
5751
35783
32412
52257
38336
31012
36157
1199
54453
41198
29352
47916
65518
6082
47234
29028
30330
38675
37286
3394
22018
6234
875
23873
25844
42647
39119
43313
17944
25950
8838
26177
31528
19602
64814
15606
31721
5697
28350
21490
4514
30816
50457
48612
61093
24002
40491
60615
28472
26911
33754
35411
30549
5789
35779
307
15832
28573
45777
59238
33496
34113
13608
11856
16616
61244
33808
45063
30329
26083
46823
13458
50262
55368
41714
7184
79
25127
30773
14144
54826
2953
55874
62239
12225
21657
59440
28781
57048
59294
7557
2217
22584
57538
47852
50878
29716
2912
28600
13822
50673
33014
15906
53273
22830
8624
61906
48386
8778
53096
48731
612
15714
39208
42143
29885
15933
15821
28975
50331
35071
20156
32964
15548
30985
29750
1437
26504
3760
64335
37285
41657
10040
31097
20369
47938
28618
61789
1703
33448
40494
47822
24810
22058
12550
32243
16886
751
25554
4152
31934
36755
36387
37461
41164
34617
35221
11396
26146
35666
16078
58742
52064
23303
63031
57289
33775
4787
47942
12066
5964
45428
21982
43637
8473
10209
14313
65289
14233
20619
27795
1880
34033
11532
20178
34329
20301
24269
33248
4813
53844
52079
15968
25235
61800
14115
46262
2735
39621
18338
1317
44371
3384
35168
50855
50946
46793
3754
6191
35126
23234
62648
24253
53970
31228
45208
44216
21408
18517
10641
22227
47865
26075
44203
64321
2065
27054
37724
34704
19764
16521
47035
31777
32649
41338
20516
14501
41276
21898
17022
49460
18057
59186
598
14776
63765
20339
52065
44320
13284
13154
50804
23902
41902
43436
3128
25244
38393
13133
51806
54658
58646
54127
61644
55040
63486
63151
59523
51924
1101
7384
12330
10569
22274
52208
25308
36804
65255
16592
63296
34825
53933
58017
39782
15349
43577
29480
56456
24905
44165
50692
18231
10244
63900
3077
22085
50697
52439
30919
60543
23542
31987
17168
56952
9210
37390
22081
21979
47658
35206
49420
38459
45316
19745
36662
46099
62792
37283
39425
53187
9527
63801
36911
50331
24607
35127
34709
54864
64289
8676
4194
63658
17715
58086
20329
17643
29025
31176
37785
46207
22215
1199
3192
38793
5540
51381
19918
46975
32974
33560
55244
44551
58205
40796
62050
63524
44352
6198
40948
26730
42114
61556
33126
6340
52259
11844
14185
19698
25186
23365
1638
20393
20398
34914
34291
3178
26126
17323
49235
2006
64054
46647
60968
63568
13250
15073
53211
22162
4875
22743
10530
23639
16179
41441
12375
33405
23963
30485
13947
63087
29426
17574
39578
149
5973
5912
45431
20606
25590
46515
38983
34470
64412
38509
10166
7764
45058
12156
20748
15074
1234
33922
40663
63444
46632
15265
44771
8326
56353
21118
26992
47210
3345
48226
832
12451
34190
51148
31066
11431
28405
31624
28535
49629
49201
8009
31994
35021
56271
27269
60324
48300
31558
7345
43903
32645
54749
56757
37588
8143
58071
455
41394
60056
21238
32330
58692
41942
56500
25855
24728
41519
17582
2402
29908
44234
41555
16196
57587
46556
14310
43327
9796
20699
36119
15203
3867
32501
53063
62114
52714
10372
44090
23155
25591
49207
1807
39675
21077
23156
56682
375
6492
27175
54383
29100
1806
63905
49238
36601
13590
22786
2861
34840
63673
29591
6393
30075
12412
19433
29539
22037
13732
24868
30748
14110
559
49351
55513
51290
24752
6548
37140
27604
47766
5128
38005
34410
6123
31307
27130
64485
25071
14529
10312
43685
54184
41820
38890
21669
22036
3824
44197
19290
47960
28584
27983
39086
23114
2877
9898
3770
51578
21046
61573
36572
28584
64420
3007
64048
53376
34235
11802
10323
29257
52909
62864
32110
58507
8013
55460
5427
8749
39262
44475
24339
9505
63455
16996
34521
64235
59891
63686
26566
28425
34819
64009
1065
4727
62127
31214
47424
64346
12324
25526
14872
22092
55144
5959
46949
60320
57867
1658
45113
52174
46544
62351
47443
40349
15452
42812
24626
43868
64644
23495
49334
47392
23706
48263
12771
8599
54568
10228
15230
44132
41523
31118
53863
58681
15577
50562
44261
27873
60919
7665
25271
22406
26513
63796
36242
37460
63718
532
45181
41128
36504
58352
34653
19736
58103
11878
33968
26688
30998
9274
52273
17180
44055
22646
12940
5737
34655
43855
65013
20953
5198
39015
34827
33604
7765
46646
11329
34788
39291
16817
967
13002
54277
53885
572
31303
48277
56681
61488
7342
49265
8615
8539
33078
61845
25487
42606
24027
63832
26996
45556
44898
60656
27683
24021
27216
19343
50927
35729
29700
32474
62035
59707
59249
41603
51343
9094
22700
48498
7619
28026
31962
8046
37232
42645
9232
58373
36813
32239
1879
54784
59090
13342
63776
29982
29445
43250
39616
51201
53240
64798
18810
37526
18835
9048
28392
12778
37220
53895
21706
61523
55738
40517
31134
47640
16985
47980
11830
20491
35771
36070
28503
12880
52287
50309
42735
51214
16710
19825
37208
40433
31561
35638
61184
13448
27199
20889
46942
38640
39218
28371
45287
32842
38997
7303
24518
45937
13415
57753
31346
15058
40901
30859
17388
45203
52766
33117
30321
15591
54851
29068
57809
36779
59043
30654
60989
4944
33833
42949
4362
30839
43846
53730
20831
20636
56398
58741
15025
3986
48993
24572
42505
25317
8113
2319
53809
22789
6352
32915
3080
23741
20205
21916
5914
61892
56505
15123
58312
34848
60544
28314
2302
57614
19223
56620
38056
44492
39931
10606
8614
34394
48082
63868
21603
38490
41762
10528
3061
45499
42803
2389
15606
56575
46509
60394
38994
64587
55720
48293
32845
24614
16575
57406
7148
44550
30363
11241
56601
61464
23989
9061
39195
21861
56860
11317
29403
27330
10936
60755
8229
3312
64708
41862
16208
38219
40054
61164
298
36296
32788
65372
60556
33862
63017
32239
26084
33747
58247
34747
23337
61065
45845
43043
65391
26312
60197
16
3473
45990
7574
34897
9630
11898
28754
19047
55013
2683
39802
965
37019
28485
52138
24537
6227
39805
55320
53110
30039
61972
30536
32867
39680
41489
41649
39024
11545
26559
42497
11356
45902
24019
9796
22685
23393
13644
7781
9732
1803
60431
62149
19726
13020
5914
3996
5822
6461
13536
15683
21331
54332
59782
14775
12820
16374
38067
38449
5817
64004
21916
45155
472
55561
36907
2948
555
46923
56853
27859
24708
41108
65244
47337
16716
1173
31241
17290
29703
54174
18464
1573
58295
39564
37528
51940
50200
13863
10114
55403
47994
24513
36548
60909
13969
59378
50480
64881
12726
24971
36502
29981
53845
1849
28507
36682
28754
63530
33575
2302
10815
55612
33830
22409
53682
27883
45349
16522
6896
63099
46381
20798
34486
32121
26171
62656
16453
62149
18882
24624
52771
61693
55668
36035
8396
38336
51438
50236
60134
46008
10570
60943
11972
43693
40102
47753
64727
8707
61233
56841
38529
13507
64660
46235
11949
17831
12835
37492
15757
3231
14632
25317
64474
19201
10695
43618
35094
64075
46994
22912
57263
3219
16582
12319
17219
7625
37162
54155
44090
59608
51690
31850
58510
9788
51373
24816
60943
53964
12842
46658
20084
39408
24987
41361
1697
29829
17917
17264
51217
39643
51168
33985
50594
11579
25660
54571
59890
28483
7335
22882
2578
44580
53346
60922
37336
38662
40234
51581
61668
54266
39423
1813
31547
3937
7622
32117
52462
27573
30035
22078
58681
25411
51068
64203
53054
30351
60460
22076
13718
22914
47106
17389
27252
43648
2023
41149
34629
24419
60852
59269
51667
52222
35200
50631
7131
60458
16421
41413
48496
45614
38829
55849
42664
64625
36531
42524
46471
10183
17019
15757
20862
52031
18901
1947
24340
30304
58911
8811
26778
46385
11002
46032
16774
32218
9664
57253
29898
3328
18688
3221
6778
52268
1368
32117
56528
6666
40392
47545
45427
4545
54328
24719
65069
61400
11864
63612
9621
15016
32152
4101
34627
22199
35407
59350
39803
23949
2945
34425
10002
8866
603
286
8876
56600
51735
64655
53589
24891
21842
14898
7259
40359
58124
64031
46353
23270
33303
38761
17166
55538
59554
50196
58596
55873
17955
58573
24236
51170
8099
63785
15142
2445
56144
59193
29238
25000
62169
18293
9886
50474
61385
27379
49735
46332
29687
38115
20874
28154
53698
38806
49681
13995
4380
3925
42800
21701
45345
17887
52686
63385
48988
29069
20848
13102
43821
3582
59166
36773
11713
2385
51653
8158
27786
49636
55320
50526
52978
57513
47311
4138
55184
41645
38789
39475
37181
46415
61997
34534
51069
15498
29950
7264
28392
62703
39497
16211
5217
48471
30969
58748
14267
37391
20250
52182
44623
64481
19060
59584
59843
9693
61101
14189
50210
29953
49791
44742
28619
56546
22864
16049
25699
47050
20609
4193
19988
33069
54817
6659
63384
59032
40923
10179
50446
41335
36711
40499
48819
22072
43862
2498
60858
53328
39790
45884
30150
30892
18325
38068
33274
23962
59668
57703
57520
11723
57918
21298
17233
11003
8990
58305
4041
46614
48153
3213
60939
49465
46731
10907
33067
14284
59250
14792
27528
22959
35354
18375
29010
22849
14175
37999
19453
1522
47175
47664
38634
12548
28017
55364
10011
14072
39336
29706
45726
16318
48642
36850
64702
65158
23125
30396
56536
9739
32494
51388
36242
46293
35286
47340
49617
44379
12920
3605
18474
50623
6193
63244
49910
19670
53582
52066
3648
57111
23874
28974
61673
18609
52002
61209
23389
26148
7498
5726
12651
51067
26615
22931
56541
14069
53897
11107
27770
47584
43530
55745
22436
40554
46858
29416
60231
4017
36517
48178
27084
51917
8857
22052
54337
44428
40910
29440
31493
10789
60911
40383
6076
61311
62978
49402
242
55840
7215
58950
41379
27478
60133
1628
36088
58883
15866
51065
16521
2703
48738
45141
13373
2189
19636
10196
63867
46102
28634
20250
20451
13095
49205
30353
16791
56593
24824
6930
20146
41722
5280
21686
12144
14629
40170
50284
48216
41017
55536
4438
55042
7331
31487
11962
11022
61042
56272
25807
48322
24575
61277
33936
21638
1721
8962
270
23576
57468
19987
24954
31183
55955
53339
8813
19700
30800
28500
41297
2378
62698
2672
48483
59061
62935
45917
43891
27752
6672
16546
46558
59363
10661
51116
43852
45349
30145
8947
974
34951
31893
3111
44386
26656
52681
48260
25938
44158
10626
60323
39840
33859
45054
917
54534
15212
15541
44130
61345
36670
1676
40884
59876
22490
36288
27883
38700
42957
38695
27132
7349
61287
8448
18430
52339
44515
47239
6802
3372
2695
2529
24830
859
61504
46871
62464
25017
42221
5770
35741
36554
62531
9042
49058
26368
21143
45289
9073
20184
16430
54004
38523
10366
53654
63643
30020
49381
3022
31419
20342
4360
16333
6255
26920
20829
2136
6057
32447
10900
31414
30660
2267
38886
8188
44606
47856
20989
43005
63626
21544
5647
50456
47793
39644
256
30513
48736
17758
33209
21427
62208
22353
65427
32041
20694
46420
60191
43640
16408
53452
236
41806
36298
48347
46628
22820
12488
14424
48069
51872
49552
54767
39801
34749
36933
30572
38022
34685
750
22917
2542
47145
1371
16256
51965
51047
59225
34545
54605
50949
23680
64100
58988
44907
30110
44897
15001
20850
33258
57996
32181
32046
44918
30939
49004
46489
64736
22760
6066
23378
37715
39105
23380
639
58061
43392
50499
43568
4211
39486
56933
5472
53061
17179
3066
37187
52597
29632
22130
28806
28858
8826
54537
9823
26890
30672
42234
27380
56213
63309
28538
25457
14342
5297
36291
36283
38361
63424
25473
62729
34661
41746
64033
10003
14473
21818
2014
42571
20740
116
49174
44967
21163
27969
10092
45885
14436
28188
63877
8008
61630
24848
23989
27901
51180
924
20156
8659
1351
48682
53943
35002
40978
23082
32751
6403
27091
64721
26942
28687
9475
64134
43066
16025
50356
49824
49875
29477
39280
4646
32088
47570
14128
51268
65
17518
815
60089
6010
53651
9660
37015
25972
59638
15938
22198
1416
1015
41794
24652
16974
49271
53531
35133
40185
16277
29960
24165
20636
41658
63939
14615
31884
40139
2519
44582
10333
45078
11775
11397
19746
43515
48092
44332
62511
63097
59854
47372
26022
53308
57224
61656
54471
26061
47809
54478
10872
30494
60157
42468
62604
46945
65524
16831
13880
40537
28652
54164
11284
37663
797
43322
46555
40181
770
28921
7176
3524
6287
49992
9237
28303
26654
46459
55256
6166
8596
17662
1861
37032
47402
55039
44711
27579
63669
47580
30912
2596
52784
31670
36561
12467
52895
34578
1487
59807
25068
54252
64580
65049
42019
36785
18005
1965
15795
14717
10315
25429
30845
20093
24408
51705
13593
58596
20726
62265
47473
4150
52159
64683
48392
16238
34072
60972
60575
16808
25698
54747
61800
38897
60013
56249
31527
377
62297
59266
37669
756
15139
43760
56672
47165
18520
50822
3167
18897
21405
577
13670
14937
49610
52429
48554
13215
29184
12136
31275
46292
26323
24356
53717
62326
37491
7817
9232
57290
25415
26153
21872
18397
58894
46082
30418
17403
45560
46704
16693
52388
41950
8586
53229
36775
46174
36501
376
36929
46004
36322
62016
40633
3567
11645
54708
54150
14166
43382
26669
58300
30975
12401
58367
11144
62749
54401
4140
36612
29172
63281
29181
10763
8435
13016
11229
7294
16778
24546
31751
57075
44980
8850
22139
52575
18483
6329
15125
37130
10609
40812
10163
49790
4128
5689
27162
50810
58407
49588
10457
44675
27978
24291
10397
57595
42355
62007
32964
53786
33329
24513
24631
22005
45534
63476
41989
50981
35566
49853
5589
64324
24136
18939
54337
55114
31376
9851
48737
5860
32607
63791
9282
57472
18359
44740
26138
28724
60180
17381
47647
23466
9037
55965
59708
49466
21051
47658
38674
23785
44457
28880
44222
61229
42905
17642
42822
43418
52113
65194
18593
37745
14087
62665
63678
34669
35931
49869
24623
51025
22814
47285
32569
1283
64742
39712
34826
34502
57632
50890
58597
42058
8408
53355
42202
46736
45007
56122
64487
22198
58123
29669
38778
47848
24915
22786
59710
59028
47431
14238
41540
32850
16983
58555
13251
13951
56281
22927
5220
31629
32291
54919
11489
14206
35505
56247
55964
23795
58716
38544
27476
3530
23325
17949
63800
23146
32323
22698
24508
43659
3977
21519
35948
576
59545
30545
62535
13863
32397
50830
44944
19858
31573
58911
32969
19936
2213
37254
7695
46440
2269
6859
14470
8193
56493
56643
2271
21183
39022
46980
22298
52135
12519
34068
47915
3575
61266
34383
22088
31304
29448
31108
55915
23420
17518
19737
23404
8732
15044
42625
16838
38886
30779
56701
35425
16513
20212
16475
50780
28841
19012
12101
4157
17226
25221
7865
25339
50412
58684
63063
29739
29108
53556
40368
33920
40504
16418
51440
25686
41990
48528
6157
9864
28990
13926
57357
34472
7322
55969
28733
56188
13373
56478
24763
27314
17578
59589
13229
49906
60621
53230
17646
26275
57225
23315
17868
49279
39451
12486
32209
55829
49218
48357
16944
34422
32514
33971
16082
14912
39893
20428
21945
19554
18813
15292
33155
10293
63670
64510
2086
63667
56064
11617
29474
11832
19819
64661
38672
12014
16021
5585
31247
34719
48172
401
27513
59153
58959
54063
17472
30997
55560
63266
41318
31289
14973
17131
18018
16053
1149
937
50211
54512
16118
58817
24352
42176
57990
45201
63077
22579
47093
35869
6514
43377
17920
55665
9354
9790
43002
50676
7692
13790
37543
29019
20108
56816
40352
30886
19174
32588
28834
39309
43888
12136
43620
36427
49820
30698
35012
7181
43484
62899
33436
37181
48976
37086
23877
41161
55948
22001
58426
21547
18089
28854
5572
10693
15547
46251
27112
19570
57982
34665
18082
21037
19506
21978
42200
43948
36751
16278
6697
65187
32795
2308
5007
23716
16132
22680
23242
27048
35540
32050
25192
63640
4225
45124
3398
54346
47576
47573
42248
30371
22725
51167
55074
13580
1846
58967
1853
1879
17440
8922
19669
41315
3044
4030
18442
49052
42848
4693
11038
46508
49995
24724
7206
36098
4750
22975
54241
62029
39496
45693
19817
56609
25820
42138
41952
18775
19705
13391
60289
10736
25464
12659
23937
22990
9244
38883
50449
15861
28390
10305
19002
6926
30227
7218
30867
60736
37935
64167
39751
25999
53100
50855
53562
48898
33389
10600
3128
49018
32205
28629
2342
21562
40318
44853
4255
26945
48384
59340
41201
10398
41056
63500
31857
10134
3581
7105
10662
61192
54178
19856
29213
22248
25879
27622
671
49664
33267
6069
21439
55127
27359
24624
43235
47150
7998
3205
25316
42097
11558
12205
2730
46010
1135
34123
28719
37416
16060
38346
9216
4136
25194
4425
64992
55167
16596
19540
40700
37871
36618
10301
29936
6991
10567
31327
14699
54766
21395
50764
62223
46108
15916
9115
16968
46261
16912
7643
25836
56837
63744
13765
11354
60880
23614
4919
24872
3538
29464
15826
50979
25012
10124
61992
62597
40572
12896
37321
50372
60928
30529
20676
51017
39836
46902
54344
4944
62623
33993
10302
7778
16593
41528
52652
32426
22776
16672
31542
41094
36574
36218
37776
43073
28394
48506
22582
65194
12531
12401
63504
52133
2648
36850
7053
2226
128
58356
2497
53881
38607
65119
35398
64058
6411
45043
32921
21604
55055
16908
38658
33271
15199
55695
60189
25960
905
45114
44711
25402
11270
65083
63107
43678
30595
56444
5212
48123
61326
42427
41288
55140
23053
1613
33129
38524
14037
15009
57847
60075
18182
45283
38526
23173
20735
18882
122
38869
30007
3017
29288
25255
18544
57387
37368
14975
9466
26096
18874
9643
36153
18037
64087
44141
58669
41092
10661
26431
34025
47827
34683
45434
6510
43696
45033
62247
19927
44604
43673
56521
27633
56942
608
23454
36959
35874
49613
17528
35762
28214
30775
15024
52310
17107
55353
26375
64110
46246
9173
16932
31651
54614
18499
39203
20364
43111
7319
404
11850
2014
46015
35713
10643
33853
50154
50887
17564
13633
54863
28676
58331
47792
29810
27908
34803
9949
21494
19294
12744
5242
2126
37756
41222
53237
52231
54354
22985
39877
22891
51511
65086
3047
13899
6768
21583
4422
37647
4504
56657
22979
59274
22543
58460
2079
24651
41943
7419
46225
23104
45240
49300
1264
10315
7596
27722
63114
30976
14496
41870
43668
43070
14821
15066
61990
43957
29630
20541
43438
53940
17174
19102
27039
11479
36068
62566
34539
848
18062
64757
40737
41997
6725
29000
60064
26653
366
51228
24840
50887
48538
51978
9284
10582
21468
40215
57034
24087
16922
60926
64598
58934
25530
65098
42704
31122
59307
26681
33742
26447
59990
58388
18051
48768
57570
18897
4492
5450
60756
55201
62787
29211
60821
11063
63521
25299
42856
29591
43289
57569
45190
690
63618
53977
28955
39775
10503
50215
59664
25813
49006
42887
32330
4839
26456
17297
6045
30438
16309
42912
60582
10359
13652
10257
4387
28261
20849
15906
58844
4009
8480
37667
60357
5515
2935
57340
45950
32592
60253
12604
56587
27993
65182
58048
59445
8756
29965
10563
63564
30646
25122
4684
11103
38005
2136
704
34382
17714
26062
56784
7233
8976
47298
6510
62056
26311
25258
45638
41581
31227
27806
49500
37416
22287
8676
3526
48439
44334
41093
513
44633
59895
355
57722
5857
98
46791
29791
42274
51097
17551
48375
24774
17173
26862
35037
47981
63878
11083
14144
45506
34026
6505
26781
10638
64048
53551
51031
19948
33944
25071
31734
47697
601
6369
41640
51787
37776
17355
11891
41508
39311
63695
319
34830
60724
35016
64887
42592
46293
1803
34320
5317
8656
29461
4867
36058
59139
9402
61660
7653
49935
51282
8767
65208
5468
12571
42374
42431
6804
65012
19818
54013
8831
27318
3322
39277
22137
14121
25486
54258
41726
48492
52985
1098
56230
31026
30684
24892
10860
11680
45073
4692
312
50657
14549
15530
62332
6274
49273
18973
30236
18938
64324
49583
62730
5231
31850
14696
175
53573
20681
49791
39317
25803
38920
58268
59978
51878
6459
21062
14467
35901
20404
33240
41418
30552
21738
59538
51287
46382
54869
9583
27336
9526
40784
18762
11163
11798
5139
2531
25143
46688
61049
58454
56371
45560
61000
47265
47091
61539
15248
7703
21687
36797
25263
27416
32121
12942
5961
51858
39217
5760
4711
10592
37062
50347
26349
44295
10118
53051
9722
36337
23196
22647
51466
32589
60391
14363
61645
16057
24541
21743
27974
30176
53100
18041
30043
55639
9166
27271
22330
20176
48458
40344
53174
16126
46159
50489
64648
34509
35376
17193
37415
48768
37472
43215
3065
31440
27440
40020
44722
48721
13764
515
28840
52762
30260
30205
7698
7244
17301
23701
54032
13021
61940
61325
52494
6978
7381
47452
52085
25946
56506
58259
20739
57963
968
43530
27550
18770
6759
42324
50860
15182
559
9195
61140
29339
1370
35248
21345
38848
45960
5552
12008
46064
5398
27151
58707
59571
6336
44343
2763
25584
15102
37676
16545
47724
41937
16955
36160
15204
64349
50481
55276
18758
11809
57823
31612
16841
1668
11672
35216
4909
50866
46390
29019
15784
45086
36389
29123
63675
47975
5315
30674
8368
42881
20389
34575
27813
18922
20900
18932
11587
48175
6321
2540
4955
50969
42407
26613
10960
56181
52477
33510
18613
4808
58397
23776
6629
9740
30850
12711
4813
17768
17450
6289
23949
689
12260
36064
35684
29355
27406
38865
44363
15156
53520
15500
6781
23805
59988
12236
59449
28088
29978
6804
44148
12693
41239
52536
17072
33100
18332
9046
38891
56807
29450
47902
35988
7637
25023
4409
4891
1011
28398
30602
43075
57747
61357
22629
50698
31546
48315
54140
45185
28259
4492
41366
7747
40342
15592
17926
47339
16905
19428
35258
40232
27898
46248
21401
38228
47519
27569
56955
57453
799
25269
57470
22809
6651
57628
14597
51018
50870
22937
55717
41992
59106
47417
6629
59027
31899
55912
51370
53113
44790
63717
40231
4474
55426
63536
63210
24691
1932
31020
488
7820
44493
46906
1844
22074
55114
8366
56040
44183
5080
22419
21891
41732
9505
44805
40129
63849
40514
40662
37699
55060
58001
62221
27992
59962
25598
868
15874
29011
28434
61253
45659
15951
23472
52961
42676
60002
19412
63216
21412
54534
26969
52641
35609
53926
53270
15019
61543
12748
18775
38585
61108
55829
18909
61707
13254
61266
57327
36255
1518
60292
58331
28829
56586
59836
31541
62128
2913
61901
58256
64786
17817
9608
47113
56972
28276
15448
11526
24734
24493
60855
48962
25865
49291
35624
19272
4224
48111
3367
50340
36358
19636
50851
26302
33295
63752
53999
64392
2844
30867
36556
57707
44096
39440
62463
5276
58119
33237
48590
39563
12556
22807
8201
25815
44870
53813
54004
39298
38256
49811
16036
26715
6846
11387
13692
59230
25107
6357
16706
36530
36590
41382
12607
53082
21290
25469
30527
37398
2836
36231
53017
26531
3188
48523
37681
47992
33440
19414
52869
39052
9656
22989
24152
9354
41390
61476
8151
37874
10553
52431
22099
62207
22384
7906
2713
61188
41207
55917
23730
30358
53176
35502
53800
34154
58069
1875
34353
30898
27302
64920
58644
51894
15938
33880
27558
6304
21116
6458
1943
40682
12974
32246
8102
35337
56191
45383
39420
17063
10829
3626
42087
59860
61440
65443
53861
50753
64571
42942
10064
49156
48612
12782
59014
38708
31345
31338
53824
1767
1529
17517
6743
31779
45568
5226
21210
17435
52758
15
48686
24771
56982
20932
13535
45446
62863
47336
6616
31574
37898
43203
59051
15496
47313
29576
57156
4160
16697
61331
3851
27998
23712
53679
63572
60289
46188
40698
34465
29194
58619
55209
65030
59598
47275
22496
27534
9392
62888
5412
4442
62319
30002
37319
27600
53089
12934
7304
63090
13764
6226
46744
37588
5051
45762
56349
57479
29486
27284
26979
60834
49361
48682
28380
39442
48837
11694
21889
4772
38325
22362
56533
476
9023
62359
36063
40314
58992
52420
27814
20863
37299
55223
58397
50720
17969
45365
41544
37017
2383
9668
28588
54229
3588
12313
47108
47057
15839
29362
55183
16140
29715
24229
31142
27246
43269
31405
53157
16817
46581
48125
63594
32672
52011
4013
17353
25103
1633
642
49090
32107
20706
54831
13434
40414
51310
41655
4108
38235
50624
20838
8935
5938
3144
25299
44201
45667
26263
21719
10023
42576
59195
13742
61246
16917
33497
52755
2881
6435
11712
54483
2090
44919
23575
16656
16399
32215
40156
26468
65092
63826
5529
22592
44520
50153
18414
27993
4582
445
36839
50331
7737
62808
20717
22756
28752
32379
8933
30166
23156
53424
18179
5406
40757
15937
63490
30024
18336
51465
62173
48030
6855
7968
9734
57897
9379
55659
48898
21044
43752
6200
56162
4765
62431
62474
52214
36501
3071
42632
60337
42876
13909
32567
63049
42583
37179
11657
31686
38123
43988
59715
30464
34825
46695
46933
29717
3081
8058
21585
61257
56395
20197
21657
12268
63053
45180
1768
43255
63044
9520
28640
24730
10725
12406
6842
20747
31796
25720
1437
12902
14293
16758
9375
47579
43036
16611
44013
52167
33224
34057
10829
24880
35902
18055
49289
12986
43787
18099
5606
31513
44418
29148
41125
49789
52765
27203
16967
49460
40672
25193
15579
43216
2031
46394
53539
13021
42975
51293
18768
2269
28310
41151
10916
2466
13649
9351
53421
58695
53284
65523
59110
58232
4349
58223
4229
17470
56368
14061
61889
6976
51224
64173
44599
250
1290
45316
24213
52496
1828
30809
13004
4269
30909
27100
21530
23249
48975
35155
13523
64817
10698
51448
17581
17535
42321
35472
33983
56394
47068
28776
21804
55678
29636
61
18084
11843
32779
35465
28767
34401
44209
14644
62150
23150
28920
10824
27440
58903
51572
35295
34330
31712
20333
59063
45419
17570
46476
10833
61100
16806
44479
33565
53160
28704
8894
32468
48944
11463
58677
32152
50792
24599
53744
6916
49024
57343
16658
4772
39865
27431
40794
46983
33725
42910
44797
40080
61494
55798
60300
24907
43469
45210
21199
42572
46181
18854
64599
14444
3586
55712
48087
65308
62686
61367
48161
54167
26474
23247
954
4646
20814
19322
2739
33229
2816
32175
31456
10744
14158
25462
8417
22844
4597
31743
12336
47785
47850
7777
42802
20039
48544
23499
36724
37422
27057
9630
52751
54278
14712
10221
27968
41761
40461
47173
50768
33966
20921
45161
63995
33392
47724
28899
17342
19140
13965
29886
10258
36713
808
1268
4522
52939
53422
52104
45673
44772
5267
42747
55817
17722
6723
13072
7899
65492
19964
15940
18787
56033
57567
21435
14336
13325
45294
61292
21332
42013
18759
13695
51224
31712
15717
33297
58640
38566
3494
35287
56920
22164
23659
29067
6618
20041
2166
24135
65422
10350
61124
47807
5978
25649
56640
48812
19933
3733
5263
24791
55350
28939
22254
41836
7290
16979
19059
53612
64262
7786
23087
46427
15967
55010
10818
38842
18781
38613
23807
13069
17512
2539
55915
14875
4995
4797
20674
49832
61607
18012
63582
36408
28359
22816
12816
28852
24870
648
5905
14875
57748
64966
49428
27318
42364
49608
55555
14121
30630
40348
46258
19595
6588
419
34839
42416
32075
16694
28460
55077
28131
41852
44326
5290
36394
40177
30634
47138
17110
10633
17217
3627
59993
1790
40725
58129
36359
50350
49418
57429
20362
11787
3483
26698
8204
15403
47441
10970
64949
33935
19290
21904
13165
56109
44048
11146
63324
29725
61395
15188
59549
26455
37250
57250
6431
33009
23337
15623
8864
62072
2257
18927
52381
12333
23304
37432
9282
13797
37081
6379
58145
51552
16903
32740
2684
63153
59317
34202
28846
12942
36214
7888
56897
35195
56398
25823
3215
63884
42771
37649
15324
29510
40947
37213
56879
22703
23770
25493
42946
29512
63504
44396
37268
20075
12271
30864
49821
16998
17175
40126
20371
19790
54059
21917
18305
26372
2724
22637
11193
52908
57555
51547
42524
21397
8426
16535
55616
26228
48238
36167
63962
62273
24246
28862
50187
7228
24490
34074
44513
60709
52403
24251
55888
53173
61986
47955
28285
21964
40489
17154
40228
6839
39149
56751
36827
37928
8246
39494
42182
64730
13813
2728
63465
62386
7265
52504
26779
49039
40065
55306
57
15412
42410
9620
7923
17152
61193
38773
48127
17672
9664
22605
7851
6150
17796
50028
35342
38463
9374
7824
25012
19255
8485
26332
28737
18178
28016
30371
54068
47135
35781
6769
15416
41569
52622
45393
56558
34742
57230
20170
34288
12355
32016
2762
61535
12009
50850
21238
58518
41871
10282
18402
55138
30475
25798
23085
18096
24635
30473
35260
15799
39794
53971
14036
59046
22647
5007
47174
53576
885
25721
9993
29305
32588
2759
22486
5408
64504
45104
5788
24669
12758
18860
51785
50556
24844
34978
34644
61307
29335
1029
58814
15239
11481
10373
3737
246
45842
20414
53451
63867
41332
19336
64430
16998
55430
26863
13753
7231
54263
11297
19524
51018
27938
18520
17415
14684
16520
54500
43065
52853
3678
6483
42648
63030
10572
25794
1657
53203
26565
9473
63106
64268
45034
43011
39714
26444
30864
52395
3719
10802
19380
23662
4486
49082
62255
35583
21305
601
45889
20163
26209
48449
431
27157
8472
13164
62673
14806
39697
337
21490
64449
49864
30860
60602
36392
21983
27511
30523
10285
47966
48812
34114
36059
44618
11448
54828
41993
55876
33946
63154
30401
55396
48138
12137
22442
12886
26219
11343
28876
44413
40330
55505
5767
40123
59548
38163
31448
47705
53895
35706
37913
2781
36238
60701
14300
6936
5558
32434
19865
28539
53074
20807
22235
41322
41987
58261
54330
27856
38777
53934
14805
35929
36343
9111
10232
63884
1594
60944
4691
23742
57897
31826
38524
7940
62216
29552
49501
49977
8808
39146
57650
24363
62555
11632
12194
29322
17666
35009
4821
866
27085
4803
17058
17828
19526
44389
41155
7658
31708
22519
45278
11942
61527
5068
9592
13847
54895
34700
28409
32111
5963
57238
64497
29116
40738
36206
9825
9792
26960
7523
12993
11583
54712
389
65194
46393
39913
38588
59770
21353
5168
65151
50872
38990
34280
21900
11887
35717
57890
23030
48493
23728
27622
62190
14185
38550
46840
2106
16407
33399
44966
18573
36540
29636
26653
59839
55125
29805
60365
43871
18254
64700
54444
40149
3244
48663
18367
16470
19237
46889
59555
48707
50400
45950
52550
1508
22523
31466
35467
54539
48701
63527
12486
25073
44824
35019
2363
47183
47314
29005
11084
17985
61803
46985
24795
16195
34203
65429
811
3221
28484
22492
32771
57740
44048
45704
41470
46349
13947
4417
55727
36392
53547
50598
26906
25273
40244
60708
49693
36486
22555
61193
42336
59656
62818
27787
30123
37385
9641
17206
11930
4658
52809
48934
12704
14785
61392
37360
15929
49420
4038
44571
22073
29403
53526
26129
24737
28036
2384
35001
38390
61327
51328
31363
29875
2947
60549
42144
43291
27298
13426
11203
36149
55986
40504
54219
48199
13459
62734
64661
50235
41861
35924
62124
13295
29880
58051
12963
8817
56058
61263
4599
27463
21072
27151
27714
20818
26592
53051
54840
43945
38451
31945
28655
59380
22165
32269
40678
17880
15031
15334
57820
22846
35904
64096
43135
29579
36790
22586
41807
39659
3529
34041
32081
34630
54734
35936
34307
50212
22772
47168
57327
47408
10798
49746
30442
57840
18475
46528
29111
238
11770
11911
5977
14351
24333
5656
39832
34182
22569
49146
18967
42620
47089
20002
62827
65285
48641
3733
11826
33717
42189
57862
34574
33586
6856
22596
22790
10877
7897
39670
46238
2579
1829
6603
26134
34789
25377
38321
61089
45104
52324
54292
508
5116
36013
44320
39077
10426
48024
46932
30344
30118
5327
53907
33303
4290
61660
2931
37647
582
39626
47676
15633
62092
29185
57408
8983
4854
45350
52820
25347
27225
19779
25476
41919
1924
27110
53063
8705
29905
51588
27304
64811
5091
6674
51691
63188
15927
58367
53352
62449
26106
61564
30129
44206
13808
25904
41702
55625
27108
4563
41765
4874
52287
49506
39530
64428
64559
17485
51927
60672
50907
16134
4188
12985
43240
29409
56293
36704
51914
28414
52778
30803
37331
9234
60498
50981
62919
30922
29515
43852
27846
25263
46745
51689
18266
26963
40244
11462
14169
4171
12923
59553
48064
38419
44229
41083
53924
6947
9924
12948
26362
13978
43353
20219
62608
1405
51377
27138
18973
33996
59297
59620
38425
62569
62405
23885
43609
18433
64455
18735
65408
45146
48373
3526
46794
21121
26207
28717
11014
11011
57435
14302
52113
39737
33655
12435
26023
26369
44617
58574
27772
1874
50594
64871
36418
47060
57541
33639
28381
38233
3354
50296
35314
41051
222
46256
15125
11608
41906
30092
7673
23822
14728
2271
9371
3966
59177
42847
60574
33094
37492
58611
39339
30942
17241
19885
38758
7879
21415
49227
39092
60647
5169
24345
22656
39920
22245
48892
16707
34470
4212
58606
56220
13057
9725
19419
10828
49773
40989
36069
48373
19896
55893
4517
60421
50678
10008
16353
52877
3894
22322
11446
181
42681
750
17325
30659
47014
529
49203
50306
39960
52357
7180
34487
35288
19624
49219
27300
32291
33260
52602
37758
23760
4038
23342
57306
33179
24445
17630
8485
13250
3924
4227
35741
24112
53449
24590
58745
11477
30982
13884
11390
27470
46718
20114
46017
43910
16032
63468
33162
59626
46817
9318
61592
24303
44500
11532
53244
60719
2923
33224
49701
29333
47159
42755
12854
64350
44955
25202
14601
1520
25162
45307
6144
59698
63992
44618
44255
35587
18261
47500
43188
22871
3920
7151
33085
57767
37741
12776
64700
18166
31885
46535
35046
11167
50987
29822
42177
41443
26478
39462
63104
1013
17729
662
39393
62471
6799
58246
62154
542
49708
39242
54046
50344
42853
34845
3031
62943
3106
44171
59477
58625
50497
19618
58494
63071
9851
63928
46005
10245
17731
7608
26604
24024
55464
7216
12379
7476
20830
39103
22970
23854
32246
55246
7318
38377
62920
51954
45388
56568
5859
36087
32755
14235
55006
12401
42641
60187
48911
15373
65351
13262
47478
39226
35424
49722
43878
55265
53830
35912
54177
10912
1393
39600
59683
55406
39114
58356
27216
3973
21569
57970
6541
2716
39509
40521
53772
17582
13926
7313
25005
59014
24724
62266
38593
29817
17902
55463
7419
27430
57796
49242
4991
28577
16507
64061
19858
61842
17268
19448
58752
31543
7306
32126
22661
4668
14815
8723
48935
23481
13475
64414
14343
50220
53221
6741
38440
36107
35739
17693
63894
8532
16139
57150
2289
49103
41801
54050
5786
51438
20411
34271
65189
31253
44672
18399
14260
56666
54365
61551
6043
13197
47946
3968
29925
21938
51755
46936
31574
61160
25467
37201
38942
1663
11941
28064
15954
34234
3528
47235
21094
54108
52456
27877
30572
64835
36524
41904
26252
9316
24945
19465
40540
8365
52084
7302
694
11987
42583
49801
27184
41309
44685
64601
7030
13937
39407
27656
3978
60472
30282
65387
9530
17471
9691
54928
51216
54482
55919
60299
35127
13773
40816
12579
14330
37617
31235
10600
1921
41956
48785
831
40667
64094
37349
43818
2039
30234
17363
50922
17528
60404
42515
12532
28215
49468
44046
37548
28145
17423
43030
49486
60869
50782
34755
65060
21299
26142
51237
2521
20530
54720
4386
20115
4059
9502
51956
32011
46083
44821
6599
55955
2947
64537
32485
36294
54168
3322
27120
60412
695
22775
1371
51106
41351
43532
19543
53618
51448
42012
17330
19474
4270
51410
48781
45659
3873
4240
35990
11589
63633
62216
47393
22915
44042
12374
49142
37559
55000
61740
19921
25487
15586
34415
53873
2245
26118
18433
47123
49564
27622
17436
31159
8006
52485
36368
51834
7738
39258
54603
47892
62831
59195
19517
59326
26181
8902
39100
33338
50023
8705
46850
13011
26565
60852
31050
13190
61945
53094
1239
51632
59555
54157
17018
2623
1337
39520
28597
22344
33741
45746
19399
30264
1049
36329
20196
15241
18344
22663
36888
61193
34385
4204
50602
8930
27182
62445
13086
23538
9901
22740
12271
33022
4305
49546
55139
64198
56993
56615
27587
50706
7120
15676
40027
45472
64128
47210
764
34323
8908
21175
27846
51707
55718
19238
3846
27656
11093
61872
42381
28456
3859
15515
58060
61554
17192
10455
22970
14584
7326
65298
1784
65505
21929
17524
63234
2043
39379
7390
51987
42287
45745
26872
21937
59141
62422
28709
9595
57859
3892
58191
14317
53946
42071
18550
11886
45694
44956
35773
13955
59159
26405
6257
46144
15706
63737
5392
23195
17368
26035
8375
14892
60275
30479
30007
7999
37853
60579
62376
26986
50273
8318
14158
60474
4454
55358
56083
22303
34350
12637
5245
54031
56269
23737
3
7688
30303
47713
57939
26418
57111
3717
47413
12583
58595
32484
27337
35973
28521
48991
56755
23737
6113
28583
3824
35080
46859
19679
41946
23716
945
47220
54795
52100
39395
10054
29221
17239
14853
2570
14210
45240
22358
63926
58260
23567
17542
6561
37602
55033
19099
59161
19965
13109
34721
63832
50580
59019
42413
12312
36792
23433
8575
34871
9529
14342
64691
30974
19121
20473
32245
38345
11009
37701
11763
34400
1957
7172
2453
60294
63901
27230
20141
14512
37753
46297
62872
52746
22166
57062
11426
4824
62984
8976
34850
43461
2737
39673
54111
33653
27187
7838
271
45782
58233
29752
59924
38991
57164
42289
64959
61979
50323
6709
134
20211
13710
9996
44030
60000
14582
7090
36425
33551
50971
58050
60704
42385
24935
56243
4457
41691
13865
53902
19197
37950
27637
1567
30585
1437
57126
49822
54564
42586
37352
54754
43912
19579
32014
46056
38602
57574
22720
35071
15774
54240
39336
3993
673
30394
24790
36894
57574
42485
59599
25288
24960
31539
63402
35339
21384
20143
25570
7411
3201
43492
1699
8298
56160
31409
26118
60423
39878
51859
42069
59115
5007
19802
10123
21845
34780
27683
24367
15122
15569
35258
18656
16887
34466
51104
3146
61993
20634
52552
28956
49102
64638
12948
52856
33222
64927
43318
62614
27624
56831
2411
3930
30042
15464
25145
26742
53240
58918
4411
60142
44965
11070
30668
32403
55419
12479
16377
32148
34341
61138
25944
157
55770
55231
26968
6501
56216
55301
11723
50517
10095
33434
28393
23408
52258
50568
48850
4387
10055
57047
45503
48889
21428
17767
58852
24219
31922
42718
39381
6294
21804
54746
38604
29208
833
52818
32455
41300
13530
60005
17594
17226
37597
38167
4728
56396
34927
38367
62407
3006
46749
48538
4464
1335
4890
37626
62177
14419
57498
8888
62855
5854
39215
62993
2402
15156
19234
20336
16478
23197
51777
37480
33765
6244
25518
6618
8064
25132
37607
48856
24035
46831
9212
35015
30911
31683
28447
31396
61784
45921
29691
64127
50901
39365
24020
3241
56068
4369
59460
26856
52072
53750
45911
9560
2699
52967
43471
53760
37641
28088
11498
47098
39622
26335
15111
12476
21163
53141
3635
43045
50873
6581
19031
39411
63702
26966
24137
38503
49895
45739
43647
60840
53491
3228
53251
12446
9652
2019
51800
46228
55725
13639
18172
44005
5465
30131
48318
12281
44451
34294
40273
64078
12099
25290
11510
7816
27998
4110
5783
21321
4047
41171
12587
57742
13409
8088
49761
2068
15273
55331
59979
20315
14371
57124
21485
5321
45164
17160
4722
16037
31079
23422
13104
49267
49764
15623
51227
23552
50308
14029
61707
3007
27316
51004
3935
2141
8894
33669
41163
26508
54076
25671
23418
4660
2721
64316
3173
9576
59414
8736
63073
11646
38319
50762
43134
34010
48503
22000
7145
45869
10780
49029
21055
19487
25166
38392
58952
24440
36809
31470
35124
2685
38718
57660
14964
57082
29034
3295
53507
54797
24177
38207
41760
57067
34252
15804
2414
49051
40346
52774
24562
64712
40623
46096
54252
46771
33036
33545
34994
38517
15576
37561
49051
13762
63329
44775
7840
42777
58869
6745
40076
39034
43773
53278
2225
4740
49537
61176
54581
19949
28391
59226
24416
36533
36698
50401
51688
32029
59199
48017
52529
47040
40703
6360
64433
30291
6406
59755
24793
11045
34868
43527
31041
59419
44658
45118
18558
53154
33525
27593
41407
44586
17597
63822
22909
64951
51260
37953
19676
40411
243
14145
3820
15611
2790
38106
15703
13544
8353
63151
46028
78
38358
6235
17210
35318
19532
64237
46797
19538
30090
50392
48260
44719
23582
59158
42808
30373
25095
33520
43463
3059
53216
30035
17673
34758
61884
7790
19181
10491
56609
54017
49548
18657
62089
52386
62749
54505
36562
36476
38485
11664
39964
65
26478
33929
49195
49229
41128
32143
38543
6531
58152
35529
35599
23765
40617
2230
18732
45904
14993
26806
12030
41136
42120
1620
63026
36627
60863
57486
52405
17357
38335
65094
4664
65459
60146
10115
21498
22028
24666
49361
37213
38514
12613
57829
32132
12423
4343
17150
26350
34542
39212
32425
25514
20256
52552
38373
9638
56945
30141
6307
56393
35747
52225
24680
1133
59437
51738
8949
56468
42776
28536
63727
2576
19262
23047
15989
12022
15255
36613
1196
47245
58097
44591
23793
5045
25614
4402
19215
30139
36700
24429
63683
45772
14534
63763
38748
12508
29089
63765
22420
45983
22439
38423
50352
1116
42210
8953
31990
30087
29323
6507
40809
4328
32404
31696
3419
19415
62238
43905
32460
60351
5108
10540
24834
28607
59119
24728
15657
43860
61098
7225
26526
14267
27148
21137
62682
25084
12288
31725
53533
18312
33357
61077
23087
55292
26891
20311
47073
7023
56467
33025
22490
22256
35793
16932
12233
54935
17301
21888
49991
53331
4428
49506
53345
9477
41885
29350
35568
47032
29944
45917
56658
28609
47001
56570
56746
8974
34715
45779
8933
60474
15590
41875
63406
54836
9660
11337
55337
25464
37931
64543
49391
16618
29795
20598
48035
49676
42759
43371
65057
17375
47176
10540
10527
35269
48589
62795
16584
33476
58442
41361
30094
9365
5553
44689
4221
7732
59649
31402
8744
34230
22279
40033
26436
62696
22276
14342
33038
23988
54566
59986
27760
54224
4590
4769
22890
48010
7596
6746
22632
59085
1367
61887
9900
40211
22893
58444
19709
41711
55543
37822
24599
61831
48255
732
49325
47584
36836
38660
55513
41979
59199
49073
64859
49951
63843
16934
28190
36990
159
63441
65020
4174
4495
42688
27564
41098
13435
10397
33207
62944
56810
51373
62792
42805
5997
27922
18452
23731
30856
54844
41867
21949
38982
60664
37698
33583
57131
27633
45844
21906
4576
60027
63084
15895
31492
287
43434
20993
23401
4498
4624
34177
14471
60647
57542
28933
45067
11897
34791
282
6325
62253
62767
14913
43010
9133
1084
28315
36408
18127
44290
56373
21782
42857
37326
27608
24267
20346
15060
64667
17104
29003
50820
12308
4652
9258
23782
35337
19516
15471
50742
26365
12073
47874
12658
20655
60178
13202
52659
46841
50546
41202
58310
11266
33606
23338
12509
33325
40036
63629
40616
24248
4552
46306
56393
43375
50911
18284
22797
40529
40840
43687
64280
32530
26327
28734
5433
14836
5969
57818
13557
39940
41375
2611
36464
12866
46494
41759
58854
26245
61635
7830
20800
8307
526
53362
12609
49653
58838
11074
43007
49730
52688
47525
37204
1880
42520
42489
42518
25901
3318
42081
25001
19075
34338
10272
64804
1386
22897
56410
51866
4200
50174
13772
14845
20912
9827
38225
38230
45206
57134
5254
55394
20564
38479
64593
46129
37125
31256
40348
541
48845
26240
46791
52276
31613
43857
63100
51454
14467
61927
44886
17011
6552
50392
26124
38576
48000
41407
63464
63173
37439
20124
3237
21631
39822
11900
15522
14109
59776
1355
42365
49432
64624
10128
55062
22506
63178
31901
43313
46165
52834
25775
64588
48469
25695
34482
63624
33853
49319
49579
6614
18193
56253
12013
31145
54572
15007
28564
60112
59924
4988
43258
2771
27755
4144
3776
39384
42921
35972
11994
42513
520
10086
35206
16265
10528
45738
47707
11918
21937
59179
4572
2291
21235
14360
44129
54881
54087
31078
5656
15046
56482
1324
5216
24869
41227
4797
61380
8445
44344
31995
12644
59271
35350
47652
52251
23350
21148
64875
48821
35473
49981
3384
12493
42252
44115
60317
55245
12812
47339
33503
24257
287
62410
60832
2716
39400
25698
55009
21204
28760
37281
54638
9988
65107
51753
33992
32198
23057
64639
43834
36612
46471
22203
33297
11584
45036
40931
36266
52612
58343
6530
13307
56619
12742
15837
58502
45273
30713
37227
47646
30468
39417
38638
29238
166
34782
12757
19480
49629
55787
61503
33572
1056
44648
57591
19275
24274
34693
21758
58541
53549
5548
41814
41846
32743
48386
50290
7558
33198
36183
13505
20210
47937
14666
62568
17248
19276
32611
49655
40098
49237
3345
3984
29849
51253
29866
38731
7965
4496
48161
24370
9626
22833
6095
3017
7082
53588
8278
14782
7924
30194
16794
8336
65099
29416
38407
30226
48403
25048
23376
8824
62404
39757
44590
55626
3330
22289
5512
35568
8538
34399
29242
11301
58106
43476
40184
47963
15162
18243
44843
8898
14064
39689
51090
63313
7651
50740
29584
38236
30133
47917
13131
14445
59254
16001
63247
12339
55387
5480
17295
9650
56353
40924
31613
62665
8189
17471
63943
54656
27462
18464
21567
49527
21180
6037
52397
4477
61939
57493
40921
3043
3593
47910
16287
58740
31292
48427
42866
48424
51494
40627
36618
6167
13423
42118
64853
50521
47497
15295
9623
51958
58882
29300
63256
48825
15374
48065
41723
19870
58350
52765
29430
64426
8298
36155
19450
15802
31089
27935
55367
27189
11370
56437
35440
30237
47952
6141
48962
54333
5001
51940
23147
63199
14266
21863
42980
30243
52696
37454
47849
1502
37692
45956
24275
37239
8474
33697
39112
46189
55458
9925
11080
33738
14318
56761
38401
51563
650
7163
14773
39915
19889
22548
9887
23987
54482
16451
33162
31690
8064
41261
16421
14458
58425
18584
6039
46633
61119
15416
40105
28431
65326
48740
13819
44791
34872
32439
15585
25262
14241
525
764
64864
2165
29329
27737
40858
2424
45759
1606
17430
53413
29027
3717
25800
50858
2578
40731
14834
24133
23175
5223
26887
30106
45111
16055
19787
1118
2590
34505
45976
28220
7384
2734
61480
19284
27892
58814
58661
14986
37327
10019
5538
5963
4148
56752
46682
18415
9273
61807
12682
59213
49122
40086
55777
9598
31636
42969
54921
465
16433
11962
53805
16716
13037
40823
17748
47793
2577
63088
48571
51797
35419
53954
63071
56359
50585
40988
17088
20042
45452
59757
59588
25461
13451
21480
64057
51790
8506
28684
46261
56981
22950
10345
43690
37987
44760
30894
60746
50778
34342
60987
7954
20841
5291
35407
8425
49376
47069
64189
13449
3846
27560
1350
53112
37315
57183
20090
52117
58237
63016
12993
60638
29865
60175
35939
20076
46325
40136
41942
4493
53209
49098
35567
1629
47155
30668
52660
7165
55067
60032
37024
15421
30612
17941
2043
47186
50063
64962
58633
51805
11260
1843
44278
4312
34822
44889
1525
22922
28113
43432
27278
3491
37995
17024
44836
50819
23038
60834
59636
26620
60618
47739
54760
63075
61619
41766
37420
9285
37376
31359
31732
10582
16385
21834
49476
13404
574
31456
36807
53962
19509
30059
35932
42576
1653
49033
31815
48495
7183
42060
21567
24492
65431
51791
42510
18620
7065
59997
49955
60955
27657
65515
43382
8056
34079
28865
37701
3198
40776
29038
13171
59497
56471
44527
16076
57307
38008
56337
23317
54262
26646
950
2057
54497
52073
4944
64082
23708
45226
19961
36900
38179
45772
47442
7329
58639
7874
47765
54598
47356
5145
44950
25534
57304
12234
16023
6343
59937
23678
34465
48502
46591
40404
44099
34584
22469
22796
3930
13683
25734
49090
12099
55995
32383
20372
43412
49808
28908
56969
23154
64000
35472
23755
23772
36813
44220
26744
59853
49625
29876
10186
64985
57688
39688
43611
38427
23542
39057
22988
14106
13210
44852
61831
22587
4897
54773
22722
15093
56867
35719
50785
35309
62966
61598
31022
46288
52929
42373
9370
33375
43028
20316
12168
11314
22477
64641
19429
6636
26773
58501
41856
54965
54287
29824
12481
61013
18575
43999
22751
53927
58299
34724
4010
11888
45015
21287
57190
64318
25501
9583
8916
3332
3995
44894
37222
30019
18655
48438
55797
50979
61575
40520
55918
26042
41355
5113
43627
17435
11987
47640
25782
61248
53307
4697
5198
47448
6482
10318
31311
23193
18707
24075
24467
24758
9730
24762
28706
63994
56057
14017
33709
19477
56109
59218
29697
24301
31750
11491
15329
48447
32464
25546
12510
9420
7753
10688
3348
29452
56329
7338
35219
29891
13536
41344
30249
50065
59778
42681
12823
4891
23022
53975
61118
48291
42975
62287
44273
53334
29037
12406
59131
11612
40108
22442
62081
50047
48875
22971
16796
39940
32790
30427
23040
18830
28712
58565
34300
2144
11401
14146
13985
1237
39012
63240
44287
40643
57871
19756
53410
16432
4164
18567
38322
54175
62892
40008
46468
14810
10233
57266
65031
50148
60460
57057
30108
33540
55915
23786
54440
30182
11150
38615
36689
33019
59465
21204
19652
6032
9996
19235
12434
45506
6678
55221
19822
10730
31600
22495
56824
6116
17074
55564
35898
61152
47838
26992
42151
31438
36845
14140
58022
7959
37647
36890
49101
25698
60318
54981
3331
46293
32111
44661
32789
65288
34537
2123
12610
60472
58521
40556
7305
25731
35470
22939
9857
59229
12425
34434
19547
25003
57568
29314
27789
28706
53417
56752
12711
34464
59083
24971
58487
17322
56367
64514
43014
3308
22602
23735
55353
1394
10141
35456
21871
32871
63763
43564
43471
4030
25353
16449
18575
26846
56071
57091
27634
6349
54900
30942
36713
25531
46672
26957
64491
53684
55908
9011
33366
8193
41650
27964
30623
10129
7749
42094
61097
55106
62776
53059
34905
52763
46768
34169
42230
56840
48058
42799
10997
10471
53751
1157
12705
55162
17972
64817
49846
20338
12646
46175
27247
12494
62084
21238
8423
30543
35103
49174
31209
52567
22450
60558
7923
64833
13639
63262
53121
44638
19497
58545
58
63200
13376
35277
52359
51704
44339
8196
44580
22155
30086
50542
43869
58469
39591
1310
33784
6989
17242
47891
7579
51886
17389
60549
45846
44605
61720
38926
13536
55848
1992
32434
52390
10215
56774
10834
23560
64202
39309
9203
58675
26053
48134
41233
64911
48621
31604
19181
56824
24820
43556
32952
40841
57921
24267
39422
567
53329
62358
64436
21509
4161
15956
57962
60060
27963
51882
49523
17426
24531
5747
39296
28250
64996
10909
10907
6250
35844
18946
62569
9729
1157
42761
961
61411
39647
15356
38652
24799
14767
6861
16075
10751
59492
2845
50126
52232
53619
61685
17319
64505
62904
15331
36922
38679
54306
48969
56004
31429
23476
3583
15564
35797
25513
31344
63091
50581
22046
53772
443
20429
38745
12753
17381
42105
7179
43620
54234
13558
10399
3607
1171
14846
59620
38532
8469
1770
55585
40198
2116
14952
12986
46924
30917
37947
21209
59092
33217
40936
23156
61932
6501
46651
47892
53101
51036
65466
13745
32389
51880
34235
28198
7543
30306
65051
54105
25977
50916
22876
55340
52949
7018
31537
15370
16276
14287
53172
29551
44924
45586
36733
45486
59683
55448
17959
39994
38725
22457
9384
47219
29770
32295
47514
45520
31662
41687
64663
13167
26201
6602
15224
27468
26646
23508
33226
41428
39661
50610
16670
8344
18707
46542
61976
1251
29058
356
46133
17489
63629
57642
16420
42534
13990
29757
55219
26044
23564
24783
41018
13032
25098
49124
13455
57267
60116
15869
47758
24823
23765
12957
5799
18933
62041
57196
53860
20153
26543
45867
35712
35485
19611
36082
31465
12416
25366
45509
16412
55744
48156
21180
46335
2745
23131
45976
22896
4052
32322
49375
3621
38392
46185
36533
19413
27520
8026
37317
42905
58796
50611
56193
12634
8270
8333
40135
35382
44368
44574
7512
29750
31109
29205
11504
21209
15315
42539
11862
51924
62871
15751
25309
28300
14112
17764
34395
21181
55596
53212
37776
28858
47242
50409
45661
51892
52121
56934
56398
17771
19209
55690
4584
23411
7088
36076
4331
54030
56977
47742
48085
50104
56398
61242
63526
45807
21873
25577
23044
5467
9301
6168
3043
2917
32859
15927
28692
30296
2884
41620
50767
63553
28958
41548
17379
37390
3071
50950
60299
4349
59588
61313
9214
2167
24889
62801
53134
43526
47454
57201
32554
14879
44539
64643
13468
25752
8240
6623
44227
62093
31407
38847
44114
23320
40851
40707
56569
20222
42440
38644
54662
48797
12391
53610
33620
26180
48816
58930
1709
38076
30000
29773
7313
41568
17793
57842
38676
48267
18872
63485
43309
30035
52793
41458
47507
2422
47944
53388
3751
18079
9667
44806
59268
19743
48114
7496
35943
12364
47509
2517
42133
35512
12658
53384
62241
13483
27052
11873
31555
44254
57879
30520
7706
60960
40392
50138
7229
298
16554
14816
39546
47911
19912
28654
53352
39938
32328
21119
19716
50252
41115
57416
23433
15710
57647
6744
59423
38733
45489
29979
46829
49552
55278
21784
21688
37370
52967
31673
25265
1554
8580
4546
44476
37581
15413
60933
39200
54064
3842
18572
50891
17918
35892
63054
24261
10163
7890
30446
43705
4508
33277
37610
60856
62137
21010
42037
45604
15913
13473
63747
37254
44841
10607
40755
27496
44669
42362
2625
26089
3949
11326
4743
24654
6364
8040
17003
9230
56523
10607
17413
22423
39006
41985
18678
34936
28663
48598
14830
5034
37131
59893
49479
33324
60387
6566
60937
9118
25009
39324
47998
2217
47202
15529
37745
35519
37386
11700
2213
38369
11936
48750
23782
30516
19709
37380
59177
21158
25690
44663
1997
13150
45600
29538
17786
42359
40062
53017
25170
8099
60925
8304
31064
62473
62505
32709
58954
33728
10370
32204
25080
62049
15981
2511
14439
46601
16503
8647
5228
18413
34188
14545
10700
21781
61802
19068
48323
23695
12393
525
1046
33107
23860
28560
49352
14229
26386
63790
60467
12991
62797
42973
50013
2678
43710
13392
7417
10412
7265
3048
62294
64647
7492
6418
55242
19482
61929
51510
15654
49957
60840
40971
9992
50972
55898
44505
11232
38338
6212
55095
8291
36225
11499
43494
16092
59168
387
22242
23992
44990
12865
44097
15840
60650
45915
46961
34465
43108
11644
19240
39491
18472
10767
6258
27950
37041
60203
42555
54315
3620
15945
43591
23696
40273
39470
12931
26046
36207
50943
44200
1486
24516
40096
29280
3769
359
63355
44500
65237
43325
26398
34152
49047
64252
54227
33929
7581
18781
27080
58052
46404
34214
2660
45157
42364
30091
3810
14091
46159
5432
48436
13420
64001
19309
50901
38338
22270
14565
33322
14954
27484
1312
39001
17812
63259
54482
22690
4004
56465
57468
11487
14302
36819
19930
30166
16598
7703
29966
47450
16056
59631
35350
40204
63401
35544
20763
40376
8514
25277
34182
2792
56502
22140
52651
32045
13634
62988
47874
16863
16496
43045
25517
12724
41259
18595
299
19729
10471
57105
46436
11232
39444
20068
43017
21970
55460
33703
1682
34423
38572
38914
22482
45807
44692
61613
47412
27449
57958
39067
11672
51146
53997
65362
34605
56746
26658
64134
39073
44970
36093
40996
50636
56089
24222
59128
18346
26075
49858
36487
13865
4146
1015
46458
59867
47300
3908
64167
52608
42340
33959
49659
14708
16166
49914
53184
39311
7959
43408
17994
56057
55723
44043
48969
18026
58748
41534
33299
29380
10397
44286
44710
57073
21334
31123
41276
50307
53946
36884
31140
36801
26049
52149
17600
43522
64310
21131
23088
59915
30671
2571
9058
27064
46417
29
55727
62820
33522
10854
21285
11488
8967
18104
38480
32381
20163
19286
44713
40834
420
63274
11501
64464
26728
39056
12121
64600
53990
43998
39602
63667
55185
60713
5403
27342
60148
61709
2513
60065
64424
52158
62961
51202
62908
56532
32097
43328
31721
64830
42278
25897
30022
7970
6267
18473
39459
29872
43517
53125
60858
24461
24055
34173
29865
28733
55281
6579
50450
3266
20741
18915
40405
53699
1120
50823
7433
2925
46554
31610
48685
26169
41471
57578
31272
1364
44963
53792
45155
54994
7640
24130
39242
24532
4969
55583
63901
11482
5671
63997
8830
37751
45630
12723
29302
42342
33451
25566
45696
31407
62400
36558
24006
57745
25652
800
13566
31700
9339
31212
31989
51011
30321
45527
25300
46499
63962
5038
7926
45311
51813
28168
35368
37989
63262
10858
33359
57130
28370
47768
55190
40344
9617
31263
9727
33230
13144
15769
53483
50269
57453
38
64346
26487
33107
12346
37497
30108
45255
43020
64345
13059
19722
21778
7789
11662
32759
52493
27692
6918
43416
18271
28521
11049
61920
3228
4029
56521
55980
3859
52378
9508
37645
59116
41174
49209
63751
7530
33467
58384
902
36203
25933
14651
38319
58345
57778
22687
62614
27542
39506
60562
64546
62935
28872
19615
7797
60482
43917
11521
44238
19381
2000
43393
6294
25269
51755
42448
62926
22659
3526
35995
600
29249
26446
31467
40913
37012
56858
32063
50229
8872
41984
16530
12252
59953
31585
46280
48781
18923
53213
7983
51959
44242
24007
5609
24171
48732
35062
44599
8587
25882
59550
63980
46856
16335
47265
52489
6275
60948
52686
40897
46557
44483
378
59969
17562
30937
24477
40540
22823
49589
41987
54803
46862
25570
40839
23474
24230
25417
44116
34287
57544
26178
13164
52302
3566
32023
16585
5276
9642
38727
3243
37353
58016
16070
36735
21013
43909
20310
4143
63984
27605
28608
40466
57940
20166
57161
59474
41031
49667
41379
39016
40122
43280
65107
31157
40820
51160
23289
8125
42627
3795
20521
18775
58551
12740
26489
7202
38919
52775
32580
11860
29240
53344
64370
28427
4592
44948
56537
12103
47954
27500
34667
51889
28868
62534
43160
53493
46442
26071
55348
22878
7836
10452
36362
35289
37918
34019
34631
60486
51048
53206
1910
64657
19932
12400
18065
34330
5858
62078
32204
64999
23613
22873
10059
966
18637
46350
61627
42374
34819
31031
34849
972
3690
52008
61038
5615
43407
25574
1322
61461
28507
21775
23379
41241
56526
26965
6930
46531
1874
1559
39888
15529
17700
11051
37612
50887
26298
35020
1357
55582
9679
57848
51074
20160
22651
64546
63215
7836
48053
3864
48223
34306
35386
1753
37087
23320
34300
1613
2612
38472
63624
11276
32632
61777
20171
62814
59858
823
42209
39167
16202
40936
13909
609
3325
61100
52454
2385
56119
9463
8097
22696
57989
31556
7188
27540
42545
57055
54416
14649
51826
8308
46327
5027
48669
35645
7253
51008
54695
15520
44615
8443
31971
11325
64136
23425
4565
27787
44913
6208
53005
41613
6954
52698
30701
26127
3983
39461
56809
54694
58430
17798
26370
28842
2877
47615
47776
45661
32428
10688
53777
59978
9612
31277
28200
22432
46265
35319
5368
63076
27635
48560
61453
20654
41431
2017
27423
48965
31248
52862
20100
26233
3524
16383
1324
40127
64087
37846
42913
63357
32656
57497
22058
48994
24998
26930
20486
30390
42741
58682
41706
61555
48229
16233
2895
8825
28604
63706
57996
33487
146
46234
7339
53119
59972
41865
6060
36396
52760
45783
55800
9293
46468
8598
11326
12938
17201
16663
34023
13802
29333
7318
53296
3161
45534
16049
53350
8763
51773
16045
64073
29335
13369
41757
36069
43712
9719
9536
2100
17326
22771
38458
16875
5947
12816
27541
47809
34220
22101
19087
3143
14492
19185
8113
45808
61012
17710
53148
51564
4702
51637
37689
37304
16538
26865
62555
30528
19416
64613
48456
31418
39271
12626
26857
34806
56555
36932
47966
625
17577
159
26408
32104
555
403
18991
57339
30983
15759
37974
35383
25575
30981
43303
37369
32726
4093
20054
33596
27987
62369
61830
28424
37253
25774
63138
20842
55609
36440
64804
57220
62204
10329
32591
24089
29490
27711
60773
8164
61108
48526
59681
47075
57784
37366
32909
3534
17014
23854
60983
39855
17358
58281
11025
55787
3388
29317
55516
22873
55530
28348
35762
44490
16792
22709
29480
43758
21740
42580
31043
6611
12179
19791
49087
64822
57815
33401
46914
62286
5664
50214
33730
23160
40569
21339
51450
60165
24647
38556
22660
44552
51346
32753
60341
19280
60390
18449
46833
2827
38750
50357
8630
33323
17627
52291
8663
38910
1772
53954
25687
19909
10969
56370
65142
16947
28521
32444
46126
12333
35933
41509
13228
33656
38818
5899
30570
60224
65129
51051
49567
7279
58292
33739
60149
34197
51419
64979
27019
39489
12944
55381
60610
14500
19096
53158
1971
35254
59275
1066
49480
51355
37089
27977
9951
61027
53735
55473
51240
56892
33514
44745
48067
35582
63836
24369
18022
37796
33514
63966
2520
869
51591
43168
7932
59209
7895
49664
48375
40596
23257
14877
26796
24279
31278
33756
33244
40415
6789
36091
38114
38670
19542
55540
30470
25956
2778
1456
25283
59836
19798
17010
57760
43053
50045
55223
49113
12174
59668
19819
56446
6906
18755
19256
62358
41356
57267
45143
27021
53286
21200
12935
59641
9198
2697
60877
10702
3859
50779
32772
39124
55957
50771
47280
8125
42771
41895
61423
5314
51707
61876
15987
12663
54068
40884
59280
8684
53695
13706
1762
4969
33482
10261
41912
1700
24118
20594
13587
13425
8052
64498
46999
31169
52116
29308
29254
54213
9910
34811
16373
25284
48672
8169
36222
41324
53122
17918
32009
59329
2163
60816
51557
21166
61155
43061
41197
3131
40321
20323
50163
22903
23790
63249
30316
37388
25508
4869
23119
40582
38998
35377
7143
56721
48528
35390
38881
25767
17771
33057
11360
6442
32821
34681
26223
54595
55629
50198
31170
63805
6660
29435
40384
38815
62584
38712
13961
56093
36184
56069
37906
15315
49710
30067
54754
15905
38017
63757
29398
14607
62714
8508
50826
54099
40959
59804
23940
61532
8417
61725
39911
31243
56161
15453
58236
25956
596
23664
45922
26550
60407
64259
62733
60783
58486
18559
11470
13323
45338
15056
33417
33321
52248
54938
25242
13088
62479
28198
56852
41487
35998
34231
1144
56790
55499
43366
13170
22284
1207
15800
14954
46139
20008
60733
34909
8619
12951
20821
12716
16422
24523
22657
63915
49348
42907
65185
15342
40013
39624
22829
56664
6391
22894
46553
34641
38436
57118
64649
37821
11307
40771
24263
54976
11623
33213
21048
35986
28291
26727
59401
21609
38283
57126
33275
64945
41239
40972
5156
47470
64565
4786
61063
46733
28194
9422
13924
30126
22776
59035
17724
9065
26769
6278
31682
36795
27159
37986
47806
12889
11955
60712
2905
32032
8155
36548
14663
52324
3974
11957
1907
60840
15456
53082
53849
45286
40143
3095
20006
56590
63102
45633
23465
12947
20463
13136
47361
18094
23571
51194
34670
44532
37031
17133
8628
24427
42228
24608
24566
3894
41629
54516
1572
36640
39793
20720
24160
53206
34768
29952
56700
17280
45666
61063
11850
48987
36382
46248
59608
16205
53509
55575
13044
5488
39690
51178
15391
14376
35514
31582
9497
61549
39858
625
7673
10703
17975
35499
17049
60118
54912
52511
301
22688
32428
65491
47149
45430
35182
45731
22925
42698
43103
26152
58135
35164
33406
32903
24787
50359
38354
20552
15127
1829
32649
61581
32448
14472
2043
31387
26002
61033
60866
56
11191
34403
39636
49345
55812
52816
55850
51925
30515
55328
41799
37922
5676
2079
4008
42764
33562
43384
47264
52640
45988
21263
45592
61741
1370
10239
26342
63809
8178
47133
8367
52526
48179
43843
23699
22994
2969
35828
47386
40848
44349
38901
50981
45844
26472
2110
42466
53240
2968
44316
56549
8100
17085
58337
3986
12369
57648
22936
25666
27981
31852
10031
15987
44026
28249
45283
43539
54327
21073
61190
53173
37416
64418
30474
21693
54157
44553
2108
9201
24347
63995
11964
2055
29188
57107
59477
38455
51620
52498
34113
5267
20721
31624
24689
40832
50773
42994
4844
53014
45446
23771
32042
59902
18246
33795
27280
2189
49501
10635
9561
28864
24590
56470
13422
36351
58362
43730
61032
43222
30290
43393
50172
14177
5978
22572
49447
38354
32079
39247
15443
61092
52333
20389
22798
50073
42771
9114
18274
1600
12269
28644
38686
12687
17146
26627
6731
4673
6323
9997
530
18320
39496
34872
52290
57909
45450
40254
33188
43250
22636
65305
56805
44351
54990
20044
30006
38571
59982
6644
31124
28174
47121
58173
11735
26449
4245
57175
53988
48209
19020
52977
58956
64524
28389
13276
33396
57018
50335
51987
25864
50871
59463
43942
36965
39180
62340
44158
29802
14461
6873
17586
45974
3330
1664
48943
36171
16281
62895
50804
53110
26366
52642
11799
36629
51
41023
4159
54669
34775
13901
54219
26008
57943
18264
16206
33001
15225
64847
57292
56214
6583
48874
65001
46585
20803
46947
15538
16812
15373
1377
49903
44479
25354
219
14578
41631
54380
51896
59737
40237
4183
21008
58252
18953
10784
31287
59603
7096
8113
5519
40567
40867
16158
20976
56780
64753
27890
40519
54026
46476
5438
39816
44453
65372
39994
24389
15788
38583
51487
13552
9571
45108
43872
46017
58325
19692
37691
47000
55957
46786
46327
38677
9686
9087
5455
44378
18618
33084
58610
36620
40516
63505
13996
38067
57060
32262
46829
42764
25932
30829
42592
32818
62716
62174
51497
29161
1712
29437
52256
56396
64221
52339
65534
32204
42154
23872
28246
29376
2248
153
10412
60952
29477
48534
36748
2193
9606
2587
4824
44257
63093
47707
45751
49400
53682
10887
50028
54483
50100
53197
18329
65320
48330
15884
62845
36279
30149
355
8082
43861
2929
3189
42229
6213
23126
44942
8823
8077
28818
39988
5954
4211
57186
59778
55355
59688
33103
5468
62760
2718
45533
34011
2512
62358
57818
16417
22346
11791
16973
50498
34381
37015
50446
6662
40820
45507
64395
60171
45346
196
27187
27039
32771
44748
57944
35691
11067
58370
18998
41705
18653
63912
726
7692
2373
25912
29900
59209
31742
9758
52434
62238
60310
19664
3549
20157
36940
17946
6836
18707
51541
5384
46370
6502
25228
11580
43207
64783
28101
17030
12887
44145
36394
17600
36765
58549
3681
2537
37
52091
21480
2391
62202
43470
45573
10880
64760
53269
26182
63560
61945
27601
44008
44812
17796
60578
5240
27402
6117
11721
53103
54417
48800
52713
62184
21059
21767
64667
57954
18217
315
50048
21784
43949
1196
11854
21123
4209
34415
61043
30590
41009
62336
63091
56904
58029
8682
25982
15435
56722
3176
4817
16733
32858
28344
9671
4147
26603
34120
54206
5661
48136
4717
6923
27221
7641
36678
54378
12638
64095
34164
7889
63694
29789
57149
51211
3855
42450
50370
56666
32508
52262
8292
62379
57386
23102
44891
41148
51679
59229
51340
49766
56792
31043
46106
7732
40580
1472
2743
48937
41604
51640
38059
34661
47634
10335
14928
22119
33908
41895
40666
87
40984
21751
8517
15013
156
46251
53606
22032
50606
61721
22560
11623
53540
8379
56208
40142
22590
49319
47874
2295
61775
42078
32741
1874
24929
58685
62828
21538
29166
46808
24407
28639
59456
25219
4651
40949
11568
6656
21326
40936
56687
35584
25510
30129
13493
37364
8354
16466
32099
10971
26100
11836
30990
32656
40290
64049
52129
32872
42394
33951
785
41828
16003
27007
49786
11052
16388
37737
613
19075
19135
63042
53589
60943
32651
48900
55964
28451
54714
43588
35206
17888
47681
23274
29464
47816
57844
15090
45284
459
48105
10335
412
3430
24014
11289
54139
20102
62979
1074
1917
52105
65201
755
16612
14093
60707
31009
60985
54849
13124
57623
43242
11380
22740
32389
52245
23228
48656
26768
10257
26689
46701
49748
27704
39383
52157
52131
45116
50509
29413
9625
62642
10260
18647
32602
42063
29270
52977
30434
4791
64473
37949
30304
20935
62062
45532
32077
46787
32929
15470
16818
24634
5113
28574
35709
24076
54662
54613
54073
58690
40497
29120
65414
59332
380
104
11777
21938
4654
336
49913
13301
9823
52515
18975
61570
63037
27141
64907
7477
11500
64772
15249
58026
6541
34429
42445
45052
18802
56720
21351
63801
56029
5722
19784
23353
27535
9455
43780
16229
45103
25643
40438
372
32592
25486
64487
50590
8580
36948
39121
60788
59868
24176
1715
2589
38942
44279
4719
39630
40036
51497
30550
15683
7157
38833
47647
54352
24996
65230
31007
28154
15138
24424
48831
55115
30132
17071
13281
53052
62886
15286
43318
16968
53677
26642
37041
44189
7573
65059
56138
14192
14365
56028
3929
53617
3642
57484
13227
64898
33952
11899
19844
63509
18905
14775
6752
1608
42401
35849
53837
38118
28429
56108
1571
52227
34727
61483
14957
27604
4472
59928
8074
44971
32226
42727
54482
65503
42201
32818
18020
51054
14045
60794
53095
2027
55700
18973
52292
10344
3395
59990
26908
56282
11724
57347
37437
36206
61531
59710
20461
28131
10243
63251
32194
17106
28340
1239
8841
16632
44499
8887
62375
7708
36310
58260
26948
11647
5515
27958
63991
9976
34021
61594
45721
50627
35371
23594
36505
31932
39780
52474
22628
14382
31032
6929
43132
9725
47962
25920
44983
38395
29709
31099
39702
11210
7543
12838
62841
21080
25859
26172
58502
44447
244
17716
32100
55889
36234
21037
53182
59293
61167
27673
39455
2273
55899
50439
35109
56182
56726
1515
60312
57651
4945
52467
21054
36813
42010
20623
14082
38929
9179
52091
41582
63872
56464
47070
55785
8894
15302
42016
14813
27074
28451
13107
15417
28498
16060
25499
62355
30037
1831
61216
43693
47965
1948
7260
43240
57142
56625
29541
50866
15281
64690
15040
2213
1331
3808
61040
27956
25248
3160
45152
21431
21550
45516
53419
5346
41363
30465
28257
26362
17612
64890
30424
39055
20166
19990
36393
26283
57788
21242
18128
21762
30573
37167
13363
40314
20628
41403
62978
5088
46789
13741
8880
1733
39213
17171
26464
43460
51394
36252
40583
16628
433
46653
9988
23942
49817
3771
12735
64060
31789
5666
44657
46067
54548
54814
13109
5699
25502
28005
21932
58588
16814
40358
9791
30610
19259
12536
46638
23452
5836
26673
65085
51300
11806
3529
56603
50433
55060
48442
4419
49877
29473
55986
55573
19225
44198
32929
2786
16420
30832
35316
9983
28689
42082
8151
5139
8590
14928
18166
15476
57180
44324
42656
33705
20460
2260
64075
38488
23136
18137
55736
1062
28406
59310
21409
41073
37124
24491
5782
53280
58711
26807
45982
32159
51293
27640
7893
58181
4329
891
53082
10899
42509
49155
11746
21089
39550
24265
60267
36379
59360
39522
20965
37583
38452
63343
24064
12097
12177
11709
956
49534
30109
11875
55379
33296
13059
52031
1964
56603
40461
8330
57447
1980
44296
65299
61252
2695
24733
57236
57240
10360
37247
44233
29831
10720
350
25612
24815
12690
37923
3362
48647
64658
44801
34527
15543
10467
44841
11736
3116
17791
56912
53830
8047
2865
48493
38770
34426
36514
7212
1189
49268
57197
18582
10520
4534
39042
14414
60549
7246
46316
36526
58984
60176
19459
59503
28830
38559
44375
41092
41330
3663
7369
47870
45036
55859
49722
29513
44477
20410
29300
63230
59080
23640
22768
37563
63370
54020
30374
39258
41185
32554
25681
1555
8869
24600
58682
7884
24683
51908
65354
55180
11695
43594
48129
53151
48604
2839
63789
20335
7163
29962
52797
55582
30246
7942
45386
17567
59224
38881
36226
28327
39341
38735
10228
31384
44851
40577
31990
41426
64582
63945
20375
42848
2190
57839
55744
43751
27296
59177
47461
18682
11614
52908
12785
21040
24785
9562
13939
65450
35885
43162
36197
64921
22345
5472
17600
48864
52185
61896
53890
587
65403
64363
6388
47910
27450
35412
53464
56549
1791
34055
43528
33939
16708
14393
52366
61712
33761
51561
51164
46471
22605
34511
17655
50512
15856
39398
63874
7263
45948
29776
44965
6636
62313
24157
20693
48186
9669
7912
21101
46410
62866
58305
12250
31331
11961
56177
62721
28401
40983
49584
17974
51441
58502
25505
6027
51814
42347
2701
10217
38168
25006
33524
31535
13539
42978
35624
25166
52481
51494
36048
727
55598
49939
48309
31605
48221
17574
29392
25484
35342
12568
33493
49823
24660
13843
14196
39604
8184
14307
37142
53893
10091
12530
29222
20677
63951
56658
40331
44423
24725
18327
50176
23314
40978
54301
4413
57399
38900
46629
20863
41841
22569
45864
44786
39844
14794
20936
19539
33833
18039
47052
60365
42177
63871
61401
10802
3657
51663
8979
46352
3082
4470
42771
30131
40728
13544
41181
4011
21921
16340
48266
5765
11863
48574
20683
16015
15343
11554
11797
10169
47579
22570
5676
15921
43893
55172
33960
55582
23358
33288
4246
911
17472
28079
15888
1036
18121
56238
29016
63767
48807
28677
6109
10145
12753
29703
37118
43551
54659
25834
1267
54199
57327
57890
58154
12181
37724
23582
251
22177
38579
36589
17749
49458
9660
773
65356
26733
57252
62217
9635
13414
33162
53682
45238
63118
52224
31021
36582
9229
2488
40126
50482
47952
45461
26853
48262
43862
29466
60878
30970
46506
50001
49979
48295
63362
9071
58786
13496
11959
11179
41902
9704
62847
23196
29947
38113
9793
22429
3693
24672
62784
37521
24799
8299
17662
44941
45121
12202
50069
48133
61400
30960
43390
65292
861
3262
37470
44606
25394
8336
10113
29504
4508
35580
25070
21595
41647
9265
7744
59100
31166
39586
6009
35037
41812
4447
5947
11319
24780
5652
43334
597
5073
62616
28339
48743
6881
24569
28500
60780
35859
60231
25489
62060
60925
57697
14963
14317
61870
12578
59331
64813
18885
25828
5266
13676
48445
59754
54636
15759
23431
16585
20883
57408
11121
51530
2023
45325
57634
45995
31399
42028
40830
28740
16707
5438
26477
47122
54078
43123
31328
25011
20834
17150
6462
34236
46220
59246
25025
28265
39418
20835
64640
29736
21158
18410
51513
5385
46037
9769
47928
51351
15560
21169
56732
9508
47099
16287
32606
58662
24920
58527
42317
24370
40076
2443
54213
3016
27058
54513
17707
22036
47861
6605
62985
33016
55637
15002
31944
32108
3700
28399
7806
61776
53507
40371
16525
14509
20276
8476
16201
64589
5305
47467
64168
46671
40525
65460
49133
21205
15578
38114
9498
35372
19695
41262
44079
12402
42097
53984
32815
432
48375
10681
14921
53216
39768
57113
54754
40212
53353
5233
51832
25410
52223
19094
6511
60947
58950
52458
60080
1703
36031
45671
43851
31847
27955
11545
31060
49170
32986
52075
18930
64353
2951
58946
51360
64420
12893
2892
32238
11509
22336
20955
22791
52883
8803
34544
29605
30293
19638
40110
52239
54407
35379
19272
27178
10965
18453
22835
50794
41989
30025
30564
46312
26701
1743
62278
14666
35485
29897
12219
24784
58639
21099
17619
64669
13981
32519
63469
21905
52885
9178
55035
60404
11326
55632
961
50542
56947
46607
37581
64278
59511
63858
21874
4521
7891
21616
7833
37123
10648
48922
38000
27712
13649
30794
36982
17901
64754
26374
41734
64217
40089
18380
5818
51845
56410
30700
54772
16399
153
35047
50567
22198
5933
32576
34105
47399
58958
51732
43866
15119
41807
14541
23718
21255
45072
20012
26293
37187
36168
24985
41802
791
24368
59805
1100
40178
44936
61510
54154
48273
44779
42127
48028
28611
22574
52664
39509
43813
64070
57829
51047
36059
44386
38733
4457
43426
32843
22056
38181
52248
10941
3836
3914
60356
34538
62193
31073
35175
25642
27547
29372
27780
2417
30459
35250
23678
28795
40524
24343
20058
29414
23076
5709
32623
35134
29626
21300
41220
60275
4246
905
11833
65216
37738
37061
28718
39695
13350
12468
39040
47808
35106
26043
47788
49756
50091
5674
31767
43796
45866
20482
50374
6044
47359
12141
55333
378
37133
61066
25659
30766
10067
26806
60253
44228
31884
36561
14538
38644
37758
55862
38919
50614
42045
3156
23535
58430
41581
31081
18230
21427
24727
22397
3327
60449
58034
50357
22526
9459
58296
22715
4882
6240
26898
29596
16167
14548
19227
41853
15485
58985
27554
42514
4210
56399
13626
20275
47843
20864
24721
35671
32505
17116
37114
14815
50430
48301
41414
16080
21080
47021
42197
44338
44477
29287
6806
31177
47800
56517
48467
8998
54682
18303
47340
60705
64611
6836
54603
40275
24983
48779
7790
12831
57308
49679
27646
33692
8436
63651
9505
63889
45185
56663
58696
61767
4128
62386
45395
64290
34346
46404
22683
26637
35634
61905
51618
53647
8436
62915
47704
27918
3946
53361
48011
54157
35761
51305
53703
59680
35473
14790
11266
59254
22873
28340
64015
25835
16198
5379
10536
5247
62249
4382
7477
37378
42890
26281
26280
6478
59200
42962
33249
15018
24036
47089
42764
7615
58230
43214
61122
42329
65385
40183
10776
46353
30664
63712
798
15174
770
22308
65462
48282
21624
15413
11135
6923
35792
51091
48545
9089
52513
47981
3420
34111
38266
44467
21109
26969
7265
19317
24642
10025
47168
3023
32444
51899
20432
50816
62708
40125
6756
34613
53263
60284
45703
35401
36322
49371
42053
8702
32064
57454
13050
1212
24211
32209
12891
36661
34884
47432
42445
31602
40328
62902
23671
30482
57729
63845
3524
45573
60440
51141
22188
16966
58837
44060
882
31126
19680
32885
48700
55285
21147
52689
20451
40420
36812
26147
4361
29596
3841
14391
45597
35568
24260
8152
26417
21213
26699
63160
30388
59010
56058
37010
2296
62336
8604
58051
40264
21686
59176
47172
8322
49191
23664
14762
1570
30559
30406
29989
7104
65432
36866
33238
18076
61882
48887
22776
29799
43741
7339
32372
47343
28684
6394
55072
53373
24440
52787
25588
52459
4243
17156
19117
14626
3829
45464
63996
19331
9599
49614
43472
27104
22531
249
4660
15469
4712
4476
20572
1435
61512
35735
40482
17120
63107
24261
28903
47429
4618
35913
11804
1264
10433
63941
18942
38511
37279
60932
19366
6280
26832
25658
15232
7155
1845
6639
43547
51510
43805
7642
48360
35686
48471
26428
18299
40093
55522
60248
64486
56570
57539
38594
751
29092
26952
40618
27991
17365
5473
43159
49418
15125
55822
45305
23516
29836
35926
57078
40908
57970
61560
62296
45108
8429
4599
18822
11303
29150
64311
57843
44366
20705
24442
32130
3602
37593
30740
48985
27513
32410
33107
8645
41555
34430
21984
23073
60391
34857
36178
60798
23612
15775
10856
51380
49136
33493
8718
42266
38138
56610
13382
2001
47257
59554
51723
20586
40055
49226
43417
55308
32334
3355
5597
42541
5781
18165
4842
51972
58680
61274
42180
50604
29094
56791
41864
34612
58424
23379
57004
7861
31355
28121
43057
4483
41535
37926
317
33426
62464
32478
6025
48121
62030
15925
3808
44124
64284
30059
7259
12821
34764
49129
56773
49201
26815
255
11098
43307
44139
30881
25698
15369
34325
57912
53212
44651
33738
19344
45718
18678
60547
45007
57145
55328
33259
27457
25522
60255
18336
49152
28418
27153
43871
42626
32128
20494
11027
50903
54695
30037
62720
8830
57542
46923
36626
49757
15417
29282
10020
38118
52029
23519
51484
19654
25174
46348
16369
8372
31486
5074
3671
51651
50697
55544
53582
47139
45291
64678
8983
26329
45225
51501
43001
62709
31684
56562
59129
65347
22829
28883
7284
26977
17377
13386
2159
18916
16238
64372
36268
27703
41092
53305
11734
2084
5805
38346
2243
27754
8449
48092
48715
30377
30615
45532
9945
12696
6195
11054
3795
39048
60406
63371
48126
62216
20676
6509
29590
63550
44814
35255
49668
6629
8345
5805
52300
58128
27420
43872
34234
24467
8289
14113
3580
57260
373
39044
18267
65282
8541
28002
38740
22870
15614
10623
42532
34694
48887
41690
30855
64026
63330
37968
7198
54216
56766
20906
12376
51663
43011
3937
16626
59815
20807
41172
56383
22751
58421
47244
52965
37225
1362
53079
26256
5761
695
18772
46089
38030
47464
38741
7879
33054
65102
56993
14197
53038
38551
6135
41631
1341
6415
43403
63217
39103
34074
59095
14846
26963
20297
28978
42427
31310
7910
35083
55266
1103
62585
36442
19448
45257
20867
2488
25578
57868
38720
7379
48773
42390
36257
55047
40980
28549
62455
59891
50286
55087
50464
5672
42522
63667
7477
20895
36989
26944
10693
17310
2389
14711
9829
62520
47426
55841
45704
3522
51422
24470
49038
58880
49449
23682
60252
22996
43510
36980
47715
55534
36543
8466
34969
14779
27603
58332
36787
51438
10297
8402
50676
25980
60108
42153
29210
19048
29210
28443
9347
60206
24157
50936
27627
29202
55528
25130
1923
46358
52825
47174
43933
11874
1508
60347
980
41200
60377
47583
52062
31993
32363
41195
11964
21609
24837
54643
33908
14104
19472
37009
20329
25665
23397
59648
26096
7198
35466
56660
4249
56453
49534
60686
16384
35654
21788
7876
33888
49192
27649
32483
27568
40635
26145
1254
18292
28920
31290
45592
54440
3854
8356
63152
52560
25890
56673
59157
14458
14435
27417
60199
18817
45875
15418
12249
21636
44041
8404
22308
24526
14973
26522
61137
36672
12411
21639
26589
29897
2700
31724
24673
52589
50498
42334
42236
45832
4291
3340
15707
64475
57932
57091
46799
43060
39147
39467
10803
17171
55731
53153
35629
22682
49148
49907
34357
61558
50103
55748
39654
5903
35942
40637
53528
16704
48147
6993
27341
52395
63120
14513
4848
19289
41120
43601
28249
50622
30666
55551
58357
16499
46550
3919
801
17485
28129
45254
56685
59063
64446
64788
25303
50116
3503
20002
34418
20371
36627
43051
3840
21663
28568
31
19099
655
64319
61016
7007
58143
21215
2905
351
64636
36619
50964
15431
33830
23330
31216
31767
18765
53222
62170
56751
28419
52896
25168
61328
39421
56795
28946
20622
6514
53809
57658
61548
32430
21564
58436
11617
58852
58537
25878
33367
16508
43192
33309
26944
37083
16082
17991
1311
6084
29052
14503
20848
3848
56687
19269
47045
42443
31861
55400
30492
43035
43954
59942
12143
20217
18944
30578
34056
45671
1830
22288
57567
16034
1235
35991
1448
45424
63451
41946
16757
36189
13147
37469
17630
25834
911
56126
14679
2870
33038
16079
16939
22767
63921
34507
46584
26234
9829
42635
29820
9186
40296
18896
18984
53650
33595
49921
7290
12986
7575
64015
25673
56851
44728
59406
27135
4787
54542
53727
24067
39618
40873
33903
17627
19996
19401
16225
54667
25543
56345
61658
6589
47907
56215
34194
8270
30478
50179
34547
27949
13049
60352
37695
44327
47210
43998
57735
62779
28316
54509
57768
54101
4200
12150
60104
52603
25700
4576
11090
33310
14421
16457
18844
29690
23915
55024
38814
23599
43596
28563
34167
35431
35597
42147
35306
50161
54663
3402
4280
2900
18083
63449
50931
12441
35585
6777
833
20660
1620
15739
5674
62048
55508
27857
35994
32198
610
8385
12414
5546
31593
22362
5474
24810
22929
168
59320
37792
13879
5508
51707
62529
34062
39831
1912
15287
20962
60603
261
40266
13738
1749
7912
63995
62213
3633
9823
2900
19025
7193
51824
665
4228
59838
38382
28314
3962
5707
52655
23426
3600
60013
33473
30838
48111
38755
36812
50665
6590
4275
34721
16378
22059
16424
61960
59701
30239
38528
25973
62641
64209
13508
34284
11747
45998
3031
59294
51854
44614
23686
17493
14854
27077
54775
45585
56833
48946
15348
57493
26294
10980
59936
60447
22924
18470
53834
28984
61591
43928
25230
20770
28110
35621
17028
17829
19312
45964
21118
64894
60200
56915
18189
43168
38045
18075
45683
28714
36293
64266
5587
9656
39365
43749
25095
20872
19723
19636
24517
25632
22463
7945
1825
37453
45504
57243
1158
37786
21403
60975
44851
60597
26634
38558
42653
19801
55425
54675
33373
57058
11391
37320
15451
25579
60742
42199
13657
22025
43939
63491
53703
39455
61232
59487
33277
60053
40313
25816
47604
61991
2274
37173
53930
30043
64489
64
26132
49227
44446
13066
25142
42276
39499
52548
52634
25120
63885
30037
50270
6884
11639
14823
29725
36259
8700
4534
46177
32809
42675
44377
8017
33143
43137
17396
43602
29669
29136
19151
37044
48653
36896
45057
6559
46405
47617
58978
1094
41128
64037
31791
41073
14428
3768
53133
55896
65309
46457
58233
37941
14748
33222
47208
63965
65427
31812
30809
987
53064
20626
17167
3556
56233
42445
35820
32541
18621
8004
16956
37277
26712
24946
1965
27915
63349
50516
12347
61663
19042
26313
61923
28303
30484
45398
48623
46084
39835
41567
41970
50033
4491
45813
58995
52227
12218
21946
28793
7838
2969
2717
59448
19496
22431
16452
2999
45518
11289
50791
44204
37139
14846
57072
32938
51097
29246
31017
35925
25993
5656
26898
19572
32507
30093
27829
15503
6761
26613
56509
36625
28735
55105
17840
54683
58522
50667
12055
41503
40272
11134
54242
2054
51773
26721
34753
23401
20962
36555
3739
37020
45625
5508
55486
30462
61965
29021
38817
22508
50018
39457
45888
24295
30501
11278
29675
25164
37177
30576
1422
21536
46466
13483
59948
49043
233
12907
42188
47166
55209
34998
63861
53598
7544
27969
908
57926
55286
21001
512
9332
61727
50646
4439
11703
62609
28155
47062
64208
9002
27452
62620
909
45627
41634
8831
28227
61684
47200
57868
20215
18960
10717
8241
56286
11145
5434
26774
37431
64481
65291
61524
30127
12881
19790
26593
27211
65445
3726
47921
64769
5452
14834
23698
41355
41107
59929
45085
42859
12555
18096
25723
4422
4326
8569
49986
20895
43026
10892
37688
1215
38215
21817
2048
26281
14636
3380
33008
64953
54033
33596
40159
254
59406
25466
27713
28061
44292
27033
48092
13115
12679
36686
27607
6220
5202
54546
42470
2484
18517
27892
43521
30884
23675
1128
56574
26125
16218
11912
17024
55420
18295
37138
12184
12356
17761
10287
61376
23906
28337
64518
3016
14788
35549
34357
20544
7663
3208
47439
59555
54054
38889
38702
27292
40837
58997
45214
22272
5037
46533
16749
64966
38452
50083
14954
32763
46305
65504
1056
7582
6533
40037
41564
8438
2780
10521
47986
56479
29070
11790
8899
44515
38682
42406
9175
23919
36599
33122
23372
43699
62679
14974
11533
4364
8696
16487
57931
60315
56804
52266
61552
13955
50104
6675
52535
8557
5508
10535
60246
19305
23365
24621
58875
23267
24647
14128
12433
6492
35724
9147
43434
59002
35275
51385
61485
52058
42062
21987
10804
39204
5451
12334
7492
46293
57358
12518
24337
6801
20415
48424
6064
53969
32055
16568
5272
32999
49587
34144
11763
36586
50322
32522
58817
12561
3693
2004
39201
27449
33837
23180
31470
35101
8729
29204
52674
33778
19078
14765
19459
28844
26693
63105
29219
45192
59414
24887
12730
13127
21593
57432
17331
65502
9161
55878
20320
25211
20311
45104
41172
63433
36822
31480
2583
40316
34443
30331
5851
38391
42898
28156
43787
35698
48619
24705
59832
2852
61602
17789
8869
60853
48512
40314
12939
12825
3289
32429
2413
24561
37703
42600
26422
51779
52892
54329
23601
39082
53434
23720
32029
34109
17274
48366
55006
56313
46884
40116
54091
43422
13947
40489
26175
12326
21017
37817
59447
56424
34760
62087
9980
3485
5655
29781
59009
20627
23827
10507
35595
38172
30197
56906
60195
58142
4822
53939
23476
25254
26242
47577
11269
2921
2077
64172
14290
8879
46317
40477
8973
2864
41337
19677
25736
42543
17599
27988
8980
59507
14392
9148
25689
38072
64463
499
40087
11192
11723
23269
46967
40736
27514
33434
3562
14465
62405
49709
51703
9203
5578
62487
60483
4536
62420
64863
57076
26361
48339
54475
3048
37586
28713
196
58609
44829
49526
48959
60880
30533
38469
25416
1704
29222
25745
50014
61681
2204
51441
6650
64753
37953
1729
29812
9270
53344
40947
3119
27562
24118
36727
27267
63383
58593
11626
2858
50881
31384
1195
29249
36016
16830
4269
49547
48143
652
63759
15090
16193
18018
34527
6129
44976
40809
23755
40721
52568
30398
22947
20060
13446
56849
28990
21134
11592
33795
64392
6843
59902
47251
53094
55726
22777
58079
63330
36927
14932
57958
52677
44005
5970
65430
42567
23955
15998
48094
56945
54001
2987
36027
49264
41556
6415
27601
3104
19094
3931
16404
4063
33434
29052
45282
44237
15422
1500
52636
47835
33391
53587
39322
30418
1657
38661
27170
51321
51405
55826
38575
51671
63378
487
35223
63862
64785
27160
25933
62507
54182
31996
10583
61370
59743
7222
1743
57401
19870
2634
43669
47960
33606
33964
11259
21741
50889
50373
49295
42029
25647
39492
13085
26570
33129
54832
1913
11781
9452
65420
57259
3618
15031
677
8717
33498
20570
37858
28268
57992
5203
27657
38932
2562
33810
9732
39707
7919
8645
22810
14278
16643
65423
50267
15046
50573
11507
43773
23117
23290
61836
55440
28677
46372
16603
51978
14538
7604
43430
5995
21525
17915
41796
11472
13951
413
39512
28869
24499
20289
48669
29076
61547
11769
46041
39318
31288
40783
5246
5389
31248
10230
230
14359
18264
57134
32927
3734
52231
31190
26088
11336
56977
4716
15645
12209
44458
58057
21662
37052
17729
7857
36992
52333
10693
56844
34765
39066
8889
6509
32527
39631
7047
8226
41607
46819
19839
37789
51035
17146
41965
6431
34050
10242
11522
39630
20842
600
8784
2466
2540
24773
19145
63603
16074
8974
9596
48245
62102
61116
13245
64007
8229
38230
34905
35122
60203
34184
3111
40306
62088
42885
23422
5027
27090
10062
20771
64947
305
52296
56891
42125
11336
13172
29070
13137
38480
807
17341
30789
59190
62186
63365
59422
4709
14166
56188
36636
17646
18407
9466
45751
25023
42913
1197
63324
25622
51867
2688
45887
33842
59498
42684
50203
25809
19223
34835
19974
26093
46216
25049
16243
18466
20675
26101
59286
56099
14195
24452
32544
51199
8887
34421
45864
14501
21766
4506
47299
38462
38933
56203
16325
38324
13307
63074
30558
4374
57060
6216
42730
59971
14018
1252
28378
35171
39338
61425
37886
49989
14763
8413
59764
36120
7796
59758
14640
24951
16123
36592
27926
48875
32619
55845
38584
10807
62291
56043
45025
29820
35739
64454
8113
11372
13990
60474
26694
16884
28343
15122
22264
32472
14911
364
19651
20069
4090
32557
18900
15130
64720
37551
6129
17552
46112
27169
46304
57578
6400
36396
54769
21371
48142
65057
53309
5334
60180
26129
8785
39489
43483
45196
4712
52360
62338
47483
58375
21846
55103
44949
47414
72
26024
27485
28486
57028
13339
56186
52780
38817
47418
13949
36820
44878
27472
57655
6935
39271
38275
58650
16406
21073
20624
48248
56680
57318
56244
63069
23902
32449
45524
42912
12257
55152
21987
4447
46214
25041
26411
53514
52157
8790
60908
28414
44236
56695
13146
57152
64706
40734
47141
32791
31075
11758
60578
26999
10050
28078
37464
50831
34428
61729
27485
46435
13852
63551
14062
22896
55207
57978
57666
54137
40901
54047
18097
49654
11133
4340
21497
32673
13311
37848
27966
57330
20580
22720
237
32578
9228
51463
36397
64809
4947
37263
63651
56700
42712
58310
10037
50067
51110
55355
43485
54273
46337
23836
16528
53333
22151
41399
38109
29936
22783
36762
18202
9634
61887
33704
50498
2936
45512
30811
10421
45195
49014
10686
48218
47674
34278
33873
45665
9451
55688
2861
30794
20803
52643
10146
16865
27177
30977
42636
57152
39944
4305
19183
36853
36048
59184
34178
17637
21122
40701
52316
46571
35326
26190
38083
57579
47520
47905
50728
30257
59541
19145
18586
32406
570
30823
31546
44759
40238
37753
12095
28986
23051
40086
10394
30333
64159
21990
15484
50567
13269
63073
9505
35425
22839
55433
10826
17740
6775
35633
51449
19553
15300
1033
40531
53954
64502
19500
1932
10704
40834
27421
19753
4036
31397
23332
11625
39013
39250
60248
37616
29174
1416
47191
7885
6203
62066
19727
19702
50437
22737
16944
29167
44553
10219
56381
44210
39407
37081
31579
64805
26448
40720
8248
48191
55821
45975
41854
45987
16124
61948
16459
43824
42067
60365
56218
55137
39827
22216
34338
50067
61844
53505
42720
3745
11777
18389
45605
55479
14931
59101
35334
18273
28687
15914
28444
37731
21920
63486
51412
56240
35335
52854
3299
27537
55836
28304
52966
42504
32792
40263
62546
48596
22492
50518
37857
23090
42719
65222
5674
31249
52659
45867
7208
16090
7734
21363
23036
656
45077
2395
3699
6642
57031
36938
55388
42668
30149
43242
32311
16358
63423
53073
49962
40892
49252
11637
38680
1601
15606
35291
13860
43335
11360
1979
21352
8810
19515
56184
9953
6162
34343
55437
39167
5046
3605
63677
31563
58543
26780
43932
15334
47006
22020
44516
32511
28818
23322
59663
10713
27337
39859
58933
1930
16604
2441
25559
43617
65078
47134
56203
33617
5537
46581
29860
8825
39478
26085
60645
26696
57333
39528
51771
13016
23206
34541
9973
33774
33966
55490
5503
35627
15150
52907
36462
39414
18568
3541
25218
55202
3325
18886
39074
29101
5508
17391
27106
25990
32416
30282
36897
29805
49550
2570
7827
27756
55427
32805
44648
32677
54827
46422
49481
42875
61540
26424
49200
55760
24240
35202
35451
54503
39958
60619
2380
52101
62890
125
19102
60975
27969
15560
17115
64774
6065
1988
4422
37502
54739
19477
13525
58717
42574
34226
7222
41356
14647
42422
56763
38606
35332
55073
30348
345
61351
11911
24825
51033
51450
46887
27443
36081
43011
62597
24039
5276
25955
12580
39692
23356
27652
55984
49353
26211
17682
17832
39236
32094
25921
38957
11040
5145
64610
25573
40944
32194
55827
38450
46177
49594
19772
37626
20974
43679
17827
16806
20442
27491
3007
44591
35367
19096
22952
7608
31712
54107
37293
34373
48273
23507
16837
10501
51845
11300
55242
38598
57966
2476
40036
59979
11444
15586
39579
32033
55828
59120
34627
464
51831
34667
22663
12191
18942
49965
63203
21763
32736
37114
1144
18075
28299
35106
18989
21563
7769
25972
43962
57411
13806
11852
3285
49124
19494
19901
4870
5382
37435
10709
17422
58984
23637
39205
10195
60259
22074
36975
23486
22904
26795
21638
56610
62195
56167
18007
29440
54850
38845
22364
58069
143
10829
62575
16718
17887
59284
6627
49811
22814
22169
50661
5900
51248
5120
21235
44786
50004
41553
14510
17334
19627
64566
2503
15
65457
14354
9434
58809
59990
59990
55859
16868
9741
31390
21430
18203
23968
50358
54002
16995
42843
58852
60272
45231
7704
50660
10202
58749
21007
12237
47548
47924
19752
23413
27273
31688
32136
17450
26775
35470
27347
41500
27346
23325
29363
17032
65066
36263
42887
33581
11794
26226
14125
54926
54658
32161
13698
36194
10866
986
50733
34428
57058
51216
11425
29640
18636
53192
8228
13666
12199
3597
44925
11098
54556
32504
65097
55385
19992
20608
26610
35951
13422
6447
20261
14803
32336
22482
51930
56153
44252
65022
33055
31475
48715
6268
57329
51812
41036
46942
5661
19745
64845
10045
37692
43450
15377
55099
41672
59012
21093
61649
3541
13130
35871
59491
56035
11753
35379
20813
41506
25983
20423
57425
56551
48682
19167
16420
37325
21890
52936
49349
32807
22213
53580
58748
19896
45198
49802
27998
23903
22168
55853
33799
46460
38724
19338
26808
58526
9361
30942
34129
27382
24294
21959
51667
33344
4905
29470
36368
9739
24562
45423
16125
55592
30474
47962
51204
20480
817
45038
38898
27215
2728
47861
41607
42285
4208
2770
36535
1818
1497
45774
49912
49749
10954
59159
34606
51597
62726
30117
28893
37330
26324
1582
19837
60556
44771
65524
7801
20964
42289
45588
4527
469
30912
23368
23560
40228
57254
19792
27044
19497
62628
57055
20173
28183
50748
41964
41091
5684
31762
41045
1162
65004
29410
48253
56652
42145
27166
16330
36224
56286
36519
33381
35942
28967
11666
13393
35241
33196
32396
27338
39361
46709
6815
55624
31785
59109
39941
47854
60237
35105
14350
60657
25445
50649
16357
23393
55536
6551
34246
15457
49584
480
38298
42057
14916
8916
12807
17123
41038
31195
6776
58651
10728
14225
38519
28785
53906
64453
45322
26437
42099
42451
26218
36779
40575
22680
57005
28906
48203
28944
16223
30621
47492
58414
60397
4370
51795
58694
8804
42719
34757
27256
22379
26767
53293
30165
16869
25041
52376
23128
27769
48954
9192
13546
1440
56704
34570
34429
21545
29898
14339
27399
32085
39373
40375
59548
50318
44619
58575
22454
8203
41394
41284
50332
58645
50609
54460
17442
24630
64243
42916
60417
56570
10696
64282
19270
11390
50414
2155
54169
21042
12463
5886
38301
1346
33273
26812
62359
45446
14136
23026
34924
60045
38203
5934
18410
32209
9605
30532
21020
10745
39984
18837
58923
19020
53807
18621
52123
48049
43666
42454
16371
10162
63800
16687
3647
13953
8311
18577
50571
64400
41549
32014
3849
40147
4273
24793
36383
33970
61515
24888
45291
2471
23208
38230
62846
49447
49107
20934
15938
64777
50100
12182
49300
17791
48861
41704
5997
44023
22563
51282
51632
21762
21391
57668
58009
33210
8089
40075
30809
52002
894
23511
28299
33945
31464
14104
61976
24593
42290
14952
41409
37920
28354
28497
47756
55383
22249
64065
38797
50067
7196
49062
27924
33824
13206
51341
42052
58324
53699
30557
19039
3026
35652
13534
10057
54021
4094
59296
20900
18359
49061
9748
42057
27530
26603
41628
36561
17246
11450
26649
39493
12930
54433
4058
9688
28557
45957
64015
64036
63308
39030
43285
10641
56957
44827
50565
37142
25428
64822
49694
21964
27221
34325
7183
13351
51715
27586
20018
21450
39713
62686
7285
35565
5631
58818
35696
21798
12568
31736
32990
35874
13270
46930
44634
14
17139
45548
35309
63880
50626
25660
20415
12625
31822
64422
36307
51782
530
17254
23448
7512
17660
62031
14696
28723
13728
21463
45083
34749
45433
51046
63887
58030
3025
32920
11485
26390
14745
44105
27773
40416
5111
9621
65271
14189
17087
46438
20309
11439
44703
64539
42134
21724
19515
58196
13334
45505
62751
755
12114
54174
10948
14764
23970
61758
15139
60619
5158
56806
18145
63437
64526
19858
30600
8242
836
38817
54763
61057
41405
54519
59095
51110
40432
33648
40351
54914
8654
65138
56889
12085
8584
43119
31768
40133
53260
40737
40260
1603
19100
12687
50061
6852
17016
3823
22564
30655
44523
59377
18815
29534
18636
48250
9447
15438
11980
45324
39061
46917
14181
28187
52720
39968
46816
20065
35815
43046
29275
3771
13747
62734
43749
20646
37691
55387
34814
25987
20396
10079
27198
63392
14326
45396
10644
1960
14051
28995
7205
61482
54955
2705
17141
12159
14007
63016
23796
26920
43910
61257
36712
12112
64936
47331
58397
36536
63387
39405
46223
6095
55215
24986
34763
23092
3379
44626
51713
61467
17241
14499
5683
52835
19868
2899
34433
26306
10758
42068
35579
8625
58160
62580
19565
9870
57190
55593
39860
50567
1836
5735
12070
22483
54039
38068
63227
10636
27201
49183
64498
53856
43987
14342
39170
64823
3684
34028
16305
16686
41680
23568
38521
59772
55400
51047
32053
52028
60724
46219
38829
56000
55210
30120
10139
53761
58606
63558
20445
6743
31884
30706
57525
58233
27296
61780
48663
17521
11155
8601
41781
37436
26820
61484
40494
47828
53234
14106
55188
34508
9200
22100
4668
27368
62776
9100
60494
40278
25993
15090
25590
47431
6696
28934
19772
13751
25891
19585
24187
17266
54021
31172
4932
44521
62378
11721
49277
28528
59583
5592
56652
776
45185
46175
62847
61537
16331
41504
35675
37973
54840
58388
61082
53365
49388
39726
54499
14538
50534
44998
1417
14660
43135
62323
60740
40100
37251
55120
56312
14604
53458
52068
22411
3647
31840
24135
12203
52695
57636
65253
42525
39812
64409
18255
15589
16641
45794
61614
44757
4806
25204
63195
41320
36323
63469
43947
25806
65250
55040
25806
37740
56771
65043
33479
39616
57304
36925
36555
20153
12371
8679
19975
3429
25313
61775
45528
15530
61605
62918
29117
2137
25534
30275
39371
5322
56117
42102
33996
9323
45041
40337
19402
36791
48364
20871
36908
30203
18317
2120
59954
47110
6380
39146
62243
7112
64172
30602
63680
8553
43097
37680
19182
27413
47460
11788
56781
26880
3424
25598
40410
20788
59427
53893
48090
9186
33938
30697
64992
26450
49546
2400
44013
16875
47295
33428
32044
40474
41913
681
51734
25063
64815
42497
8598
55568
17505
49614
48269
24680
43461
57743
20449
19456
38537
43210
28822
47432
7759
59565
51135
42931
17168
26209
8267
35981
29583
45695
11457
58573
26652
25717
44638
20313
24735
53025
54414
10521
18054
11214
36292
7271
58218
3214
18357
47888
53699
45346
9233
8428
40087
2939
14838
15743
36438
35887
39952
7854
48106
35276
4756
18171
29330
29092
64999
18535
24784
56440
23990
54115
25306
45206
64096
49342
6750
35049
19217
35436
48834
6629
63896
23435
55753
56394
8172
24740
58791
33165
62553
5576
54409
8345
27153
58162
38184
18271
30674
49967
51309
53784
54176
6684
33296
14258
54467
28399
52351
25276
36253
62019
19519
46364
17073
56042
25930
63127
3415
51385
56945
58531
6349
24466
11756
43062
63035
4653
54894
21886
30729
48657
24262
44223
20754
388
5835
55783
27287
57947
42582
9437
45080
19943
15223
11785
50979
64003
55782
4064
54483
55313
54928
19675
50948
19067
1810
13586
62408
17592
57072
38825
2281
23126
30622
37695
39021
39533
38014
5840
30940
6572
33506
64327
27157
53248
47730
6535
43562
56223
50737
16501
43085
3477
60119
46169
61507
953
27979
36005
47518
49026
65038
39496
9551
61998
54430
46429
8097
63783
32791
56305
24726
60771
28942
7390
24638
53417
41110
29603
27148
9003
7474
51109
59591
29756
58199
61987
38224
31176
14798
29214
62561
55406
23402
64686
44712
55691
10144
20535
46772
64435
24459
39600
42464
54827
30359
50559
26774
28148
41322
35049
36627
49563
37861
60930
36997
44035
398
50788
53359
48640
7434
43145
26391
24052
29174
43824
24000
28734
12938
2754
25970
45941
58765
21163
12738
8053
64318
29301
44088
9491
31500
47742
63812
18016
60215
44421
59782
2131
33935
23678
30057
22650
58035
9385
55281
30377
26230
8951
18285
17432
45207
45823
32382
29101
60122
52353
36171
22691
47978
63026
13340
29719
61715
5154
42720
48911
7513
45472
44638
62504
3934
38718
32275
63275
37273
54904
55432
13409
25838
2859
33290
25829
43259
524
53664
10140
53056
7165
33247
55543
606
53756
16787
30877
11656
25235
59253
42725
23037
39311
56435
25659
37103
56628
22262
31205
41537
8097
52851
63278
5677
15842
15587
17779
33527
60430
835
39387
49590
20983
42305
47146
25026
39628
37367
757
37991
46504
29757
7683
25587
187
26447
52766
36053
28495
9736
49110
25908
27684
21824
49677
12545
49173
61688
52704
4476
55377
54778
4873
26727
43984
62685
13306
27776
27150
24911
48009
5334
60211
24917
9043
4332
54288
34569
43320
37779
25010
36667
51942
11998
14682
11870
38986
38864
26792
64407
35060
57687
24471
11924
28633
57134
4188
3717
60512
16610
13952
40206
914
46679
57915
17797
25734
50758
55464
48375
15101
917
33830
35896
19107
25405
30096
55207
56942
52943
53682
29346
63810
49075
62340
48718
6682
3266
2251
62834
38409
56136
47210
642
21302
58790
36535
33288
37315
15943
12176
22043
12736
27457
30011
33828
38631
48061
37026
6109
55294
23377
32357
45679
47162
41498
10642
35825
12117
2369
12936
17442
30176
63272
38028
28442
47449
2193
4812
679
27807
19625
21055
18979
28383
59980
16702
35697
10358
33412
38848
26416
63956
57427
11684
11665
27741
56750
22797
16812
58286
8058
26425
14966
60021
22672
15690
3996
52533
29870
48764
46853
34369
50210
47334
12865
50657
27485
47223
24360
31045
50911
56671
29291
21540
60123
25091
51771
61869
27592
12530
24937
23691
35980
46165
61312
17085
19782
29695
27417
43016
11824
32934
2867
24725
48535
428
39176
48906
10649
26832
15638
38919
23726
56923
19748
13840
4454
7939
59943
8225
44795
1440
65351
47659
15754
25478
64381
22523
36517
54630
58322
14269
22099
50218
20507
6347
36800
27723
1480
57749
36443
62137
53110
17842
48788
61108
10210
48413
48520
6222
25118
20652
8539
64559
30376
33658
21083
34043
30718
26162
23774
20384
9514
18425
15235
13225
33821
36517
27364
9227
32295
37304
34765
37957
37896
57896
62827
44134
45322
51864
38756
6789
61912
20063
31896
27301
43058
193
57521
30415
1576
2
42880
10265
58852
64182
34155
65463
33564
7065
58126
52866
33627
30351
3897
16972
28014
26886
20182
46693
43842
22179
44739
5952
43996
50173
17795
33142
55110
17486
3731
37435
60449
19519
25402
9193
22167
40854
59381
16659
53646
21024
22257
27611
58725
29750
26489
24959
10184
51851
38855
49131
21130
48235
6257
52852
49875
31432
4030
32918
6875
32979
49401
41942
44891
62735
65403
6241
11481
31802
8813
53301
59650
11650
51581
37421
27917
47042
7570
46683
40165
5950
22424
3768
39139
22977
11679
2623
45651
8657
23592
13719
35754
30242
30251
27945
44666
40813
32100
38395
35649
27161
49371
33905
33644
28004
14887
3993
12081
17263
6132
47418
10356
18777
23476
34933
55059
42342
13127
21169
56653
42943
17876
6907
8325
32379
18734
42928
36730
40578
35943
31756
34605
11158
25520
40123
38250
23545
25540
61526
26042
46169
52052
3521
56742
11900
31562
36514
27354
38578
17628
33417
58843
47724
29417
27979
40078
46713
35352
36569
56945
4861
63995
54564
24572
59639
1226
32794
1601
21318
40930
4653
4288
15330
24983
23536
63409
41728
50979
60549
39931
59781
53754
24442
45368
37942
9660
16435
40919
43475
60508
27685
36046
20429
43852
43601
8007
3602
29267
30965
10984
33448
18568
8236
1245
59309
38233
23468
61262
11483
54361
34945
40116
39874
11340
53419
15703
59644
47862
25840
38938
2525
44057
55217
42899
63425
4301
24860
33736
29105
24207
27146
28284
54003
64732
37621
39812
39543
26829
11347
58830
2836
56526
32107
7532
19099
15799
55670
46043
12043
46630
14767
2777
40178
28224
17039
17636
2391
47182
40996
31249
4642
26247
58415
34772
19244
25478
58661
51932
36277
25371
4773
64466
54548
51628
44314
41013
1636
30314
32734
3043
23729
46357
27594
43336
50901
21617
20235
38795
39183
36712
25680
14349
2240
8695
46485
59508
28381
23300
62975
19333
38590
38836
33455
36792
14291
27129
49189
42701
48200
29666
40099
33767
29798
2113
9964
26052
24121
54790
56762
18419
61356
64565
32178
29630
29039
49056
58813
45515
44598
40152
54790
22199
43111
18970
9462
28410
50191
11182
60353
37354
17063
57980
61511
12565
22611
24519
13215
64597
30367
55458
45186
53729
54217
9936
26342
38876
24767
36855
13669
48805
117
39401
51429
65400
31962
63874
63557
42980
46396
46580
28710
50798
58283
43892
755
47816
1061
48036
39489
49826
40872
32343
32697
53455
64024
8297
20573
57240
1200
5452
49644
29437
10158
24449
46544
43569
17519
53763
63899
47921
48330
27346
37515
33401
27198
18911
26264
1416
20375
41642
33613
64605
21597
51727
50393
31616
28304
60496
19553
6341
64844
15493
38419
35108
14628
43451
22337
14325
51068
9224
31185
55931
14340
51105
58393
23384
62097
50344
31760
29538
39318
28955
46838
9348
44155
33985
884
20655
61881
13711
13587
30743
2961
48929
30907
14529
20316
59246
13848
36628
41848
64105
20236
55078
4497
24155
51193
1921
38457
45956
24552
54475
44698
35802
19689
10278
48855
16628
45810
39294
16932
31119
37876
51443
41063
861
5625
61731
58856
56743
24064
22172
53443
21007
59527
40039
7011
138
23131
9248
48488
10549
8919
39534
3162
15705
23255
988
39416
56141
28245
57392
52223
13148
6112
45319
62349
15655
58708
9689
28906
56206
24289
55735
65004
64659
60251
25442
30967
14802
13616
27315
12935
65090
9125
14901
50407
7758
7635
24390
49586
1101
1456
15394
39623
59777
45529
55566
14593
38086
17600
50463
65437
30861
61601
54149
17305
17242
40992
46322
51287
64496
6983
26244
4491
48550
19579
62699
36016
50978
16539
626
23353
56446
52597
27152
19319
25954
29578
49466
39124
61160
60189
36984
5083
59815
61526
61312
24257
5777
53339
48963
29565
56747
56741
30712
50194
10160
49065
26287
45856
23704
1908
43420
60029
685
8094
33794
7825
8069
16575
54174
35963
5605
61839
46199
13504
63718
52460
16567
59543
49111
27432
34291
51273
9953
31548
23956
21419
305
33837
42223
53929
6363
39214
41963
26781
35028
55644
31330
4766
58091
35628
28919
37028
22103
42163
796
53810
62254
6152
27726
26107
33831
43757
18074
63914
39570
50619
36238
11135
41934
64449
1967
63396
55231
64050
11748
23271
63361
59753
19494
5977
11423
5860
49489
48945
3307
39493
40301
21907
53825
44391
24174
33968
41498
30002
37703
12284
60540
44949
10973
10974
38544
20762
22184
24233
5859
13774
24535
4206
10002
63853
2126
49716
34446
51556
35593
45824
49596
7480
7218
36697
16929
35205
35239
28983
65183
36589
58097
45116
49636
58288
10574
30619
38392
28638
43531
44246
11942
7032
47932
31094
25289
5270
62035
51239
46418
44628
20538
11698
35335
6952
32089
23130
13437
57193
1239
27529
5505
28441
13654
30884
14947
37320
35805
8835
16825
4370
53951
44947
36494
43810
56022
58936
54622
15955
37977
35672
26906
31729
34381
42253
43878
1844
5144
61451
49584
10180
4090
43022
9771
24784
18877
24518
25019
16841
50525
5266
47205
17080
10684
15301
42450
49758
842
51040
64674
30296
7407
28703
22106
37515
5618
374
37091
5775
18015
52511
62282
36690
62750
44320
16846
8443
42685
10631
31508
65164
43261
9921
61791
51465
62579
28361
61027
45062
55913
37208
434
49468
6226
37026
10990
55778
18228
25982
45085
62532
32644
1399
54512
17583
34487
7877
50566
35483
50026
4062
18866
19984
20071
41714
35671
8599
55964
41118
52969
64571
47373
808
47106
54795
24601
2104
47516
14293
53593
11893
45559
44670
24978
50082
57816
21660
39339
6063
26968
63069
18813
24862
9358
38454
50776
45155
14122
31962
28243
26820
4974
15292
22023
41439
50797
43496
20205
32872
19673
51670
55534
17120
39340
28935
2683
53573
52312
26278
40585
33536
18647
40555
7873
46415
36264
40579
59744
16125
14672
45056
63279
60823
54789
19954
5806
43667
10871
15271
43027
37066
51134
494
28245
35646
15285
52308
6172
65424
19872
58289
1698
11276
57674
8062
13436
24747
65123
17268
49248
47613
33995
35937
14399
7591
3596
30509
593
6157
54394
29082
48873
8361
28573
34038
37559
42507
20631
7885
65008
57704
40534
47274
8789
55990
45995
26026
12299
11146
59821
4587
60195
15402
58780
59208
48175
4721
53986
4372
7605
28843
8488
47233
8543
22606
41974
43896
1407
62707
61517
8275
32479
27705
36426
47302
19718
8389
23275
51558
41559
56906
44810
22422
37084
28647
18473
60999
63972
36699
6639
58876
35661
45524
39030
41670
27111
18474
13971
25496
2272
59605
1869
20981
47192
29942
4523
14386
9538
56760
41710
49168
28766
10508
13810
30058
39380
58101
46623
31094
8221
19454
64917
34532
64373
41191
37649
19830
63537
25354
23416
38539
2980
33045
20412
55693
25209
16419
29441
19784
57852
62721
19727
467
23027
30387
56122
39426
112
20136
13792
42640
9644
62619
33696
38175
36240
17974
30221
53421
10550
4748
63657
50440
37047
45473
65020
49020
40044
3303
59555
42309
23880
41822
55461
4053
13324
39303
33149
3711
34516
192
48501
37937
55975
35736
55919
14782
22273
986
692
16862
38223
10312
7302
53067
41407
33975
14923
13475
52942
49283
63134
35778
57688
59746
13111
46671
57412
14600
32589
6302
23274
40949
40811
47455
45905
49048
4593
40390
37787
55814
32229
27492
13322
20490
36061
39490
55572
14404
15204
18820
48390
31339
50605
29245
13939
60515
56020
56981
37065
20596
56848
23260
46911
3460
46198
46601
17878
56769
3808
13166
10381
44883
11573
51328
32013
64123
335
31336
4262
46168
35219
44179
43076
56752
44838
17300
6892
51687
10507
38576
14486
51172
11115
59851
62271
19274
7117
32474
11691
14457
29288
11650
51923
48668
31605
55007
4997
7813
47696
49545
48779
24260
25034
31994
48473
8638
50886
64344
54100
48957
25615
57118
25465
55363
36765
28545
61130
58880
34434
18168
47236
35792
104
46820
18074
23727
25439
18326
950
14153
58782
39515
52491
42187
10041
12812
60839
5417
473
5853
38436
9764
4368
1330
59024
58106
26310
2051
22190
33536
59020
33794
39418
27488
3672
21582
1218
57503
58186
9961
14116
59456
41605
59341
62781
57453
35579
32463
58011
49945
7767
56788
29192
6500
29395
26405
58900
41183
19804
29073
13006
58108
8520
35734
29084
50981
26114
49253
58093
52238
59528
27195
38708
1209
2600
37485
13493
40776
14904
16434
49020
15757
25345
37421
21946
6219
58049
20305
41627
21967
18669
47037
30158
40154
57954
56378
50234
33053
25654
27865
42294
1531
18985
12167
24565
48834
13180
16638
45669
45905
33156
21993
8317
57966
16607
63165
55942
30435
13598
49833
63825
15463
4771
2902
29633
54856
6598
11408
57938
19739
19294
7070
65454
60967
25837
34468
3479
55344
64321
49480
56904
27312
51647
61715
59918
36065
13553
7483
47484
36768
62523
55248
7004
16337
9214
13609
8558
58436
63677
6506
30242
13072
11973
32839
31964
64758
43077
27039
63352
40779
47990
54660
27064
60533
12155
954
65172
63730
37424
12099
31069
6024
39874
59578
18997
62091
14156
6178
51997
50755
11365
58620
6688
30868
20079
61224
26496
17350
1823
45972
30432
30540
8032
28022
63725
2257
20804
43701
13434
26349
5124
47612
17586
26355
15786
19155
44410
37546
26863
47398
10399
61962
35947
62472
15017
43804
14410
207
5964
40369
58525
27144
49356
30900
48731
19269
20083
14877
22569
5808
31621
40152
18064
54162
6465
19983
35585
60585
31482
6383
60484
39868
17499
59058
39732
18733
25392
28482
14955
53406
61879
40382
58000
21187
2039
44936
4142
28710
50362
49918
38651
41530
37066
45449
20498
6321
29135
48776
54341
12038
5706
4349
5427
1808
38905
63474
49301
41008
59642
57351
51940
18811
10892
47289
34884
56351
22612
6660
698
6536
14083
21520
50247
40017
25891
25981
7724
10116
39242
28391
36934
33765
62717
16303
22271
52098
10100
38249
60021
51261
60589
27765
35285
3974
49678
62607
23255
47165
15530
12841
28536
22357
8520
14070
49078
57520
29053
4867
24036
51538
44200
988
16384
35464
64731
44143
29764
7915
47517
56977
19940
23380
14955
15399
50367
26361
277
24716
14989
10324
65482
14853
14598
40757
28866
20818
43644
41543
51045
58146
36546
8571
30858
25633
36712
8178
43912
34513
23261
27290
59420
8176
57379
31651
5270
14631
61922
34246
299
42258
21840
38297
24896
31108
58239
2209
32452
55732
39980
27338
34053
1199
39249
9159
53479
41887
32214
20938
50851
19104
41166
11257
11822
55733
19018
6181
40726
49316
302
40666
51066
12506
56296
7782
39939
57659
65483
24163
29423
51941
37712
50445
34321
30325
62900
42670
13302
56352
52549
14825
31837
23880
22363
31312
58568
3712
7799
34060
30904
62624
38855
25587
38037
18912
20493
14541
1777
53343
5097
43274
54584
7638
7260
48908
56106
49129
62082
45897
13159
22373
53321
50296
13690
47742
31104
62260
57482
32115
41146
9152
53097
41751
28121
9153
50748
45391
23385
44762
29440
50110
42386
20745
42947
6754
5365
64419
5825
24108
58799
3654
60801
37538
23939
55259
9706
15084
25140
6948
3165
61989
37136
3559
33990
21630
43640
4573
29460
52195
18284
53445
52792
21790
30494
7840
15373
5631
14282
34285
14683
61999
59564
10718
14163
28066
65168
25726
44798
52357
15787
62877
31471
32353
26048
40134
42673
48617
10194
27817
2751
14605
23162
36077
63454
23122
22843
65515
27928
29513
37141
37690
26558
54338
64266
16228
47953
36505
23881
20203
47337
4545
38796
24567
39362
30081
25918
63645
5984
32672
40583
37873
26205
53715
11329
6679
2476
3602
8950
3490
27101
59868
42643
4852
52625
59947
45867
58852
18974
29195
16646
64016
1779
31428
48601
51101
16438
42690
20805
38002
25582
32610
27893
3460
62576
22045
54101
4963
24168
48056
17839
8446
59581
6464
59960
61372
51369
48706
32567
51889
18130
32093
18340
12232
15163
35171
26793
35434
35275
42507
52757
12009
41732
51569
11016
37971
43685
2007
44227
43980
194
55018
60749
58639
39138
20412
46890
31998
18097
53734
51206
43118
49514
23449
25271
19298
38660
47216
5397
42273
32359
3558
59721
44054
6435
55643
62036
3952
21866
51971
24808
15156
15771
38719
64843
19350
63020
38377
36261
6590
60389
18517
18895
16672
22442
7939
9763
43442
47093
46169
21218
15087
11841
25317
21676
57493
173
33366
62665
25255
36354
47246
28884
31503
55319
47299
28749
16616
38181
64113
46400
25906
51797
51297
61385
22732
45991
19011
24715
39437
60151
29053
27768
29109
9538
2321
44687
56202
63922
10440
57645
59689
7547
63317
54544
1550
37128
28646
35027
31617
29550
25890
4276
62508
900
63920
27179
19701
39561
4932
2161
48603
10554
31276
59478
29877
13720
11985
43249
22745
3754
47744
14064
42217
47842
59625
65359
6152
13183
63270
44418
39916
40522
8005
33960
18995
41332
44424
34515
22790
34018
7603
38057
49509
14790
63379
62780
60733
46563
9504
42699
4051
52688
41951
13357
17147
53983
22620
40125
9965
38332
48769
20428
35086
63847
24389
15544
47516
57626
49132
43884
53577
59594
46824
14417
57659
13108
32166
39948
65175
58687
46074
21241
35144
63126
39958
63570
61214
2105
24438
53840
59025
17405
46737
18214
8619
38566
38557
29361
61768
48278
26485
21044
49908
50492
25449
16883
21642
15935
12620
26166
63242
17693
4154
2871
3605
62467
62529
32235
13769
60838
44940
48992
61012
13610
51776
15130
51169
60903
36303
37905
21805
34630
54768
43727
41754
63299
35099
15991
16519
35384
49898
5060
10
19175
13513
33647
62159
45398
26069
12286
52076
2461
54239
54858
34021
55687
20802
23073
59342
42336
24553
12067
40687
58878
46367
2589
19467
50333
45756
61996
47829
3321
26192
6656
3132
31457
3569
21673
21467
52287
55582
40938
37767
34441
61290
65084
5870
7887
62678
17629
43866
37639
24283
62569
25249
47
62218
38139
3723
15266
49497
48022
63733
46317
18732
2676
3712
1158
34694
47989
25584
17708
33694
9879
59902
7426
45376
16508
14879
14132
49606
15546
46282
22114
60501
9707
12478
42921
17361
37003
29773
2189
11532
31568
20899
34087
18266
34753
54941
63570
22441
61633
7317
63777
4985
51546
9528
63360
4520
59061
52991
19673
11966
64607
60461
23272
16652
6404
19705
29953
44990
39356
29182
10281
22614
59957
1392
3663
14991
32874
19532
38734
1280
29040
44032
28480
60410
60732
62895
14680
17902
48488
8896
28450
24793
64367
49505
61966
37697
42491
10850
7186
39586
57515
21756
41750
17995
7527
34842
34716
57594
57085
19248
52641
45330
54099
40841
16589
13768
15807
47217
26843
59059
11679
50711
785
7944
30915
30858
52581
33453
51673
26351
5560
17670
50157
29557
55160
43919
26455
57777
10471
20090
14372
49244
24937
2300
55123
44684
34610
3745
2212
30303
28975
1792
24076
29474
20782
39966
8486
15660
9152
56172
46233
31937
24275
18501
36897
1597
27780
12854
18670
15808
6278
747
48216
57628
31105
43935
16906
40914
6432
32080
40487
1571
56385
34261
419
24870
54038
12784
9756
25680
7753
18813
10181
19456
11689
40294
33365
51981
58673
53795
35781
49901
35759
8031
29001
8606
15062
47635
35861
28905
5419
26002
50232
2608
48428
38922
11522
317
43038
30362
9717
37337
6631
28953
27942
15541
12335
49142
31003
31282
38411
21484
15727
39580
27374
33967
19192
17422
53040
15982
60363
1079
16150
58443
23448
64641
50169
10222
8880
9082
15628
28658
35055
56853
55613
42425
56157
44888
29328
41645
16293
36759
24757
8072
46060
53731
49561
45461
9548
11427
53990
16470
28947
34312
36609
44221
4160
52222
58752
41204
62076
57861
18812
57715
53634
28216
61933
19603
29340
24347
22434
23923
32441
54115
21160
62030
33863
50663
32794
38678
59111
45925
15491
25838
5394
3716
65253
51950
37816
11083
25031
60349
59397
43765
46399
45684
27197
42971
23851
13530
26371
28395
18518
58003
26292
17765
13049
36720
40531
23992
49818
7731
10030
11016
56271
13280
50814
35409
1493
51118
24527
36373
12230
7993
36007
28108
7969
50799
60406
43790
44191
10818
49811
1931
576
15588
33111
60587
3116
54877
22276
59520
14276
63643
15091
64944
33654
63009
26785
36430
45460
12390
29059
37118
20945
46634
27329
47867
46085
55465
48442
10572
35700
32618
12950
5251
53369
44135
63413
25762
2999
34426
34122
37460
14619
183
11693
58126
23716
48992
28467
6425
40281
51818
28333
46351
47095
4181
49418
51063
33315
48261
14923
21015
3609
44059
28678
38921
4499
15024
39268
18710
24970
47772
21086
16253
27202
54617
16291
28457
52943
13022
24300
50520
21479
1105
38469
51270
7857
35308
38105
29032
57524
49342
11298
27681
9760
2007
52603
49842
20728
46389
12260
45447
65200
52595
63557
64406
48873
39193
23334
3704
21745
32999
56065
54512
47600
39361
60536
31240
64616
4758
46296
26830
27559
5077
29709
36021
41052
53060
12635
2944
46209
50062
3913
62905
28928
26003
23695
10310
8870
43106
12756
20194
30065
27220
25446
30880
55432
23137
10748
13534
59310
7894
32451
62152
28638
33182
6995
42929
13374
22872
24505
8359
36662
27320
24653
6091
53409
46398
41158
18292
19901
21118
7454
44256
46970
30064
25152
44748
39125
33181
35600
30677
9333
7722
13422
62081
61902
22685
34580
45358
5724
50388
55713
63852
38421
10226
45599
30616
58026
11586
50183
24016
1680
10431
64418
56939
18308
8048
52051
9937
12851
50056
63380
28642
30502
13722
20371
56728
9718
52763
10990
26582
42948
21966
14509
1368
48314
21860
63079
7788
48359
9688
6472
57575
21952
9889
18961
1892
48187
11268
20945
44967
13061
31008
57200
34390
48483
15628
39546
2967
49502
42481
49582
62652
51551
21108
37667
13736
4172
16796
10035
30765
42003
58728
15196
37914
6921
29198
36042
10929
42978
55886
32456
19869
61834
45728
25910
23097
48522
57524
25521
39833
28203
55446
58570
6316
23313
59998
23021
63769
37096
51003
51453
64981
6311
16505
53030
4719
34897
39185
6050
54273
8539
52160
54483
18257
32487
42726
11963
26905
58679
21711
42151
57743
14846
29036
4295
58062
45911
53838
16074
57834
40953
10506
28544
32885
45400
25499
48856
2702
34997
24266
15303
25189
4303
11364
12807
54059
22199
56209
37523
48085
37845
41134
49752
48306
12137
12551
30498
17256
50689
31565
51853
36018
27380
47940
1572
16694
54312
44832
45012
10020
19776
62707
25005
63320
17511
10866
1622
9475
40586
63181
30495
56855
30577
51449
8859
41891
10567
6638
16625
26723
49830
36114
21367
37758
1453
25962
51656
49242
4815
63956
13473
56754
61639
48134
27424
48683
62476
6984
32629
58407
290
16901
2978
7796
20850
43420
58988
17307
62597
1913
46567
48423
55476
20902
8270
33132
48521
25221
13535
58546
12824
44536
264
55011
33294
46799
24406
9314
8449
12987
39425
53577
7701
64886
48703
23045
26644
15544
64016
20170
7645
5098
52206
3767
14464
23059
15634
17700
2557
21217
5101
2223
11508
48413
51171
51253
38818
62477
50691
44355
15600
47926
22159
11256
24265
7801
50191
46707
37780
33417
45643
16453
59185
29823
47502
58838
6604
28904
26944
4802
24665
18337
43919
53408
12056
36237
62863
53007
30587
31939
57990
5278
13566
46918
1491
14867
6538
27965
13178
55056
31263
56925
7080
35991
37184
39453
47935
8984
27764
27610
13406
3956
18876
59388
19143
47766
58101
64018
60837
33332
7468
6059
15404
55213
18916
17770
54844
20716
7148
63745
8609
56543
58965
27837
20431
26669
8119
58885
16154
23051
30783
15696
36427
25921
7482
7970
20379
63510
5041
50364
62725
31417
20073
28164
42978
2174
27417
55965
51786
39722
51887
23086
41415
26458
8015
58933
26141
26437
52490
26786
45569
25606
4869
16372
11845
49889
5028
57187
38264
33438
7677
58296
24374
58279
18878
24361
64239
36131
49075
35951
23519
37270
44451
62192
40507
22339
57207
37113
46752
44923
7035
54730
49295
9151
42310
56401
49375
10467
36945
51520
45982
47725
45199
35027
16580
49591
54094
22692
59326
56135
5588
1174
25883
25594
20672
65104
54109
35766
8481
29909
33989
17712
55339
1952
34059
58140
30346
46592
14377
34626
31669
48205
40451
37646
30866
22792
60854
58724
1085
58003
4396
24380
43928
59046
57256
46011
61168
61564
43604
35068
22341
29756
8783
44415
4717
44372
25940
24989
5308
2913
65033
25560
44341
56331
55784
42842
24996
9877
25227
31065
53639
9633
44549
19305
14113
61471
38814
29607
21618
7151
23756
59927
3849
25289
4579
30187
7810
20579
40166
35
62819
34553
9623
297
28976
3487
48006
7376
1826
46671
6423
8759
52673
49608
12395
23542
62555
32698
34545
8346
25763
27725
45099
62692
18603
8729
35938
33764
36979
29315
37655
28254
60655
48825
24214
48957
39126
56269
11345
5705
11806
29002
13432
37030
24461
24987
55474
16243
33531
25584
48453
12970
37219
27247
4385
24949
64707
55675
40424
13106
51282
28376
32847
53035
27597
31997
49976
44081
37962
63353
34670
18699
30579
49998
49641
55042
50634
50846
56202
34667
60172
45618
36415
11297
27082
54879
38747
49140
11899
56550
39296
15069
146
39049
1202
21150
16940
18914
9991
48366
25605
44540
13344
4680
45894
13376
23769
40518
31108
15104
55687
16094
8968
53962
25915
5554
25912
55958
64414
49656
1630
53103
63417
4969
26161
26885
27006
227
30240
21981
32920
58491
34925
4052
24631
13273
33711
3218
34329
63759
5798
16843
60994
36843
26721
59012
34587
45763
667
42792
57195
44323
52452
36768
13090
47686
53716
7689
22687
57532
28862
50398
24554
56771
27404
53516
30009
65319
49620
60126
15906
5234
2749
55057
19097
4065
54773
51314
52164
2346
61179
45134
20077
34547
27373
1800
65046
12749
13184
1244
12164
3777
64769
8204
3192
7235
20472
39289
36120
48845
28094
58264
49850
24458
1128
16658
2352
5977
40763
38513
4244
48088
36896
28564
36097
62356
46556
52680
18809
57473
61226
50163
20948
10297
23665
34262
40461
51030
57474
55269
60070
6968
344
38522
8188
31180
21450
6542
26997
7750
54518
64615
33344
59724
54920
3478
46455
63046
45266
61944
4444
18688
20402
36549
42458
47854
33588
36373
3705
43341
24908
59735
48327
44470
59301
3018
35623
54566
13399
49016
35240
37810
54474
5850
21077
279
36995
25991
30434
27430
46304
7870
17833
54955
43552
16331
24029
22636
1976
59396
24372
7647
2884
37582
27403
59253
33251
61306
42565
44780
39611
45516
32161
27254
20832
64855
59839
14007
53216
32010
12835
5677
32227
25114
48620
52745
13685
52477
26172
53471
44016
35293
63499
3546
10038
12882
36355
22899
49081
18466
39543
41298
39171
55689
6537
44287
60461
19586
29429
5411
6165
48914
36464
57936
12475
21384
61607
3480
11290
8400
57075
54558
59320
8745
27387
61834
25786
7834
58728
56697
41537
32314
10501
41724
52651
35026
35740
32790
37086
8858
25845
50830
42509
16432
60702
24091
8687
20716
63335
29082
24805
1229
18255
13474
7960
60299
19197
50714
39804
26842
64001
51616
60475
61467
17851
45189
1585
52121
46505
33171
38787
42636
38787
662
32094
33758
793
64463
30987
59446
7452
47409
58815
39358
14013
21994
55868
40208
65351
39534
21224
18053
32070
1178
37179
36676
40591
52675
60767
24414
50508
42076
10443
54362
62271
62187
16983
32645
4180
38225
64240
64117
54222
47957
37314
32921
29884
59242
502
20957
8026
150
39500
2011
15834
34220
35268
31979
41623
46448
14250
37253
59324
55675
43654
56915
13421
30366
1425
42734
37586
37594
30927
31520
25587
59435
35155
23076
36657
29610
53438
65524
38013
33069
51229
5998
8041
55530
53823
37267
43449
36421
7472
49138
16494
49463
61569
14638
41264
51461
2932
63838
30119
37626
29071
1173
13708
50659
41224
9885
31922
3289
18046
11812
6304
40029
14756
11649
33465
26592
48436
24
54265
7534
64356
25515
33607
28694
28611
3209
6145
14997
35392
20544
22933
56828
62889
7477
51916
277
22006
6093
22627
61790
57368
39117
41934
36778
37101
59803
12222
1371
52291
33135
59798
17693
46064
41748
9475
51268
47042
64319
7393
3977
64422
40161
45811
36215
14091
51049
7166
12275
26468
44130
12952
59532
43250
18134
20680
38669
8965
32903
2847
16762
2688
37539
62312
52775
58104
34772
15991
62664
20987
11399
21594
36809
49606
7199
3540
35040
27383
20934
22094
46172
40480
18614
12738
24669
51064
31449
48681
62995
62270
55017
4064
21458
56757
36184
39542
14993
64337
25626
13501
41670
38868
55514
16633
32626
34696
41959
8244
63067
1505
6410
26075
61697
41459
61894
28744
4420
47584
20968
54909
10486
47753
41896
9948
39709
285
53186
59500
44711
45550
1667
6532
33694
53878
38153
55651
22996
10413
38814
54995
39623
50928
8065
56882
14570
28413
52348
59266
13394
14060
21310
11184
3543
4019
21742
22234
58044
30387
10390
55548
19177
55485
25456
9447
6828
58128
59344
15432
58923
11973
29644
45574
3692
36820
31302
31875
35603
32436
47421
43331
44605
36729
40256
44434
9457
64402
45757
20712
60543
56231
41137
3124
39999
64017
33737
11191
41248
6378
11489
42554
32363
52216
54623
48568
53881
6044
39109
14970
20053
43690
53577
64515
8130
20038
21992
42157
62829
24667
40578
43341
48595
42253
12947
60175
43579
31639
4680
55859
8948
57728
54904
7437
57544
58600
25077
27855
26021
50497
45487
3057
34152
43837
32239
46797
55036
55438
64029
19144
9377
23945
65219
28054
37816
10464
32280
47034
9392
26447
38738
760
58720
40777
52302
50412
41538
6843
60055
28242
55839
9074
59457
12029
37804
25254
16852
38767
9906
5989
36590
31230
35404
45184
62898
52459
51031
50716
5481
25893
58571
36771
11604
3051
17392
27921
55804
55640
19175
12624
8196
1923
65239
62506
14352
21938
2116
16062
18631
40033
61073
50293
63375
4874
59871
27875
6487
53696
2996
9357
2491
37752
43939
14477
27243
42532
62702
29698
22882
46284
63779
18622
32636
43762
46642
60824
47089
30433
3150
27735
53656
13281
50
53530
16036
30658
45432
12071
50837
7372
22758
47252
27310
28245
41719
6158
25938
2486
4133
12497
4207
17643
15779
59570
53607
25166
53406
24228
29735
21
28585
38497
7132
44572
16287
35320
61214
4375
41929
54470
31404
26525
226
21480
60111
52044
45406
38188
27513
28646
46716
27103
35346
14562
14367
42309
22890
14835
34106
17461
33219
65340
56748
28961
12356
1214
5618
37917
44685
22984
2684
29357
4863
27975
5428
64542
58271
30773
1956
42889
59183
23668
20535
10266
61499
6301
233
59938
20109
35542
14078
46843
41675
63823
3577
36009
38269
60322
1842
28991
878
39956
7425
65284
482
8463
34348
23972
21519
5690
52176
59446
57998
39
32724
62212
50605
33093
33385
46185
59224
34098
56716
55733
63727
38181
38316
1006
34568
50794
14823
21143
2096
3838
10062
49446
56947
16955
815
29585
44671
43411
9243
9679
1535
41956
60270
52317
32565
14972
37699
14562
14088
35106
14847
57037
36775
31444
14864
12135
738
11621
30966
17818
50487
180
10553
1171
36136
6820
18288
33486
61971
12254
42881
3724
63834
40798
20177
24297
22258
42782
32924
62997
45389
50072
27187
22103
20622
12456
51042
4588
2903
5228
16579
38410
37755
44883
5059
59343
43243
48901
32476
4382
15911
64662
300
54902
36225
42999
25708
21378
41560
7881
53045
6982
43367
50719
50375
15888
34434
26271
50360
32914
37977
36423
62760
18691
57203
59073
22048
21891
506
48197
60442
35514
46754
29225
16833
31464
60732
32178
1728
45908
11256
22974
59125
19872
65415
54011
64007
12445
56338
63637
12886
43770
53836
29156
58857
2982
18083
13655
1568
15547
8122
62421
2907
37719
44439
6661
4763
56754
583
9687
33207
33052
54176
64704
18427
15427
3308
23105
34162
4400
3872
17003
25185
41845
9509
62930
22214
28749
9351
29282
43845
2945
6453
44135
11550
50360
26999
47815
55456
31003
63010
4617
12327
6070
50993
45793
4840
25911
44036
65468
47169
10483
29183
58578
38696
28587
19333
37147
29951
11340
14101
26332
18413
2946
57395
32027
45397
64747
24354
47626
50151
21883
42467
59153
48826
22291
50589
1808
34791
44825
61933
38825
22996
32403
32914
17407
29925
42965
10472
45353
34322
41303
20106
24799
60290
35072
37937
41482
6170
14765
18513
17092
22256
11533
44347
2010
40955
7630
39001
25901
50493
57985
5232
2924
42519
33574
49391
59202
23742
64942
31821
64747
50515
11245
42544
51570
11544
14126
33429
52420
10733
16757
53424
6550
16600
52695
12558
65235
30890
13605
45978
18684
49010
8879
40833
35045
9141
21479
59024
29513
62351
43782
13775
3794
62584
47271
12583
64943
15892
5911
12819
15827
62359
44284
43655
38103
38831
31793
5028
40670
47022
10135
52999
45030
10028
63548
17025
40953
55754
2512
61420
5314
37167
64936
57619
34965
33669
35293
52085
59242
61559
50153
60063
5587
18987
57154
44943
65486
35153
12033
6139
59610
62041
37914
545
40902
4967
8876
42634
22877
62351
6817
30031
39637
10462
47180
44455
43105
22298
46763
11870
25696
31427
8475
6021
24289
18791
9779
37205
57029
12425
23353
54567
59771
48495
48518
60703
13506
48572
52619
39129
55798
22088
22811
50512
18198
47282
31293
32346
18850
45642
40932
50808
25206
25740
38063
40236
10552
48504
54855
59927
26388
53977
48763
59991
19779
17866
8863
25977
30436
46516
43009
25028
43413
26533
58741
50332
1530
49882
3859
46573
32935
61732
20470
41021
57338
13626
24693
57650
51216
11088
8658
14087
35999
16892
37001
10974
42873
14193
61687
65156
12767
23858
7728
39702
17477
1246
32620
1027
5928
49478
42986
41669
49921
64475
2393
13559
2892
30944
13925
9368
15925
26597
22851
21671
15835
52632
885
45316
15013
10562
64405
56647
45761
61904
28907
47838
51338
4823
7652
33577
62534
43981
21439
5062
11111
8428
38118
10326
35425
7573
6374
45986
63312
49493
56142
64166
2100
50808
61201
44917
20634
62412
36623
65415
51823
10335
59477
10868
61581
4026
55647
56372
10297
9804
8326
28525
52181
47423
1340
33160
26953
12787
22275
5989
23024
18880
17938
15291
42409
61722
1490
54595
50831
8334
62550
21544
5458
11431
35320
19953
49232
41849
10237
20768
40381
10501
27246
43577
36341
54345
56377
50259
2115
18648
39678
31760
49268
24010
9290
29004
30583
15163
40986
36664
2484
56314
37603
12107
49203
12980
26023
43653
33730
22590
24502
53070
37554
37033
23883
34904
14223
28227
17522
34540
45319
43817
65505
61516
46159
1169
16783
64883
32576
60722
26160
15921
6857
20329
22727
18748
24856
47827
22159
28843
52460
32993
52832
37685
59457
29640
38211
8942
4028
46670
40498
53972
8328
26066
9132
42278
34432
16242
49437
10944
10255
2759
22947
11023
45037
41304
36329
58448
18222
35407
15499
48182
61707
61771
34169
39048
22660
36379
49589
1235
63132
14825
25764
17718
24443
22142
4979
41398
53892
12532
46192
27377
30264
22241
9615
14896
43618
64351
63503
33989
19951
27160
48775
25992
16401
27630
39955
20465
55712
30886
17299
9577
45945
11988
28087
9432
49059
4130
58181
36948
8579
39909
6579
61157
29624
35514
13768
60391
26708
27841
57491
43167
53168
26247
22542
15930
64418
36206
46246
11157
38548
5163
46265
3185
8058
57517
32043
21243
3995
10915
53047
26529
20485
7654
38980
17948
19902
29072
58444
38420
61331
14641
33170
46465
7485
62897
25197
63257
52909
61967
22194
5528
46199
62665
50140
58091
41181
44009
42232
21619
49771
64370
27396
26838
62342
7874
57096
29979
8852
19279
53656
8088
6230
3716
63200
45750
7363
59395
35707
12653
27173
11555
26619
22730
63685
35356
52999
35830
12422
24649
54235
14719
43664
12870
34941
5182
51702
6902
64682
21275
38755
20220
50785
51619
28603
34692
3647
38208
49389
30035
16583
32164
44051
56418
36175
38011
62656
41507
8368
16078
55984
57603
25093
34518
38369
26444
16197
52723
15066
26797
41703
20350
19108
26931
32059
45381
21238
23226
52183
20230
51841
50997
6172
50189
28708
1255
53202
31934
9971
42261
13781
46690
11981
23719
55782
40714
39977
50663
28308
29387
12767
10911
36472
24596
59560
28461
55754
21620
25580
2135
8442
9018
40921
34548
18118
25646
20940
30466
51433
51233
52578
46443
48536
27651
17562
64691
35971
25485
9013
6342
7881
10175
21132
62657
64752
12250
62569
3102
40948
48199
29843
32674
51252
31832
25606
47149
27748
38357
12301
53155
3969
34300
13287
28129
60823
47406
44283
22407
3636
6119
60920
214
31821
32735
39862
63690
60998
62421
59328
6778
62369
55381
42159
33785
1618
57383
18360
51415
39404
12835
38783
44929
11696
49280
44399
38146
4882
1615
27163
63317
38153
55976
55945
4769
49129
71
28840
46878
29483
37854
7266
34236
48652
59232
2618
38975
61378
41598
50660
7317
23654
2784
49824
4392
16008
63365
51287
36060
12274
44918
18275
58334
33647
32892
59678
24239
23715
42165
24659
48751
7451
52933
46284
50892
61445
46717
40249
58443
54014
21975
2194
51389
18477
37335
42299
62426
40972
9189
51909
60825
27346
48110
42192
19278
19514
51330
15757
28794
62226
6939
37016
45294
61546
65165
31038
5415
18715
26751
47006
2139
54348
41963
46372
50120
10630
58767
41579
3603
7368
43618
22353
19177
64731
11148
23491
55023
19356
41480
56738
18615
663
32402
52331
4566
34719
23774
39184
37903
38482
23905
8713
55642
21589
13022
6979
39303
38888
28472
17607
20097
61373
43748
34318
16578
58640
50423
33138
41600
35762
62677
47111
26511
59227
22994
11767
8409
63109
63931
54156
4303
8038
7150
22756
6320
53575
2258
23018
41806
32883
10857
38910
7540
55668
33662
48684
35337
17447
10511
40360
11490
56758
33082
14546
11584
37810
60952
37760
1417
58274
60555
21129
16939
46815
32836
62323
4409
50065
13905
46708
16460
1806
41423
40610
63649
56275
39742
2629
20872
14138
59332
48293
9317
52175
8800
38946
30714
56649
25611
16270
28774
42995
60407
50498
26301
25938
18867
22476
50859
52876
12909
20434
59632
22723
17381
6307
31046
33597
42824
17556
58967
53088
60373
44190
2419
56888
47193
41662
37309
4711
51433
44892
11416
59031
48505
58284
32218
18205
56573
5909
56336
59254
4588
57258
24444
17206
13925
3233
6911
40669
34583
18034
16985
14041
58919
42297
4886
62882
17754
57339
1357
43167
34780
26177
31577
15334
6463
31017
8046
20714
8069
779
62079
23058
27170
59521
3272
23831
17718
50885
5481
33070
19042
2708
43846
47330
17937
55830
24798
6994
14741
42496
3614
27194
52261
29240
30414
1852
17577
43113
57576
30127
1873
9615
6428
59442
22552
43578
29867
36538
39856
59206
44987
25879
55587
48040
19066
47331
8064
57095
41125
10766
27471
14041
13487
31956
41387
20692
50744
46306
35120
37346
9503
61361
45659
15933
38476
52404
28925
34934
14159
21781
5805
56049
23168
37273
28786
14846
14477
57821
2813
42940
26311
23714
24619
13217
38219
32493
46828
23568
60615
62557
32357
34117
50882
62557
58538
56053
6523
35763
34616
48433
64113
9925
62153
1834
50811
24482
56769
50522
41507
55374
29838
21173
61568
17344
1653
46385
47271
64775
49276
26945
19576
16151
44575
49665
36640
23352
39821
16084
14771
29649
57261
8332
51837
63421
32638
48733
57128
11608
9590
690
53238
3660
728
64055
43929
36975
39723
63830
45313
42771
53047
49573
8394
54015
26995
23211
40978
18992
15735
6522
29148
25937
27195
10305
39528
44066
63705
59321
53632
65486
23074
1720
28064
48661
60601
57010
33209
15961
29184
12147
62139
254
25632
15386
51027
50365
6469
16259
40424
36215
51030
30811
22006
54947
10456
5
44206
14359
45583
35217
43249
29971
30316
19855
23459
2377
65432
21500
57794
57910
7161
18148
30137
20388
24338
20570
37165
43600
34762
49028
6025
12040
51584
32352
28846
17883
46358
11277
64243
22183
1866
59129
4263
59425
53320
58964
30097
63908
9050
18627
6676
53543
4117
9715
16806
31599
49346
10931
32018
13100
40262
62769
61704
64826
11217
10654
48083
39794
48776
60343
51315
25786
52161
32880
29347
33276
55943
40893
46440
40964
34865
31850
54653
4510
21807
14063
53699
22944
34509
32435
7478
21884
30059
58872
875
44401
9960
50643
7815
20635
41201
61201
25014
64534
59951
42379
47221
4576
13357
29315
17771
7974
38958
21107
43786
61314
62077
57890
50593
12799
18684
10511
35400
19872
63312
56163
22272
50809
15321
8872
59968
10880
23514
9652
36009
8127
26883
34194
28871
43300
36790
33522
18454
1814
19872
9525
48181
42492
7006
26272
42092
33523
41858
22805
62155
6229
24984
6323
48868
32641
58894
15743
907
2667
30151
53741
46685
48357
64388
34128
34409
3110
8930
8453
30139
46474
27341
25286
22619
6060
44796
20871
8825
24607
32299
22650
9591
40091
60232
42580
24172
49354
37693
64633
13402
51219
27360
29752
57124
55420
23092
18237
50751
40707
33391
3900
22100
58333
46300
25235
12623
34668
62237
46668
30397
22043
25998
23445
4276
36461
18253
17201
45967
57460
63200
55444
26766
33990
33756
14820
35552
34646
12119
41019
8178
14332
56269
14374
14935
46552
62033
59101
3361
51566
34569
46069
58909
18639
54537
62367
10733
11706
23540
28880
44612
30936
53137
53285
60140
61622
64818
57659
7273
39353
58176
923
47669
62714
6781
41703
12756
31608
21813
25219
12618
510
58045
49923
39524
25682
56300
15662
4626
38008
24786
34657
60610
21815
60767
27187
59648
11589
54226
41861
43887
52964
31705
50086
44337
43431
3790
5466
16930
21723
37647
35152
16262
24803
65158
7363
14833
63375
24494
56684
41122
44646
35660
61367
28632
33289
45171
57828
11432
39654
38191
56837
28258
4900
13870
23639
13131
28988
41209
38205
65171
13845
47925
47184
20885
63579
25152
2849
29294
1200
39231
55291
32605
61391
52436
17706
37322
40009
60081
38
4580
61396
41835
34627
1073
53182
9049
27995
4805
60832
5455
35192
55228
7964
13894
19297
22788
13641
22564
20867
21810
18759
3690
23457
50013
8895
18746
37359
23364
1974
748
22307
50573
7645
27937
30623
26258
49147
51776
52602
29957
28284
15429
45539
10939
41060
64584
39879
60301
33342
54707
44145
56004
47706
2215
54548
24191
51712
23590
25036
5442
34664
21772
13241
33631
5864
55282
28246
61366
37516
46997
1572
6920
46436
19492
62899
13015
26555
41392
23481
24309
32075
34151
19970
61477
56702
41552
12546
184
42898
19186
54701
44019
23187
64076
64085
2756
40075
34264
47717
16295
8081
28042
53369
34394
50970
1678
34298
14845
52085
48336
25953
50790
7683
2346
65375
8752
24334
58018
27572
44210
49264
17368
14397
62123
34211
5227
62466
27473
52854
48001
45585
32672
31933
51814
19559
41142
28574
63418
48528
51138
26905
5828
16854
50472
22890
30920
9569
64469
21696
18505
34315
26789
63475
39478
58550
57356
42938
22311
58716
28765
61204
14886
41463
30760
32765
33077
46468
47935
12376
52350
57365
19749
44632
36754
58492
27567
15164
41738
47700
26627
7240
14491
563
61416
44072
40984
55595
36342
58359
54654
51282
37761
43424
20360
30448
1800
44649
47544
50563
63366
12508
50382
55622
16227
58934
48540
34407
53348
38303
38770
29598
48342
31032
27650
51299
53272
64003
41983
23256
56778
12544
10306
63829
20024
18461
47342
42888
49630
47485
53097
55122
21258
25719
4354
33316
54851
7249
63537
61797
57352
7879
37710
31158
40782
28680
59367
35726
48581
44608
46985
52
4088
35729
4783
2384
24135
1475
63237
17396
4346
25386
3436
34452
9501
26321
27115
19826
45075
37602
64248
9479
2241
46140
40006
44443
24403
30368
38337
46611
7617
48535
59748
9777
39799
687
1700
62319
33481
29354
12726
20114
47644
17825
15300
20060
48276
54393
20668
28915
27906
62592
58696
1377
4434
51233
51847
56039
62257
33330
16998
42967
42947
63345
58521
6172
25454
46852
52523
30543
23174
58474
11501
47382
61822
20645
30196
45030
2448
64767
53891
23619
65309
18452
9720
47443
37674
41995
54253
53342
42852
2488
6192
5976
21782
13834
6015
10520
10414
11111
7933
64219
30223
34245
62646
46543
57653
28658
9748
49078
65180
58991
54751
49936
29955
64170
47598
25465
58464
63810
45678
15032
44257
58917
26589
62202
49653
54201
63349
64494
9955
18805
3101
43066
55014
42822
53822
55116
16050
39489
45508
11061
40062
22815
47044
61317
10960
59692
43203
45588
5985
7780
5260
60555
52092
3688
30428
18619
31004
60320
49467
47429
53066
58497
13637
4214
8786
47077
61477
40402
19780
4699
17643
35721
15551
5681
6723
239
63260
35960
48443
838
11844
12219
53928
44051
4117
14877
26802
12985
6958
45287
19752
52145
24639
20600
57405
17911
39138
31732
38239
62856
34264
39777
1127
51993
65275
35372
17218
16544
64174
61706
32773
38881
61443
39
10936
48989
30786
32968
48088
61561
32242
42217
19492
52894
28061
5676
18681
58320
20529
16620
51295
60905
3912
50361
57939
14719
27237
64912
56532
37530
43578
46317
10516
34104
44916
11553
40429
8546
44866
5954
63442
52768
9232
1876
51657
17503
53875
21078
25365
11647
18470
51756
20536
41365
55641
59045
42447
9499
17847
38935
61999
18882
10415
38979
48659
36892
17944
31
9111
46114
62855
31409
55837
54424
667
12860
55133
10907
6136
28106
23272
1776
6161
28071
12576
32973
44584
59713
50527
56414
8874
29874
41663
23029
42466
376
33724
22493
18109
4440
33057
13072
3675
23828
4855
62879
56261
20558
24201
8168
31770
25840
41760
43094
22760
18711
40907
45943
26779
10219
40707
47850
38879
63909
24252
64090
53398
53353
7897
32225
18158
24723
33627
55895
12069
21331
60166
2432
44522
50644
58903
40764
53233
19010
49209
28848
15673
7678
2610
62181
64563
58994
29624
30215
28136
2732
49324
50232
46805
2660
44245
40659
54439
2818
8351
64533
53696
44608
35711
35999
30007
5903
64699
10436
63695
9730
40470
53864
57042
32694
50581
26271
247
8302
61522
41262
39685
35945
32794
34171
33852
8864
6209
36119
4384
25810
23126
3913
52542
9221
65336
49155
43971
11405
10146
48141
61124
62133
26076
45176
38871
62561
56548
4128
35068
25505
47814
1894
15914
16308
39981
58135
55174
28570
51506
50939
63786
2891
10409
61597
11289
54753
9672
47822
18403
33457
38147
53371
38159
20104
27800
58526
17140
8212
2259
17798
2644
57374
24942
61254
14755
7393
12744
6020
40140
39391
49943
37018
59499
35315
26735
50135
28163
49288
320
37713
49428
13387
57498
51376
42180
22333
41075
52827
40219
37284
36693
25847
5454
42218
44910
10959
14920
5730
34910
41792
33314
19034
406
6394
13077
10908
10205
50589
32916
42351
3400
28034
12552
9685
22178
46529
56540
40873
28391
26895
9002
27491
2703
4819
59575
49708
47909
41705
56970
22916
19105
11898
24537
20267
46076
63224
17399
44777
35556
20960
38866
10504
55800
61854
2782
65348
39730
58173
35296
57867
29333
30486
40513
12222
4528
44843
35515
15706
9960
20348
29287
9729
37820
33140
45930
12210
4418
18342
21663
12127
40175
30771
63405
46921
19338
41379
6985
46186
35471
17540
35989
35726
49171
45230
39402
54841
11249
44597
12563
50319
56714
29104
38786
10463
49451
15076
44483
19188
63681
37631
12956
44761
30301
57973
51047
35602
628
30338
39038
5301
25532
36352
21170
8396
13051
8635
62218
53991
19234
15476
37782
11627
48306
58299
21649
52111
64930
3851
47174
48050
45118
35279
20411
55089
35868
4515
37990
57046
36720
18153
8782
15176
8994
62438
53393
27886
24391
35015
13338
40624
29599
35310
27692
9596
19010
51246
54855
27160
9258
13490
4060
48721
39533
44127
23075
55234
44940
1227
52472
519
20927
1282
35271
1082
34719
41455
23256
6110
32214
695
38114
23547
41978
57907
16503
55226
31004
26617
7436
11111
16414
18274
57881
38015
53906
58627
55569
28461
40150
24665
1512
22893
30743
8914
12448
53558
51970
321
59181
57468
55493
65040
28849
30989
61106
32774
9005
57031
12882
22438
32151
22148
60631
29192
59611
46325
13743
37986
62688
22626
19635
20424
46420
62428
38048
27769
41587
13234
23876
7838
32737
8542
18375
26779
62178
50592
39629
37205
19412
21619
4598
28614
18929
1219
3790
3618
9557
29488
33272
49458
22196
16250
47050
53999
33665
3470
63992
12454
48739
55766
29151
32506
58070
141
5367
10826
43722
52728
31510
12516
54597
43646
12375
24088
28739
54823
35752
21153
62499
61775
44862
16062
48135
59615
36155
31304
28864
28941
57345
13445
38694
27761
5920
43154
51226
161
10323
36421
36357
60202
2735
62602
9233
21832
45128
5096
23880
3950
56585
39148
901
18886
2020
12896
54067
14034
153
38377
33824
1851
23209
26419
55394
48225
48464
1880
43593
28641
62427
53287
2013
46082
14988
14893
30731
57239
55582
25538
12945
15328
10373
21988
25984
5860
10253
65257
25077
23097
47979
30369
7453
9451
27093
47028
15774
47286
26706
61846
3316
13464
2432
26718
38593
10294
208
3403
26824
14680
27654
32425
2935
60692
28086
18044
46559
12437
20666
46548
14238
43628
24528
57000
27983
60280
54739
22579
57853
37385
39746
37224
60130
40738
48008
37695
39069
39146
31553
721
47668
57149
13189
5914
12980
29855
4468
60723
57719
22534
23961
28941
50819
9974
31748
41930
29775
43667
48871
51537
27008
23424
56406
46205
12459
61932
57290
54527
55140
20826
25865
46827
47458
13094
24882
48711
47364
64377
17254
9473
57861
22115
50509
23677
22644
55976
42630
39882
51675
52429
25932
56835
58099
20145
12219
55402
248
11879
21385
10482
35944
32566
44373
50862
51363
16150
36785
22604
58103
56518
38134
24249
40466
17481
58037
46957
37973
40587
30996
32051
40973
17981
52840
57191
36225
55746
26830
35614
3982
49523
60529
25304
17206
44202
25959
55470
44638
23793
19537
57458
26621
55398
45258
47923
16229
52572
63591
19516
38072
34167
39219
32559
44740
25995
44201
49608
42123
2374
2406
55122
12063
21365
63377
3616
41713
33384
40881
4810
61035
22074
23348
61551
1351
38227
52192
61764
47657
26403
29746
60349
28780
31321
41576
8961
60441
21283
64668
60285
63438
34893
3425
33409
3785
10453
23974
54277
51504
56291
2474
50142
28866
28148
55217
42927
13592
205
11304
30271
963
51802
8066
62064
25897
7477
33293
19655
22623
41980
56738
35392
6288
40309
20893
45097
53941
22237
12402
59267
63563
19274
42314
3229
18194
59657
33158
36851
10267
58303
61839
20491
17870
46905
26075
39960
24557
48006
63877
19695
13715
19891
33931
837
53302
53654
721
63477
40328
60860
33774
57307
48325
31652
53901
205
49320
45881
32393
61851
23014
9258
8630
12565
48794
59674
1581
50007
6504
52681
46182
54715
10294
64368
26164
31186
25384
9462
19297
8879
1448
12772
54391
48177
17825
43591
55432
28004
20893
53033
6284
2961
60056
62842
8128
65174
42561
21154
52125
15441
28071
46358
52776
32501
9981
4035
26050
11130
29985
60445
2767
52785
27382
38071
9155
32063
43015
40060
42088
23907
59307
51228
40736
31551
21362
50709
9770
2284
16378
5814
43980
18725
52608
58574
30815
52092
60276
33911
49146
39139
14142
11548
14968
48129
57399
22161
28163
10252
16220
28742
36751
52914
45540
51221
43907
45147
21911
45677
53168
16145
17028
59917
43160
30651
16288
31941
61768
21835
25551
20475
19176
29088
43917
63527
63269
31792
19607
33945
35876
35180
3960
59103
30305
6391
56020
9551
62812
44428
32582
7548
28821
3683
28486
18786
64091
33795
38675
15651
41484
49849
63043
55631
11145
47853
57606
46174
46949
37159
57658
31902
16873
64770
38975
14810
26352
40350
61080
13585
26881
56901
52564
46714
1005
65378
14504
14732
26779
37667
46660
3416
48793
12376
17788
53014
12595
750
13406
34752
2422
59538
1959
1346
709
58479
52070
29128
38432
57088
18159
4307
32913
7616
9617
34968
57136
49482
28580
64779
52420
10348
26045
45791
46754
58978
2469
52250
41003
29442
1105
14379
31371
3784
42577
25241
18984
28692
21005
38356
46294
51895
17640
29232
9493
57802
38159
60530
3123
2565
19280
24885
59873
26038
49663
42607
34945
16896
52237
34726
13075
62489
62887
745
57116
33790
60234
37957
37202
55482
32446
12882
6557
12485
26233
13921
15022
4888
9645
63445
33262
44873
24514
41399
61466
9824
20489
64910
30008
9509
43933
45025
51279
34542
17217
52138
16263
13327
57215
58511
10675
24500
33758
17234
35983
24613
19001
8087
26069
48488
25623
54748
48254
54693
40351
62582
52089
11465
20935
46198
48459
16911
36155
1157
7950
4791
18373
64466
15417
59353
18019
2887
43389
35477
29039
49190
64244
26517
13044
10649
11070
38763
33630
22790
22089
17250
2049
9211
56437
15073
44810
62393
9199
20260
59054
62405
23600
9923
55807
16141
16250
45572
25940
10752
33034
31171
51846
52878
47041
9250
48917
42069
53505
32997
55094
46890
14734
50288
9463
2101
21857
35230
35816
50495
20460
24733
17638
2679
18558
13259
39112
48640
64886
32906
10506
10200
35341
41811
16134
51405
61456
6876
25137
56673
45902
11585
16442
39679
22615
21756
37267
23232
40054
376
11584
39346
38262
43699
21709
22056
9285
45771
22630
56303
36248
4312
38750
37615
3449
46911
6379
32326
31691
780
6351
50207
51583
47358
553
53896
37422
46783
57947
55540
326
38198
59505
47237
3806
50676
21189
49288
226
29553
59962
21275
45761
27755
59180
27217
36896
62123
2741
59523
64799
64144
4283
4935
48239
57559
46781
29658
31910
32118
12001
43422
22939
54378
31961
23267
50516
27520
15994
27431
41844
9429
21691
22931
13816
37953
47143
43353
45507
10840
20762
17544
59568
5506
45500
27880
26445
630
32186
22420
42945
30077
32312
47898
25689
56217
53391
26662
51945
26035
30282
61792
10182
24104
13475
2946
59919
7597
9718
44301
4545
18839
48677
21863
43209
9459
11304
925
24919
15541
64852
28603
29635
882
42284
62638
51662
11077
40888
31977
44365
60898
15852
57220
44316
62784
8431
54406
19532
51435
27361
63102
15638
5778
50292
60687
1111
56194
4552
31265
27868
5428
18036
53557
20300
4319
57857
16793
44591
61471
43768
55760
45730
19965
28124
7013
53227
51501
22059
57204
7889
53919
22008
62767
34281
42497
11735
62463
37991
11918
25442
32252
50498
45820
26033
51124
30327
32895
31671
32476
6630
19586
28611
15559
35697
20728
46136
44776
54455
44954
26243
46565
45257
20109
16707
24365
52454
37988
28850
9263
1475
45049
2866
10956
34086
270
63724
30120
15871
5351
35578
33019
32928
39141
62100
10474
14648
27710
31433
64285
25591
5872
41547
61753
47804
60373
13569
32667
24720
23893
47926
50963
414
49153
34510
29896
44659
27655
57702
64396
55293
36492
35403
7392
50567
39381
15252
27420
42019
17869
19455
59063
59700
7257
48759
20426
52185
55848
52939
5080
51991
34139
56437
44040
23835
48422
41229
19938
23340
26025
65280
49019
32114
40594
42082
64395
30532
6431
33494
39843
15119
53510
26730
34158
54650
63775
509
57193
63985
35641
40466
38270
32145
39563
26032
54728
21831
28697
44921
39695
25707
35617
548
45885
54722
12886
54418
44853
51552
35272
63390
43406
18065
59859
3815
53095
16016
35180
14735
27815
1142
31848
58299
63946
56917
7832
19195
50111
62642
62442
64801
13592
47481
62791
19588
16955
33313
21503
29101
39224
15511
3324
25009
63047
41770
61597
39286
7347
52197
46494
42401
3907
10223
11591
42155
63223
36079
16176
60199
12967
61444
28608
43229
22497
32334
4122
58215
17949
13045
395
64200
17885
62285
10511
36262
3724
10816
36336
48319
16348
36371
4329
2824
11324
64248
36010
22607
42531
37730
6601
31171
33025
17721
21328
46358
64762
62570
19491
52155
3742
44352
85
20387
58285
25848
6257
59566
45401
23611
50867
64118
1541
54282
3884
782
47504
56563
10852
30924
26394
6214
557
11350
28119
62480
26861
22870
57876
49983
44262
35050
54784
42925
23085
20524
832
59640
36119
34966
60219
18224
38327
11176
18613
3796
33336
24054
51545
28442
17416
58448
35556
28748
39331
34182
2158
35821
54022
54335
8425
11185
61823
24055
11024
14934
39880
57901
28658
60819
30798
25682
20362
56226
34356
43003
19466
56902
7909
31118
19584
53888
55973
49232
36952
22589
56836
55345
6228
58219
53655
7282
24979
34825
41830
997
25151
31435
38911
41829
22274
50295
16158
4541
27221
38529
65111
51603
13313
50718
13497
18530
789
2295
17652
29637
61110
16237
47473
63916
37512
20846
36363
12917
62197
61547
24516
38167
56606
55326
52120
33554
60774
7243
5430
368
58531
7806
39105
26385
5906
25989
27426
25442
20451
30843
40725
6183
26530
53332
3068
54443
25268
56292
56247
19629
35431
56561
43595
4107
48430
709
20399
20301
15607
62095
9274
19590
53605
1274
34566
58142
26422
5624
8065
63232
15596
44698
22218
28900
15444
41925
26533
54810
16680
52984
17021
58251
19281
10179
14099
36469
28947
5494
33872
1271
11847
54621
23363
5495
22729
30171
18583
1420
51088
7579
23939
19781
3669
49318
5533
24450
47040
34296
64725
36940
12128
49481
46672
59473
8930
49897
23965
57061
62199
38347
57592
49311
10771
43015
58497
12159
52607
25809
60817
19748
47540
37512
32676
56391
14364
42825
15696
18691
1030
43776
52243
65131
43170
5548
8098
10363
55547
29353
55379
13455
62961
33171
47214
6338
34293
38794
26063
4407
1394
23444
34335
11316
28208
11488
4144
5257
48349
27586
30637
62400
42362
52863
18208
53841
41807
500
27961
15494
2254
17837
15589
57024
61084
38886
28617
33730
49520
14704
27923
50054
31385
5398
2820
24156
34128
14591
45216
57667
65492
60103
33110
12514
39643
17874
30281
15390
18073
15511
23483
47038
29790
48611
16845
45956
37819
61781
61563
36326
62249
65439
16216
52976
21532
226
23264
38540
1859
56692
19017
15104
36366
41265
25990
6456
49476
42686
19591
983
56812
32689
62137
26545
19973
23339
5505
42510
32286
24512
63300
37494
22560
20753
32052
37161
21349
50775
5353
33717
35904
21668
36003
46374
243
26847
21181
38213
62402
17864
14916
29817
53974
60329
13802
18075
14084
42028
59898
29133
54849
29248
11807
51322
27968
58369
61640
52339
37530
52696
2743
11755
31501
41999
29481
58984
31285
55183
31736
64032
55109
47070
8327
36081
61449
23493
31818
59883
46927
12908
24493
46119
12953
9924
36826
57838
30579
3329
16972
8193
19855
52651
23058
58912
10604
23767
36365
32967
18198
624
41408
17778
53796
15938
12914
9308
20138
61806
38584
60258
55396
26707
29641
53069
1911
43122
64902
25488
7852
31841
14004
23575
43309
44032
56222
18017
34064
2365
51998
5248
19787
35593
63618
39456
53104
39865
4874
55467
34331
29987
57956
7239
53144
11857
50671
40613
858
25362
7674
33237
17748
36540
50304
4443
12525
20297
60684
23644
41876
33852
8976
4925
26489
34993
45530
43144
6415
64738
56805
8196
12564
61091
21039
1036
8349
23530
5689
47750
19865
3644
7612
19493
33081
44155
8567
22808
26901
31998
44287
41810
34723
18497
60302
14319
47731
65511
56930
9871
48361
10451
53388
33833
43683
49774
45577
63358
32287
11805
29864
101
299
62439
57153
41168
45319
49071
29875
12474
27204
61394
51342
57400
51021
17647
41101
45132
56447
57317
64528
4630
9641
10937
44089
57319
21474
10143
51671
9534
63038
36299
36819
27812
28776
31786
59593
7288
30768
21678
25018
36206
18408
43813
23048
20989
5617
18077
65002
27357
38734
25171
43448
16827
999
59504
29226
21779
18497
59323
30418
63569
15161
46158
47970
36313
3285
5444
25220
36014
22413
24191
44422
15225
22166
49311
59939
863
25924
628
20535
53641
17399
39929
49872
47459
34556
32116
31428
63010
56708
9578
58362
25373
10233
50336
38970
19581
30032
50732
13570
16840
18390
22013
8766
600
55939
20436
24203
12548
3720
51188
1856
63472
57125
53503
23365
31864
34925
57048
39156
46769
28761
1068
60001
7457
22348
63643
57043
53857
31162
23485
125
15030
54264
61190
27188
20239
10932
9720
14580
60548
20857
8478
29811
51114
26294
46852
48487
44183
38804
20221
16772
9005
20761
49393
7822
5111
2793
12815
59861
205
56985
39381
22883
32771
27203
10154
9212
27232
47795
18900
54889
46807
26657
26146
31839
1235
27642
12042
55828
62878
27787
29504
50594
16500
23024
42202
49984
53210
21991
21504
60235
49595
50786
7320
22194
34648
53289
18467
58356
46403
10810
16235
62926
16769
27195
56453
44776
59804
53923
21844
37326
19983
55566
39438
50954
56880
63358
30556
51269
52441
52208
50503
57916
30003
47235
56675
34148
14919
64561
3121
14380
39873
62529
14760
19177
31935
5655
35920
32920
34863
15553
9511
38732
28801
6668
16987
61686
31657
9051
48277
7040
63294
49641
51213
2568
48972
47105
9487
34327
16653
52192
31365
19190
54317
43587
20622
58594
16518
58705
5653
38748
24902
36387
1751
4813
48123
47627
31535
37745
53163
15756
14508
15175
27179
43284
51215
27668
4458
8195
43956
25927
37682
2925
11779
38749
61357
9982
7595
56512
18683
15408
43374
36353
59451
39375
15515
18541
47625
18186
36642
1099
45137
42567
61556
29460
35289
10707
29304
17501
28035
57693
646
21147
60248
60600
63021
59969
48795
12440
8126
15214
43280
55119
19834
35609
37362
40443
64531
46704
4973
35341
42428
24771
39150
14567
9175
50510
34867
10060
54582
34151
22
2992
2860
11149
12288
27690
52404
27266
5304
47357
54987
19252
20856
4827
49064
61906
62411
5363
15447
30469
50334
64930
12063
18231
64957
25442
50522
21526
19655
21534
21092
16297
10670
32172
20852
18911
22319
8225
60988
25035
581
17770
35879
25000
57459
2196
65196
13522
43859
20478
4588
29991
18027
4792
59329
63820
29313
34554
35591
21810
23295
3276
19959
43238
23425
64994
52632
43471
24318
45897
39344
39092
16
42109
12773
44172
21951
10561
49668
20971
44941
4280
40580
39146
34049
3693
62726
28986
50269
60883
9796
8873
31938
24869
62044
54920
16363
56879
50406
28423
30962
60718
17480
1966
12952
2079
37015
63452
48543
41348
20964
53513
32551
48644
45453
15314
3617
38286
47718
61442
28147
47921
18084
10992
34606
48794
8400
7860
28642
10231
33655
53120
43156
61019
6087
39019
55321
64660
10503
49017
39231
19442
19925
32026
57475
2615
39717
8064
63363
56622
49567
49215
29533
10123
13486
55826
13129
30034
46643
65297
956
24736
32547
50470
61305
8121
5170
50352
7731
6734
8070
48242
11043
24750
6616
47149
26846
63401
6427
49312
17973
52677
36214
4543
20503
19420
51722
31546
51051
39681
8648
55725
12166
442
38788
34478
7784
4844
6001
19973
17138
15002
3415
39922
60995
5561
28487
54718
63583
24338
44926
57832
27421
14139
19174
62317
9023
57213
50019
23797
10962
47591
27794
39032
61450
2727
47088
8480
44147
52294
41708
25287
37979
40734
63705
49500
426
40523
51142
8083
6933
45293
45442
47843
58697
57758
28550
3644
54282
34290
36861
1375
18606
16724
34474
50135
12451
11572
18261
4437
14270
904
3748
49680
53389
34853
2635
61218
4902
60598
51333
2841
33109
65236
55201
56327
6982
45375
17916
39057
49659
56719
48637
63162
7250
64526
16396
59163
34933
1116
34764
55165
21724
36265
63326
53788
26737
32126
24076
44714
25731
20612
23001
33217
35732
4453
16604
3554
19068
51454
29279
31346
44993
45716
42887
41417
7018
16192
35956
46830
7950
10326
34784
62240
25544
55170
1562
29140
27435
29262
62899
29747
60732
14385
25878
54492
44455
11719
45399
27515
9398
35420
35768
18607
5698
30213
7270
34062
24328
51982
10493
46596
18136
50379
56162
46336
61842
64768
57968
50024
29396
3288
43469
57573
57040
52597
34777
53661
63009
26397
13774
6441
57400
37214
22553
745
56502
15151
51108
59732
33567
51619
51842
17606
14670
43523
57216
55329
16374
37655
10045
36266
37014
5081
12637
59592
49346
59457
13774
11780
40338
46109
48732
61381
25090
45205
37411
35325
65190
19671
7305
27475
61070
12385
36213
15264
12374
54934
57167
56962
43637
21087
53394
47636
20318
15756
32517
43937
44916
20906
47067
33910
9747
43734
38099
30137
13630
17176
5464
49852
47266
24407
53439
13111
30048
17727
26322
9274
44403
3540
6407
9361
24699
24281
5234
25441
6335
55278
23266
14696
35562
21032
60702
63382
17766
2997
41501
130
23489
15146
34386
41262
15533
27661
1394
62372
59922
65196
26871
56181
57433
13319
39379
12458
11072
38447
59594
15426
42888
49349
56049
31430
22483
53675
41919
35283
53625
58237
47578
31948
34287
45134
35524
4956
3919
5170
62679
20416
564
30488
31778
32137
38794
32276
31796
24114
45560
59804
59449
47402
25833
39252
40572
34278
12338
13605
34397
37137
33038
40581
12226
10129
55356
65177
24172
14395
1486
54633
52399
46474
41097
13104
52276
63750
50927
1526
42254
1346
35354
17717
22120
16725
23144
34255
45347
16668
57148
29608
1683
14593
21659
24065
16254
37913
1060
243
694
13999
3333
62605
22573
35968
35537
53173
2603
30489
455
59353
21256
45901
26534
39186
16614
14182
26832
19730
2846
58508
18654
7711
4824
24086
33231
12833
63085
34257
30213
63568
20587
33757
48519
29733
14148
13765
32715
27228
50626
34276
23725
34294
34274
31988
10816
49730
17633
12017
29904
17603
335
43055
19781
63103
58434
2457
37819
1850
22149
20573
53763
45416
6377
28882
36815
4441
39953
59000
10503
1101
53168
55600
42851
32315
59655
13015
21178
52726
19403
26489
32529
20238
27658
35197
33851
3819
50168
62153
53931
55894
32094
41134
38112
30767
6184
48519
10520
18855
43490
16365
45519
653
9584
51903
45149
12343
24904
45671
36298
39457
53382
12001
45039
29113
51587
28669
17925
14120
8277
13657
63038
21297
10992
7072
47473
6263
34709
52923
42217
1853
15862
20409
5931
59712
46773
34924
11762
46098
64977
32650
9634
64482
36693
18540
46862
10856
9066
11301
46398
24370
43245
14286
2614
6158
40521
27935
33492
41910
52805
15077
50470
38546
12805
51871
45683
25642
15334
48306
20279
21784
3913
42422
47674
60165
64197
9806
8763
10780
28626
35498
48091
43100
20205
54945
42713
5165
22326
52397
35502
38835
44352
36118
808
10495
17583
21424
58729
41969
65433
38801
61891
9528
52537
20505
22810
42133
42003
55929
46523
56248
15181
34732
6883
49540
34888
30364
28485
1715
46298
23855
35602
48668
19170
47182
55894
51304
6150
36670
19348
38571
16409
45032
52212
10207
3123
36514
44243
1241
12573
41248
15222
22179
58080
23692
61401
25051
28859
55962
57581
6152
33379
27177
33915
63476
457
62062
19164
10506
17772
6186
64772
18754
4756
15297
21046
19835
8063
17178
3366
53936
54415
49455
26679
56509
45425
16499
30497
15553
31216
30334
12923
50072
9501
51725
47300
19920
62480
30277
58000
50535
4264
58712
20139
4822
2984
61094
52405
57442
46967
18449
27753
39720
25767
4786
3076
41428
62761
56612
26556
6755
36417
38927
59583
54534
51463
52980
6473
25027
53859
40230
47343
10287
5936
10057
46711
36852
59872
32971
2577
31713
2120
54640
57712
6755
29015
63867
42450
51874
42838
7072
46319
49377
21677
51724
29200
51061
7773
28189
31283
56034
29846
7135
57691
36183
41513
64863
14333
55287
13606
55951
20561
38540
21823
62468
21016
45960
44183
26916
56338
36764
58775
11888
50751
37483
2086
4791
60113
27814
42448
12768
14740
25607
65315
22801
15140
24385
58915
34182
14653
3422
27286
24683
11738
44394
7282
16627
38458
25575
61141
62819
48590
55129
10999
31740
28510
50830
4464
30448
27177
43409
62470
56067
57664
19774
54379
26318
3356
13191
37625
50067
51989
13473
60696
36035
21896
53181
64649
26050
55217
54293
6308
39579
51286
12043
10669
44719
26836
8225
40278
27577
31848
11288
61820
32301
60373
64957
3092
8406
55738
11897
47199
2744
19369
611
10080
21649
51498
24164
29576
16196
3972
45822
19680
49362
30485
36182
56853
24874
41954
19263
27973
20411
17837
62559
34738
12311
29690
19284
36336
53824
16596
45475
1222
31556
25505
35106
56405
53404
44533
20117
35374
40766
12932
49430
2072
7149
4422
45392
23928
56492
12231
43593
2733
64078
17138
14070
27031
52011
50689
17144
1719
20000
60864
29931
9777
45497
58890
50707
3731
37332
28847
22179
34642
35157
20199
16381
33875
37133
23640
2134
54900
57260
63322
19670
64536
11819
19982
61609
49063
16332
11897
19210
32525
11687
4093
29103
45442
38034
13044
40933
21350
28565
56771
5179
20332
17716
42202
35348
7366
43041
41411
40882
991
37796
14135
51341
12322
10185
2565
8348
21023
61459
25728
5757
9523
26862
35482
42104
60695
5634
32824
28554
3162
31308
56687
63552
8263
55523
52522
54656
91
50789
2373
58754
415
46591
45594
15036
62730
44689
40526
6806
37589
18300
13276
59570
9731
17305
4752
64743
24678
30704
4927
15435
27952
21365
52583
2288
62161
15921
8161
52067
42570
48334
32275
59581
35995
20758
58423
18514
27255
61922
43823
32492
33289
51337
57569
60850
14007
14675
6620
49613
6869
48650
4648
60397
9977
45910
33846
36806
19930
17087
6930
5843
44021
56276
45504
14879
21108
19064
35613
36923
7035
57845
57034
4800
50807
64022
9357
4523
36404
40740
50182
30435
13168
40728
1028
29257
37546
54600
27603
15166
16809
8465
63883
7101
1192
24363
5699
3884
44211
24194
42827
18414
52743
9902
46897
20254
35578
894
14271
47742
43011
65188
40298
31911
63476
6325
62296
63783
56735
7792
41635
26734
13412
56799
34153
62614
5268
38771
24953
9969
62177
314
11431
22019
7702
27836
61586
1441
59388
7688
41354
43172
17560
27976
35413
17774
61709
59573
51498
21527
49212
5371
41859
2354
18596
43493
3991
37278
52856
53831
46109
8132
23849
2970
39106
3599
38238
2937
47713
5444
770
27900
41299
20018
28727
46526
3778
12710
35585
2884
26864
37189
43612
19815
40085
49565
26810
12647
61707
7391
62262
52401
23344
36696
24062
13072
31678
28686
19599
58000
13055
59082
25033
53360
61481
24832
116
60674
32968
15460
5117
31367
60428
34672
24423
61090
49364
22465
44539
5500
48990
13186
27559
44472
55688
10090
53506
46019
62242
4935
2301
14954
16588
36854
39729
40113
48733
53688
58282
5364
14124
57662
23642
33236
22757
48405
44034
15372
40547
42779
39804
28251
7449
45388
1552
3001
46650
47869
26972
17489
41593
60752
4616
19628
13082
31240
3288
34359
11290
38270
58244
11952
43206
31257
4794
61369
40283
53467
6663
27870
53229
41091
51629
46404
48210
44616
18396
20927
62316
21196
50013
21821
18484
15926
35359
46783
13780
41110
13138
36941
29975
7931
31702
56541
53675
33731
18512
46305
56704
6383
17263
15080
26821
40110
62137
20849
28975
59739
57128
61074
315
10323
14329
9159
7913
9087
2850
32656
32730
4255
36595
64436
13752
63008
64547
13743
57562
22746
46663
12341
29234
4012
63797
18913
21688
4730
8325
13581
17698
11751
11352
19161
43206
46980
63912
42349
55384
45453
3834
3929
39668
16445
12722
7864
31155
12947
3400
8309
20789
60209
64313
27779
59365
37909
50606
17860
3877
50512
10603
13731
56913
20941
12162
17848
57783
61907
24799
8573
65065
31227
62181
29578
45211
50848
62487
29483
23642
46541
27606
65524
29987
48976
54230
20731
897
62386
28806
18461
53600
13468
26405
51106
53837
17991
7835
13287
57654
13281
34869
13167
22213
2711
5367
63073
8839
32133
3355
42082
50665
58628
65377
25423
37821
26519
24537
11351
59484
26185
3358
58152
55301
59939
7421
23018
61245
13770
63489
44163
23410
44555
1831
43695
62869
9539
54249
33559
61936
58788
8624
38743
25141
44419
23240
53754
53148
24753
35754
57676
22067
36235
33549
3663
65223
38796
62881
5795
48482
12714
4137
7591
49503
9385
50829
47478
17186
11986
29122
14328
30224
32548
57063
21084
53219
62853
36835
21759
60089
64396
25808
42889
29712
50930
14904
48830
59325
26703
34675
29417
53388
64239
48642
33411
36348
42890
16772
7966
56521
30870
24088
59690
11099
13657
30609
26205
32133
20002
36993
14929
64159
36870
61506
36523
38695
41419
17609
64356
62969
62123
41364
59137
12666
41045
42090
32258
52912
46441
50951
32944
9127
54933
22521
57017
16151
54539
63461
56559
29622
20433
62651
28663
38238
54581
54377
56571
57485
55317
30168
57722
2046
991
24105
36863
28092
18788
48814
53461
16648
63415
38450
20018
567
32872
53251
24862
3026
30641
19573
42458
39302
51875
35278
15810
8208
20877
25566
55135
37605
37411
18615
39204
47869
42544
48114
2145
7860
56989
35254
7618
1676
37317
42927
37270
11724
51165
8263
44122
64717
26011
31478
63742
49806
58684
27862
31941
8133
35760
22970
3816
3845
27711
8996
47820
36360
60966
28239
41551
27250
31242
8888
49504
30275
10926
7855
30315
50416
7597
9393
19633
49586
62211
30727
51965
26139
9952
20329
63910
65492
23938
20279
62701
5913
56414
60227
12467
40876
45938
61125
43642
60865
4673
7513
27975
2893
17522
22156
52788
24392
11219
63865
23465
14825
41055
1184
13525
199
53988
58685
38590
23266
39722
15245
40566
33190
22731
848
53184
28257
41928
41310
30949
39415
61566
5565
9563
1124
22060
35788
21141
28685
58731
47645
35655
12098
38983
63897
15793
5443
29572
57026
9495
10795
14017
37991
43572
2957
4570
3717
35557
33632
31287
16586
39396
12319
50069
34725
8413
5798
60222
14825
10684
64740
56025
45708
9098
43803
24960
13211
26490
33561
30387
16609
46679
37094
26105
41497
48465
13406
56803
10930
59422
61082
10729
46890
839
52678
56936
52682
50938
12072
8031
16067
57249
963
4860
27355
50605
6169
62491
42764
11032
20516
32862
50699
52296
32119
43376
21555
41365
10320
11257
59850
18689
26804
36893
14718
36472
14357
31634
45956
39192
59483
32932
52001
20983
9759
19938
34987
6731
24945
18907
22622
28914
496
38009
58992
19363
8290
26443
26198
26906
30721
13402
7199
3613
29064
57545
24547
29401
61592
14027
54704
16530
61750
16185
38737
56776
44533
15648
14282
54709
59560
41131
8434
11109
38684
60938
29682
18687
58466
58369
19671
32350
33011
29875
19025
15130
1934
7867
46634
37712
59265
29618
38320
23027
48399
37457
57471
14976
18755
29672
54994
44970
17840
51367
51310
27851
27189
30143
5901
39507
11686
60323
4523
38344
19602
6902
43463
1008
7742
23949
12393
53588
25653
14764
50715
52693
12433
28643
34829
40171
41959
10595
37961
28913
56210
20487
63540
56552
34794
39671
32019
23208
13784
19973
49795
4549
43897
30443
42652
60310
46588
35291
3546
52816
12436
1121
64219
49252
15492
48570
34514
53914
7768
47059
34995
45848
2703
55707
60778
50949
48461
37100
63553
33903
12777
42400
28872
61343
7421
51061
37315
29645
40763
51773
40621
8249
7564
51000
45381
64779
24582
35235
44962
45864
35027
30940
56195
2148
52176
47363
50557
59088
15278
35534
40566
56072
30483
2605
46583
64219
56478
35206
39939
25516
31153
11820
33186
62683
58146
13851
64354
31309
58768
64186
48894
37570
28335
24649
39553
19261
29736
45341
64597
25023
63580
38965
24460
6726
32327
5259
32658
46285
18125
47579
15811
20371
494
30022
17594
36615
21276
61946
6551
21277
22030
572
4892
43497
65019
50820
23760
24222
10489
42278
7775
63319
61524
32002
51411
56632
29766
24961
59690
24733
62261
18680
3068
19241
30121
9255
15418
54228
24196
30480
58161
15502
8832
44772
22354
50596
35390
23387
37530
28029
31647
20162
30475
38657
41498
58195
3608
16779
4065
22329
31277
11455
21280
44243
29858
7160
17240
19616
64772
49147
36032
31223
7034
53665
5377
23429
993
21224
19074
52562
13199
57973
37855
49417
60850
563
8916
212
19957
44236
58402
18600
43658
46145
46572
18869
32595
14581
32164
43423
37409
29753
28730
15769
33387
50006
7563
42492
21075
16997
9709
25958
27086
29254
58732
60686
65470
17546
39565
47818
3190
11796
2476
60673
21148
20859
40329
7342
50368
59265
48131
44630
30207
49072
47290
41425
35638
41619
29170
38165
5405
15068
56983
37386
33579
11987
56437
47662
23746
60806
14582
11036
9395
55914
23351
21586
31849
16675
5547
19104
56957
31312
58719
27790
39778
36360
50727
1785
11091
12125
21667
46913
10377
38793
54520
21521
54926
47639
47795
41214
47429
16829
10624
36671
62794
53171
46356
22635
36735
2883
31680
61317
61472
47078
55092
53202
55605
49102
27844
10647
24275
7645
31114
48621
24736
52766
32290
5114
7405
22842
24929
41400
2309
29473
56816
53923
63855
35517
23863
4479
35830
44575
1108
31579
5079
58531
16115
9612
26332
60681
35980
31162
57484
27891
16866
19691
54367
9966
59313
16405
22600
5644
28246
49140
64652
20088
36468
60100
19658
58440
11930
63614
53673
12662
3659
26355
286
42264
31101
62136
32455
48754
47655
17139
12282
4102
43056
20113
58277
24382
27974
23490
19434
3411
22806
31095
6074
24543
49539
42770
1842
13142
1287
32958
2987
14586
11131
10187
2611
64109
34452
59414
46985
32668
7543
60107
53627
9459
1631
58939
36332
51276
17423
20269
33984
41203
2977
7329
42515
24889
1705
8093
60082
44435
55041
63111
40199
28969
15785
22921
2700
3674
15045
8506
53176
5433
13047
7714
26074
45358
24819
50442
56330
41695
61380
62450
33181
30394
15134
30605
52459
43810
51795
4866
27030
11335
33467
16378
15853
35445
12323
57509
34705
13909
27386
35040
41637
19311
33333
3128
21274
9690
27108
44833
46766
65461
9496
46548
58980
21302
36814
1879
48572
16647
16268
13660
59170
62016
1496
26800
52366
54121
52445
19907
57284
61971
15254
42309
54538
32019
8517
26726
49671
29002
12003
55699
38830
60540
19280
2081
13862
64909
33287
45223
11406
44880
37150
17730
26944
21234
44082
50668
62442
1558
50040
42431
10675
39629
28768
10450
49284
15133
19723
1341
50323
40872
54876
2949
28718
48760
21114
42441
3012
51520
43118
48676
45295
17549
42963
44188
41391
4606
27730
4088
36000
20465
10760
6413
22290
42754
724
42075
27871
63202
39249
35199
34229
30969
18955
7139
52128
64352
12552
21653
35282
9104
6529
50655
64555
1655
21512
24616
46723
39647
39302
57927
20276
12670
29673
42105
64710
41026
39885
7257
45392
31031
29287
3401
24000
18343
59743
21810
52235
39071
64888
15631
32803
8266
40264
60524
25427
62485
32045
60551
14141
55015
22101
60108
8401
57944
47526
2086
60916
34043
47309
15299
39995
53017
63696
29794
21788
37800
12158
1866
49020
12391
2067
15397
7620
13443
9307
29705
54521
22479
11522
15840
44186
50078
7142
35567
15766
60589
64134
12946
61850
18423
44574
31103
30723
33796
3621
4738
35322
30023
60764
10595
35288
46650
55768
11955
45385
17236
50538
29695
27713
26025
13196
25213
44127
3557
44777
10987
60663
4608
29066
55193
16474
35330
14490
38229
31519
27823
6961
50903
54423
33362
43577
46366
29133
11091
58357
4799
17715
10759
20666
32584
6689
46345
16250
62188
29424
13396
60739
61129
48625
46514
2003
50337
254
43263
51527
53004
4624
62054
4129
56515
60579
39424
3566
11552
58828
26842
19088
39833
4297
45799
34426
32609
59730
8247
17136
31343
34588
52854
2942
60366
54718
19514
37141
37574
31774
16870
60521
15006
50106
59905
25052
3566
58779
8925
42347
15579
5914
57154
47852
39247
22889
36609
39012
15277
1912
48384
41864
63507
10506
43553
11178
6861
31063
41761
8117
38541
43736
25348
41886
48920
54745
51196
7642
38396
44436
32008
43416
50367
56343
9418
24501
63549
48382
9157
8175
35315
14984
51128
1668
62142
51421
27634
1923
26182
19003
27318
55299
29240
16550
11870
51107
35588
63747
59948
33252
25603
30332
24238
39909
37956
26142
8192
42739
56288
32066
38749
32087
2180
54034
31183
48347
61484
28252
36106
37823
50466
24870
9876
6460
32954
11015
14398
19674
61568
17458
58912
31306
53634
52047
19170
21061
63742
57090
35243
44534
42873
59019
57712
22901
40455
3632
3570
7770
34377
42273
30337
13707
54249
40839
1987
60588
9080
8479
743
4354
50228
40174
52094
7203
24248
20954
15643
55695
23756
51255
38877
36823
54484
41762
49573
42325
14907
11683
14361
2825
57630
23032
48880
41558
21202
44372
10157
7614
46603
62786
37258
1996
13313
16208
37878
19874
34793
16724
42281
61161
13021
37645
46354
56404
8309
45534
54814
65334
62037
11944
1581
33059
32266
61083
13833
42810
34035
25351
64204
3594
55805
26911
8147
24673
21563
10450
19842
64063
57585
39689
14447
63631
43774
16413
47833
30293
15409
42125
60166
29734
12109
62711
40018
47186
10651
8102
43803
62213
29279
13400
25654
61923
59126
42737
59107
5540
19543
636
5192
22430
21813
19637
14826
29485
33701
22025
22104
45933
21373
28810
4174
6293
9064
34597
51734
10150
48151
1289
13865
10896
43795
30830
49712
47824
23403
49720
49906
6083
59133
64758
27078
662
11084
14026
55227
20413
7640
32671
1583
37389
21205
56862
18066
56256
6763
61304
24239
60886
1353
31406
55133
60492
38241
38666
29281
27986
15016
21482
63378
22811
31135
56611
4551
16527
16362
39109
30028
22294
48301
50293
63199
60212
55360
53876
53674
35360
39604
2584
25458
7082
36750
60085
43541
11796
45380
14573
30563
10530
12632
1292
20285
52638
56351
29401
22474
4802
8542
33362
61185
42087
45268
12745
46242
41208
15292
16928
62966
8794
31967
21450
29568
16392
39556
59327
22079
52802
33830
27339
4273
5923
25729
52000
55012
63248
61302
3892
44728
55206
52834
32515
42551
13044
29360
30337
32315
15908
51385
46046
61739
49142
46951
20950
40783
26117
50068
35912
26078
20867
23981
36709
15487
1602
27222
33539
40678
2425
25917
15660
34463
1014
38184
8409
759
26359
42510
21555
3332
45004
64810
56924
7769
34312
7124
9968
42239
56677
62386
27357
6799
45580
52974
19486
31454
9713
20117
36536
52017
49363
4489
57603
14292
33843
4486
48998
51533
30679
52905
28665
21459
58291
36352
12051
42665
21571
14457
43033
39934
18421
51469
54914
30193
4089
20627
7575
37922
7803
4955
14504
5830
42205
30337
49747
20352
34791
57884
8663
23947
62132
42326
10842
6368
12941
28058
17218
59427
17965
36254
42756
6699
52468
7991
25375
60319
5582
12778
24562
43153
56617
5636
53952
56239
8110
40367
43116
4519
25764
50100
10638
34395
60703
34422
46824
8664
62026
43746
28135
54559
24236
21883
49895
65090
31692
63755
15747
53339
21474
44727
51116
22851
62066
44125
4488
9899
7494
21016
61737
57132
7338
30932
1045
9224
30528
9281
32320
50285
46253
17880
28900
59546
56296
6986
10300
40460
19065
1116
21492
53980
35348
35348
26401
15542
56734
33529
26413
22133
31411
17921
64672
34475
13170
4841
6395
36446
21507
20444
31760
33690
64108
33692
29359
11315
25600
603
50687
43131
49106
8107
14873
6711
23192
633
51899
20470
60606
61279
19125
41447
6200
23306
21020
25321
9750
8423
52454
37987
26185
10731
31506
25853
9053
3170
10297
41774
58378
4525
3637
50934
53900
24836
47204
57583
42391
38499
14183
64668
43195
42235
65266
5592
5979
62930
7720
45760
49283
56059
53298
51630
18483
35218
13102
30633
33580
40156
53787
24402
5021
24525
26602
39716
36658
23632
49908
4495
56150
39120
51115
23236
31053
49124
11064
2119
27956
39443
30283
22848
29133
61382
17425
24453
25250
27584
49052
12393
65405
5364
61706
56423
54817
3779
12508
8318
14123
49222
8915
3128
41757
56591
6510
39840
42684
44068
31420
58379
33818
44165
50554
10196
50543
50634
2423
30353
7989
18082
60797
49539
552
42287
57286
35533
13811
39595
14925
60285
41766
45808
12648
56959
56966
18197
63341
18433
27401
57677
27410
61592
38525
38618
61131
18069
2993
30778
47723
22380
42237
24625
42134
48310
41339
44564
11404
55702
26429
33944
5580
11093
19067
36572
63338
62587
42739
63786
33387
16113
18997
26636
51410
8127
21871
45904
38184
48157
33410
8457
31164
26013
28523
5622
64336
33590
3341
40925
57694
35538
40108
61230
56282
37379
40445
25806
8389
55229
2791
9260
29776
42480
14143
46678
35741
14300
58585
52860
51169
2874
51837
21830
61279
23645
11792
37118
5141
22985
28787
23407
18495
15035
8009
47558
5752
27744
40112
32304
32185
58439
52795
31957
26059
10668
50422
4992
23158
1780
61033
57739
44925
15063
46406
48848
30286
47211
36429
54918
40618
21755
52963
27986
3869
24474
30320
14926
21680
43047
24595
17562
19606
43499
33611
28587
41949
35328
51990
62422
54597
8457
30715
8062
33988
28348
34118
50577
34973
25859
39520
29311
10642
27326
7065
59744
58445
56432
6556
33602
31617
27166
64071
13327
48209
62910
19398
42757
23040
43802
31741
40100
24487
32367
62080
44915
29032
9958
60944
34269
7651
45847
65445
761
32282
24585
54198
27128
56689
62309
42686
58035
10638
27885
39496
41532
2614
24319
30248
64519
62385
58362
27657
32554
52975
61042
54672
45159
1314
45645
17728
12187
63421
34783
35230
23462
13934
60807
34748
3876
36946
16932
56701
51698
8900
27015
61355
16109
15134
37446
33465
51696
23934
1689
19542
1787
14758
10522
979
43525
23608
13547
28656
4201
42332
45345
9196
59710
33711
39097
48745
1918
43125
9909
17420
12271
47776
34963
47688
20125
2406
45238
9371
9251
12682
31765
54061
9880
4637
26088
59345
23423
34363
34280
58677
16132
37017
6944
7813
13433
17839
31782
2343
3183
9824
37592
54281
10206
37439
40868
19959
40145
6888
60432
24167
31996
955
27640
9109
31895
34989
2320
11468
61472
12605
56016
33662
8775
6619
6827
31157
17938
28980
16692
45049
12595
28520
38750
7860
37176
63779
25040
65522
26563
25564
16100
21845
48817
581
21682
33064
62479
54638
7617
53536
61942
32993
38313
46761
31089
36638
46013
52885
59287
51173
19494
25571
35438
39080
27389
27517
18556
31426
59932
28532
24898
50508
3019
1784
4937
7481
47448
50948
31561
35675
42756
21172
11097
31479
25065
28087
54843
17195
33504
10242
50726
33026
1266
62400
50729
20787
35061
19172
46246
27328
20389
55486
24780
41488
19000
59371
64427
32664
18002
25792
39773
51822
33314
29045
29079
21136
58388
24465
26484
48077
34823
46022
55516
38608
1403
26017
21309
39975
28531
29143
36991
10675
40944
15097
62495
4606
17377
27172
5750
26594
7324
22503
37458
26960
7764
2102
25949
6664
60263
4489
63811
35636
57132
27019
54658
60365
41288
27518
51182
23510
35942
10317
40370
13866
63794
61155
46329
24940
54193
39448
1692
19381
43887
51896
40330
15795
41689
9415
43654
10902
33896
31933
54271
18248
60437
24924
13762
61997
26842
55220
7055
7106
38699
38966
49022
38953
51408
33621
39835
34763
40596
52325
4013
8812
52930
9699
60612
4344
19134
32581
12278
62820
26792
895
39977
3624
49784
33373
47007
21872
9491
25200
20624
14600
44310
13358
9139
64427
12496
41760
46783
61644
33343
48511
1374
15321
27641
26532
60219
14656
24877
7221
3519
47705
36839
43629
29569
12041
22196
740
41876
14141
44831
33224
24567
17306
3792
55225
12105
8424
13241
1363
42024
59535
45621
11417
58378
38305
37087
59644
7363
57977
38029
43215
32124
14488
61851
62328
33082
25634
52390
53085
17104
42876
23460
38914
11104
19532
26471
3976
24437
131
49811
43431
55291
57575
40515
4682
22398
40403
45516
13356
39996
31003
32356
54134
58070
29115
56102
64393
35603
64228
19935
26164
57862
16921
10507
16092
17460
46740
40653
64212
1572
34838
48704
38057
30016
57476
34825
23879
2012
58015
37323
13538
6126
41685
18250
26121
19548
45510
43527
15016
20364
7027
53616
21830
45696
381
53241
52828
31161
64305
47349
36444
63019
13036
3122
42437
58846
60588
294
33377
16207
46877
14328
3017
47941
14350
61340
41402
16962
45429
28848
1352
44139
40336
59829
37641
23344
48061
42865
9314
36076
49206
26732
29295
292
5053
65191
16972
59768
17245
37104
42137
34398
57568
38261
19635
61804
49874
30114
45633
14035
32296
63760
272
21438
31271
27700
33676
21775
14836
3220
137
28029
49260
25078
47844
63317
36266
49164
16417
646
43407
54454
33708
63663
62494
63208
55830
50542
32272
28216
51708
47997
57678
13610
56546
40276
52461
37904
29893
64457
53647
60807
59164
63974
45272
13926
36796
6626
50549
31139
43405
12362
61175
64355
60107
11196
9301
9291
15721
9614
8470
7061
41566
18662
34188
7249
45600
22134
55187
446
50533
57172
11668
8040
43427
33086
26231
33860
2154
44259
47836
40697
17920
35022
26375
396
58902
29547
54967
47829
28669
50172
36959
35205
2484
5214
15188
39676
60728
19598
41689
15266
55059
43642
30977
478
61085
51565
53453
49357
53426
10201
57318
9808
27164
9114
50969
7382
33747
9166
5013
25333
37157
37916
62309
39015
20610
11818
58077
57549
64901
11594
37047
39599
35148
23578
34983
11726
34421
49528
22906
55878
10948
20275
49217
21448
5480
7691
44768
17078
29646
59312
44100
12811
50223
55121
3725
45358
63872
37215
38059
42792
49385
7950
5585
55482
52821
12842
7399
13219
7052
38329
51798
35411
1911
30202
19963
57512
36694
39765
27853
46809
43407
59924
17056
29968
53022
43592
10776
5907
17116
27723
24696
50451
3542
3051
38253
11934
9528
52797
59586
52185
16470
38275
41927
21506
32080
20965
47459
854
37238
13413
57572
21992
25541
7895
47449
33034
51189
20541
56721
36632
54942
8646
51254
45562
45098
15142
8816
15960
52219
6173
9814
25515
63314
48769
26741
50007
19356
59854
28538
11299
62607
31662
11840
60135
46441
7042
58698
4983
64942
54757
13404
32587
55717
62529
65519
40108
37634
23533
46636
4193
65513
59936
43935
2191
34323
19087
63464
33458
28177
37224
42963
28262
34036
27082
34747
965
37583
38795
60760
55240
22217
54605
22577
41419
57962
20167
52846
22139
43009
42901
24155
3995
5780
41270
59848
6124
21268
65020
17215
64629
23978
33870
7329
16926
2180
42514
5963
61059
37553
13218
64287
55456
51374
7681
56288
56834
38548
23890
4620
22766
37782
24408
9666
20942
44832
3335
44585
4955
16847
57591
23396
55305
19778
41081
25733
48796
52371
44770
59647
63525
23243
52739
3270
63982
15702
25637
56479
39254
8979
27263
24844
61301
27027
60158
28175
47711
39638
22180
36861
31421
53582
28943
34848
27329
21391
5548
59349
62233
46554
19169
3945
56654
41294
45751
10259
58859
58359
21692
519
22390
51223
23986
51765
42536
54122
15130
13885
54086
18124
41300
984
64786
61967
35611
52186
21414
64971
22024
26220
34645
34043
58367
17520
1992
45311
9203
22980
35463
10700
16638
49850
28620
26010
2196
7064
28509
15038
61613
10528
26873
45421
54582
42650
21349
48803
27167
16090
57606
15690
4774
51594
23278
4139
40384
31836
28624
40027
13436
21374
35134
3445
38912
54499
59917
11357
18923
52993
21832
17543
30810
43380
35753
19592
24708
10230
29332
2952
26736
19025
44144
3540
10432
2948
41661
28298
49269
28094
57967
12832
32237
6323
34310
48947
57018
48785
14316
64568
16829
55174
65009
41719
33249
10105
7558
36221
33379
47223
1683
50694
33916
46725
22063
29802
56776
17628
50464
15511
53177
32887
36561
32592
11921
46169
37247
44818
38147
43848
54923
37123
45549
59137
65343
14392
54210
15170
36991
48218
59186
25836
46430
38175
49860
53184
65322
20759
58595
52018
39197
18578
63131
34801
30703
38508
57962
22718
22084
5109
50841
555
32778
40240
39145
14746
9790
49919
18376
17386
26030
39749
59866
18376
6752
26559
19531
6009
16947
30002
35161
11788
58500
55760
34174
53525
25295
8556
22046
30947
3525
43351
16496
35278
5163
54337
53911
8874
48060
27100
27754
42664
31061
54977
27290
38078
22453
44661
2137
7217
35913
39498
8552
44109
1110
49458
4546
62358
35754
13602
49943
39583
64434
28956
18651
28495
30340
31239
50601
41579
51369
13467
7329
47973
48441
31234
54922
14488
6661
47762
9692
55994
58420
35527
50574
3727
37132
24264
43034
26668
7309
18248
17870
48422
16616
21026
61997
5525
50119
28528
42122
46854
49209
36834
13063
12803
13421
56894
28739
5756
47045
60968
37768
35181
61706
50213
63087
58529
34337
26900
48702
1398
35094
11774
15188
15035
43397
35491
61975
28692
6328
57458
24951
12715
12354
17452
44893
5072
37536
53239
30634
8503
38933
53070
52410
45291
32040
39150
27656
57672
13358
61270
16073
56296
33949
4845
13752
24610
52589
19752
30013
63439
26200
24664
5276
45885
31243
6565
58513
39937
18005
48024
45249
34581
43599
64303
24025
24380
30885
11971
57471
36933
33467
61972
6585
5722
27090
1391
50021
22509
49676
58061
60389
54777
53332
36787
48591
59979
49850
35561
1412
16716
60363
18909
26753
14196
15344
39906
11236
62655
58979
8094
53041
16824
29262
5581
14632
3416
51513
49628
33679
42141
24354
10031
22360
25280
13210
28770
14199
39693
22634
22078
11354
40842
62561
47338
33050
44802
51635
45368
32956
12120
26648
45001
24642
1645
42949
39273
24836
28584
65507
48003
6307
50265
49424
28742
28922
17621
14886
22519
46077
21367
47926
18541
47087
37748
59400
13166
39348
5083
44244
61374
26892
10721
10725
26661
11385
3733
3777
58771
14069
12622
40153
48610
56458
23683
23957
63415
792
13873
31258
54787
46792
5027
47730
4795
2876
7873
765
15626
44587
13268
35837
45408
36377
3934
20568
57794
61744
57212
57330
30702
5723
44675
27309
28115
49070
38525
4095
13765
41723
9813
46678
59722
22393
21259
49183
58062
1769
56885
39277
65442
13352
27369
62581
35746
58318
38335
45111
60708
10511
4662
57252
26848
55097
11027
8413
44126
45540
26504
28468
35097
59756
28879
27223
23819
28587
45385
57909
46422
45147
14369
64310
40253
49408
50700
56089
44156
52465
524
64447
25703
33823
62203
16749
30415
60601
9797
6539
4662
4857
24918
2584
59627
1884
42751
56311
56945
56378
29011
34318
33860
27795
51936
899
48700
7243
62569
28697
25659
57799
21497
40763
46952
35260
20365
3186
35151
57885
18444
52350
40223
9677
31804
27930
65061
15466
5555
31366
35440
16792
34843
38126
18263
43746
58334
28151
21668
42422
6742
12138
2177
28232
60585
4643
54610
51903
20747
10279
53202
43797
27358
38101
20305
40192
64165
36474
33792
35470
34850
46257
25390
18562
36421
31327
23794
54712
49885
13554
1904
41035
37847
17100
46132
47807
32446
44058
54209
36078
51826
20368
38375
2993
13848
65077
24524
13716
50983
1821
56929
6944
50291
46787
460
43677
12665
58043
14332
41065
657
44222
39840
10293
18516
29562
27019
12399
41169
1928
18082
464
13510
8178
20374
49469
64641
41586
6307
28621
37995
7882
37936
18615
16619
13033
6551
29906
39551
49491
24628
7550
22308
28292
43149
6517
23388
65018
23559
4518
54711
57025
61888
48447
45010
15235
36056
48056
50603
56751
51049
63429
20802
5990
4934
23521
23503
61164
8557
51218
56973
14476
8214
21459
10360
16541
19711
8279
35185
56963
10950
42216
60678
51227
29802
33972
60869
47227
53087
3023
53440
17253
57503
28284
26175
44399
52911
33088
39455
55949
9036
15194
5107
24225
5803
15473
4782
25384
65433
43032
37255
3242
24613
40933
49175
11573
50636
21925
9075
53536
20322
32966
12208
51020
12409
4505
64774
29414
4559
51287
12882
58601
34342
37413
64463
53391
2060
45248
32255
20945
11309
31039
17686
54957
53160
47740
60563
40883
13462
7285
46314
8038
50773
65466
21570
49332
57102
23999
8068
18119
23490
32352
49281
9976
40232
51981
40834
2983
4077
49338
61335
56410
36011
56017
7278
4417
21246
40157
28022
14718
63574
14179
18559
9352
27230
56278
63147
60474
52634
44891
47741
40415
21281
20750
3736
30827
9394
17573
52795
12685
46334
32500
6670
8046
54443
21160
30199
54116
17961
1895
32957
22886
40495
21280
34832
62573
1886
17178
12398
20901
56821
61345
35241
60802
55722
1770
9038
12490
5014
53959
64142
5380
12141
4322
23531
64445
37272
1360
18551
36289
39901
17523
43917
62996
22169
28960
15174
13871
3613
11269
61635
31444
35400
65386
52720
8676
57975
30759
11678
7072
54781
47632
56823
56802
63611
54057
12558
20754
9328
5891
45835
46560
5371
10350
53617
27686
6580
18825
60897
51716
19954
8048
46021
11982
33566
35314
39605
43285
34049
4409
22564
5479
11725
40833
14897
31190
60773
2554
46433
7949
27650
27562
50942
5605
12446
15728
59563
39003
13616
6990
27770
9062
32160
62821
25599
55947
14468
14
21465
21177
40519
24360
64286
63952
27515
61190
61872
36639
49491
44582
10515
365
13912
33349
33598
23309
54083
63425
50161
60673
2186
60264
14839
1115
7828
54312
34263
3640
27147
21654
30062
27638
34555
49477
19457
7990
34198
57699
4398
54294
18335
21574
3645
18883
50400
58531
62831
26445
3286
4711
28882
62766
32904
17962
38007
30454
24934
16332
45811
18857
2844
38960
28866
16434
59034
27439
56507
46171
23473
33531
32487
40301
13230
48493
9681
34330
46566
10881
1269
60330
8521
28163
59102
17775
55764
52176
9445
44944
50808
53760
61917
3575
22563
53210
42193
3440
14829
60922
4604
7759
58577
58884
56719
2290
5071
12209
36829
34086
62718
46459
15926
30642
56248
8091
32271
13466
32200
10919
65521
33843
63006
2358
36120
10813
31806
22008
21929
35222
10818
37267
11662
26509
14775
64032
33926
32423
5548
38050
3378
14149
26285
48610
53568
57630
48105
14068
64372
42806
4840
33650
46859
27463
12695
25334
43396
2230
59710
63176
26209
32969
39676
38582
52295
28574
61350
37095
59748
54498
54074
32026
2309
2054
23840
7808
32306
48974
47432
392
13703
11006
27381
44356
17329
42314
25859
50715
43713
11099
23078
29865
33560
65533
33844
25091
17824
51636
47787
13523
56977
19727
30241
17230
21582
48978
37911
35679
40448
63241
5727
29754
5685
2693
18936
9736
55354
314
10213
61013
28428
41614
56621
45578
62309
25273
64803
11166
24312
27395
50981
21682
25304
1180
61541
38161
40129
64867
56906
22760
11174
42647
38067
12103
37385
42672
63106
61560
21083
29660
58366
11416
10492
55639
29220
7393
40662
19846
9231
22334
5763
16537
12955
55095
58180
14233
11085
37200
25700
45234
20055
4841
46039
37330
35175
49677
64536
32234
27003
54747
24898
58717
19566
32772
23465
56555
2189
58114
1941
50104
46627
17061
61177
10943
63961
58247
47603
49909
15838
32324
40686
50188
33219
35826
50743
48238
27086
60498
32261
40134
18561
14352
58519
17234
36107
17393
62641
5583
4150
65338
22121
63545
61536
24264
16103
24057
36900
45492
610
60366
2242
7429
34693
49698
60791
15750
20914
62242
38793
2098
46377
40183
2372
46227
6323
65485
63115
35727
20618
8323
29366
18632
60932
55700
65373
64109
9810
7221
19706
34659
4832
43818
57581
51909
54926
30247
34770
22715
4651
13791
3702
16533
19016
24442
47671
59043
4612
55327
8361
59730
63265
26791
65283
15591
29361
53553
25395
55281
44724
26544
45906
22170
4463
60402
29533
53831
28286
8988
8013
924
4914
28618
2107
32356
1013
60582
25962
3547
65484
21497
10737
31811
46948
65479
9350
31212
33037
64823
41523
22582
43955
14110
11992
51955
24172
29886
22364
4593
7117
37117
7893
14407
47067
56169
277
38114
28943
53426
60952
61297
24619
11735
50573
34528
32483
24756
10981
42051
45903
21086
10224
17974
26344
57791
6255
18241
60941
38558
19855
27275
3284
38862
20927
3589
8988
18124
510
38582
62225
38998
12475
6361
51833
24230
32342
52683
25859
19071
31030
1078
15413
25493
16119
7390
48768
47315
44272
35098
41250
39666
54842
7745
18078
51262
64923
39154
46700
4113
56404
7790
60297
42799
23319
44360
55582
29768
54590
37416
19230
24017
32178
26219
60240
49760
24355
61613
14528
65294
24148
45577
31910
22881
5885
40719
53585
41368
61007
30497
5224
46721
64537
62919
14868
19188
44001
50207
19317
36657
12316
52689
46675
37007
46940
53179
10170
40538
59400
61852
43266
204
56137
32650
2753
61049
9348
53218
26027
25755
43840
53874
27464
4629
55931
22682
11320
58765
15761
18089
13306
10316
45151
15202
42240
5156
23124
12068
54175
42486
37056
57472
18748
23693
20576
60513
31800
8884
7720
7518
51041
4768
62601
11238
19118
15136
14219
18949
55375
54697
3100
29781
33491
23966
56309
44601
31559
32313
40507
25568
39818
64101
19497
52460
17303
61839
53107
60409
52284
19382
1151
45069
59693
59291
52285
53999
39289
36395
29581
2734
14103
48914
2974
1325
58881
47996
5562
6147
13112
41381
44271
1790
44017
62604
17664
29373
55391
43221
42814
31436
8744
63523
49164
39768
48808
59781
33874
14273
34731
19185
16813
61249
20055
33719
17006
59096
26551
39207
38977
30285
57386
62056
49384
61014
1075
13633
59215
41308
16607
28552
46626
22421
12178
54074
34936
27117
56483
44560
10408
2836
7118
30923
52306
18284
6088
13325
3444
17778
11700
47962
34909
1368
50157
21523
45805
27492
3054
51126
36547
49051
16984
49767
24121
9337
53572
5928
25987
28496
23718
43543
38378
35712
64273
15495
10333
11771
39635
25907
49054
32826
41859
6077
1377
62835
9234
47743
20495
58422
9331
64080
22629
16249
13509
32177
44399
31606
47575
48279
25733
35748
4684
59700
3550
59153
12313
58647
25891
41814
56916
18510
63777
6736
7326
8809
28013
40525
8092
64123
19561
64344
29133
65384
8833
22758
24740
8736
26697
21376
30544
4137
10407
27980
48282
8581
63820
55920
6970
63881
43535
53531
24807
26579
36592
34174
64791
22971
40845
20959
11779
64546
35204
63814
59956
37441
2835
28218
61750
927
8012
22699
60276
65008
42409
33853
56942
32850
521
11232
7215
14402
187
18055
52941
43002
20557
49096
54538
48087
51391
55472
65244
14411
12156
28626
420
48827
30911
60992
6409
48658
16321
47012
19032
993
18158
50962
20652
48973
26715
45145
27733
51149
1665
530
3404
39004
50633
30033
9389
8080
50743
18364
24893
2159
17896
62031
45187
34299
2133
43004
15456
49825
40236
23563
8831
6415
29705
21744
44659
45799
35362
21442
36956
38482
55051
34404
53102
1138
32506
3010
583
3333
53226
41749
56257
31915
50188
26046
59335
41871
47145
4927
33401
16524
47283
4639
9799
33227
64303
52067
20525
4848
4491
52268
61155
9667
39246
52863
25119
60524
35108
27010
56365
37892
57779
49900
31065
24500
52315
62300
6194
30641
18676
46827
55689
35030
16642
62093
25612
63818
41734
59763
33222
59630
16606
707
11853
3733
53185
51084
65384
54967
39449
10357
46035
29886
57389
20973
38315
56151
61935
36975
10616
9819
15889
48739
12275
42079
9322
43056
56012
61172
31591
62387
30195
16832
45163
19054
62206
22083
35366
48844
15288
39760
58022
18259
8480
40199
64172
50635
61334
33344
53417
55039
5741
40134
40943
14927
47640
58447
46693
8057
45647
6396
47118
48273
32820
42949
31813
61889
30056
35440
64844
33640
58300
8323
53487
48539
55166
39830
65022
41841
31756
11168
23098
56577
39840
6196
58138
62091
35191
51410
27519
40559
59442
2410
8310
12687
24760
26851
27729
3088
9045
60704
52189
3423
9926
44660
24017
33434
53864
40612
39092
1741
41058
56066
30284
4381
56756
35720
54106
55825
33691
16413
60222
56428
11893
59962
53712
5835
34563
28780
12475
43819
57899
65024
46896
34597
23761
25680
13942
11691
61572
8133
47194
1478
5144
7814
28072
1169
48501
33069
47039
16957
7441
40601
10913
34940
27708
19021
43530
508
24637
55679
57482
21232
50332
33122
17206
55847
26925
7879
37574
35816
64334
23760
36022
61250
21255
22537
18238
63586
62883
45504
25211
2614
58875
19180
53781
7111
40117
39770
42650
19239
19952
50225
20073
14637
46257
8924
50458
46681
51073
49237
640
40550
5768
52570
52761
55484
35252
8195
54114
15229
46106
21929
45983
35582
32230
41724
30128
34835
15723
31799
35327
64626
37314
16558
47810
22744
23910
53006
18930
45716
28994
64873
29858
53496
42908
60485
55474
57298
59627
28053
59352
34266
17930
21920
7154
58787
58504
63010
36564
24946
39748
23645
12681
45300
3557
61330
16778
48377
36827
12558
30849
31417
28787
53597
46997
18643
25112
36266
62591
44124
53721
23959
10461
31074
25948
31709
25356
43483
53171
8487
16989
20294
57979
11696
18709
20697
21714
45392
53874
34454
60021
3510
63680
36878
21326
11999
48981
17571
41860
16987
19685
49211
28639
32593
18064
34644
37988
25100
8414
23250
57470
55226
19493
8922
27553
33162
59106
5441
50054
5917
63214
24295
65395
61373
4241
55336
19133
3593
13036
44930
23389
35774
56996
51143
32992
47036
18220
35047
4419
62262
21502
43107
3183
56237
58210
25076
1804
4413
24284
40327
37709
39754
366
43626
17632
22186
13430
2465
38973
31225
18513
35403
40702
33571
41677
52118
22441
10298
41021
21450
25396
39827
27192
20885
29253
1602
47161
16879
59233
15217
19064
46715
36964
62952
10621
9642
49261
38063
63366
4839
39948
13794
7631
64521
13110
31033
45687
20135
64124
11704
6839
55622
31981
42036
26580
40290
17230
44421
1278
13753
8165
63798
20947
62803
35372
54240
49988
43715
34591
46305
21796
30839
33105
27572
33277
7587
2875
3474
58521
61252
6556
53783
46923
46371
21288
12278
26896
63808
56371
2520
44413
36600
44738
44084
37350
58527
51845
59980
12099
41189
8977
50644
27409
23546
1823
59528
23562
19831
28460
46764
55321
15294
56473
5162
41116
21888
18087
32846
8952
26473
38443
49214
52810
47265
14010
6608
13515
6316
130
28093
58677
19175
7345
38496
23967
27705
38182
36635
32790
45050
37358
33846
65335
15944
33759
493
15245
36737
1399
23898
6194
13868
27886
31255
5028
3707
19242
21462
5667
34732
60212
14067
37799
20330
17919
5706
8569
5158
16343
6928
420
928
9227
22967
7114
40966
26616
61298
47017
63649
38882
40436
18979
60469
57968
12347
2358
54207
29477
13693
24613
1143
39173
4123
26257
64993
12506
32083
33320
2089
50235
21613
26922
51176
55319
57865
33040
64968
46106
60327
25738
31173
55621
63790
20214
57117
22652
20161
37146
60835
7322
17544
13949
2389
2873
39217
48542
53357
65188
44460
24478
47795
54736
32119
12055
51647
33534
30740
44451
43415
15270
32644
20849
49463
22704
8413
41367
46585
30325
44375
30132
36551
38262
28379
60639
65058
7378
65275
13040
13027
38304
1133
54762
44456
626
4037
47976
43773
15680
38716
30484
17715
65380
25220
60916
51766
6573
50819
32775
52740
31802
35593
33958
31660
33454
48504
18115
128
62392
43161
6744
31847
21688
29891
9286
15160
48054
27147
1409
728
21796
57025
45540
63139
46182
62649
38816
55199
19713
34606
59143
30983
25674
62970
29663
44277
51896
43964
42782
61368
8090
49342
13291
47120
23207
50660
23637
57488
5040
46095
2356
51652
7290
42968
48623
37762
4565
38490
42930
9004
61806
30935
51301
65163
64322
9787
32843
2356
64378
48913
9440
670
42058
30546
65290
1282
56331
41150
49448
660
16976
8562
41026
31646
58327
36787
7632
50157
35851
38321
47934
58267
17834
54839
49349
32331
46981
22980
14531
8866
19207
24040
2147
27500
34085
36447
51841
24531
55006
44971
22691
44503
7662
63891
6334
39203
8086
44313
3413
53512
8601
298
63057
31200
65045
25919
64359
17425
41544
22782
22207
16716
15295
30640
36160
25585
34610
33470
22508
32297
12397
15067
3301
62743
7987
43850
56857
3469
54347
34006
58906
20386
56629
25786
54881
12234
45991
24062
53653
6995
56612
54416
29617
45145
34212
4422
16184
51658
36474
41259
64331
65290
57703
56027
56652
50989
15051
4961
43034
44788
35477
30386
33520
19839
4673
63261
27376
13450
51127
45741
64802
16348
4351
15430
45601
38727
58403
47947
48971
19938
4882
26223
22192
48960
30080
888
57583
3998
41887
56168
3082
24116
37516
36734
58493
30381
6095
52987
38097
59708
57922
10011
12057
65038
58193
9236
31887
30268
14400
41285
19296
48743
51246
30764
5939
23733
56390
8163
33099
2020
19654
29873
9905
11364
63403
2555
30334
16219
58724
56349
28647
2817
5757
65202
7147
9083
47042
1016
40441
25737
35051
45575
26818
5122
38978
20126
64592
1017
36704
56569
64524
29093
49313
20931
60073
31281
37480
21444
3911
57356
43148
59129
20236
25876
18549
1809
45423
32040
42250
53175
49226
55791
43017
21971
5467
25497
39671
33664
30705
7781
15987
743
27080
40365
3970
40681
65321
9077
61530
53297
14337
7828
42118
29040
13793
7604
55318
40988
63299
62778
33679
46029
18099
12855
32744
15120
1914
54972
40370
6472
40241
40179
26586
9300
36335
8875
61635
4714
3503
34109
55805
31960
50412
57494
41845
41687
22479
44363
4374
64096
13122
3081
20847
29657
18013
65368
44890
63724
63348
50689
45084
1872
31048
55008
58617
36671
12223
45789
22515
7051
32897
53486
22338
33697
11205
16479
36020
63614
18074
16464
26959
60335
10631
34480
48045
13308
42046
740
16418
12234
31138
47934
17617
33163
49247
7973
58167
42301
20897
34574
57573
10049
60521
2949
9280
63457
36147
44272
36039
38112
18429
8194
26068
35937
4224
26927
38081
9799
49258
10005
45035
31172
14197
43159
60642
10961
15248
21254
14974
25615
7302
32038
37927
38645
1968
21422
47984
1633
43889
43259
22515
21289
10104
57019
30863
25911
1831
8698
48425
44476
4615
46613
2724
21247
22532
5115
54773
25683
44681
62925
14999
49000
13034
44324
20290
5521
57713
46998
47387
44166
55711
49397
7687
55675
64399
15372
58581
57769
11335
14309
31143
7703
6210
287
37142
36987
47456
48116
26383
10810
26356
2551
24888
6336
38497
3198
60396
43472
63005
2206
21601
62352
27589
47827
27809
23821
57189
40400
43361
60536
42146
6870
29666
4833
4061
22229
21654
2289
44622
40534
48720
46613
47722
42357
10311
56395
56597
37557
36116
29360
22175
26687
17322
10914
27339
65507
12044
46416
10594
14252
23924
3696
44210
53867
31476
41569
42054
24487
40926
43478
59873
21728
29727
25949
33807
57075
22217
57161
35872
7250
43535
32306
21282
23307
2757
64541
62030
26937
62652
52668
32869
65356
6369
55399
17613
39923
26760
44310
27666
41116
24875
41796
27186
19118
16741
57772
61659
39679
16536
27467
3141
22421
43476
42108
21379
42759
43325
44570
8794
37687
33758
19049
20246
27399
21100
60085
3630
62651
19732
46332
10331
51639
21125
48113
12586
27443
4530
46364
14438
43376
62918
23182
50076
41616
26355
47052
36539
9239
31588
48017
42962
24003
14877
35649
55962
1519
10371
57931
57261
5801
30871
50228
55126
4457
60572
22672
10166
40116
57958
8919
62289
1065
15691
55611
52461
60258
23436
62640
14161
8723
27967
18568
55204
25188
44881
63094
39847
29884
34345
50438
14836
26810
58428
52326
17215
49411
44803
65081
47482
57502
44413
61889
42101
11966
21474
26302
12683
57801
4436
45782
46751
39336
42175
53450
60511
49829
59651
57191
280
7722
38471
4050
44402
28857
3877
37556
4260
17096
40592
64915
26048
16784
39791
2766
59014
8610
18685
19552
42299
32193
59679
49688
22689
52328
50810
24758
28919
52827
57339
35345
28653
13503
17719
42033
16140
60125
54663
16992
19044
30151
6731
5419
55875
18304
2737
50236
37667
36098
58091
1964
19092
51599
4869
43689
43849
50991
62025
44590
17078
52554
44037
58893
37558
54864
64810
58622
18063
20941
4503
33183
36009
42564
144
22837
37463
674
56156
42970
30211
43788
27654
29018
63588
25029
63792
59115
5345
48601
17060
35862
18536
47984
32009
57273
13989
29067
4513
22011
773
361
32303
29373
21266
25420
61879
61202
30575
15762
57991
3856
53302
33566
37613
33070
8126
15989
43322
53190
16349
55951
4973
1440
21380
49904
8804
40607
8625
35517
59263
33609
16747
29032
48041
13129
25149
27891
55506
16939
46738
31596
15823
60665
52695
36958
31132
53598
23895
40365
42441
45979
35039
21569
62416
12303
58256
44743
21872
29080
16010
53997
40954
32302
54335
32749
37446
12032
42398
23317
54687
54941
45219
26022
37165
20190
28684
25406
8625
8222
3680
53939
54449
46079
59487
39790
50323
43105
34659
50208
9757
58465
6980
22619
39052
34977
59354
9322
50692
35726
44081
12260
44431
48151
19962
52418
1642
35738
40516
47742
29937
58969
53884
46469
55305
59050
21034
36649
43369
34902
43485
13862
41871
30297
43372
64512
22335
40558
26820
37725
52022
19043
41515
12457
44579
53742
20504
63346
58790
32864
38149
2599
13601
51360
37392
4507
28318
26750
43312
7109
4409
15912
49625
37402
20034
35961
64230
10247
7790
22422
25321
55906
57101
4464
26845
21162
42576
62154
47439
17315
24541
60342
30181
26050
18986
58686
17157
14046
5121
55295
16149
21300
11768
31043
9966
3277
47056
33007
15157
48716
33806
39372
2878
33897
27169
59193
62728
41433
13382
61782
19924
59195
48554
46072
40714
32599
13747
24989
41648
38879
36573
38924
41498
16010
22541
47885
4714
1074
5742
1562
39390
59014
1998
42562
53990
11729
60033
14563
47614
46624
24564
50229
32021
54439
58986
21338
49605
21435
24888
10741
51487
40788
14611
34845
61007
2684
25012
19656
60985
12929
30692
24714
26028
40336
36860
1356
7698
56496
29359
28528
61856
39226
35503
32199
40279
17100
43548
50984
33452
28306
35565
43326
30899
2417
3846
21525
55187
34618
49894
57770
37649
25321
48450
42346
58772
15557
1113
692
21489
42972
62327
16925
2464
63552
2463
29595
6135
35038
56301
50881
4514
26936
30488
23974
12608
16238
19318
13907
13808
29741
1156
43348
62307
42306
28027
7616
31686
49394
29785
28964
58429
53588
51262
51617
46653
26282
33644
12888
46128
24713
46938
44802
13814
50847
27514
17277
49905
16128
8969
40551
45224
22288
28077
56294
40881
13061
35142
30464
19212
18681
38732
55256
5719
14024
17945
23388
48997
18146
25904
54182
4700
48058
26251
17133
51027
50387
19250
46464
60105
28465
46957
48632
49848
3629
10611
42476
19343
8364
35486
15172
60797
51939
16599
6037
52143
32602
63981
55258
42362
62645
14112
43636
31348
34347
2136
42903
54607
16992
30801
27843
38176
62062
60423
20059
37804
55272
61371
61087
27894
42401
39113
53411
63696
43967
25265
34828
61307
37958
61905
35519
49735
44944
50493
59382
42336
51731
6316
28812
10282
22632
12254
19128
7856
58100
57492
40188
45296
45077
25019
3235
1126
6916
60745
17487
64569
6193
48583
28936
1341
55217
572
19401
15579
49669
13233
54093
24153
41948
20505
30441
11893
40066
33671
54096
61902
30902
38244
34597
42949
6681
11952
14283
48251
29800
50334
1260
33694
12051
20682
46379
30500
63026
28851
39370
42573
8735
18800
14262
58224
40823
60849
48836
48365
32113
50226
24552
32603
28310
60514
4944
11066
39432
38698
26980
15908
53847
42083
40397
14087
21771
26556
21944
42510
54763
54445
41797
17557
34253
56254
17802
26950
44927
39241
48840
46431
18011
33858
24089
30883
7477
15553
23398
57636
35593
39979
50226
42563
935
6462
19601
25980
48108
32183
15169
39853
37606
5046
57393
27169
55123
62489
64508
53526
37312
10828
19728
49142
52621
34402
58332
50706
16276
7519
33107
3635
26313
22782
40994
18466
42035
58405
18186
64826
51122
34121
33394
49010
35045
33202
14480
48514
59268
5834
10282
35204
58804
53508
47740
13454
10729
10047
45534
43335
51787
61828
11162
15719
45203
47838
56005
61525
8665
22682
24710
28346
61913
36666
31132
25360
64387
35611
54748
62169
21640
28901
39001
59788
20166
59528
30398
11028
39284
58089
21590
47299
40066
58332
53184
48016
48082
35006
10936
40253
10206
39736
754
45605
52939
32589
17434
37886
50659
62503
23191
8453
21538
5416
13898
44750
27124
32024
55059
52925
41890
50804
33815
33289
63272
56290
65427
11041
33497
16205
35151
57288
46032
5333
37808
59337
24251
10493
35512
8359
44705
44668
19420
29560
64639
15891
59192
58044
38853
11809
49380
27362
60476
60658
29376
5567
918
27479
41419
37757
6425
16726
64545
5028
52959
25663
8465
33372
47601
3571
16495
61260
42566
367
27146
9167
19840
29362
22532
20069
34723
7701
27970
17666
58984
64707
47355
10966
45153
17385
50883
33410
2801
24195
51077
41951
11627
41338
43377
53642
26554
544
25610
29700
33541
57705
41685
15733
51139
1519
44567
16591
15956
11911
32229
13004
2260
2688
53562
21973
34380
44607
43978
2116
11551
19208
10639
50837
62947
40161
32859
63005
29338
36570
42846
36867
48264
18096
52742
45270
59650
8044
48065
15953
11454
64215
61101
57167
48945
45658
14583
31622
16056
20178
1028
41962
12649
41128
21189
33734
60332
23644
65031
52656
22122
19979
13085
22115
25443
53548
31180
47810
13023
51385
14574
9457
43744
34263
24339
9886
20898
33069
30802
63292
33029
50879
25514
54966
42114
36266
8036
11716
60774
34030
19172
29837
3601
56727
17189
11422
19804
10209
24337
58206
8462
25447
28810
25805
63470
58714
3337
24152
51749
43728
21819
56091
21284
5227
24286
43263
19218
49424
62515
31673
16913
16696
61150
20326
23638
27161
23464
14617
26701
33973
35793
29697
5726
39881
21838
53595
53883
14984
7848
36798
4470
19300
23694
55218
58750
4310
23858
55936
18275
14365
22032
31011
34562
35144
516
43088
15422
32115
38043
20086
7873
36415
44970
45650
35860
17188
35411
8598
56478
56133
6773
41006
37108
46485
7294
36599
26061
46608
49781
45075
51577
26271
19661
6081
53322
275
38398
22203
48496
10471
60076
18326
58881
59144
39174
10457
9007
36977
61927
11788
13498
59684
6308
10328
19555
19592
54241
62480
26255
32266
63663
7789
60854
27176
10124
35641
2927
48037
55950
13868
40052
28543
46426
41385
24029
21839
57660
1544
116
56891
14441
18880
61345
11193
21794
26294
29705
26011
12783
48386
14031
15725
42236
37984
7425
57901
142
24961
60355
2986
41509
58968
60381
29286
44964
58149
51180
45567
56718
22652
56183
13248
2739
21664
55342
2408
21122
35949
63285
40235
35011
21177
64108
19269
50513
52780
27907
6437
7399
40492
32389
31116
45337
30068
35790
27599
41937
49676
36317
15150
65207
20122
42610
635
39067
62253
42422
7657
47106
1059
44067
33166
12014
26608
34717
41405
7518
49996
61084
2871
61094
18227
51867
55397
50447
11371
1570
38588
29268
34028
1256
49366
3827
46873
35641
3311
18152
41768
49979
57794
19985
51819
15720
29270
5686
4742
31836
2854
41147
59097
38155
28993
8048
26305
4788
49104
24750
6156
17270
4871
35166
50553
33148
51956
40973
53375
1926
42874
18821
4921
5498
48229
29773
12319
5806
56829
6725
9085
25864
40075
50500
65484
20851
19830
9661
38442
26424
16267
10735
55345
54656
48824
38243
36498
2249
33731
12987
53215
42794
63455
34096
4480
59625
60343
12137
21684
43414
58406
14632
2395
14278
56300
18373
19734
55369
23377
31640
35255
39785
45743
1861
8146
61355
33846
41199
36395
15506
60265
51665
24748
29219
40969
50739
62396
31550
20771
10098
26471
35995
9864
49476
20073
13046
38199
34821
14029
17404
8101
56534
31396
13868
53750
40303
47097
57334
59504
16440
64131
21776
15550
18154
49245
1169
3323
6368
2612
31381
47159
49705
18194
4295
49921
64593
28077
47048
28856
34946
57820
48275
58984
50914
25030
43985
59120
33409
3280
53500
38765
36952
15463
12394
53127
23110
27376
30296
4861
3124
39731
43864
63040
14725
9326
33655
2711
63936
2823
16513
61501
14538
10663
58610
63748
17962
34317
48058
13561
13874
63218
9563
31201
2833
14650
31590
64930
17736
8609
35841
51263
38624
50035
51008
30415
52333
12869
53751
30945
28015
64178
21706
63893
36746
63563
34626
23221
59791
21688
7534
13307
43154
43224
42249
32234
42138
16295
25385
37912
15426
13147
59211
57245
53400
40995
15355
1265
6965
44646
15686
54699
2266
19312
41600
33629
33804
38765
3567
55590
27524
30546
53830
29099
1714
64522
61782
35082
50892
38622
58797
50374
46132
2992
30605
27872
38766
3191
58963
49389
44290
27894
29996
2488
10660
29961
46877
16661
47981
48085
53522
54340
12348
34639
57314
46484
29434
35460
28801
16306
14302
40093
61818
51302
55686
56907
54631
14406
40871
18849
50519
33880
22766
26763
2500
26918
60879
43068
10623
17638
58192
30604
15594
322
57989
58005
52850
45831
52013
26851
2083
51897
16825
5192
9416
19680
43518
43996
28174
35699
45493
22587
17956
60361
17049
53319
37364
22724
57774
64451
48695
37098
46373
5101
59027
13545
16881
46549
25295
33446
61218
19128
25508
58088
23280
4554
22041
22079
30815
33314
43386
50875
11537
49731
45907
56352
64791
60616
56076
12873
811
30439
48930
28585
18059
1362
35883
15328
40108
60494
7992
10483
38075
335
28956
10881
34192
19118
8553
941
15037
4693
62245
46707
23950
39541
16394
62436
1053
6308
62801
55417
59142
11379
62482
53944
46037
52002
8833
59361
1072
46505
34325
19267
37749
58219
50742
22792
54352
44295
33852
62954
50616
49347
58038
41978
57231
50546
48265
13864
6030
28365
7215
61282
50345
57003
17524
27673
22078
60848
39551
10771
35683
32613
4042
62307
52548
4570
23598
40010
9602
30948
59389
38219
3028
49333
19365
31617
13737
32094
37536
25368
49131
46932
59433
28886
11194
58679
55974
20117
39495
57989
48063
17412
27405
7696
56777
9413
51728
21540
48273
54188
51439
36287
25108
21668
60437
14896
7088
28017
28603
24820
38041
3525
28742
18729
61816
10054
21969
31908
6216
50390
59635
53866
13554
56216
953
38118
24517
12649
14905
4565
4789
11020
40795
33164
54381
20376
3834
34838
54994
57433
51847
64427
59166
18432
22376
59549
50137
33355
11209
32376
18585
62483
10299
9100
14301
52735
8364
58855
37940
6202
64894
21702
21345
59832
39852
42685
14075
47778
9962
37164
57694
61379
30309
11935
21754
21669
38396
13425
1247
16897
3668
21365
44207
4993
11898
43444
21758
48460
40186
22692
1540
3726
64755
20423
58873
36577
29710
50564
15678
36746
41392
44462
57323
46642
60000
553
50661
56983
9182
14192
38723
27784
61939
22855
25603
50485
48819
6779
63010
44533
25031
13924
63099
44927
28781
55998
49056
26522
12534
21227
46428
33588
64497
52648
19408
57405
39664
20860
45178
39122
43724
60645
19823
40592
26841
13209
34926
50157
50901
36444
2017
50146
30338
53212
21591
57207
40800
35343
62037
51312
3873
13183
37062
14097
52610
13392
39273
46185
18908
33085
48968
61374
16185
1304
34489
4246
57332
63045
44035
42591
59105
54043
20675
35075
50346
61354
3831
42513
59095
56222
31033
35798
10605
54564
11222
15712
37147
10170
6926
54888
48914
8274
25169
58337
39963
63602
41668
63725
36946
57795
38968
1224
29393
43207
15066
6001
3265
30622
23727
745
44025
65079
48784
5488
56869
22371
30993
47524
34094
3286
7804
3927
31837
63321
12693
31293
2766
24478
40400
60452
41272
30949
45126
4
13164
36070
16156
23053
20630
44043
61574
11880
39251
1603
36154
17139
28916
54325
52345
5348
17739
40050
19721
8197
37878
13159
62909
5080
12006
39568
11132
58828
53662
42293
46222
3038
62503
11466
64995
27084
10447
36793
51091
10866
50034
55594
24937
15727
5389
14775
60066
56614
38583
18876
14165
64418
3291
17479
64874
22521
64103
34487
10701
30484
34922
40866
39907
19247
63668
48986
46587
18052
49468
18863
6412
5146
19740
39595
31107
2761
19594
55697
29715
37668
11557
55480
2581
29052
57816
54587
4118
53804
25811
26128
23284
32556
46300
49908
2374
28379
40445
54816
48705
26398
7448
18972
10044
41678
54002
7071
7108
34878
46175
32754
1588
53184
9712
9524
52828
52847
3810
24418
48454
4445
18504
48564
29818
42153
16903
1650
4118
16919
36598
15354
25342
58963
6389
24766
28975
30545
25359
57121
28263
49098
15593
52008
41090
47723
57315
35649
40898
43471
5313
22483
18362
10218
6798
34250
25509
29572
7295
12453
55387
36984
2299
65110
62956
45101
51324
23953
11006
54938
9682
23579
36367
5323
61750
14888
39673
16946
33116
2182
59805
49058
41092
8605
2788
48385
64148
59873
54645
51715
45357
40604
23204
61081
7507
25323
10395
759
58039
17889
2915
46305
36848
26234
14141
19923
60551
6820
40344
17933
18337
14916
30666
26256
43410
7098
57237
19599
8681
12937
51103
20005
26821
41092
22862
53581
1998
46930
54705
59619
4407
8426
44010
3771
9248
13242
59262
59037
20759
45934
60161
22518
59124
35836
13416
60643
44581
39750
60295
37544
59325
61492
45993
12952
19494
43453
58307
57423
6431
52436
21054
39915
16877
18855
42752
14520
20215
39228
13973
346
30835
25102
14666
31461
56911
31796
3501
37691
11112
58865
2838
28087
8407
15308
33846
20387
59524
1969
52953
25872
25469
56628
29087
20356
28785
1623
17737
26414
50087
32503
13337
46969
54803
5610
8632
45869
2829
54033
59798
63850
5780
52099
17023
46629
7375
50605
52505
57065
42659
59210
33607
33361
17811
63647
17075
57829
42637
50042
29288
23544
33210
44789
51792
2247
8761
7206
52081
1470
17061
33178
33634
3048
16553
26307
56394
37732
36422
54390
33790
43473
16455
46578
45240
38942
31500
16570
21058
2612
34701
62314
3152
63108
51889
32027
12219
55893
41361
43683
11548
39591
14910
33558
12373
33013
36223
53795
42529
62950
24368
56332
13160
32034
43570
61807
36258
11423
40264
10465
9033
22197
12276
17850
789
21416
47472
31958
3961
30272
53368
23550
26911
36170
43809
58774
58754
4963
41562
18792
63226
54585
33344
42613
42281
39010
64528
4953
20231
54231
10594
18626
31266
2351
14404
26738
61508
55585
5629
4738
48803
22414
50751
30432
36460
30399
39805
28151
822
15635
38243
28002
15598
37029
19184
25502
53020
8750
62733
25434
20331
45967
8758
6846
48605
59345
27077
57137
16965
22538
64251
39447
39737
33060
52618
63225
30796
21140
40411
41459
17037
8123
97
51948
15048
31321
58738
57467
35539
41812
36452
19344
36481
29951
47710
43875
15370
21035
21292
60820
18507
8968
43912
61054
20324
46560
3354
49442
57756
63988
43728
41903
23139
25324
30189
45686
28792
49618
23233
56147
23411
38752
40614
16834
9006
34578
34780
50254
57540
42856
36161
54861
50348
7816
53272
61387
46147
55782
54926
20363
20380
56396
18811
16245
12347
59692
23034
20522
42021
52257
891
56210
45736
43617
62057
11327
3691
42576
54535
52977
31898
36850
22070
11956
25684
10994
40729
61129
22190
53318
53515
58171
64402
46903
31902
36471
40840
18609
58753
22530
4495
48876
16711
62798
43821
7695
9739
56024
8978
3379
1899
4344
64721
50173
9003
61687
52630
21693
45686
9464
31614
47514
22395
56771
54586
61230
31919
27646
10449
28726
31541
52569
7441
38759
544
87
27725
61784
5658
25253
21631
33703
57942
43908
14709
14039
19854
61996
24634
58448
45696
856
24210
43043
50944
42534
15043
9448
21222
21313
33631
3605
24752
29115
42369
18327
13523
35312
36888
40297
12911
34009
54050
49149
15032
54059
42951
11185
11897
44097
19616
60171
4203
20144
62536
21467
9346
20820
34731
15540
10891
29374
61900
45813
53686
995
65408
12898
2905
44621
13183
55960
5319
23504
36121
25752
7105
7797
5588
57550
20546
47204
40383
62887
58199
20988
61286
28959
54455
12062
7828
4120
15682
2241
506
46962
38610
10698
50692
10899
36995
86
50753
21479
56963
64133
51628
52528
388
51380
58292
64377
30868
35818
35864
45382
23520
23102
33359
17764
31482
7648
50000
50526
64406
55036
5336
41294
62687
27591
40213
2888
39725
52786
10400
37318
38921
10039
20442
33683
58629
52231
52789
60330
27311
18349
18439
10565
38632
32023
44108
19013
57676
21688
51380
61156
28810
5499
32380
58914
24025
21041
21186
60814
3394
47447
32105
42324
16246
9667
50940
53638
48932
13084
35218
51547
4776
41722
54004
17513
28273
58707
13828
13887
29028
51073
8644
2086
53572
30676
41723
12437
46614
6665
42925
28380
32649
51270
10557
898
61652
8419
9455
25761
50284
27559
31525
54711
54659
17971
13499
22507
38584
47244
54189
64729
22037
10077
53091
6475
18334
22411
40253
24654
3424
423
27657
51231
58372
16740
47053
21222
8636
26134
28540
56754
5226
38888
43843
31641
57915
63222
58302
55332
38763
40005
57747
9695
5135
59709
29027
9158
58347
42152
9112
46571
8035
9092
51871
28472
36028
51222
10600
57138
35197
48507
35792
17394
3101
56058
35145
56022
35768
10774
3885
44325
26852
1410
15732
62101
42708
14391
14833
11261
64900
6817
47117
22453
18431
63247
451
11334
19690
46505
5518
29712
41222
53881
6482
20571
42498
64363
53725
18209
6622
22139
62589
59166
48892
61711
11903
41124
50367
21597
29621
59881
57994
28520
50214
22057
35683
7208
16390
32066
13788
18334
27672
59597
22316
37309
49515
982
24933
26177
60549
29651
31092
32594
43585
30387
56806
24011
35906
44038
49927
59136
36422
24517
24770
27178
9149
12390
36478
38315
37235
51530
30082
39402
45359
47887
60323
17693
20605
48169
33429
42657
38938
57232
61038
3637
2431
39086
55169
48640
38720
19701
11701
65281
20621
2473
44211
23186
37336
49489
21714
39076
26818
19072
7222
11033
48328
2760
55272
58433
35602
29060
46612
22074
31032
52901
15048
35916
26248
21467
987
23887
64822
469
53011
41912
11037
38594
24324
53602
58775
21759
12523
24219
21305
45899
13012
25471
61998
46643
50075
4825
52980
52722
53262
44712
64239
35005
17665
46044
526
49048
18505
29609
48398
8583
15322
19212
31176
60581
29675
23536
30596
50606
48659
7609
53618
6718
38370
33821
22927
28346
35925
44906
16309
54041
40490
38764
64652
46826
40481
30992
39667
9169
40059
8563
2247
24727
41249
768
56212
27501
33679
63698
53533
50255
15805
20267
36484
34907
4989
45716
61344
290
60114
56504
41702
22304
15157
6939
62538
6874
26966
59055
50337
15500
65379
11917
33357
7050
50289
9333
56192
52704
51771
16854
25958
3981
9843
41032
51305
54895
33110
17212
17127
47563
12314
48934
23197
10588
59056
5413
46135
19028
20608
48578
47109
40614
28254
32989
19420
14766
51224
27317
14616
34465
36098
45261
54045
62919
54798
11267
44150
64272
9021
40020
64189
5510
40550
38360
6369
40364
58621
20399
52782
4959
9112
58255
13134
50552
6855
65001
6507
3078
23042
20842
10774
32922
36680
33764
28456
2519
2281
21521
21145
60400
63274
42203
6460
59978
42479
29627
61089
17567
7583
58288
56107
4748
22093
6918
53139
11065
242
14940
1554
36764
27373
36050
5435
46850
11904
63860
41964
62255
54754
62630
51610
57099
52264
20800
28130
16077
39830
1206
13189
58841
30632
31661
44059
18083
6932
21559
33278
31080
48485
45487
35615
45385
4776
37302
42780
41362
12678
1931
32919
14464
52998
8971
60240
4046
58601
38048
65448
38417
36837
59133
21673
22628
65496
30697
33773
32816
34386
17158
52676
59077
13000
25909
64316
22346
38983
50566
31346
26840
12728
28315
34533
22836
16470
11719
33443
13900
54617
17173
12573
5345
64049
8405
57378
39839
54721
18099
34543
49847
45275
9692
10574
10078
53988
64536
60860
52381
26356
18951
129
49237
62772
22950
27756
26083
24060
34368
50887
33757
7198
65066
33416
36376
6564
152
4996
62778
9177
5359
33062
50971
20700
49705
40085
38499
5750
20062
40836
39757
10646
52092
35048
23778
18739
1872
44191
61958
13967
39998
57239
49494
43952
51724
58015
8306
45244
51008
23300
